# Created by Open3D 
# object name: tile_2
# number of vertices: 19454
# number of triangles: 14761
v 0 55.7349 32.4843
v 0.797199 55.7475 32.4529
v 0.395461 55.4336 32.2269
v 0.891357 55.2578 32.2207
v 0.615162 55.0444 32.296
v 1.08595 54.8875 32.3337
v 1.18011 54.3979 32.001
v 1.34331 55.0884 32.2772
v 1.7325 54.2786 31.8691
v 1.43747 54.0463 31.9256
v 1.82038 53.7827 31.5867
v 1.56929 53.5818 31.6997
v 2.10285 53.5002 31.4988
v 2.18445 54.0652 31.6997
v 2.44809 53.7702 31.5992
v 2.59247 53.3119 31.4235
v 2.23467 53.0294 31.2603
v 2.82472 52.9227 31.2791
v 2.46065 52.6403 31.1473
v 3.00676 52.5147 31.1284
v 3.4085 52.8286 31.2603
v 3.5466 52.452 31.1787
v 3.19507 52.1758 31.028
v 3.59681 51.9058 31.0154
v 3.22018 51.6108 30.8585
v 3.87301 51.5669 30.8334
v 3.49638 51.2718 30.6639
v 3.95461 51.0898 30.6388
v 4.30613 51.366 30.7455
v 4.30613 50.8638 30.5384
v 4.65765 51.1337 30.62
v 4.6451 50.5625 30.3563
v 4.33124 50.3177 30.281
v 4.72042 50.0541 30.099
v 5.09705 50.3428 30.1994
v 5.28537 49.9411 29.9672
v 4.9464 49.6774 29.8793
v 5.28537 49.4829 29.7851
v 5.63689 49.759 29.8981
v 5.87542 49.4264 29.6972
v 5.53018 49.1627 29.6408
v 5.93192 48.9618 29.3646
v 5.62434 48.7233 29.3583
v 5.95075 48.4848 29.2704
v 6.28971 48.7484 29.3081
v 6.42781 48.353 29.1825
v 6.10768 48.1019 29.0821
v 6.68518 47.9198 28.9754
v 6.36504 47.6688 28.9189
v 6.96765 47.562 28.8059
v 6.60985 47.2858 28.7494
v 7.16852 47.1603 28.6866
v 6.83583 46.8967 28.6176
v 7.34428 46.7774 28.4606
v 7.65814 47.0285 28.4606
v 7.82762 46.6079 28.3163
v 7.53259 46.3694 28.2786
v 7.90294 46.1183 27.7639
v 7.57653 45.8672 27.7388
v 8.06615 45.6914 27.4563
v 7.70835 45.409 27.3873
v 8.15403 45.2646 27.2429
v 7.82134 45.0072 27.1675
v 8.32979 44.8629 27.0043
v 8.6562 45.114 27.0295
v 8.66876 44.6118 26.6779
v 8.29213 44.3168 26.5147
v 8.8759 44.2979 26.4708
v 8.52438 44.0217 26.3452
v 8.97006 43.9338 26.1255
v 9.014 43.4317 25.8996
v 9.29647 43.6514 25.8682
v 9.23998 43.1115 25.7991
v 9.58522 43.3752 25.8682
v 9.74215 42.9483 25.7112
v 9.44713 42.7224 25.7238
v 9.99324 42.5905 25.6422
v 10.3071 42.8353 25.6861
v 10.4766 42.3834 25.4727
v 10.1753 42.1449 25.4853
v 10.5958 41.9063 25.3346
v 10.9034 42.1449 25.3283
v 10.8407 41.5234 25.3221
v 11.1671 41.7808 25.3472
v 11.1733 41.2723 25.027
v 10.7779 40.9585 24.776
v 11.619 41.0715 24.958
v 11.5939 40.5316 24.5123
v 11.2612 40.2743 24.506
v 11.5374 40.0232 24.1671
v 11.958 40.3496 24.393
v 12.0459 39.9981 24.1545
v 11.7006 39.7281 24.0729
v 12.0584 39.5336 23.803
v 11.776 39.3139 23.8218
v 12.3158 39.2887 23.7151
v 12.661 39.5587 23.7779
v 12.6673 39.0502 23.2192
v 13.0314 39.339 23.3259
v 13.3201 39.0251 22.9744
v 13.0063 38.7803 23.0058
v 13.4771 39.1444 22.6103
v 13.0063 39.8286 23.8469
v 13.521 39.7219 23.6837
v 13.3515 40.0985 23.9474
v 13.8537 39.973 23.7151
v 13.9981 40.0922 23.3322
v 13.6717 40.3496 23.985
v 13.7784 40.8831 23.2883
v 13.929 40.5505 23.056
v 14.0546 40.1362 22.7924
v 14.2743 40.3056 22.5789
v 14.2178 39.7344 22.0768
v 14.676 40.0922 22.3781
v 14.8769 39.634 22.3153
v 14.5818 39.408 22.3655
v 14.1487 39.069 22.0768
v 13.8725 39.4582 21.9826
v 13.7156 38.7301 21.8382
v 13.5336 39.1946 22.0266
v 14.2743 38.5543 21.8131
v 13.8349 38.2154 21.562
v 13.3829 38.4664 21.7504
v 13.5084 37.958 21.5683
v 13.9039 37.663 21.9826
v 13.5649 37.3993 21.9261
v 14.1613 37.3617 21.9324
v 13.8286 37.1043 21.9763
v 13.521 36.8658 21.9763
v 13.3013 37.1922 22.0391
v 12.887 36.872 21.788
v 13.7281 36.4577 22.0579
v 14.0671 36.7214 22.1521
v 14.2303 36.3196 21.945
v 14.6446 36.6398 22.1333
v 14.8894 36.351 21.6185
v 14.902 36.8469 22.0266
v 15.2598 36.6398 21.719
v 15.4732 36.3259 21.1101
v 15.5674 36.8846 21.6876
v 15.536 37.3428 22.0328
v 15.8561 37.1106 21.5934
v 16.3081 36.9788 21.4428
v 16.1449 37.3365 21.5432
v 16.5591 37.1796 21.3047
v 16.2139 36.9097 20.5326
v 16.6094 37.2173 20.6519
v 16.7098 36.7277 20.407
v 16.3897 36.4766 20.3945
v 15.8938 36.6586 20.52
v 16.0758 36.2318 20.3506
v 15.5736 36.4075 20.5389
v 15.1719 36.0937 20.451
v 15.7494 35.9744 20.3254
v 15.4042 35.7045 20.2878
v 14.8769 35.8614 20.4008
v 15.0024 35.3906 20.0806
v 14.5191 35.5789 20.3066
v 14.381 35.9619 20.4949
v 13.9918 35.6543 20.3945
v 14.1864 35.3216 20.3003
v 13.6403 35.3781 20.3317
v 13.5336 35.7735 20.4008
v 13 35.3592 19.93
v 13.3076 35.5978 20.6205
v 13.1255 35.987 20.7146
v 13.8223 35.0391 20.156
v 14.268 34.8131 19.9049
v 13.929 34.5495 19.8358
v 14.3621 34.3361 19.6161
v 14.0357 34.0787 19.5659
v 14.563 33.9281 19.2395
v 14.2052 33.6519 19.1642
v 14.5818 33.4384 18.9068
v 14.2617 33.1873 18.844
v 14.8078 33.043 18.6432
v 14.5065 32.8044 18.6181
v 14.8894 32.5471 18.1661
v 15.2221 32.8107 18.1724
v 15.0589 32.1391 18.0845
v 15.7306 32.1767 18.3921
v 15.4732 31.9759 18.4862
v 16.0005 31.8126 17.802
v 16.1135 32.4717 18.48
v 16.2892 32.0386 18.4549
v 16.578 32.2646 18.3105
v 16.6094 31.731 17.8397
v 16.3081 31.4925 17.8711
v 16.0319 31.2791 17.9464
v 15.9252 31.7499 18.3858
v 16.2767 30.915 17.8774
v 15.5485 30.9025 17.5509
v 15.7808 30.5321 17.5007
v 16.352 30.4693 17.733
v 15.944 30.1492 17.5133
v 16.6408 30.1366 17.168
v 16.9923 30.4128 17.9464
v 16.647 31.2038 17.9778
v 17.2936 30.6451 17.8648
v 17.6325 30.3689 18.0531
v 16.8102 30.2685 18.2226
v 17.5258 30.2873 17.0739
v 17.8648 30.5509 17.0802
v 17.915 30.055 16.8667
v 17.62 29.8228 16.8856
v 17.168 30.0048 17.0111
v 17.2999 29.5717 16.8667
v 16.8353 29.7412 17.0299
v 16.5215 29.5027 17.0237
v 16.5152 30.0362 17.5635
v 17.0048 29.3394 16.8918
v 16.6972 29.1009 16.9358
v 17.1429 28.9628 16.8605
v 16.8291 28.718 16.8542
v 17.2308 28.4544 16.8918
v 17.507 28.6678 16.8416
v 17.9338 28.4104 16.76
v 17.733 27.745 16.9483
v 18.3732 28.2472 16.9546
v 18.5239 27.9522 16.3897
v 18.0845 27.607 16.17
v 17.8774 27.4437 16.3771
v 18.2603 27.268 15.8247
v 18.6934 27.607 16.0256
v 19.0449 27.5065 15.5109
v 18.48 27.0608 15.6678
v 18.0719 26.7407 15.4606
v 17.7895 26.8976 15.5046
v 17.7204 26.4645 15.3665
v 17.438 26.6214 15.4104
v 18.0343 26.3704 15.3288
v 18.3921 26.6528 15.4042
v 18.3042 26.2385 15.2158
v 18.3293 25.7866 14.9459
v 18.662 26.0502 15.0275
v 18.6871 25.592 14.676
v 19.0449 25.8807 14.7576
v 18.9821 25.3472 14.4751
v 19.3462 25.6296 14.5818
v 19.4215 25.253 14.4375
v 19.4278 24.7132 14.3119
v 19.7542 24.9705 14.381
v 19.8735 24.5437 14.3119
v 20.2313 24.8262 14.4249
v 20.2627 24.324 14.268
v 20.6519 24.6316 14.381
v 20.8716 24.2926 14.3182
v 20.5389 24.0352 14.2429
v 20.8841 23.7402 14.2052
v 21.2482 24.0227 14.3056
v 21.4742 23.7088 14.1613
v 21.1415 23.4452 14.1111
v 21.4491 23.2255 14.0734
v 21.7755 23.4829 14.0859
v 21.6436 22.987 13.8349
v 22.014 23.2757 13.929
v 22.1898 22.9681 13.7909
v 21.8131 22.6731 13.5963
v 22.3781 22.6731 13.3892
v 22.0077 22.3781 13.3076
v 22.2839 22.1584 13.295
v 22.6668 22.4597 13.4708
v 22.6354 22.0517 13.295
v 23.0686 22.3906 13.5838
v 22.9681 21.8006 13.226
v 23.4075 22.1458 13.4833
v 23.6712 21.8131 13.2574
v 23.2757 21.5056 13.1067
v 22.83 21.1603 12.8117
v 23.2694 20.9971 12.7866
v 23.7026 21.3361 13.0251
v 23.8783 20.9971 12.7991
v 23.5519 20.7397 12.6736
v 23.8595 20.4322 12.479
v 24.2424 20.7335 12.6673
v 24.1922 20.1999 12.3283
v 24.6504 20.5514 12.5606
v 24.7697 20.1748 12.3472
v 24.3805 19.8735 12.1777
v 24.0101 19.5785 12.0459
v 24.5751 19.6098 12.4978
v 24.9015 19.8735 12.5418
v 24.9454 19.4466 12.548
v 25.479 19.8609 12.3221
v 25.5355 19.4278 12.1902
v 25.8493 19.6789 12.1902
v 25.8933 19.2395 12.027
v 26.2636 19.5345 12.1338
v 26.4394 19.2834 12.027
v 26.7595 19.5345 12.0521
v 26.6026 19.7982 12.184
v 27.1173 19.817 12.1651
v 26.9667 20.0869 12.2718
v 27.3245 20.3631 12.3409
v 26.9918 20.564 12.5794
v 27.3747 20.8653 12.6987
v 27.6634 20.6267 12.4288
v 27.7262 21.1415 12.7426
v 28.0275 20.9092 12.5167
v 28.3477 21.1603 12.5418
v 28.1028 21.4365 12.8368
v 28.423 21.6876 12.8556
v 28.0777 21.8947 13.0314
v 28.4293 22.1709 13.1507
v 28.1091 22.3844 13.226
v 28.5611 22.7296 13.4833
v 28.2284 22.8802 13.5524
v 28.5736 23.1439 13.6152
v 28.9126 23.0121 13.521
v 28.9126 22.5476 14.2303
v 28.9691 22.1082 14.0546
v 29.3457 22.4095 14.1927
v 29.2453 22.8049 14.2805
v 28.9503 23.4452 13.7909
v 29.3394 23.3385 14.4689
v 29.2578 23.6837 14.4689
v 29.6659 23.5958 14.5442
v 29.2453 24.1482 14.1801
v 29.6533 23.9913 14.6007
v 28.831 23.8281 13.9918
v 28.7557 24.2675 14.1362
v 28.7996 24.845 14.2931
v 28.4418 24.5625 14.2617
v 28.4983 25.0898 14.4061
v 28.831 25.3472 14.4375
v 28.4669 25.5669 14.6007
v 28.8687 25.8807 14.7827
v 29.2202 25.6548 14.6383
v 29.4399 25.3472 14.9899
v 29.239 26.1695 14.8455
v 28.6364 26.2323 15.0526
v 28.9565 26.4896 15.1028
v 29.4336 26.86 15.4293
v 29.0507 27.0734 15.3665
v 29.7224 27.0859 15.4042
v 29.421 27.3621 15.5046
v 29.0695 27.4689 15.4544
v 29.3959 27.7199 15.4983
v 29.1197 27.9459 15.5234
v 29.1951 28.4481 15.6992
v 28.8122 28.1468 15.5987
v 28.5925 28.4293 15.7494
v 29.0319 28.7682 15.9189
v 28.3979 28.6678 15.9314
v 28.7996 28.9816 16.0946
v 29.17 29.2704 16.2516
v 28.4858 29.1951 16.1323
v 28.4355 29.1637 16.7412
v 28.2472 29.5027 16.2578
v 28.3351 30.1366 16.6031
v 27.9459 29.8353 16.4085
v 27.8015 30.2308 16.7161
v 28.1656 30.5133 16.8228
v 28.6552 30.3877 16.6721
v 28.0212 30.9213 16.7726
v 27.4877 30.507 16.9672
v 27.8141 30.7644 17.0048
v 27.3684 30.9338 17.0237
v 26.9981 30.6451 16.8981
v 26.9918 31.1849 16.9546
v 27.563 31.6306 17.5509
v 26.6277 30.9025 16.9232
v 26.5649 31.2854 17.0488
v 26.2134 31.0154 17.0048
v 26.1695 31.4611 17.055
v 26.1255 31.9005 17.2999
v 25.7301 31.5929 17.168
v 25.6673 32.0072 17.281
v 26.0126 32.2772 17.4003
v 26.4331 32.1391 17.9841
v 26.86 32.001 17.8711
v 26.7595 32.3964 18.0782
v 27.2115 32.2772 17.915
v 27.2178 31.8001 17.8271
v 26.9416 31.5867 17.8962
v 26.5712 32.7166 17.9401
v 27.1048 32.6663 18.1535
v 26.9918 33.043 18.0845
v 26.6465 33.1183 18.0531
v 27.0295 33.4196 18.2352
v 26.6654 33.4761 18.1912
v 27.0922 33.8151 18.4235
v 27.3935 33.7021 18.3732
v 27.5191 34.1478 18.6243
v 27.1927 34.267 18.6494
v 27.5442 34.5432 18.6871
v 26.9478 34.5495 18.8315
v 27.3621 34.8696 18.957
v 27.7576 35.1772 19.1391
v 27.4186 35.3279 19.2144
v 27.8078 35.6354 19.3839
v 28.0275 35.3906 19.7479
v 27.9836 36.2883 19.9614
v 27.5567 35.9556 19.7479
v 27.3559 36.3824 20.156
v 27.7011 36.6523 20.2438
v 28.0903 36.9536 20.3819
v 27.7388 37.2612 20.5514
v 28.128 37.5625 20.6519
v 28.6427 37.3868 20.9343
v 28.7494 36.8846 20.9532
v 29.2265 37.2612 21.311
v 29.283 36.7904 21.3047
v 29.3583 36.4326 21.2733
v 29.691 36.6963 21.3423
v 29.6721 36.2067 21.3172
v 29.2704 35.8928 21.2231
v 29.6345 35.7986 21.2231
v 29.2516 35.4973 21.1038
v 28.7055 35.9242 20.5954
v 28.6929 35.4408 20.6205
v 28.8624 35.196 20.9281
v 28.4544 34.8759 20.7335
v 28.2096 35.0642 20.1873
v 28.8561 34.8445 20.972
v 28.9252 34.5558 21.0285
v 28.5548 34.267 20.8778
v 28.31 34.0724 20.3317
v 28.5925 33.8213 20.7648
v 28.9942 34.1415 20.9657
v 29.17 33.8025 20.8841
v 29.1825 33.3317 20.8653
v 29.5152 33.156 20.4887
v 29.1009 32.8358 20.3129
v 29.5089 32.6098 20.3506
v 29.0695 32.2646 20.1246
v 28.6678 32.4906 20.0367
v 28.5799 32.8609 20.2062
v 28.2598 32.6161 20.1685
v 28.2158 33.0618 20.1748
v 29.4085 32.0072 19.9049
v 29.9923 32.4655 20.4887
v 30.0237 33.0116 20.746
v 30.4003 32.7856 20.7209
v 30.3626 32.2332 20.2941
v 30.7832 32.5659 20.5451
v 30.9652 32.1956 20.3882
v 30.4631 31.8064 20.0304
v 31.254 31.8566 20.225
v 30.9652 31.6306 20.2376
v 30.8397 31.0406 20.0116
v 31.2038 31.323 20.0618
v 31.4109 31.028 19.8798
v 31.0657 30.7581 19.8295
v 30.5823 30.3752 19.4278
v 30.9276 30.2559 19.478
v 30.8209 29.7224 19.3588
v 31.1535 29.9797 19.4215
v 31.0029 29.421 19.0072
v 31.4674 29.7851 19.3399
v 31.731 29.5466 19.3462
v 31.7562 29.1888 19.3085
v 32.0951 29.4524 19.3713
v 32.2081 29.0256 18.7436
v 31.8754 28.7682 18.7122
v 31.1473 28.7117 18.6934
v 31.4297 28.423 18.5176
v 30.5635 28.6364 18.1222
v 30.802 27.9271 18.4925
v 30.5321 28.2284 18.0029
v 32.0135 28.3414 18.2414
v 31.7562 28.1405 18.3732
v 31.4925 27.9334 18.4862
v 30.9527 27.5128 18.6997
v 31.3356 27.3056 18.6369
v 31.8691 27.7262 18.367
v 31.6494 27.0671 18.5051
v 31.9759 27.3245 17.8648
v 31.5741 27.0169 17.6263
v 32.0135 27.3559 17.2308
v 32.4529 27.7011 17.5133
v 31.7122 27.607 17.2747
v 32.2081 27.9961 17.6702
v 32.5659 28.2723 17.7518
v 32.3023 28.5674 18.21
v 32.6161 28.8122 18.2352
v 32.9112 28.5422 17.8209
v 32.9363 29.0633 18.1975
v 32.6475 29.3708 19.0323
v 32.4027 29.691 19.3964
v 33.0179 29.6659 19.1014
v 33.4949 29.5027 18.7185
v 33.3443 29.9169 19.1453
v 33.677 30.1806 19.2081
v 33.0806 30.2245 19.5031
v 33.4635 30.5258 19.6789
v 34.0787 30.4944 19.3713
v 33.8904 30.8585 19.8358
v 34.493 30.8146 19.6475
v 34.4804 30.2685 20.1748
v 34.154 30.0111 20.1936
v 34.4302 29.7286 20.5451
v 34.0661 29.4399 20.407
v 34.5683 29.352 20.7837
v 34.0536 28.9503 20.4133
v 34.6248 28.8498 20.8276
v 34.1854 28.5046 20.4761
v 33.5891 28.5862 20.0555
v 33.7523 28.1719 20.2125
v 33.2627 27.789 19.8672
v 33.8841 27.7764 20.3443
v 33.3819 27.3873 19.9739
v 32.8923 27.494 19.7354
v 32.9488 27.042 19.6601
v 33.2376 26.7909 19.6663
v 33.5326 26.6152 19.5847
v 33.5263 26.1506 19.4466
v 33.2501 25.9372 19.5659
v 33.3192 25.5104 19.5345
v 32.8044 25.5857 19.2458
v 32.8421 25.14 19.2081
v 32.5031 25.8117 18.8064
v 32.2269 25.1337 18.6997
v 31.9507 25.3848 18.21
v 32.3337 26.0879 18.4109
v 32.6036 26.295 18.2477
v 32.3023 24.7195 18.6997
v 32.9865 24.7822 19.2018
v 32.6726 24.1545 18.731
v 32.3713 24.3052 18.5678
v 31.7248 24.2675 18.1033
v 31.8754 23.916 18.1661
v 32.2144 23.7967 18.4297
v 32.1893 23.2883 18.3921
v 32.6475 23.6523 18.6557
v 32.4153 23.0309 18.3544
v 31.8629 22.5978 17.8271
v 32.3525 22.5601 18.3168
v 32.1642 22.0266 18.1033
v 31.8378 22.1584 17.8899
v 31.7499 21.7001 17.8585
v 31.3858 21.8069 17.6012
v 31.3795 21.4177 17.6953
v 30.8648 21.3988 17.1618
v 31.1849 22.0705 16.986
v 31.6557 21.1917 17.8083
v 31.6369 20.7523 17.8962
v 31.9696 21.0159 17.9338
v 32.2207 20.7523 17.9401
v 31.9633 20.5514 18.0782
v 31.6243 20.2815 18.0531
v 32.1265 20.2752 18.028
v 31.9068 20.1057 18.1598
v 31.5113 19.7919 17.9778
v 31.2163 19.9676 17.9087
v 31.1347 19.4969 17.8711
v 30.8522 19.6852 17.8522
v 30.9464 18.8817 17.4505
v 31.3984 19.2332 17.7518
v 31.5365 18.8503 17.4442
v 31.1535 18.549 17.2747
v 30.4819 18.9884 17.0802
v 31.775 18.5804 17.4003
v 31.4235 18.3105 17.3626
v 31.9194 18.2791 17.3187
v 31.6118 18.0343 17.2873
v 32.1579 17.9213 17.2873
v 32.4655 18.1598 17.2873
v 32.6726 17.802 17.1429
v 32.3525 17.5509 17.1366
v 32.8233 17.4317 17.0613
v 32.5031 17.1806 17.0111
v 32.9802 17.1178 16.9169
v 33.0367 16.6847 16.7412
v 33.3317 16.9107 16.7537
v 33.4698 16.5466 16.4775
v 33.1497 16.2955 16.4587
v 33.5389 16.126 16.2202
v 34.0222 16.5089 16.5654
v 34.1226 16.1888 16.4211
v 33.6832 15.8498 16.1135
v 34.1164 15.718 16.0256
v 34.0913 15.2284 15.6678
v 34.4491 15.5046 15.8059
v 34.4302 15.0275 15.4606
v 34.832 15.3351 15.6427
v 34.8508 14.9208 15.4355
v 34.4428 14.6007 15.2284
v 35.0579 14.5756 15.0652
v 34.7253 14.3182 14.971
v 35.0579 14.1111 14.6446
v 35.4722 14.4375 14.8329
v 35.7547 14.1927 14.6195
v 35.2902 13.8286 14.3433
v 34.9073 13.5336 14.1738
v 35.535 13.6214 14.0295
v 35.1772 13.3452 13.9353
v 35.7924 13.3766 13.6528
v 35.3404 13.0188 13.3766
v 34.9889 12.7489 13.2887
v 35.3216 12.5606 13.0879
v 35.6417 12.8117 13.1067
v 35.6857 12.4037 12.8242
v 35.2902 12.0961 12.6799
v 35.6919 12.0333 12.5418
v 35.761 11.6065 12.2844
v 36.0999 11.8701 12.3723
v 36.1753 11.437 12.0208
v 36.5393 11.7195 12.0835
v 36.577 11.2989 11.8136
v 36.2506 11.0478 11.7822
v 36.5519 10.8658 11.2989
v 36.8909 11.1294 11.3366
v 37.1545 10.8218 10.9034
v 37.4495 11.0478 10.7967
v 37.2424 11.3993 11.3617
v 37.5688 11.6567 11.4182
v 37.1985 11.7822 11.8073
v 37.5625 12.071 11.8889
v 37.914 11.9266 11.506
v 38.3283 11.732 11.2989
v 38.2718 12.2091 11.5374
v 38.6234 11.958 11.211
v 38.548 12.4162 11.4998
v 38.297 12.6422 12.0145
v 38.6171 12.8933 12.027
v 38.9121 12.6987 11.6065
v 38.9435 13.1444 11.9957
v 39.2825 12.9874 11.6065
v 39.2385 13.3766 11.9392
v 39.6277 13.2574 11.6881
v 39.747 12.8368 10.9348
v 40.0985 13.1067 11.0039
v 40.1424 12.6485 10.4264
v 39.7972 12.3786 10.395
v 39.4771 12.1275 10.395
v 39.8098 11.8889 9.9493
v 39.0565 11.8011 10.1753
v 39.3578 11.5311 9.69194
v 38.6108 11.4495 9.90536
v 38.9812 11.2424 9.60406
v 38.6673 10.9976 9.61033
v 38.297 11.211 9.95558
v 38.3597 10.7528 9.61661
v 37.9392 10.9348 9.92419
v 37.6253 11.1859 10.4829
v 37.5562 10.6335 9.83003
v 38.0208 10.4954 9.54756
v 37.6504 10.2067 9.45968
v 37.2487 10.395 9.82376
v 37.3554 9.97441 9.49734
v 36.9411 10.1564 9.82376
v 36.5393 10.3385 10.3259
v 36.6774 9.9493 9.96185
v 36.3008 10.1564 10.4389
v 36.4138 9.74843 10.0748
v 36.7904 9.53501 9.71077
v 36.5205 9.32786 9.83631
v 36.7402 9.0705 9.29647
v 36.9976 9.27137 9.22743
v 37.1357 8.91357 8.86335
v 36.8846 8.71898 8.98262
v 37.142 8.46789 8.48672
v 37.437 8.70014 8.45533
v 37.4621 8.29213 8.08498
v 37.1608 8.05987 8.12892
v 37.5374 7.99082 7.78996
v 37.211 7.73346 7.7774
v 37.7132 7.67697 7.34428
v 37.4495 7.46982 7.41333
v 37.776 7.30034 7.02414
v 38.1149 7.56398 7.0367
v 38.071 7.1183 6.74795
v 37.7634 6.88604 6.72912
v 38.0145 6.66007 6.37132
v 37.7257 6.43409 6.4027
v 37.9831 6.14534 6.02607
v 38.2781 6.37132 5.99469
v 38.4915 6.05746 5.5239
v 38.1589 5.8001 5.48624
v 38.8054 6.30227 5.5239
v 38.9372 5.89425 4.73926
v 39.069 6.50942 5.36069
v 39.3013 6.17673 4.85224
v 39.3139 5.75616 4.67648
v 38.8745 5.41091 4.46306
v 38.548 5.58667 4.55722
v 38.4978 5.12216 4.40657
v 38.2028 5.32303 4.53211
v 38.2216 4.90874 4.43795
v 37.914 5.09705 4.60744
v 37.7697 5.49879 5.3042
v 38.6987 4.82086 4.50072
v 38.7301 4.38773 4.2873
v 39.0502 4.63882 4.24336
v 38.9749 4.15548 3.87301
v 39.3201 4.4254 3.96089
v 39.2825 4.02366 3.71608
v 39.6214 4.2873 3.81651
v 39.6842 3.86045 3.32062
v 39.3892 3.63448 3.30806
v 39.634 3.37711 3.15113
v 39.9478 3.62192 3.11347
v 40.0357 3.26412 2.7494
v 39.7093 3.00676 2.78078
v 40.3684 3.51521 2.73056
v 40.4877 3.20135 2.0338
v 40.2429 3.85418 3.06325
v 40.7199 3.7914 2.82472
v 40.6132 4.13665 3.17624
v 41.0338 4.03621 2.78706
v 40.902 4.35635 3.13858
v 41.3288 4.26219 2.71173
v 41.2409 4.62627 3.13858
v 41.5987 4.47562 2.63641
v 41.4355 3.93578 1.87059
v 41.9252 4.31241 2.27233
v 41.6176 3.60309 1.84549
v 41.084 3.65958 1.85176
v 41.0777 3.1888 1.38725
v 40.6823 2.88122 1.23032
v 41.2033 2.84983 1.19266
v 40.789 2.52342 1.02318
v 40.2994 2.57991 1.0169
v 40.3308 2.1719 0.746982
v 39.8223 2.21584 0.715596
v 39.7344 2.14679 1.26799
v 39.4394 1.92081 0.608885
v 39.2009 1.7325 0.765814
v 39.4708 1.50652 0.370352
v 39.8725 1.8141 0.489618
v 40.0357 1.50652 0.382907
v 39.6403 1.19894 0.225978
v 40.1173 1.18011 0.238532
v 40.5379 1.50652 0.451956
v 40.6948 1.13617 0.439401
v 40.8204 0.765814 0.106712
v 40.3684 0.878802 0.370352
v 40.45 0.477064 0
v 40.9208 0.445678 0.138098
v 41.0275 0.144375 0
v 41.3665 0.408015 0.0564944
v 41.4606 0 0.0313858
v 41.8059 0.263641 0.100435
v 41.6992 0.665379 0.125543
v 42.2013 0.571222 0.225978
v 42.2139 1.06084 0.495896
v 42.691 0.947851 0.539836
v 42.5654 1.33704 0.621439
v 43.099 1.26171 0.765814
v 42.9546 1.63834 0.765814
v 43.4882 1.56929 0.891357
v 43.4944 2.05891 1.12989
v 43.8836 1.87059 1.06084
v 43.9527 2.41043 1.45002
v 44.2916 2.18445 1.2931
v 44.3168 2.6929 1.52535
v 44.6243 2.44809 1.34331
v 44.6683 2.96282 1.53163
v 45.0198 2.7494 1.42492
v 44.9759 3.20135 1.53163
v 45.365 3.01304 1.46258
v 45.4466 3.56543 1.86432
v 45.7919 3.34573 1.64462
v 45.8044 3.84162 1.91453
v 46.1685 3.63448 1.7325
v 46.5326 3.92323 1.85804
v 46.2313 4.17431 2.19701
v 46.5891 4.45051 2.30999
v 46.9657 4.25591 2.07146
v 46.9657 4.73926 2.34138
v 47.3172 4.52583 2.12168
v 47.6436 4.77692 2.19701
v 47.3675 5.05311 2.51714
v 47.7001 5.3042 2.51086
v 47.9575 5.02173 2.15307
v 48.0266 5.56156 2.4732
v 48.2525 5.25398 2.1154
v 48.3153 5.78754 2.42298
v 48.5413 5.47368 2.05263
v 48.6229 6.0198 2.3916
v 48.8802 5.73732 2.00241
v 48.9744 6.29599 2.39788
v 49.2067 5.99469 1.97103
v 49.2569 6.51569 2.3916
v 49.5205 6.23322 1.99614
v 49.577 6.76678 2.41043
v 49.8218 6.46548 1.8957
v 49.8971 7.01159 2.37277
v 50.1608 6.72912 1.92081
v 50.1985 7.24384 2.32883
v 50.5876 7.06181 2.20328
v 50.55 7.52004 2.3916
v 50.9392 7.33172 2.26605
v 50.9266 7.80251 2.40415
v 51.2718 7.58909 2.25978
v 51.2154 8.02849 2.37277
v 51.4225 8.19169 2.10913
v 51.6861 7.90922 1.78899
v 50.7822 8.07871 2.3916
v 51.0961 8.31724 2.41043
v 51.3534 8.91984 2.49203
v 50.7195 8.43023 2.56736
v 50.8889 9.02656 2.73056
v 51.1526 9.2337 2.6113
v 51.4099 9.42829 2.51086
v 51.6422 9.14582 2.42298
v 51.9937 9.014 2.2535
v 52.1506 8.75664 2.29744
v 52.1506 9.13327 1.82665
v 52.6277 9.12699 1.92081
v 52.5273 9.42829 1.93964
v 52.9227 9.35297 1.91453
v 52.8474 9.67938 1.93964
v 53.3621 9.69194 2.1719
v 53.224 9.96813 2.78078
v 53.4751 10.1627 2.57364
v 53.8831 10.1 2.5297
v 53.7827 10.4013 2.5548
v 54.1907 10.3385 2.5297
v 54.084 10.6335 2.5297
v 54.5925 10.6461 2.67407
v 54.4606 10.9223 2.66779
v 54.9691 10.9348 2.76195
v 54.8561 11.2298 2.85611
v 55.3206 11.2047 2.86866
v 55.2013 11.4998 2.95027
v 55.6219 11.4433 2.831
v 55.5152 11.7446 2.90633
v 55.9421 11.6943 2.81217
v 55.8667 12.0145 2.91888
v 56.1178 12.2091 2.7494
v 56.2057 11.8952 2.73684
v 56.4819 12.1086 2.66152
v 56.4254 12.4476 2.68662
v 56.8334 12.3786 2.65524
v 56.7455 12.6987 2.68035
v 57.1724 12.6422 2.71801
v 57.0594 12.9372 3.38967
v 57.3481 13.1632 3.32689
v 57.731 13.0753 3.23901
v 57.6494 13.3955 3.28295
v 58.0449 13.3139 3.15741
v 57.9382 13.6152 3.23274
v 58.3462 13.5524 3.14486
v 58.3274 13.9165 3.42733
v 58.7605 13.8725 3.34573
v 58.6726 14.1801 3.48382
v 59.0932 14.1299 3.33945
v 59.0053 14.4437 3.49638
v 59.4133 14.3747 3.41478
v 59.3505 14.7137 3.52776
v 59.7711 14.6572 3.52776
v 59.7774 15.0401 3.72863
v 60.2294 15.0087 3.81024
v 60.1666 15.3414 3.89184
v 60.5244 15.6176 3.95461
v 60.7755 15.4293 4.35635
v 60.4428 15.9565 4.16176
v 61.1082 16.0695 4.57605
v 61.3216 15.8498 4.83341
v 61.6731 16.5027 5.14099
v 61.8802 16.283 5.32303
v 62.2318 16.5529 5.43602
v 62.1376 16.8667 5.50507
v 62.5017 16.76 5.29792
v 62.4326 17.0927 5.45485
v 62.7967 16.9923 5.18493
v 62.7339 17.325 5.46113
v 63.0666 17.1994 5.14727
v 63.0478 17.5698 5.41091
v 63.3742 17.438 5.14099
v 63.3679 17.8146 5.34814
v 63.6692 17.6702 5.04684
v 63.663 18.0468 5.29165
v 63.9266 17.8648 4.97779
v 63.9831 18.2916 5.29792
v 64.2405 18.1096 4.9464
v 64.2781 18.5239 5.20377
v 64.5041 18.3105 4.73298
v 64.7615 18.5113 4.62627
v 64.9309 19.0323 5.27281
v 65.1193 18.7938 4.69532
v 65.1255 19.1767 5.00917
v 65.4457 19.0449 4.66393
v 65.4017 19.3964 4.93385
v 65.8474 19.3525 4.90246
v 65.7658 19.6789 5.09078
v 66.1362 19.5785 4.8083
v 66.0608 19.9049 4.97151
v 66.381 19.7668 4.63882
v 66.3119 20.0995 4.79575
v 66.7702 20.0681 4.87735
v 66.7702 20.451 5.09078
v 67.084 20.3129 4.90246
v 67.0777 20.6895 5.04056
v 67.4355 20.5828 4.89618
v 67.423 20.9594 5.13472
v 67.7871 20.859 4.99034
v 67.7745 21.2294 5.21004
v 68.1511 21.1352 5.06567
v 68.1072 21.4867 5.21632
v 68.4462 21.3675 4.95896
v 68.3646 21.6876 5.12216
v 68.7098 21.5746 4.88363
v 68.6156 21.8822 4.99662
v 68.9985 21.7943 4.78947
v 68.8918 22.0956 4.90874
v 69.2936 22.0203 4.68904
v 69.5447 22.6041 4.90246
v 69.576 22.24 4.70159
v 69.8773 22.8614 4.89618
v 70.0217 22.5852 5.01545
v 70.3167 22.8112 4.96523
v 70.1975 23.1125 4.90874
v 70.8315 23.2129 5.44858
v 69.7957 23.2004 5.04684
v 69.5447 23.0058 5.17866
v 69.4505 23.395 5.6055
v 69.168 23.1816 5.69966
v 69.0864 23.6147 5.84404
v 69.5509 23.9788 6.15162
v 69.0425 23.9725 6.16417
v 69.0111 24.393 6.53452
v 69.62 24.4182 6.82327
v 69.7957 24.1671 6.72284
v 70.0594 24.3679 6.64124
v 69.9213 24.6504 6.77306
v 70.7436 24.9015 6.75422
v 70.6181 24.2989 6.8421
v 71.0072 24.6002 6.18928
v 71.0386 24.1608 6.53452
v 71.4843 24.1043 7.18735
v 71.3274 24.8513 6.94882
v 71.1453 25.2091 6.29599
v 70.8315 24.9705 6.27716
v 70.5929 25.1777 6.03863
v 71.0198 25.5041 6.28971
v 70.3481 25.4225 6.68518
v 70.7059 25.6987 6.81072
v 71.0575 25.9749 6.90488
v 70.9759 26.3515 7.06181
v 71.3839 26.226 6.97393
v 71.5157 25.887 7.44471
v 71.6287 25.5857 7.43843
v 71.8421 26.1381 7.48237
v 72.3066 26.1067 7.46982
v 72.5389 25.7866 7.55142
v 72.3694 25.6548 7.89039
v 72.0681 25.4225 7.97199
v 72.3443 25.1651 8.0536
v 72.677 25.4225 8.06615
v 72.8025 25.1149 8.07243
v 72.52 24.9015 8.12265
v 72.6393 24.6065 8.07243
v 72.9469 24.845 8.09754
v 73.38 25.1777 8.36118
v 73.2231 25.4476 8.31724
v 73.6939 25.8117 7.95944
v 73.5495 25.6987 8.38629
v 73.0285 25.6987 8.11637
v 73.198 26.295 7.66441
v 73.6499 26.182 7.36939
v 73.3235 26.3955 7.23757
v 73.8257 26.3201 7.06808
v 73.5746 26.5901 7.1183
v 73.1477 26.7658 7.19363
v 73.8131 26.7721 6.8421
v 74.0077 26.4582 6.77306
v 73.493 26.0628 6.28344
v 73.5181 27.0483 7.30034
v 73.7629 27.2429 7.12458
v 73.3361 27.2994 7.33172
v 73.7943 27.6509 6.86721
v 73.2105 27.6446 7.43216
v 73.4616 28.2786 7.00531
v 73.7504 28.5046 6.8986
v 74.4095 28.128 6.81072
v 74.0014 27.4249 7.00531
v 74.3153 26.6968 6.77933
v 74.5789 26.9039 6.64124
v 74.761 27.5128 6.817
v 75.3008 27.4626 6.79189
v 75.0748 27.7513 6.82327
v 75.4138 28.015 6.92371
v 75.2004 28.3539 6.8421
v 75.7339 28.2661 6.91115
v 75.5582 28.6301 6.87977
v 75.8971 28.8938 6.9802
v 76.1294 28.5674 7.13085
v 76.4244 28.7933 7.16224
v 76.2926 29.2013 7.13085
v 76.8262 29.1135 7.30034
v 76.6316 29.4587 7.16224
v 77.253 29.4399 7.51376
v 77.1024 29.8228 7.59536
v 77.3911 30.0488 7.53887
v 77.2216 30.3061 7.48865
v 77.7112 30.2999 7.54515
v 77.8619 29.9107 8.22936
v 78.2322 30.1994 8.31096
v 78.4771 29.9169 8.39256
v 78.1695 29.6784 8.44278
v 77.8933 29.465 8.493
v 77.6045 29.239 8.54322
v 77.8368 29.0193 8.75036
v 77.5292 28.7808 8.76919
v 77.3095 29.013 8.55577
v 77.0145 28.7808 8.58716
v 77.2279 28.5485 8.82569
v 76.7257 28.5611 8.6562
v 76.914 28.3037 8.88846
v 76.4433 28.3414 8.74408
v 76.6567 28.1028 8.96378
v 76.142 28.1091 8.78175
v 76.3868 27.8957 9.05167
v 76.098 27.6697 9.10188
v 75.8469 27.8769 8.82569
v 75.7904 27.4312 9.11444
v 75.5142 27.6258 8.8508
v 75.5017 27.2052 9.14582
v 75.2945 27.45 9.0705
v 74.9556 27.1864 8.2733
v 74.7861 27.5253 8.38629
v 75.2318 27.8706 7.92178
v 74.6229 27.9083 7.74602
v 74.7673 27.042 8.56205
v 75.169 26.9478 9.14582
v 74.7986 26.6654 9.03283
v 74.466 26.408 8.97634
v 74.6982 26.2009 9.25881
v 74.2965 25.887 9.02656
v 75.0497 26.4708 9.32158
v 75.3636 26.7093 9.40319
v 75.6774 26.9604 9.38435
v 76.029 27.2303 9.39063
v 76.3365 27.4689 9.38435
v 76.6316 27.6948 9.30903
v 76.914 27.9145 9.20859
v 77.1714 28.1154 9.12699
v 77.4602 28.3414 9.04539
v 77.7552 28.5674 8.98889
v 78.0314 28.7808 8.95751
v 78.3139 28.9942 8.92612
v 78.1444 29.2578 8.68759
v 78.634 29.2453 8.8759
v 78.4268 29.4775 8.6311
v 78.8913 29.4462 8.75664
v 78.7093 29.691 8.5746
v 79.2178 29.6972 8.71898
v 79.0169 29.9295 8.53694
v 79.3308 30.1743 8.56205
v 79.5756 29.9734 8.7943
v 79.676 30.4379 8.66248
v 79.8957 30.2245 8.86963
v 80.2096 30.4693 8.85707
v 80.0024 30.6953 8.72525
v 80.5171 30.7079 8.80058
v 80.3163 30.9401 8.7127
v 80.6238 31.1724 8.64993
v 80.7808 30.9087 8.76919
v 80.9314 31.4172 8.61854
v 81.1135 31.1661 8.81313
v 81.4148 31.4046 8.78802
v 81.2704 31.6746 8.66876
v 81.691 31.6118 8.7127
v 81.5215 31.8754 8.51811
v 81.942 31.8064 8.51811
v 81.7788 32.07 8.37373
v 82.2182 32.0261 8.37373
v 82.0237 32.2583 8.24191
v 82.4756 32.2207 8.26702
v 82.212 32.8107 8.24819
v 82.915 32.5596 8.55577
v 82.8083 32.8672 8.63737
v 83.2916 32.8547 7.97827
v 83.2038 33.1748 8.12892
v 83.5553 33.0618 7.88411
v 83.1535 33.5389 8.24191
v 83.5867 33.4698 8.24819
v 83.888 33.3192 7.90922
v 83.8754 33.6958 8.18542
v 84.1704 33.5389 7.92178
v 83.775 34.0222 8.29213
v 84.4529 34.1415 8.80686
v 84.5659 33.8402 8.86963
v 84.8421 34.0536 8.75036
v 84.9237 34.5055 9.15838
v 84.5533 34.6248 9.40319
v 84.93 34.9073 9.60406
v 85.5954 34.6248 9.73588
v 85.6016 35.0203 10.0497
v 85.9971 34.9387 9.98068
v 85.9029 35.2525 10.0497
v 86.2858 35.1647 9.91164
v 86.2231 35.5036 10.0811
v 86.4553 35.6794 9.8928
v 86.8006 35.5601 9.63544
v 86.1477 35.8489 10.1753
v 86.3612 36.0121 9.93674
v 85.8778 36.1062 10.1188
v 86.1477 36.3196 10.0811
v 86.4491 36.5519 10.0309
v 86.6562 35.8363 9.67938
v 86.3361 35.9995 9.12699
v 86.9701 35.6982 9.30903
v 86.3486 35.6041 8.94495
v 85.9469 35.6982 8.94495
v 86.041 36.238 9.03911
v 86.0724 35.3844 8.97006
v 87.0328 36.1313 9.79237
v 87.3216 35.9619 9.3718
v 87.3843 36.4013 9.87397
v 87.7108 36.2632 9.64172
v 87.6605 36.6147 9.76098
v 87.8551 36.7653 9.47223
v 87.9932 36.4829 9.60406
v 88.3761 36.7779 9.69821
v 88.2067 37.0415 9.56639
v 88.7339 37.0541 9.82376
v 88.6586 37.393 9.90536
v 89.1357 37.3679 10.0246
v 88.5519 37.7132 10.0372
v 88.985 38.0459 10.2883
v 89.1671 37.7822 10.3699
v 89.4746 38.0208 10.4201
v 89.2863 38.7489 10.8658
v 89.5437 38.479 10.8846
v 90.0772 38.4853 10.395
v 89.9831 38.818 11.1608
v 89.7132 39.0816 11.1231
v 89.9517 39.2574 10.985
v 89.5123 39.4268 10.3385
v 89.845 39.6842 10.351
v 90.1526 39.9227 11.1043
v 90.5857 39.2887 11.1231
v 90.2656 39.0377 11.0855
v 90.3597 38.705 11.0729
v 90.7928 39.0377 10.5896
v 90.9372 39.5587 11.2361
v 91.1444 38.9247 11.1608
v 90.8556 38.6987 11.1482
v 91.4896 39.1883 11.2424
v 91.408 39.521 11.3052
v 91.634 39.6905 11.1043
v 91.973 39.5649 10.9411
v 91.8411 39.8474 10.8407
v 92.2994 39.816 10.9285
v 91.8097 39.4331 11.2487
v 92.2115 40.1424 10.9536
v 92.6509 40.0859 10.9474
v 92.494 40.3559 10.9285
v 92.0483 40.4186 10.9725
v 92.1424 40.9585 11.0039
v 91.8035 40.6948 10.9348
v 91.6026 41.0464 10.9411
v 91.4708 41.3351 10.9725
v 91.6465 41.4669 11.3993
v 92.0106 41.7494 11.4935
v 92.45 41.6992 11.4433
v 92.3559 42.0256 11.6065
v 92.7137 41.9063 11.3679
v 92.7639 41.4418 11.7508
v 92.3621 42.4713 11.4307
v 91.7595 42.4462 11.1231
v 92.111 42.7224 11.1859
v 92.4877 43.0111 11.3742
v 92.9208 42.8981 12.0019
v 92.8957 42.4399 12.184
v 93.3163 42.76 12.479
v 93.0652 42.1762 12.2279
v 93.536 42.5403 12.5669
v 93.7054 42.17 12.6171
v 93.2849 41.8436 12.2907
v 93.0652 41.2033 11.8638
v 92.7011 40.9208 11.7885
v 93.197 40.902 11.9266
v 92.8894 40.6634 11.9078
v 93.0212 40.3684 11.845
v 93.492 41.128 11.8889
v 93.7619 40.9459 12.1714
v 93.9189 41.4606 12.2216
v 94.3081 41.3665 12.7238
v 94.1574 41.6427 12.027
v 94.4273 41.8498 12.6861
v 94.691 41.6615 12.9561
v 95.0174 41.9189 13.0314
v 95.1053 42.3771 12.7677
v 95.3312 42.1574 13.0188
v 95.6388 42.3959 13.113
v 95.5886 42.7475 13.2071
v 95.9276 42.6219 13.0377
v 95.8836 42.9797 13.1381
v 96.2728 42.8856 13.0251
v 96.2351 43.2496 13.2574
v 96.5867 43.1304 13.0753
v 96.5992 43.9401 12.9623
v 96.8691 43.3501 12.9937
v 96.6118 43.5447 13.4582
v 97.2018 43.6074 13.8035
v 97.1014 43.9213 13.8976
v 97.5596 43.8836 13.8851
v 97.3776 44.5365 14.1173
v 97.9865 44.6055 13.8349
v 97.9551 44.1912 14.155
v 98.2941 44.4548 14.224
v 98.633 44.7122 14.2931
v 98.4886 44.9884 14.2868
v 98.928 44.9445 14.3308
v 98.4447 45.365 13.7344
v 99.041 45.4215 14.0922
v 99.1917 45.1453 14.2492
v 99.4993 45.3839 14.1989
v 99.2419 45.9802 14.268
v 99.4553 45.7417 14.3496
v 99.9261 45.7166 14.5065
v 99.9324 46.112 14.7827
v 98.8841 45.704 14.0922
v 98.9218 46.2062 14.0295
v 98.5263 46.4008 14.2492
v 98.1811 46.1371 14.0859
v 97.9802 46.3757 14.1236
v 98.4008 46.6958 14.3559
v 97.8107 46.6895 14.155
v 98.0932 47.3486 14.607
v 98.3694 47.1164 14.7639
v 97.5408 46.9218 14.0671
v 97.3525 47.2545 14.0922
v 97.2207 47.5746 14.1801
v 96.8817 47.311 14.0797
v 96.6243 47.5432 14.1111
v 97.0198 47.8571 14.2931
v 96.7059 48.0642 14.2805
v 96.3105 47.7566 14.0483
v 96.1975 48.1521 13.9165
v 96.5929 48.4534 14.0546
v 96.2226 48.5538 13.9918
v 95.9652 48.353 13.3515
v 96.0531 47.562 13.408
v 95.6451 48.1019 13.3327
v 95.4944 48.4157 13.2574
v 95.2245 48.2023 13.3327
v 95.0676 48.5476 13.3327
v 94.7914 48.7986 12.8996
v 94.421 48.943 13.0439
v 94.4713 48.5476 12.931
v 94.057 48.6605 12.9435
v 94.0444 49.169 13.1883
v 93.6741 48.8865 13.0565
v 93.5925 49.3134 13.1946
v 93.4544 49.7026 13.1758
v 93.0966 49.4264 13.069
v 93.1154 49.8658 13.295
v 92.6948 49.5393 13.0188
v 92.5818 49.872 13.1255
v 92.5002 50.2361 13.4017
v 91.8725 50.211 12.8431
v 91.7721 50.506 13.0753
v 91.5712 50.7759 12.9623
v 91.3829 50.2047 12.8996
v 91.2636 50.5374 12.9812
v 90.9812 50.7759 12.9121
v 91.4017 51.1024 13.1067
v 91.1193 51.3534 13.069
v 90.548 50.914 12.4664
v 90.6547 51.4225 13.0628
v 90.3723 51.7112 12.9121
v 90.14 51.0208 12.5606
v 90.1902 51.5731 13.2636
v 89.9015 51.3472 13.3327
v 89.6002 51.6171 13.1695
v 89.5374 51.0647 13.1946
v 89.3554 51.4225 13.2887
v 89.1733 51.8054 13.3013
v 89.5374 52.0942 13.5147
v 89.9392 51.8807 13.2574
v 90.0772 51.9874 12.774
v 89.8073 52.295 13.4394
v 89.6378 52.5963 13.408
v 90.1714 52.5838 13.5147
v 89.9894 52.8725 14.2868
v 90.6045 52.3955 14.0734
v 89.3805 52.4017 13.5649
v 89.1294 52.2009 13.7156
v 89.2236 52.7281 14.3684
v 88.916 52.4896 14.3559
v 88.9976 53.0546 14.4877
v 89.5437 52.973 14.4061
v 89.845 53.2115 14.4249
v 89.3868 53.3559 14.6258
v 89.9015 53.7513 15.1342
v 90.1651 53.4626 15.2221
v 90.435 53.6697 15.1845
v 90.6296 53.3684 15.1154
v 90.7866 53.0608 15.0338
v 89.3805 53.8392 14.9899
v 89.2675 54.128 15.1405
v 88.8846 53.8329 14.9773
v 89.0478 53.5818 14.9647
v 88.4703 53.5065 14.7513
v 88.3887 53.8957 14.9083
v 88.3071 54.2849 14.9961
v 87.987 54.0338 14.9773
v 87.5789 54.1656 15.0275
v 87.6103 53.7388 14.7262
v 87.196 54.2723 14.8706
v 87.1835 53.858 14.7827
v 86.8445 53.9961 14.7388
v 87.2776 53.4814 14.6572
v 86.8947 53.6321 14.8518
v 86.5118 53.745 14.7262
v 86.3298 54.0715 14.5191
v 86.3423 53.1989 14.2052
v 86.1854 53.4877 14.7074
v 85.633 53.5316 14.2994
v 85.7837 54.1091 14.4437
v 85.6519 54.5171 15.0464
v 86.085 53.0043 14.2743
v 85.7146 53.1236 14.3433
v 85.2627 53.2366 14.1424
v 84.8107 53.3559 14.2554
v 85.0367 52.59 14.1111
v 84.3839 53.0232 13.9165
v 84.0951 53.3056 14.2492
v 84.0575 53.7137 14.381
v 83.7813 53.5002 14.45
v 83.7059 53.9145 14.5818
v 83.5239 53.7764 14.8455
v 83.4297 54.1782 15.0087
v 83.1033 53.9208 15.0526
v 82.9652 54.2912 15.0212
v 83.3167 54.5674 15.128
v 84.0826 54.6803 15.1217
v 84.1077 54.2284 15.5799
v 84.4592 54.4983 15.6929
v 84.5973 54.1342 15.7117
v 84.2269 53.8455 15.5485
v 84.5345 53.6509 15.3414
v 83.662 53.4061 14.9459
v 83.7059 52.9981 14.8329
v 83.4297 53.224 15.1405
v 83.0406 53.3998 15.1593
v 83.1159 52.9792 15.1342
v 82.6828 53.1173 15.0464
v 82.7706 53.6634 14.9961
v 82.6325 54.0275 15.0087
v 82.4819 54.3163 15.1154
v 82.8209 54.5799 15.2033
v 83.1787 54.8561 15.3037
v 83.6494 54.8247 15.2347
v 83.9696 55.0758 15.2661
v 84.2646 55.3018 15.2472
v 84.7919 54.7619 14.9899
v 84.773 55.2202 15.3037
v 85.0492 55.4399 15.2472
v 85.4698 55.2955 15.0966
v 85.1873 54.1531 15.3853
v 85.5514 53.9334 15.3037
v 84.9865 53.9961 15.6992
v 85.7899 54.1154 15.1593
v 85.7711 55.0507 14.902
v 85.7272 55.013 15.5234
v 85.3129 55.1637 15.4983
v 84.8421 55.7537 16.0068
v 84.5785 55.5466 15.3477
v 84.1956 55.647 16.2327
v 84.6601 55.6094 16.2202
v 84.3964 55.4022 16.3143
v 83.9068 55.0193 15.8624
v 83.8754 55.3959 15.4418
v 82.2936 55.1197 15.649
v 82.0927 54.4858 15.3853
v 82.1304 54.9942 16.0319
v 82.1178 55.4713 16.4211
v 82.6137 55.3646 16.4336
v 82.9778 55.17 16.0005
v 83.2038 54.8749 16.1511
v 83.549 55.6156 16.6659
v 83.8064 55.3457 16.0695
v 81.7286 55.1637 16.2767
v 81.5843 55.4901 16.3269
v 81.4273 55.3646 16.6847
v 81.5152 54.9942 16.4211
v 81.0695 55.0884 16.5843
v 81.2704 54.8059 16.5968
v 80.3979 54.5611 16.4838
v 80.6741 55.2767 16.126
v 81.6533 54.6176 16.3269
v 81.8856 54.7996 16.1637
v 81.4085 54.4293 15.718
v 81.873 54.31 15.5862
v 82.1931 54.084 15.1028
v 82.0425 53.971 15.4795
v 81.7726 53.7576 15.5485
v 81.6094 54.1028 15.7368
v 81.2578 53.8266 15.649
v 81.0507 54.1468 15.6552
v 80.8373 54.4669 15.5234
v 80.6992 54.7996 15.6741
v 80.3728 54.5485 15.6741
v 80.2849 54.9691 15.9063
v 80.2472 55.465 16.5654
v 80.9126 55.4587 16.7098
v 81.2013 55.6847 16.6721
v 79.858 55.1637 16.3143
v 79.8392 55.1511 16.9672
v 79.6885 55.5717 17.1618
v 79.3496 55.3143 16.3332
v 79.6321 54.9879 16.4587
v 78.9478 55.0005 16.17
v 78.8851 55.3771 16.465
v 78.5398 55.1072 16.3897
v 78.3076 55.3834 16.4901
v 78.6528 55.647 16.5843
v 78.1067 55.7224 16.7098
v 77.7364 55.4273 16.5403
v 77.4915 55.7161 16.6721
v 77.435 55.1951 16.578
v 77.2342 55.5152 16.76
v 77.1086 54.944 16.6345
v 76.9329 55.2767 16.8479
v 76.7508 55.5466 16.986
v 76.4433 55.3018 16.986
v 76.2361 55.6094 17.1366
v 75.9285 55.3646 17.1304
v 75.7402 55.647 17.281
v 75.4138 55.3897 17.2496
v 75.2192 55.6847 17.3438
v 74.8363 55.3834 17.1743
v 74.6417 55.6156 17.394
v 74.1458 55.2265 16.9358
v 74.4032 55.0444 16.7788
v 73.7441 54.9189 16.6784
v 73.5495 55.1888 16.7977
v 73.2105 54.9252 16.7726
v 73.4365 54.6741 16.6721
v 73.085 54.4041 16.5403
v 72.8778 54.6615 16.7286
v 72.4698 54.7871 16.986
v 72.8088 54.1907 16.5529
v 72.1622 54.5485 17.0488
v 71.8107 54.7557 16.9609
v 71.8547 54.3037 17.055
v 71.4969 54.5171 16.9358
v 71.3023 54.7557 17.1241
v 71.2646 54.3351 17.0802
v 71.0888 54.5862 17.2999
v 71.0637 55.0381 17.5007
v 70.8126 54.8373 17.62
v 70.6118 55.1637 18.1096
v 70.5364 54.6238 17.7267
v 70.3293 54.944 18.2226
v 70.3419 55.4148 18.4486
v 70.6557 55.6533 18.3984
v 71.0575 55.5152 18.4674
v 70.1347 55.6596 18.7185
v 70.0594 55.1888 18.549
v 69.8585 55.4462 18.8252
v 69.8397 55.0193 18.6746
v 69.6012 55.239 18.9445
v 69.4254 55.5843 19.114
v 69.1304 55.352 19.1265
v 68.7161 55.5278 19.2458
v 68.7914 55.0884 19.0826
v 68.3897 55.2704 19.1642
v 68.0821 55.578 19.3525
v 68.0821 55.0319 19.0826
v 67.7494 55.3143 19.3399
v 67.5799 55.6659 19.6287
v 67.2284 55.3959 19.5659
v 66.9208 55.6533 19.8923
v 66.9459 55.17 19.6161
v 66.6258 55.421 19.8923
v 66.3119 55.7161 20.0618
v 65.9102 55.4022 19.8547
v 65.6465 55.7161 20.0932
v 65.6152 55.17 19.8547
v 65.4017 55.5215 20.2438
v 65.1444 55.7035 20.3819
v 65.1193 55.2955 20.3129
v 64.8933 55.5089 20.5075
v 64.6485 55.7537 20.6895
v 64.6108 55.2892 20.5891
v 64.3723 55.5466 20.7711
v 63.9831 55.239 20.5451
v 63.619 55.4022 20.564
v 63.6881 55.0068 20.5451
v 63.3554 55.1951 20.6205
v 63.0917 55.4399 21.3423
v 63.4621 55.7286 21.4302
v 63.0227 54.9377 20.5891
v 62.8218 55.2265 21.4616
v 62.8532 55.6533 22.2714
v 62.577 55.4399 22.3341
v 62.1753 55.5843 22.8175
v 62.2757 55.2013 22.353
v 61.8928 55.3646 22.8928
v 61.6919 55.6972 23.2632
v 61.3592 55.4336 23.2067
v 60.8759 55.6219 23.6586
v 61.0579 55.2013 23.238
v 60.5746 55.3897 23.6586
v 60.0975 55.5215 23.8093
v 60.2545 55.1323 23.6461
v 59.7648 55.2641 23.7842
v 59.4384 55.5278 24.0792
v 59.0869 55.2516 23.9348
v 58.7479 55.5089 24.1796
v 58.8107 55.0381 23.9725
v 58.4341 55.2641 24.1671
v 58.1516 55.5843 24.3679
v 58.1391 55.0319 24.1985
v 57.8126 55.3206 24.3428
v 57.7562 55.7161 24.4935
v 57.4862 55.5027 24.5814
v 57.1347 55.7098 24.7446
v 57.1535 55.2453 24.5374
v 56.8397 55.4775 24.7257
v 56.4317 55.6345 24.8952
v 56.5384 55.239 24.7257
v 56.099 55.3708 24.8701
v 55.7098 55.534 24.9454
v 55.7788 55.1197 24.8262
v 55.4085 55.3018 24.914
v 55.3583 55.6094 24.9517
v 55.057 55.3708 24.9266
v 55.057 55.7161 24.9957
v 54.7243 55.4587 24.9643
v 54.4606 55.6282 25.0019
v 54.379 55.1888 24.9392
v 54.1405 55.3771 25.0145
v 53.8392 55.6094 25.0773
v 53.8015 55.1135 24.914
v 53.5316 55.3708 24.9957
v 53.1864 55.5152 25.1714
v 53.1738 55.0884 24.9015
v 52.86 55.2578 25.0898
v 52.8223 55.7412 25.1337
v 52.4645 55.4587 25.0459
v 52.5147 54.9879 24.9768
v 52.0942 55.17 24.8889
v 51.7426 55.4775 24.9768
v 51.7426 54.8938 24.8136
v 51.4099 55.2202 24.9454
v 51.3409 55.7475 25.0961
v 51.0208 55.4964 25.0647
v 50.6379 55.6784 25.2467
v 50.7383 55.2767 25.0835
v 50.3052 55.421 25.2154
v 49.9913 55.7098 25.6171
v 49.5519 55.3708 25.3597
v 49.1878 55.6219 25.8305
v 49.2318 55.1135 25.3535
v 48.8489 55.3583 25.8242
v 48.6354 55.7475 25.8996
v 48.3279 55.5089 25.8807
v 47.901 55.6847 25.9435
v 47.9889 55.2453 25.7301
v 47.5369 55.3959 25.8556
v 47.6248 54.9565 25.6548
v 47.1854 55.1197 25.7866
v 47.0034 55.5278 25.9247
v 46.6707 55.2704 25.8619
v 46.4761 55.6784 26.0188
v 46.1434 55.4148 25.9498
v 46.3317 55.0068 25.8117
v 45.8044 55.1511 25.9561
v 45.5471 55.5215 25.9498
v 45.252 55.2892 25.9247
v 45.0198 55.5968 25.9498
v 44.9319 55.0381 25.8682
v 44.6997 55.3457 25.9247
v 44.2351 55.5215 25.9623
v 44.3858 55.1009 25.8933
v 43.9025 55.2641 25.9372
v 43.576 55.5654 25.9184
v 43.5447 54.9879 25.8305
v 43.2873 55.3394 25.8807
v 42.986 55.6721 26.0063
v 42.9358 55.0632 25.818
v 42.6596 55.4148 25.9749
v 42.3018 55.1386 25.8305
v 42.1009 55.4901 25.8431
v 42.0758 55.465 26.5336
v 41.7745 55.2327 25.8368
v 41.7745 55.2327 26.5838
v 41.5611 55.6219 26.8286
v 41.2472 55.3771 26.8474
v 40.7576 55.5466 26.9604
v 40.9334 55.1323 26.8286
v 40.3119 55.2013 26.6214
v 40.5379 54.8247 26.6842
v 39.973 54.9314 26.6089
v 39.86 55.421 26.2887
v 39.6591 55.2578 26.5398
v 39.4143 55.5529 26.4017
v 39.4457 55.0946 26.7281
v 39.1758 54.8812 26.7595
v 38.9561 55.1951 26.8411
v 39.2511 55.421 26.7846
v 38.592 55.3897 27.042
v 38.1902 55.6031 26.7156
v 38.1212 55.0256 26.703
v 37.6755 55.2013 26.2636
v 37.55 55.6659 27.1111
v 38.2154 54.6113 26.5775
v 37.7132 54.6992 26.4708
v 37.4244 55.0068 26.3452
v 37.393 54.4481 25.7301
v 36.7528 55.0444 25.9686
v 37.142 55.3457 26.1569
v 36.8532 54.5548 25.7364
v 36.4891 54.8373 26.0879
v 36.5393 54.31 25.774
v 37.0729 54.197 25.7112
v 37.4809 53.5567 25.7677
v 37.1985 53.337 25.8431
v 36.9348 54.0903 26.182
v 36.9223 53.6007 26.3829
v 36.6837 53.8957 26.339
v 36.5833 53.337 25.6045
v 37.4809 52.9855 25.2091
v 37.437 52.9541 25.7866
v 37.1294 52.7156 25.0835
v 37.6692 52.5775 25.0396
v 37.3303 52.3139 24.9831
v 36.803 52.452 25.0082
v 36.985 52.0439 24.914
v 36.464 52.1883 24.9894
v 36.2443 52.59 25.1777
v 36.1564 51.9498 24.958
v 35.9493 52.3578 25.8305
v 35.8802 52.7846 25.4602
v 36.1753 53.0169 25.4037
v 36.0497 53.3998 25.5669
v 35.7422 52.6779 25.8493
v 35.127 52.6779 25.5543
v 36.6335 51.7677 24.8576
v 36.2694 51.4853 24.7697
v 35.8614 51.7175 24.9831
v 35.3467 51.887 25.1714
v 35.5162 51.4476 24.9831
v 35.0579 51.661 25.1902
v 34.9136 52.0251 25.4539
v 34.4679 52.1632 25.4602
v 34.2482 52.521 25.5229
v 34.1226 51.887 25.4037
v 33.9908 52.3139 25.6359
v 33.5012 52.4959 25.7175
v 33.633 52.0377 25.5669
v 33.225 52.2825 25.7677
v 33.1811 52.7533 26.1695
v 33.5263 53.0232 26.2385
v 33.1057 53.2931 26.5084
v 33.3819 53.5065 26.4582
v 33.8778 53.2931 26.3139
v 34.2419 53.0797 26.6403
v 34.2921 53.6195 26.5775
v 34.6625 52.8411 26.4645
v 35.0642 53.155 26.7219
v 35.24 52.7658 26.521
v 35.2714 52.3076 26.2825
v 35.466 52.4582 25.9874
v 35.535 52.9981 26.4896
v 34.6436 53.8957 26.6842
v 33.9532 53.9522 27.0608
v 34.38 54.2849 27.3747
v 35.1647 54.3037 27.1864
v 34.7253 54.5611 27.4186
v 35.2965 55.0005 27.2429
v 35.4597 54.536 27.1927
v 35.535 54.0903 27.3935
v 35.8614 54.3477 27.4751
v 36.282 54.1091 27.3998
v 36.1816 53.5002 27.2617
v 36.2883 53.5818 26.8223
v 36.3573 53.155 26.5649
v 36.7653 53.9585 27.2178
v 36.5958 54.3539 27.3496
v 36.8595 54.5611 27.2115
v 36.0999 55.0319 27.1487
v 36.6963 55.0005 27.2617
v 37.142 54.7808 27.1675
v 37.3554 55.5152 27.3684
v 36.3448 55.2265 27.0043
v 36.0874 55.6219 27.6132
v 35.6103 55.2453 27.224
v 35.8363 54.831 27.3245
v 35.2714 55.5968 27.0043
v 35.0266 55.4022 27.1864
v 34.7755 55.2013 27.2931
v 34.6123 55.6784 27.563
v 34.2733 55.421 27.5128
v 34.0661 55.2578 27.7639
v 33.746 55.5403 28.0338
v 33.7837 55.0319 27.8141
v 33.4259 55.2892 28.0275
v 33.2689 55.6847 28.2472
v 32.9614 55.4399 28.2221
v 32.7793 55.7412 28.4544
v 32.4717 55.5027 28.4544
v 32.0261 55.6282 28.6615
v 32.1579 55.2578 28.4418
v 31.7059 55.3771 28.6301
v 31.6055 55.7224 28.8247
v 31.2791 55.465 28.7808
v 30.9213 55.6533 28.944
v 30.8209 55.1072 28.4858
v 30.3815 55.2265 28.4042
v 30.2622 54.6678 27.9208
v 30.9903 54.8184 28.4795
v 30.4819 54.4167 27.9522
v 29.9232 53.9836 27.3559
v 31.1787 54.4858 28.3539
v 30.7393 54.1468 28.015
v 31.3105 54.1468 28.1468
v 30.9213 53.8455 27.9271
v 31.4862 53.7702 27.8455
v 31.1222 53.4877 27.7388
v 30.3375 53.3872 27.2994
v 30.6451 53.1173 27.3747
v 30.1492 52.7281 26.9416
v 29.9169 53.0608 27.0169
v 30.0927 53.6446 27.3119
v 29.6282 53.2805 27.0043
v 29.3834 53.5567 26.8851
v 29.647 54.1907 27.268
v 29.2013 53.8392 26.929
v 29.2202 54.3225 27.155
v 29.4399 55.013 27.3998
v 29.0758 54.7306 27.268
v 29.0884 55.283 27.5379
v 29.534 55.6345 27.8957
v 28.9942 55.7224 27.8204
v 28.6615 55.4587 27.745
v 28.1782 55.6533 27.9585
v 27.7827 55.3457 27.7639
v 28.2974 55.1762 28.3351
v 28.3979 54.7431 28.1593
v 27.9647 54.9126 28.2912
v 27.3684 55.0193 28.197
v 27.0922 55.3708 28.0212
v 26.8349 55.17 28.1844
v 26.226 55.2767 28.015
v 26.3955 54.8247 27.902
v 25.9372 55.0507 28.0715
v 25.6987 55.421 28.0903
v 26.0565 55.7035 28.2221
v 25.2154 55.5905 28.3539
v 25.3974 55.1825 28.084
v 24.8889 55.3332 28.3602
v 24.6692 55.6659 28.4355
v 24.3428 55.4148 28.379
v 23.9097 55.6031 28.3477
v 24.0039 55.1449 28.3665
v 23.5707 55.3394 28.3414
v 23.4138 55.6533 28.6427
v 23.1376 55.4336 28.6741
v 22.9305 55.7537 28.7996
v 22.5789 55.4775 28.7306
v 22.1144 55.6282 28.7871
v 22.24 55.2139 28.718
v 21.8508 55.421 28.9691
v 22.0014 55.0319 28.8624
v 21.7566 54.8373 28.9942
v 21.6311 55.2516 29.1574
v 21.3926 55.6031 29.2578
v 21.3926 55.0695 29.3394
v 21.2105 55.465 29.4964
v 21.0975 54.8373 29.465
v 20.9657 55.2767 29.7161
v 20.8088 55.647 29.8605
v 20.6895 55.0632 29.8102
v 20.5828 55.4713 30.0299
v 20.3066 55.2516 30.099
v 20.0932 55.647 30.3061
v 19.817 55.4336 30.3877
v 20.0492 55.0507 30.1869
v 19.4843 55.17 30.3877
v 19.3148 55.578 30.576
v 19.0198 55.3457 30.5886
v 18.7436 55.6847 30.6263
v 18.4423 55.4524 30.6012
v 18.141 55.7286 30.6263
v 18.0908 55.1762 30.5572
v 17.8146 55.4775 30.5698
v 17.7267 54.8938 30.4693
v 17.4631 55.2076 30.5007
v 17.2371 55.5843 30.576
v 16.9169 55.3332 30.5698
v 16.6721 55.7161 30.7393
v 16.3646 55.4775 30.7957
v 16.6156 55.0946 30.6137
v 16.0444 55.2265 30.8209
v 15.8122 55.6784 30.9527
v 15.5297 55.4587 30.9841
v 15.7368 54.9879 30.7769
v 15.1719 55.1825 30.8962
v 14.9647 55.5215 31.0782
v 14.6258 55.2578 30.9966
v 14.3308 55.5215 31.1598
v 14.2805 54.9879 30.915
v 13.9479 55.2202 31.0343
v 13.8914 55.691 31.323
v 13.5336 55.4085 31.21
v 13.2385 55.6972 31.323
v 13.1507 55.1072 31.0908
v 12.8745 55.4085 31.2414
v 12.5543 55.6156 31.3356
v 12.5418 55.1511 31.141
v 12.1902 55.3269 31.2414
v 11.9768 55.7098 31.4297
v 11.619 55.4336 31.3293
v 11.2738 55.7349 31.6494
v 11.2487 55.1449 31.2226
v 10.9411 55.4713 31.6118
v 10.6272 55.2265 31.5741
v 10.3385 55.5717 31.9821
v 10.3008 54.9754 31.6055
v 10.0183 55.3206 31.9821
v 9.71077 55.5843 32.2081
v 9.69194 55.0632 31.9319
v 9.36552 55.3143 32.1704
v 9.08933 55.6407 32.5094
v 8.75036 55.3708 32.4404
v 8.45533 55.6972 32.6915
v 8.41139 55.1072 32.409
v 8.1352 55.4462 32.6663
v 7.81506 55.1951 32.591
v 7.46982 55.5089 32.7982
v 7.41333 54.8812 32.4341
v 7.06181 55.1888 32.6098
v 6.93626 55.578 32.7982
v 6.54708 55.2767 32.6663
v 6.33993 55.6596 32.7291
v 5.9633 55.3646 32.5785
v 5.69966 55.7349 32.6161
v 5.32931 55.4462 32.4717
v 5.54901 55.0444 32.3713
v 4.95896 55.1574 32.3964
v 4.70787 55.5278 32.4529
v 4.33752 55.239 32.3274
v 4.11154 55.5654 32.409
v 3.75374 55.2892 32.3337
v 3.99855 54.9816 32.2395
v 3.34573 54.9691 32.1391
v 3.24529 55.4524 32.3901
v 2.81217 55.1197 32.1328
v 2.51086 55.4336 32.2646
v 2.42926 54.8184 31.9884
v 2.22211 55.2076 32.2583
v 2.0338 55.6282 32.3023
v 1.71994 55.3834 32.3211
v 1.41236 55.6659 32.6475
v 1.7576 54.8498 32.6161
v 2.30372 54.718 32.3964
v 2.54225 54.3414 31.8252
v 2.86866 54.0966 31.7624
v 2.98793 53.6195 31.5678
v 3.18252 53.1989 31.367
v 3.80396 53.1362 31.4486
v 3.96089 52.7721 31.3293
v 3.97344 52.2009 31.1222
v 4.24964 51.8619 30.9338
v 4.6451 51.6296 30.802
v 5.04684 51.4413 30.7204
v 5.0029 50.8387 30.4317
v 5.46113 50.6316 30.3061
v 5.66828 50.2424 30.0802
v 5.98841 50.029 29.9483
v 6.27088 49.7402 29.8291
v 6.31482 49.2632 29.5152
v 6.66007 49.0372 29.4085
v 6.77306 48.6229 29.1825
v 6.99903 48.1647 28.9879
v 7.30661 47.8257 28.8373
v 7.49493 47.4177 28.7243
v 8.02849 47.311 28.5171
v 8.16031 46.8653 28.2786
v 8.22308 46.3694 27.7827
v 8.40512 45.9551 27.4751
v 8.46789 45.5031 27.2805
v 9.00772 45.3901 27.0671
v 9.02656 44.8942 26.7156
v 9.2337 44.5741 26.5398
v 9.30903 44.1975 26.1758
v 9.62916 43.915 25.9247
v 9.88653 43.6137 25.8054
v 10.0874 43.2245 25.7615
v 10.4013 43.4693 25.6924
v 10.69 43.1366 25.818
v 11.1671 42.9232 25.5418
v 10.9411 42.7475 25.7991
v 11.3052 42.4587 25.5104
v 11.506 42.6156 25.3158
v 11.4495 41.9942 25.253
v 11.55 41.5674 25.1337
v 11.9329 41.3163 24.9392
v 11.958 40.8204 24.5939
v 12.2907 40.6132 24.4433
v 12.4225 40.2931 24.2675
v 12.479 39.86 23.9976
v 12.8619 40.1613 24.0604
v 13.2009 40.4249 24.1608
v 13.7344 40.8455 24.6002
v 13.9667 40.5818 23.8909
v 14.0985 41.128 23.2757
v 14.2868 40.8329 23.1188
v 14.7764 40.7011 22.9932
v 15.0777 40.4061 22.5413
v 15.31 39.9792 22.5036
v 15.4355 39.4645 22.2588
v 15.0966 39.2009 22.2337
v 14.7702 38.9435 22.1898
v 14.7639 38.3409 22.4848
v 14.3559 38.0208 22.3341
v 14.7137 37.2298 22.2023
v 15.0589 37.4998 22.2651
v 15.3225 37.7069 22.0893
v 15.5611 37.8889 21.8696
v 15.7871 37.5374 21.9387
v 15.5422 37.8764 21.1478
v 16.0946 37.7822 21.1415
v 16.3897 37.5311 21.3988
v 15.8812 38.14 21.154
v 16.3959 38.0208 21.0787
v 16.9232 37.4621 20.6456
v 17.0676 37.0039 20.4322
v 17.2057 36.5582 20.1811
v 16.8793 36.3071 20.1748
v 16.534 36.0372 20.156
v 16.2265 35.7986 20.1622
v 15.8749 35.5224 20.112
v 15.4481 35.1835 19.93
v 15.0526 34.8759 19.7605
v 14.6383 35.1019 19.9614
v 14.7011 34.5997 19.6663
v 14.9585 34.2356 19.3839
v 14.9585 33.7335 19.0323
v 15.1468 33.3066 18.7122
v 15.6427 33.1371 18.3732
v 15.7996 32.7228 18.3293
v 16.0758 32.9363 18.2728
v 16.4022 32.6977 18.4109
v 16.7914 32.4341 18.1096
v 16.9232 31.9759 17.8711
v 16.986 31.4737 18.0154
v 17.3752 31.7813 18.1849
v 17.7957 31.5992 18.1159
v 17.9025 31.1222 17.8648
v 18.1975 31.3544 17.7832
v 18.2854 30.8836 17.3187
v 18.2728 30.3375 16.9107
v 18.0971 29.7098 16.8353
v 17.8146 29.4964 16.8856
v 17.5133 29.2516 16.9421
v 17.8836 28.9628 16.8793
v 18.5741 28.4042 16.6596
v 18.957 28.2912 16.6972
v 19.0198 27.8643 16.0946
v 19.2709 28.0589 15.9252
v 19.3776 27.7639 15.4795
v 19.3211 27.3747 15.3477
v 19.0072 27.1299 15.3163
v 18.6997 26.8914 15.3414
v 18.6055 26.4771 15.2347
v 19.001 26.3139 15.084
v 19.4718 26.2134 14.9647
v 19.7542 25.9498 14.7953
v 19.8547 25.592 14.7011
v 20.1748 25.3032 14.5818
v 20.6267 25.1337 14.5944
v 21.0348 24.9329 14.5128
v 21.2607 24.6002 14.4563
v 21.6185 24.3177 14.381
v 21.832 23.9913 14.2115
v 22.1458 23.7716 14.1927
v 22.4032 23.5833 14.0295
v 22.5789 23.2694 13.9227
v 22.7986 22.9932 13.5901
v 23.1125 22.8049 13.7093
v 23.5205 22.7422 13.8411
v 23.8281 22.4722 13.6465
v 24.0917 22.1395 13.5147
v 24.0855 21.6374 13.1632
v 24.3177 21.3361 12.9749
v 24.6316 21.0348 12.7929
v 25.0333 20.8527 12.6861
v 25.1651 20.4824 12.5418
v 25.1714 20.0806 12.4162
v 25.5355 20.3694 12.4853
v 25.8619 20.1622 12.3974
v 26.2134 19.9614 12.3095
v 26.5838 20.2501 12.4602
v 26.6591 20.7837 12.7364
v 27.0295 21.0787 12.818
v 27.3684 21.3361 12.887
v 27.7325 21.6248 12.9561
v 27.7827 22.1207 13.1632
v 27.5128 22.3153 13.339
v 27.8769 22.6041 13.4645
v 27.6572 22.9116 13.5963
v 28.0338 23.2067 13.6779
v 28.423 23.508 13.7909
v 28.4167 23.9976 14.0295
v 28.084 24.2863 14.1738
v 28.1656 24.8262 14.3684
v 28.1028 25.2781 14.5253
v 27.789 25.5732 14.607
v 28.2221 25.9121 14.7953
v 28.2912 26.4771 15.197
v 28.6552 26.7658 15.2912
v 28.6992 27.1738 15.31
v 28.7306 27.6383 15.3916
v 28.4669 27.8769 15.5171
v 28.2409 28.1531 15.6678
v 28.0024 28.3602 15.7745
v 28.1091 28.9063 15.9942
v 27.858 29.2013 16.17
v 27.563 29.534 16.3143
v 27.3747 29.8981 16.5278
v 27.042 30.1555 16.6721
v 26.6403 30.3626 16.7788
v 26.2323 30.5949 16.7788
v 25.8682 30.7393 16.9232
v 25.7929 31.1661 16.9734
v 25.3472 31.2916 17.0362
v 25.2467 31.6808 17.0927
v 25.3472 32.1014 17.2999
v 25.5606 32.6098 17.8334
v 25.8996 32.5345 17.8209
v 26.2699 32.8233 17.9213
v 26.2574 33.1622 18.028
v 26.4268 33.6707 18.2791
v 26.8035 33.9657 18.4549
v 26.5712 34.2545 18.6997
v 26.6591 34.7378 18.9507
v 27.0608 35.0517 19.1077
v 26.7721 35.3341 19.4341
v 27.1927 35.6668 19.6475
v 26.9604 36.0686 19.9488
v 27.0295 36.7088 20.3631
v 27.3496 36.9536 20.4447
v 27.3182 37.4182 20.6393
v 27.6823 37.7006 20.7272
v 28.0275 37.9768 20.8088
v 28.5297 37.8827 20.8778
v 29.0633 37.7195 21.2356
v 29.5591 37.5186 21.3298
v 29.5843 37.029 21.3172
v 30.0299 36.9599 21.4114
v 30.0174 36.4766 21.3926
v 29.9797 36.0686 21.311
v 29.9672 35.717 21.2294
v 29.5968 35.4283 21.154
v 29.6094 35.0893 21.0913
v 29.2327 35.1458 21.085
v 29.2955 34.8445 21.0787
v 29.3708 34.4365 21.0661
v 29.5466 34.0975 21.0348
v 29.5466 33.6205 20.9469
v 29.9734 33.5138 20.8653
v 30.394 33.3003 20.8841
v 30.733 33.043 20.746
v 31.1222 32.8295 20.5954
v 31.254 32.4278 20.3506
v 31.5365 32.0826 20.1811
v 31.4988 31.5616 20.0053
v 31.6934 31.2477 19.8609
v 31.6871 30.846 19.7103
v 31.3042 30.5509 19.6412
v 31.4988 30.2559 19.5534
v 31.844 30.0739 19.4592
v 32.0888 29.8291 19.4215
v 32.4969 30.1492 19.5785
v 32.7668 29.9797 19.4592
v 32.8672 30.4379 19.6852
v 33.225 30.7141 19.7668
v 33.633 31.0343 19.9363
v 33.9532 31.2854 19.9676
v 33.677 31.5113 20.0869
v 33.6456 31.9319 20.0367
v 34.0097 32.2207 20.0806
v 33.7837 32.4906 20.1873
v 34.1415 32.7668 20.2752
v 34.4302 32.5471 20.3192
v 34.3737 32.0575 20.9029
v 34.675 31.8503 20.8778
v 34.3737 31.6118 20.9155
v 34.1164 31.8566 21.0724
v 34.3172 32.4592 20.7774
v 34.6688 31.4674 20.8527
v 35.0328 31.7499 20.9783
v 34.9638 31.1849 20.7084
v 35.3404 31.48 20.8904
v 35.6103 31.1535 20.564
v 35.1458 30.7895 20.2564
v 34.8947 30.5949 20.3882
v 34.8194 30.0299 20.7209
v 34.9952 29.6847 20.9908
v 35.0077 29.1511 20.9469
v 35.083 28.7117 20.8151
v 34.7315 28.4355 20.7523
v 34.3361 28.128 20.6016
v 34.2168 27.5567 20.4761
v 34.1164 27.0734 20.2125
v 33.79 27.224 20.2187
v 34.1164 26.6152 20.0304
v 34.0536 26.0879 19.6977
v 34.1164 25.6673 19.6412
v 33.8151 25.4288 19.6538
v 33.4447 25.14 19.5094
v 33.6079 24.8827 19.4215
v 33.1999 24.5625 19.2897
v 33.0995 23.9976 18.9507
v 32.886 23.395 18.7185
v 32.7793 22.8928 18.5678
v 32.9928 22.6794 18.4611
v 32.6412 22.4032 18.3607
v 32.7793 22.0705 18.1535
v 32.4404 21.8006 18.1284
v 32.0512 21.4993 17.9903
v 32.3023 21.2733 17.9903
v 32.591 21.041 18.0406
v 32.5031 20.5703 18.0719
v 32.8044 20.3317 17.9778
v 32.6475 19.7166 17.802
v 32.1767 19.8421 18.028
v 31.775 19.5282 17.8334
v 32.1014 18.8378 17.4191
v 32.252 18.5302 17.325
v 32.8107 18.4297 17.3312
v 33.0367 18.0845 17.2183
v 33.1685 17.6953 17.1115
v 33.338 17.4003 16.9797
v 33.6707 17.1806 16.7412
v 33.8778 16.8667 16.6784
v 34.3988 16.7977 16.6721
v 34.4742 16.465 16.5215
v 34.5055 16.0193 16.1762
v 34.8633 15.831 15.9565
v 35.1709 15.5987 15.6929
v 35.2023 15.197 15.492
v 35.4346 14.8706 15.1907
v 35.83 14.7137 14.8957
v 36.1125 14.4689 14.6572
v 36.2569 14.1864 14.224
v 35.943 13.9416 14.2052
v 36.1376 13.6465 13.6654
v 36.0372 13.1193 13.2636
v 36.0623 12.6987 12.9247
v 36.0246 12.297 12.6359
v 36.4201 12.1212 12.3911
v 36.8595 11.9705 12.0773
v 36.8846 11.5437 11.8073
v 37.1985 12.2342 12.1086
v 37.5437 12.4978 12.1463
v 37.9643 12.3848 12.0019
v 37.8764 12.7615 12.184
v 38.1902 13.0063 12.1965
v 38.4978 13.2448 12.1714
v 38.7929 13.4771 12.1526
v 39.1444 13.747 12.1902
v 39.5147 13.5901 11.8701
v 39.929 13.4959 11.6379
v 40.4061 13.3515 10.9223
v 40.5567 12.9686 10.6649
v 40.5944 12.4915 10.2192
v 40.1613 12.1589 9.98068
v 40.3684 11.8889 9.47223
v 40.0546 11.6504 9.49734
v 39.6842 11.3617 9.34041
v 39.3013 11.0666 9.21487
v 38.9435 10.7842 9.17093
v 38.6485 10.5519 9.18976
v 38.2656 10.2569 9.10188
v 37.8764 9.95558 9.03283
v 37.5688 9.71704 9.05794
v 37.2675 9.48479 9.10188
v 37.0604 9.74215 9.57895
v 37.437 9.14582 8.80058
v 37.7508 8.94495 8.39256
v 37.776 8.53694 8.09126
v 37.8576 8.23563 7.77112
v 38.0333 7.92178 7.35683
v 38.4351 7.81506 7.02414
v 38.3848 7.36311 6.66634
v 38.297 6.87977 6.31482
v 38.6422 6.65379 6.03235
v 38.9937 6.92998 6.07001
v 39.4268 6.78561 5.39208
v 39.7093 6.49058 5.02173
v 39.7219 6.07001 4.8648
v 39.6968 5.59295 4.59488
v 39.3578 5.32931 4.51956
v 38.9623 5.02173 4.37518
v 39.4268 4.92757 4.35007
v 39.6842 4.70159 4.01738
v 39.973 4.55722 3.83534
v 40.0357 4.13665 3.32689
v 40.4312 4.44423 3.42105
v 40.7702 4.70159 3.47127
v 41.0966 4.95268 3.42733
v 41.5611 4.87108 3.10092
v 41.8938 4.70159 2.5548
v 42.2892 4.59488 2.30372
v 42.5278 4.30613 2.3916
v 42.2013 4.05505 2.43554
v 42.3457 3.72863 2.28489
v 41.9252 3.40222 2.06519
v 42.0884 3.09464 1.3182
v 41.5485 3.11347 1.2366
v 41.6803 2.7745 1.16127
v 41.2598 2.45437 0.998068
v 40.8894 2.16562 0.853694
v 40.902 1.79527 0.470787
v 40.4375 1.82038 0.577499
v 40.9899 1.36214 0.357798
v 41.1782 1.04201 0.156929
v 41.2849 0.721873 0.194592
v 41.5234 1.31193 0.225978
v 41.7368 1.07339 0.42057
v 41.9 1.60068 0.351521
v 42.5654 1.71366 0.790922
v 42.3959 1.98986 0.753259
v 42.8228 2.31627 0.991791
v 43.055 2.09657 1.11733
v 43.2434 2.64268 1.19266
v 43.5572 2.48576 1.5128
v 43.7455 3.02559 1.52535
v 43.9213 2.76195 1.61951
v 44.254 3.02559 1.63206
v 44.5553 3.25785 1.62578
v 44.4737 3.59681 1.68856
v 44.9445 3.55915 1.80782
v 45.365 3.88556 1.96475
v 45.3211 4.24964 2.09657
v 45.817 4.23081 2.21584
v 46.1999 4.53211 2.34766
v 46.0932 4.84597 2.38532
v 46.6079 4.84597 2.50459
v 46.4698 5.14099 2.54225
v 46.9908 5.14099 2.61758
v 47.311 5.39208 2.62385
v 47.6185 5.63061 2.57991
v 47.9198 5.85659 2.54853
v 48.2149 6.08885 2.5297
v 48.5287 6.32738 2.51714
v 48.8677 6.5973 2.5297
v 49.2129 6.86094 2.53597
v 49.5393 7.11202 2.51714
v 49.8155 7.33172 2.40415
v 50.1168 7.5577 2.34138
v 50.4809 7.84645 2.41671
v 50.3428 8.1352 2.46692
v 50.4872 8.71898 2.59874
v 50.6127 9.30903 2.54853
v 50.9078 9.54128 2.48576
v 51.2216 9.78609 2.45437
v 51.6485 9.61661 2.32255
v 51.9184 9.35925 2.29744
v 52.1004 9.50362 2.00869
v 52.3892 9.72332 1.95847
v 51.9372 9.84259 2.2535
v 51.4915 9.99324 2.28489
v 51.0898 10.5017 2.93771
v 50.7759 10.2632 3.00048
v 50.5249 10.508 2.76823
v 50.8262 10.7402 3.43988
v 51.2844 10.6586 3.38339
v 51.705 10.5456 3.19507
v 51.4351 10.3322 3.28295
v 51.0961 10.0686 3.25157
v 51.8996 10.3071 3.19507
v 52.0125 10.7779 3.19507
v 52.226 10.5582 3.22646
v 52.408 10.2004 3.31434
v 52.8662 10.0937 3.03187
v 52.5336 10.803 3.19507
v 53.0232 10.6774 3.18252
v 53.155 10.3134 2.95654
v 53.3496 10.4703 2.70546
v 53.6948 10.7339 2.7494
v 54.1091 11.0541 2.88749
v 54.5862 11.4182 3.21391
v 54.944 11.7006 3.30179
v 55.2453 11.9329 3.22646
v 55.2641 12.4162 3.15741
v 55.534 12.1526 3.15741
v 55.7788 12.3472 3.01304
v 56.0048 12.5229 2.81844
v 54.9942 12.2091 3.26412
v 54.5674 12.3723 3.44616
v 54.7243 11.9957 3.40222
v 54.2661 12.14 3.54032
v 54.1593 12.4413 4.30613
v 53.902 12.6861 4.22453
v 53.8894 13.113 4.55722
v 53.1362 12.5292 4.32496
v 53.5065 12.3786 4.02366
v 53.1801 12.1212 3.97972
v 52.8035 12.2718 4.35007
v 52.747 12.6987 4.71415
v 53.1801 13.0314 4.90874
v 52.408 12.8493 5.0029
v 52.8537 13.1946 5.31675
v 53.2052 13.4708 5.41719
v 53.6195 13.3704 5.14727
v 53.9522 13.6277 5.24771
v 54.4858 13.5712 5.14727
v 54.3539 13.9416 5.42974
v 54.8247 13.8349 5.17238
v 54.9503 13.4959 5.14727
v 54.9754 13.0753 4.71415
v 55.2327 13.7156 5.03428
v 55.5717 13.5336 4.63882
v 55.5529 13.1381 4.87735
v 55.1323 12.8054 4.72042
v 55.7161 12.7615 4.90246
v 55.3143 12.4476 4.73298
v 56.0048 12.9812 4.82714
v 55.9609 13.452 4.38146
v 56.3689 13.2699 4.22453
v 56.2747 13.6968 4.31241
v 56.6388 13.4771 4.06132
v 56.4254 12.8493 3.78513
v 56.1366 12.6234 3.81651
v 56.7267 13.0753 3.73491
v 57.0092 13.295 3.67214
v 57.3042 13.5273 3.58426
v 57.6745 13.8098 3.66586
v 58.0261 14.0859 3.71608
v 58.3839 14.3621 3.77885
v 58.6977 14.607 3.74746
v 59.0806 14.902 3.91695
v 59.4447 15.1845 4.02366
v 59.7711 15.4355 4.04249
v 60.0787 15.6741 4.04249
v 59.9532 16.0444 4.31241
v 60.3988 16.3897 4.54466
v 60.9575 16.352 4.5886
v 60.832 16.7286 4.79575
v 61.5852 16.8416 5.27281
v 62.1376 17.2622 5.77499
v 62.4703 17.5258 5.76871
v 62.7842 17.7706 5.77499
v 63.1043 18.0154 5.76871
v 63.4307 18.2665 5.78754
v 63.7195 18.4925 5.75616
v 64.027 18.731 5.75616
v 64.3158 18.957 5.71222
v 64.6234 19.1956 5.66828
v 64.887 19.3964 5.49879
v 65.1695 19.6161 5.37953
v 65.4771 19.8547 5.34186
v 65.747 20.0681 5.22887
v 66.0357 20.2878 5.14727
v 66.4249 20.5891 5.35442
v 66.7137 20.8151 5.29792
v 67.0463 21.0724 5.34814
v 67.3351 21.2921 5.29792
v 67.7368 21.5997 5.46741
v 68.0193 21.8257 5.35442
v 68.3206 22.0517 5.28537
v 68.7035 22.353 5.43602
v 68.9672 22.5601 5.31048
v 69.2559 22.7798 5.24143
v 68.8981 22.9744 5.74988
v 68.7851 23.3887 5.91308
v 68.7286 23.7277 6.17045
v 68.6659 24.1168 6.48431
v 68.5968 24.506 6.71028
v 68.8856 24.732 6.63496
v 69.1492 24.9392 6.6224
v 69.4693 24.7383 6.86721
v 69.7455 24.958 6.7605
v 70.0657 25.2028 6.73539
v 69.802 25.4413 6.5973
v 69.7957 25.9121 6.38387
v 70.1284 26.1695 6.38387
v 69.6828 26.2448 6.57219
v 69.576 26.5901 6.79816
v 69.4254 26.0439 6.66007
v 69.3187 26.3955 6.94254
v 69.3312 26.8474 6.96765
v 69.8397 26.7972 7.41333
v 69.5321 27.0043 7.44471
v 69.9527 27.3308 7.64558
v 70.367 26.7721 7.37566
v 70.5302 26.4833 7.32545
v 70.888 26.7595 7.43216
v 71.3274 26.6214 7.17479
v 71.7291 26.4896 6.99903
v 72.3129 26.5022 7.13085
v 72.6142 26.3515 7.4196
v 72.6393 26.7533 7.18107
v 72.6079 27.1738 7.53887
v 72.4008 27.4563 7.51376
v 73.0285 27.9396 7.50748
v 72.9092 28.3225 7.01787
v 73.2733 28.1342 7.38194
v 73.3863 28.6929 7.33172
v 73.4114 29.1323 7.10575
v 73.7252 29.3771 7.06181
v 73.9826 29.1574 7.31289
v 74.5789 28.7055 7.04925
v 74.7735 28.4104 6.95509
v 74.8677 28.0966 6.8421
v 75.0937 28.6615 6.94254
v 75.4075 28.9 6.96765
v 75.7716 29.1825 7.10575
v 76.098 29.4336 7.16852
v 76.4558 29.7161 7.23129
v 76.9392 30.0927 7.6142
v 76.6378 30.2936 7.34428
v 76.9643 30.5509 7.37566
v 77.2907 30.802 7.44471
v 77.5794 30.5886 8.34862
v 78.0314 30.9338 8.67504
v 78.703 30.5572 8.68759
v 78.8286 30.1931 8.44278
v 79.2115 30.4819 8.59343
v 79.5316 30.733 8.59343
v 79.8455 30.9778 8.58716
v 80.1719 31.2289 8.60599
v 80.4481 31.4423 8.52438
v 80.7619 31.6871 8.54322
v 81.0695 31.9256 8.5746
v 81.2955 32.1014 8.39256
v 81.5968 32.3337 8.34862
v 81.9044 32.5722 8.28585
v 81.6721 32.8609 8.32979
v 82.1178 33.7084 8.33607
v 81.4524 33.1936 8.29213
v 81.5905 33.6895 8.90101
v 82.1806 33.7586 9.22743
v 82.6451 33.6142 9.13955
v 82.4882 33.9971 9.22743
v 82.9338 33.8402 9.13327
v 83.0719 33.0681 8.5746
v 82.394 33.4196 9.25881
v 83.1535 34.0034 8.88218
v 83.5553 33.8464 8.46161
v 83.5804 34.3361 8.46161
v 84.0951 34.267 9.05794
v 84.3525 34.9324 9.49734
v 84.5282 35.5664 9.61033
v 84.1767 35.3027 9.44713
v 83.8001 35.014 9.30275
v 84.0826 35.6229 8.90101
v 84.4466 35.5099 8.66876
v 83.7499 34.9701 8.41767
v 83.5553 35.2086 9.17721
v 83.844 35.8802 8.81313
v 84.3399 35.8238 8.76919
v 84.1077 36.0811 8.7127
v 84.4843 36.3699 8.91357
v 83.5427 36.0874 9.37808
v 83.2414 35.8551 9.40319
v 83.028 36.1627 9.36552
v 83.3419 36.4075 9.41574
v 83.8252 36.7779 9.77354
v 83.1473 36.6774 9.34041
v 83.6745 37.0792 9.8928
v 84.2897 37.1357 9.4534
v 83.9319 37.2801 8.95123
v 82.9527 36.9599 9.42829
v 82.8585 37.3303 9.93674
v 83.3042 37.6755 10.238
v 83.6243 37.4746 10.3008
v 84.001 37.3303 9.93047
v 83.9194 37.7069 10.238
v 84.1642 37.8952 10.0811
v 84.6224 37.393 9.46596
v 84.7793 37.9329 9.4534
v 84.0072 37.776 8.95123
v 83.6683 37.5123 8.88846
v 83.6494 37.9454 8.89474
v 83.8001 38.5418 9.21487
v 83.4611 38.2781 9.12699
v 83.6934 38.8368 9.20232
v 83.2979 38.5292 9.648
v 82.8334 39.0565 9.17093
v 83.1975 39.339 9.32786
v 83.7122 39.2762 9.35297
v 83.141 39.7595 9.40946
v 83.7122 40.2052 9.32786
v 84.0449 39.5398 9.44085
v 83.5302 39.1381 9.69194
v 84.3713 39.3578 10.0183
v 83.2414 40.2743 9.92419
v 83.5176 41.0024 9.3718
v 82.7895 40.4375 9.88025
v 83.0719 41.1468 10.1627
v 83.2854 40.8204 10.3385
v 83.5553 40.5128 10.6774
v 83.3167 41.3351 10.7591
v 83.6243 41.5736 10.7214
v 84.0763 41.4355 10.7214
v 84.2207 41.0275 10.7716
v 84.3023 41.6113 10.5331
v 84.5157 41.2598 10.7214
v 84.6287 40.9145 10.7465
v 84.6789 40.4877 10.6272
v 83.9696 40.3998 10.6774
v 83.7499 39.7658 10.6649
v 84.1956 39.6465 10.5205
v 83.9319 39.4457 10.6649
v 84.7668 39.6654 10.2067
v 84.7605 39.6654 9.42202
v 85.0492 39.8851 10.1188
v 85.0932 39.9227 9.4534
v 85.0995 39.5461 9.46596
v 84.8107 39.3264 9.42829
v 85.4384 39.3327 9.39691
v 85.3505 38.8117 10.0246
v 85.0367 38.5669 9.98696
v 85.3505 38.3786 9.32786
v 85.0367 38.1337 9.32158
v 84.7668 38.3597 10.0937
v 84.5094 38.6108 10.2067
v 85.156 39.113 10.1878
v 85.0179 39.4833 9.92419
v 83.9005 38.1337 10.2632
v 83.6432 37.9392 10.351
v 83.1912 38.071 10.0183
v 82.8836 37.8262 10.0183
v 82.733 38.0898 9.78609
v 83.0845 38.366 9.89908
v 82.507 38.7991 9.84259
v 82.8083 39.0377 9.82376
v 82.5698 37.5939 10.1188
v 82.3501 37.7948 10.3573
v 81.9169 38.3534 9.90536
v 82.1931 38.5543 9.84259
v 82.0174 38.887 9.82376
v 82.1053 39.3892 9.37808
v 81.647 39.5524 9.42829
v 81.9295 39.7721 9.40946
v 82.2434 40.0169 9.3718
v 82.9464 39.6089 9.74843
v 82.3626 39.1569 9.88025
v 81.8416 40.1927 9.39691
v 82.1492 40.4312 9.32158
v 81.4901 40.4186 9.69821
v 81.9985 40.8078 10.1941
v 81.3771 40.7513 10.3573
v 81.1888 41.0212 10.1816
v 81.7475 41.4606 10.056
v 82.4379 41.1468 10.4452
v 82.5572 40.745 10.3134
v 82.5133 40.224 10.0183
v 81.9797 40.2931 10.464
v 81.9923 39.816 10.2569
v 81.534 39.9541 9.39063
v 82.8209 40.9522 10.2443
v 82.6765 41.3351 9.5099
v 82.9401 41.5422 10.1564
v 83.436 41.9252 10.5394
v 83.9068 41.7933 10.6712
v 83.9507 42.3269 10.3071
v 84.409 42.1825 10.3197
v 84.6161 41.8561 10.5394
v 84.7605 41.4481 10.5394
v 85.0618 41.2472 10.3761
v 85.2438 40.9271 10.4703
v 85.0492 40.3182 10.4138
v 84.3964 40.268 10.7402
v 84.8986 40.6572 9.61661
v 85.3694 40.563 10.4703
v 85.4949 40.2303 10.4201
v 85.633 40.7702 10.3259
v 85.7774 40.4563 10.351
v 85.7899 40.0797 10.3197
v 86.2105 39.929 10.464
v 85.972 39.295 9.96185
v 85.3694 39.2825 9.98068
v 85.7272 39.1067 9.35925
v 85.7021 38.6485 9.44713
v 86.2105 39.0502 9.9493
v 86.606 39.3515 10.1376
v 86.3988 38.7677 10.0058
v 86.0473 38.4978 9.89908
v 86.6185 38.4602 10.056
v 86.3298 38.2405 10.0246
v 86.4616 37.9015 9.85514
v 85.8527 37.8701 9.59778
v 86.0787 37.6002 9.68566
v 85.8151 37.3993 9.84259
v 85.6079 37.6818 9.79237
v 85.6016 38.1526 9.60406
v 85.0555 37.732 9.78609
v 84.9049 37.1357 9.53501
v 85.3631 37.4935 9.8928
v 85.5577 37.1985 9.99952
v 85.1999 36.9223 9.93674
v 85.4008 36.6335 9.0705
v 84.6852 36.9725 9.014
v 85.7648 36.916 9.95558
v 85.5263 36.7277 10.1062
v 85.1434 36.4326 9.93047
v 85.6456 36.4326 10.0623
v 85.3066 36.169 9.99324
v 84.8358 36.2004 9.96813
v 84.5722 36.4389 9.84886
v 84.886 36.6774 9.87397
v 84.6789 36.9599 9.79865
v 85.0367 35.9619 10.1
v 85.2438 35.6166 10.1439
v 85.6016 35.8928 10.2004
v 85.4886 35.3404 10.1753
v 85.8402 35.6103 10.2129
v 85.9971 36.7088 10.1251
v 86.267 36.916 9.96813
v 86.3172 36.9536 9.3718
v 86.719 36.7591 9.9493
v 86.9889 36.5017 9.94302
v 87.2714 36.7214 9.90536
v 87.4283 37.3114 9.39691
v 87.761 37.098 9.61661
v 87.6103 37.4558 9.84259
v 88.0246 37.7697 10.0748
v 88.4326 38.0898 10.2757
v 88.6461 38.7552 10.5833
v 88.6586 39.1569 10.9034
v 89.0164 39.4394 11.0039
v 89.3428 39.6905 10.3573
v 89.6065 39.8914 10.9976
v 89.9705 40.1738 11.1231
v 90.2593 40.3998 11.1482
v 90.5292 40.2178 11.2298
v 90.6422 39.7972 11.2047
v 90.9874 40.0608 11.2612
v 91.2825 39.8223 11.3428
v 91.2574 40.2743 11.1671
v 91.7219 40.1613 10.9474
v 91.4708 40.9459 11.3177
v 91.0502 41.0087 11.4621
v 91.0816 41.4795 11.2801
v 91.0377 41.8875 10.8595
v 91.4143 42.1825 11.0227
v 91.1632 42.465 10.9913
v 91.4017 41.7243 11.3366
v 91.8537 42.9985 11.2047
v 92.224 43.281 11.3993
v 92.676 43.6325 11.7383
v 92.9208 43.3501 11.732
v 93.4795 43.3312 11.8262
v 93.4041 43.2747 12.4099
v 93.944 42.8605 12.7803
v 94.1072 42.4775 12.8242
v 94.3959 42.2327 12.1212
v 93.5485 41.5799 12.3032
v 94.7161 42.4838 12.1589
v 94.6533 42.4336 12.7552
v 94.4524 42.7475 12.2154
v 94.8165 43.0299 12.2467
v 94.9546 42.6659 12.7489
v 95.4631 43.0613 13.2574
v 95.7455 43.2747 13.2323
v 96.0782 43.5384 13.2762
v 95.4944 43.5509 13.1569
v 95.7581 44.2603 13.5336
v 96.4925 43.8585 13.4959
v 95.4693 44.4297 13.1883
v 95.4568 44.8629 13.6905
v 95.1304 44.6118 13.6152
v 95.2873 45.1767 13.6968
v 95.6325 45.4466 13.0126
v 94.9044 45.3588 13.3201
v 95.0488 45.4655 12.9749
v 95.4066 45.7479 13.0816
v 95.9527 45.6977 13.0628
v 95.8962 45.6475 13.6654
v 96.4235 45.6161 13.816
v 96.1535 45.4027 13.9479
v 96.9319 45.1704 14.1236
v 96.2289 45.0198 14.3056
v 96.3607 44.7248 14.2492
v 96.731 44.5051 13.9165
v 96.5051 44.3293 14.0922
v 96.0406 43.9778 13.7658
v 97.0637 44.7624 14.0106
v 97.4717 45.0826 13.5084
v 97.7103 45.2646 14.0922
v 98.156 45.6098 13.6779
v 98.6644 46.0053 14.1613
v 97.8107 45.8484 13.9604
v 97.6663 46.1309 14.1048
v 97.4655 46.4196 14.0546
v 97.252 46.7021 14.042
v 97.0386 47.0097 14.0671
v 96.7875 46.8151 13.4394
v 96.5239 47.0348 13.929
v 96.2603 47.267 13.9855
v 96.2038 46.7837 13.8914
v 96.323 46.4573 13.9353
v 95.5133 46.2501 13.7281
v 95.9527 47.0285 13.973
v 96.2351 45.9111 13.7595
v 96.549 46.156 13.816
v 96.8126 45.9174 13.9981
v 97.2834 45.4466 13.4582
v 97.2018 46.2125 13.4017
v 95.2308 46.0304 13.0188
v 94.8479 45.7354 12.8556
v 94.7286 46.5326 13.2574
v 95.3752 46.5828 13.2762
v 95.0299 47.2419 13.2323
v 95.3814 47.041 13.3201
v 95.3752 47.5118 13.295
v 95.7141 47.2984 13.3076
v 95.7267 47.7817 13.4394
v 95.3375 47.8633 13.3515
v 94.6533 48.2211 13.113
v 94.7349 47.3926 13.452
v 95.0237 48.0454 13.5649
v 94.4838 47.2042 13.5336
v 94.0444 47.2858 13.4394
v 94.5717 47.7001 13.9667
v 94.7977 47.8696 13.7533
v 94.6282 48.2023 13.7909
v 94.2076 48.3404 13.747
v 93.7619 48.0014 13.4959
v 94.1762 48.3216 12.9561
v 93.8687 48.083 12.9184
v 93.7619 48.4346 12.9247
v 93.2912 48.5852 12.8556
v 93.1656 48.9807 12.8493
v 92.6885 49.1125 12.8305
v 92.3182 49.2506 12.8368
v 92.1801 49.5582 12.8556
v 91.8788 49.7528 12.5983
v 91.3578 49.351 12.931
v 91.1381 50.0101 13.0565
v 90.9623 50.3052 13
v 90.7552 50.6002 13.0188
v 90.4727 50.3805 13.069
v 90.2091 50.6441 13.1569
v 89.8073 50.7634 13.1946
v 89.4684 50.4998 13.1318
v 89.2173 50.8136 13.1569
v 88.9285 51.0961 13.069
v 88.803 51.5167 13.1318
v 88.69 51.8619 13.4268
v 88.3573 51.6045 13.4143
v 88.4954 51.2781 13.1507
v 87.9744 51.3095 13.182
v 87.4346 51.8368 13.6026
v 87.466 51.366 13.0502
v 87.1772 51.6359 13.7156
v 86.719 52.1444 14.1048
v 87.2086 52.1444 14.2617
v 87.9242 52.2134 14.1362
v 87.6857 52.521 14.7011
v 87.9367 53.0922 14.1362
v 88.1564 52.8851 14.2429
v 88.1941 52.9165 13.6277
v 88.3385 52.5398 14.3935
v 88.6084 52.2511 14.3433
v 88.3071 52.0125 14.381
v 88.6586 53.2743 14.7764
v 88.1188 53.2366 13.8788
v 87.987 53.5818 14.7011
v 87.2337 52.9981 14.4312
v 87.0077 53.268 14.789
v 87.2462 52.5587 14.6634
v 88.5268 53.1738 13.6717
v 86.3047 51.8242 13.86
v 86.154 52.1569 13.9416
v 86.1226 52.5838 14.0797
v 85.8402 52.3578 14.1989
v 85.3757 52.8537 14.2178
v 85.4824 52.0816 14.0859
v 85.112 52.2448 14.1613
v 84.4153 52.5838 13.5838
v 84.0951 52.7972 13.9479
v 83.8503 53.1173 14.4626
v 83.2414 52.6403 14.3684
v 83.844 52.6026 14.1236
v 83.5427 52.3703 14.1236
v 82.7016 52.6591 14.1048
v 83.1159 52.0314 13.8474
v 82.4756 52.0439 14.0357
v 82.3626 52.3955 14.0985
v 82.0174 52.6026 14.1738
v 82.2496 51.8682 14.1801
v 82.2685 51.3723 14.0797
v 81.9044 51.5983 14.1299
v 81.9232 51.1024 13.9855
v 81.2829 51.548 13.6152
v 81.2829 52.0251 13.9165
v 80.8812 51.7175 13.7533
v 80.8059 52.1318 14.6258
v 81.0821 52.3452 14.5253
v 80.8624 52.6528 14.45
v 81.3708 53.0483 14.9585
v 80.7996 52.9981 14.6634
v 80.8749 53.5316 15.4293
v 81.421 53.4814 15.4481
v 81.9358 53.0106 15.1405
v 81.6784 52.8097 15.2096
v 82.0613 52.634 15.0589
v 81.804 52.4268 15.1907
v 82.4568 52.0314 14.6886
v 82.212 53.2303 15.1154
v 82.5258 53.4751 15.1091
v 82.3312 53.7953 14.9647
v 80.4983 54.2033 15.423
v 80.1593 53.9396 15.3037
v 80.1907 53.4751 15.0526
v 79.858 53.7074 15.3539
v 79.8643 53.224 15.0966
v 79.5505 53.4626 15.3539
v 79.2931 54.197 15.7431
v 78.9478 53.9271 15.6678
v 78.8411 54.3665 16.0319
v 79.5442 54.3916 16.3583
v 79.7262 54.0401 16.3269
v 79.042 53.5065 16.0946
v 80.0903 54.3225 16.4587
v 80.5297 54.2284 16.2076
v 79.8957 54.6678 16.4713
v 79.3559 54.7682 16.5529
v 78.6152 54.7368 16.1511
v 78.2071 54.8498 16.3269
v 77.9874 55.1323 16.4399
v 77.705 54.9126 16.4524
v 77.4162 54.6866 16.5215
v 77.0333 54.3853 16.3646
v 76.8513 54.7431 16.6659
v 76.6441 55.057 16.873
v 76.3303 54.8122 16.8479
v 76.142 55.0758 16.986
v 75.6021 55.1135 17.0676
v 75.0121 55.0821 17.0488
v 74.5036 54.6866 16.5654
v 73.9763 54.7117 16.5215
v 73.6185 54.4355 16.4336
v 73.2984 54.1844 16.3771
v 72.9971 53.9522 16.4211
v 72.8151 53.8015 16.7914
v 72.5451 53.5944 16.8605
v 72.6581 54.0715 17.0111
v 72.1497 54.0966 17.1304
v 72.0053 53.5567 16.9169
v 71.4341 53.9773 16.804
v 71.1328 53.745 16.8856
v 70.9884 54.1154 17.2183
v 70.8378 54.3916 17.4317
v 70.5804 54.1907 17.5258
v 70.2603 54.4041 17.8397
v 70.0719 54.7368 18.3042
v 69.8209 54.5422 18.4486
v 69.5572 54.7933 18.7436
v 69.2998 55.0068 19.0072
v 68.9985 54.7682 19.0575
v 68.4775 54.8435 19.0763
v 68.1511 54.5862 19.0449
v 67.7808 54.7933 19.1391
v 67.4418 55.0758 19.3462
v 67.1593 54.8561 19.3399
v 66.8329 54.5987 19.2709
v 66.1738 55.0758 19.5596
v 65.8976 54.8561 19.635
v 65.6152 54.6427 19.7103
v 65.3829 54.9942 19.9614
v 65.1004 54.7745 20.0492
v 64.8117 55.0632 20.3882
v 64.2593 55.013 20.5075
v 63.9329 54.7619 20.4949
v 63.6065 54.5046 20.4824
v 63.393 54.7745 20.5765
v 63.0604 54.5109 20.52
v 62.7904 54.7557 20.7209
v 62.577 55.0381 21.5934
v 62.2443 54.7808 21.6311
v 61.9367 54.9377 22.2839
v 61.5413 55.0884 22.7735
v 61.2023 54.8184 22.6982
v 60.7755 54.9816 23.2632
v 60.5244 54.7808 23.3322
v 59.9406 54.8875 23.6523
v 59.4384 55.0068 23.7402
v 59.112 54.7494 23.7026
v 58.7856 54.492 23.7214
v 58.4906 54.7871 23.9725
v 58.1893 54.5485 24.0101
v 57.8754 54.8247 24.2298
v 57.5365 55.1009 24.3993
v 57.1724 54.8184 24.3491
v 56.846 55.0005 24.5437
v 56.5321 54.7557 24.5563
v 56.2371 55.0068 24.7383
v 55.9295 54.7682 24.7132
v 55.4273 54.8435 24.7885
v 55.0507 55.0193 24.8638
v 54.7368 55.1197 24.8889
v 54.4104 54.8687 24.8513
v 54.0777 54.9503 24.9078
v 53.7639 54.7055 24.8638
v 53.4626 54.8435 24.8638
v 53.0985 54.5611 24.7697
v 52.816 54.8122 24.8011
v 52.4896 54.5548 24.7195
v 52.1695 54.718 24.8764
v 51.8619 54.4795 24.8764
v 51.4162 54.6364 24.8199
v 51.0835 54.9628 24.914
v 50.7885 54.7306 24.914
v 50.437 55.0381 25.0521
v 49.9474 55.1449 25.1526
v 49.6774 54.9314 25.1965
v 49.3573 54.6803 25.1463
v 48.8928 54.8498 25.3158
v 48.4471 55.0444 25.5794
v 48.0956 54.7682 25.4602
v 47.7692 54.5109 25.479
v 47.311 54.718 25.6485
v 46.9029 54.9 25.8117
v 46.5891 54.6552 25.774
v 46.2752 54.4104 25.7552
v 45.9928 54.7368 25.8054
v 45.5031 54.9126 25.9058
v 45.1579 54.6427 25.8619
v 44.5992 54.7745 25.8556
v 44.0719 54.8561 25.8745
v 43.7455 54.5987 25.7929
v 43.1931 54.7117 25.774
v 42.5968 54.7996 25.7615
v 42.2578 54.536 25.6673
v 41.9942 54.9 25.7866
v 41.3728 54.9189 25.6485
v 41.5987 54.5862 25.6234
v 40.9961 54.6238 25.5292
v 41.2409 54.3037 25.5167
v 40.8706 54.015 25.3283
v 40.6509 54.3539 25.4099
v 40.3056 54.084 25.3032
v 39.9792 54.3916 25.3848
v 39.9478 53.8015 25.1777
v 39.6277 54.1091 25.3283
v 39.4708 54.5485 25.4476
v 39.2197 54.3477 25.548
v 39.3201 53.8769 25.2844
v 38.8431 54.0526 25.4099
v 38.9812 53.6069 25.1965
v 38.5167 53.8015 25.4539
v 38.6422 53.337 25.1212
v 38.184 53.5379 25.3786
v 37.8513 53.8455 25.8619
v 37.6818 54.1907 26.0126
v 37.7634 53.2052 25.1589
v 37.9957 52.8349 25.0396
v 37.9266 52.2197 24.914
v 37.6127 51.9749 24.9078
v 37.2989 51.7238 24.8701
v 36.9599 51.4664 24.8073
v 36.6398 51.2154 24.7446
v 36.2945 50.9454 24.6567
v 35.9619 51.2405 24.7383
v 35.6605 51.0082 24.7571
v 35.2086 51.2091 24.9643
v 34.7566 51.4225 25.1902
v 34.6185 51.7991 25.4413
v 34.2168 51.4853 25.2467
v 33.79 51.6296 25.3786
v 33.2815 51.7615 25.4351
v 33.1873 51.6861 25.9561
v 32.8044 51.9561 26.2134
v 32.8547 52.4959 26.1381
v 32.8484 53.0859 26.6152
v 32.6036 53.5065 26.6403
v 32.9551 53.7827 26.7281
v 33.2627 54.0212 26.6591
v 33.6456 54.3225 26.8349
v 34.0159 54.6113 26.9855
v 34.4993 54.9942 27.3433
v 33.4761 54.7933 27.7513
v 33.0744 55.013 27.9836
v 32.6161 55.17 28.1719
v 32.2646 54.9 28.0966
v 31.8378 55.0068 28.3916
v 31.3607 55.1009 28.605
v 31.5113 54.7494 28.3602
v 31.6494 54.4167 28.1719
v 31.8001 54.015 27.8769
v 32.0888 53.7074 27.4814
v 31.7499 53.4437 27.4312
v 31.5051 53.2492 27.5693
v 31.7687 52.8537 26.8537
v 32.0449 53.0671 26.8349
v 32.2834 52.6465 26.7658
v 31.9947 52.4206 26.8223
v 31.367 52.5398 26.6277
v 31.1159 52.9478 26.6717
v 30.7267 52.6465 26.6089
v 30.3752 52.3703 26.4708
v 29.8228 52.4708 26.929
v 29.4462 52.6905 26.6214
v 29.2641 52.9918 26.8662
v 29.1072 53.3433 26.9165
v 28.8875 53.6007 26.9102
v 28.8938 54.0652 27.1173
v 28.7306 54.4544 27.2052
v 28.7117 54.9942 27.4375
v 28.3539 54.7117 27.3873
v 28.6678 54.9565 28.1028
v 28.0589 54.4795 27.381
v 28.128 54.536 28.2786
v 27.6697 54.6803 28.3351
v 27.2994 54.3916 28.2347
v 27.1173 54.8247 28.3351
v 26.5775 54.3979 27.8141
v 26.113 54.605 27.971
v 25.5794 54.7745 28.0464
v 25.1024 54.9565 28.1593
v 24.5939 55.1009 28.3539
v 24.2738 54.8561 28.31
v 23.9599 54.6113 28.3037
v 23.6586 54.8749 28.3288
v 23.2757 55.1072 28.4042
v 22.8112 55.1825 28.6113
v 22.4848 54.9252 28.5736
v 22.2274 54.7243 28.6992
v 21.9826 54.5297 28.831
v 21.7001 54.31 28.9314
v 21.493 54.6364 29.0758
v 21.2168 54.4167 29.17
v 20.8339 54.6364 29.5591
v 20.4573 54.8749 29.9421
v 20.1434 54.6301 30.0362
v 19.7605 54.8247 30.2496
v 19.4718 54.5987 30.2873
v 19.2081 54.9565 30.4505
v 18.6934 55.0946 30.6012
v 18.3168 54.7996 30.5384
v 17.9966 54.5485 30.4379
v 17.3689 54.6113 30.3187
v 17.1178 54.9314 30.394
v 16.804 54.6866 30.3815
v 16.2767 54.831 30.62
v 15.9754 54.5987 30.6012
v 15.3853 54.718 30.7518
v 14.8078 54.8938 30.8397
v 14.4689 54.6301 30.7204
v 13.9541 54.7306 30.8522
v 13.5775 54.9314 30.9213
v 13.2448 54.6741 30.8648
v 12.8054 54.8435 31.0217
v 12.1777 54.8687 31.0092
v 11.8324 55.0507 31.1222
v 11.4621 54.7619 30.9903
v 10.8972 54.8687 31.1661
v 10.6021 54.6427 31.2163
v 10.2632 54.379 31.2226
v 9.97441 54.718 31.5992
v 9.62916 54.4481 31.5113
v 9.40319 54.8373 31.9445
v 9.04539 55.0632 32.183
v 8.73153 54.8184 32.1642
v 8.40512 54.5611 32.1265
v 8.07243 54.8435 32.3901
v 7.65814 54.5234 32.183
v 7.01159 54.5674 32.2897
v 6.71028 54.9189 32.5094
v 6.13906 54.9628 32.4906
v 5.71222 54.6301 32.2018
v 5.17866 54.7557 32.2395
v 4.61999 54.8875 32.2834
v 4.24336 54.5987 32.1579
v 3.60309 54.6678 32.1014
v 3.23901 54.3853 31.9319
v 2.93771 54.649 31.9884
v 3.39594 53.9396 31.731
v 3.55915 53.494 31.5302
v 4.17431 53.4312 31.5678
v 4.29985 53.0357 31.4423
v 4.34379 52.4896 31.2289
v 4.61371 52.1444 31.0029
v 5.02173 51.9247 30.9527
v 5.46113 51.7615 30.959
v 5.7436 51.4162 30.6765
v 5.34186 51.1024 30.4882
v 5.78754 50.8827 30.3563
v 6.05118 50.5374 30.212
v 6.33365 50.3052 30.0613
v 6.60357 49.9976 29.8667
v 6.64124 49.5205 29.5843
v 6.96765 49.2757 29.3959
v 7.13713 48.9054 29.2139
v 7.31289 48.4095 28.9816
v 7.65186 48.0956 28.8938
v 7.81506 47.6625 28.7619
v 8.32979 47.5495 28.5485
v 8.49927 47.1289 28.2849
v 8.54949 46.6267 27.8329
v 8.74408 46.2187 27.5316
v 8.7943 45.7605 27.2868
v 9.32158 45.635 27.0797
v 9.3718 45.1642 26.7533
v 9.56012 44.8315 26.5775
v 9.67938 44.4862 26.2197
v 10.0435 44.2351 26.1381
v 10.238 43.8899 25.8682
v 10.7465 43.7393 25.7489
v 10.916 43.3124 25.6171
v 11.4809 43.168 25.5669
v 11.8638 42.8981 25.3848
v 12.0773 42.4901 25.2844
v 11.7508 42.2327 25.2405
v 11.8513 41.7996 25.0019
v 12.297 41.605 25.0521
v 12.7615 41.4481 24.9705
v 12.818 41.0212 24.9643
v 12.9623 40.7137 24.7634
v 13.4394 40.6132 24.6943
v 13.295 40.9773 24.8576
v 13.5838 41.2033 24.7885
v 13.9353 41.4732 24.1859
v 14.0232 41.0715 24.4746
v 13.6528 41.6741 24.5939
v 13.816 41.8059 24.2424
v 14.1613 42.0821 23.5896
v 14.268 41.7368 23.395
v 14.6007 42.0005 23.4829
v 14.7137 41.6113 23.2883
v 14.4124 41.3728 23.2632
v 14.6446 41.1154 23.2067
v 14.9396 41.3414 23.1502
v 15.128 40.9773 23.0874
v 15.3414 40.6069 22.4597
v 15.5611 40.1738 22.3216
v 15.7431 39.7093 22.2839
v 15.7808 39.1318 21.8257
v 15.6113 39 22.1835
v 15.3853 38.8242 22.3969
v 15.1154 38.6171 22.5162
v 15.3414 38.2907 22.4408
v 14.9899 38.0082 22.4157
v 15.9 38.1526 21.9387
v 16.1951 38.3848 21.1289
v 17.1304 38.592 21.2733
v 16.9985 38.0082 21.3675
v 17.2308 37.7069 20.6707
v 17.394 37.2612 20.4635
v 17.5196 36.8093 20.2187
v 17.3626 36.1251 19.7668
v 17.055 35.8802 19.8107
v 16.7035 35.6041 19.7919
v 16.3457 35.3279 19.704
v 16.013 35.0705 19.6663
v 15.6678 34.7943 19.591
v 15.3163 34.5181 19.5031
v 15.4293 34.1038 19.2709
v 15.5485 33.6267 18.8817
v 15.8875 33.8904 18.9821
v 15.7871 34.38 19.3839
v 16.2641 34.1791 19.0888
v 16.5152 33.8213 18.8817
v 16.5152 33.2815 18.5365
v 16.9734 33.6393 18.7687
v 17.1178 33.2564 18.6432
v 16.7161 32.9425 18.4737
v 17.2622 32.7982 18.4172
v 17.5572 33.6016 18.9256
v 17.3877 33.9594 18.9821
v 17.8962 33.8653 19.6726
v 18.1159 33.4698 19.5722
v 18.141 32.93 19.07
v 17.394 33.4761 19.2646
v 18.3858 34.2545 19.2646
v 18.5239 33.7837 19.7919
v 18.8189 34.0159 19.7291
v 19.1391 33.7146 19.114
v 17.6702 34.1791 19.6161
v 18.1787 34.5809 19.3023
v 18.775 34.5558 19.3964
v 19.0888 34.2294 19.6224
v 19.3148 34.4114 19.478
v 19.5282 34.0159 19.2709
v 19.7354 33.6267 19.1642
v 19.2709 33.2627 18.8754
v 19.7479 33.1246 18.8189
v 19.3023 32.7793 18.5302
v 18.8378 32.9237 18.6432
v 18.8691 32.4466 18.3419
v 18.4235 32.6036 18.4109
v 18.1347 32.9237 18.323
v 18.0343 32.2897 18.2226
v 17.7518 32.6224 18.2038
v 18.0971 31.8378 17.9903
v 18.5302 31.6118 17.8522
v 18.8189 31.2979 17.7769
v 18.7687 30.7204 17.281
v 18.5302 30.0488 17.0613
v 18.6746 29.578 17.212
v 18.436 29.3959 17.3815
v 19.0072 29.2578 17.0613
v 18.9633 29.8102 17.099
v 19.2897 29.4775 17.0237
v 19.1579 28.8624 16.465
v 18.8943 28.6552 16.6219
v 19.1956 28.4795 16.5654
v 19.6412 28.8184 16.013
v 19.4718 28.2158 15.6552
v 19.7354 28.0464 15.5422
v 19.6852 27.6634 15.4418
v 19.6412 27.2868 15.3037
v 19.3211 27.0357 15.2912
v 18.9821 26.7658 15.2598
v 19.3713 26.6026 15.1719
v 19.8609 26.5147 15.1028
v 20.1246 26.2385 14.9585
v 20.2313 25.887 14.7639
v 20.5828 25.6234 14.7011
v 21.0097 25.4288 14.7325
v 21.4365 25.2467 14.676
v 21.6248 24.8827 14.563
v 21.9701 24.5876 14.4877
v 22.2086 24.2863 14.3119
v 22.4973 24.0478 14.2868
v 22.761 23.8658 14.1362
v 22.9493 23.5582 14.0483
v 23.1753 23.2945 13.747
v 23.5707 23.1627 13.9855
v 23.9411 23.0748 14.0922
v 24.2424 22.7924 13.8474
v 24.4558 22.4283 13.6026
v 24.4621 21.9324 13.2825
v 24.7257 21.6562 13.113
v 24.9831 21.311 12.8682
v 25.4351 21.1666 12.8807
v 25.5669 20.7962 12.6924
v 25.9121 20.6581 12.661
v 26.2636 20.4761 12.6108
v 26.3139 20.9783 12.8556
v 26.6842 21.2607 12.9435
v 27.0295 21.5307 13.0314
v 27.3998 21.8257 13.1067
v 27.1424 22.0266 13.2448
v 27.0106 22.3969 13.5524
v 27.3182 22.6417 13.5649
v 27.3559 23.169 13.7784
v 27.6948 23.4326 13.8662
v 28.0589 23.7214 13.9416
v 27.7137 23.9913 14.1173
v 27.4751 24.2863 14.2303
v 27.8329 24.5688 14.3119
v 27.7388 24.9957 14.4751
v 27.4563 25.3095 14.5505
v 27.4814 25.8493 14.8518
v 27.858 26.1381 14.9585
v 27.9899 26.6214 15.2096
v 28.3351 26.8914 15.2347
v 28.3225 27.3245 15.2158
v 28.0652 27.5693 15.3288
v 27.858 27.8518 15.4606
v 27.5818 28.0275 15.5422
v 27.7199 28.605 15.831
v 27.5002 28.9189 16.0633
v 27.2366 29.2767 16.2453
v 27.0043 29.6031 16.4524
v 26.6905 29.8793 16.6219
v 26.3139 30.1115 16.7161
v 25.8996 30.3312 16.7349
v 25.5104 30.4631 16.8291
v 25.4539 30.8962 16.9483
v 24.9957 31.0154 16.9358
v 24.9203 31.4235 17.0237
v 24.9643 31.8001 17.1618
v 24.6567 31.9068 17.2183
v 25.184 32.3148 17.689
v 25.297 32.7856 17.9087
v 25.6422 33.0492 18.0029
v 25.9058 32.8798 17.9401
v 26.0063 33.3443 18.0908
v 25.8054 33.6581 18.3795
v 26.2134 33.972 18.5616
v 26.3201 34.4679 18.9068
v 26.0251 34.7566 19.1202
v 26.3766 35.0266 19.2709
v 26.1004 35.3969 19.4843
v 26.5147 35.7233 19.7166
v 26.2134 36.0686 19.9676
v 26.6591 36.4138 20.2501
v 26.5838 36.8469 20.4196
v 26.9541 37.1294 20.5451
v 26.8788 37.6127 20.8025
v 27.2366 37.8889 20.8904
v 27.5818 38.1589 20.972
v 27.9208 38.4225 21.0473
v 28.379 38.2467 20.8904
v 28.9063 38.1777 20.972
v 29.3959 37.9768 21.198
v 29.8793 37.7697 21.3423
v 29.9483 37.3114 21.3737
v 30.3752 37.2298 21.4616
v 30.3501 36.7402 21.4302
v 30.3061 36.3259 21.3737
v 30.2999 35.9807 21.2796
v 30.2936 35.6229 21.2042
v 29.9421 35.353 21.1603
v 30.0237 34.9512 21.1038
v 29.7349 34.719 21.0913
v 29.8918 34.3675 21.1101
v 29.9295 33.9218 21.0599
v 30.3124 33.7837 20.9406
v 30.7581 33.5891 20.9657
v 31.1222 33.3506 20.859
v 31.4737 33.1057 20.6958
v 31.6808 32.7542 20.52
v 31.9256 32.3839 20.3317
v 31.844 31.8315 20.0492
v 32.0763 31.549 19.9676
v 32.0072 31.0971 19.7417
v 32.183 30.7895 19.6036
v 31.8566 30.5321 19.6475
v 32.1956 30.3501 19.5534
v 32.5722 30.6451 19.7103
v 32.93 30.9276 19.817
v 33.3003 31.2163 19.9676
v 33.3819 31.7248 20.1057
v 33.1371 31.9884 20.1999
v 33.4196 32.2018 20.1873
v 33.1873 32.4153 20.2564
v 33.5577 32.7103 20.3568
v 33.8904 32.9676 20.407
v 34.2294 33.2313 20.4635
v 34.4804 33.0367 20.3443
v 34.6813 32.7479 20.2564
v 34.6311 32.704 20.7711
v 35.083 32.1704 21.1038
v 35.4597 32.0826 21.1917
v 35.7233 31.775 20.9532
v 35.9995 31.4548 20.7272
v 36.1313 31.0531 20.746
v 35.6919 30.7141 20.5138
v 35.4095 30.4944 20.6142
v 35.8489 30.3563 20.7586
v 35.6229 30.1743 20.9783
v 35.1395 30.281 20.746
v 35.2902 29.9169 20.9971
v 35.3404 29.4085 20.9908
v 35.4095 28.9691 20.8402
v 35.5915 28.6364 20.7335
v 35.24 28.3602 20.7146
v 34.9261 28.1091 20.6895
v 34.606 27.858 20.6393
v 34.6123 27.4563 20.5954
v 34.5369 26.9416 20.338
v 34.606 26.521 20.225
v 34.5181 25.9812 19.8421
v 34.3675 25.479 19.6601
v 33.9783 25.1714 19.4906
v 33.9281 24.6441 19.3964
v 33.9657 24.2424 19.6412
v 34.1352 24.3742 19.2646
v 33.9092 23.7716 18.9696
v 34.3047 24.0792 19.1642
v 34.2607 23.6649 19.0888
v 34.3549 23.3008 18.9256
v 33.8213 23.3197 18.7938
v 33.5451 23.4891 18.844
v 33.3506 23.7528 18.9947
v 33.1497 23.1816 18.6494
v 33.3945 22.987 18.5992
v 33.4698 22.6103 18.3607
v 33.0995 22.3216 18.1975
v 33.0116 21.8257 18.0782
v 32.6475 21.5432 18.0154
v 32.9614 21.3298 18.1535
v 32.8421 20.8339 18.0782
v 33.112 20.5703 17.9778
v 33.0179 20.0053 17.8585
v 33.1748 19.6726 17.6953
v 32.8107 19.3901 17.6137
v 32.4466 19.1077 17.4693
v 32.3713 19.4969 17.9213
v 32.6224 18.8252 17.3563
v 33.1434 18.6934 17.3815
v 33.5703 18.4988 17.6765
v 33.7837 18.1787 17.8083
v 34.1289 18.0154 17.3187
v 34.0536 18.3921 17.6639
v 34.3988 18.2289 17.2685
v 34.5369 17.8522 17.1931
v 34.1478 17.5447 17.0237
v 33.5954 17.6012 16.7914
v 34.2858 17.1806 16.873
v 34.7629 17.0802 16.7537
v 34.8445 16.7537 16.6219
v 34.8885 16.3206 16.2641
v 35.2274 16.1135 16.0068
v 35.5099 15.8624 15.7557
v 35.5538 15.4669 15.5046
v 35.7547 15.1217 15.1907
v 36.1439 14.9647 14.9208
v 36.4326 14.7199 14.6446
v 36.5645 14.4249 14.2554
v 36.8155 14.1738 13.7721
v 36.4703 13.9039 13.7219
v 36.7088 13.6465 13.3452
v 36.3699 13.3829 13.3515
v 36.4264 12.9812 13.0314
v 36.4075 12.592 12.6673
v 36.7528 12.3786 12.4099
v 37.0541 12.6108 12.4225
v 37.3868 12.8745 12.4162
v 37.7446 13.1507 12.4099
v 38.0773 13.4143 12.4539
v 38.3911 13.6591 12.4288
v 38.7615 13.9416 12.4915
v 39.069 14.1801 12.4978
v 39.4645 13.9981 12.1463
v 39.8411 13.8411 11.8827
v 40.2805 13.7658 11.6441
v 40.1738 14.1048 11.9203
v 40.6007 14.0169 11.663
v 40.5065 14.3621 11.9894
v 40.9522 14.2931 11.7634
v 41.1468 13.9227 11.0917
v 40.8769 14.6509 12.0584
v 41.3163 14.5756 11.8324
v 41.2661 14.9522 12.1777
v 41.6741 14.8518 11.9454
v 41.8561 14.4751 11.2424
v 42.1888 14.7325 11.2361
v 42.2955 14.3182 10.9223
v 41.9565 14.0608 10.9285
v 41.5862 13.7721 10.8407
v 41.2472 13.5022 10.8218
v 40.8957 13.2323 10.7402
v 40.9773 12.7929 10.3448
v 41.1844 12.5292 9.91791
v 40.7137 12.1651 9.5099
v 40.789 11.7571 9.00145
v 40.5316 11.5563 9.19604
v 40.1738 11.2738 9.13327
v 39.8098 10.9913 9.00145
v 39.4017 10.6712 8.86335
v 38.9874 10.3573 8.69387
v 38.6359 10.0811 8.63737
v 38.3346 9.84886 8.69387
v 38.0333 9.61033 8.73153
v 37.7383 9.38435 8.74408
v 38.0647 9.18976 8.34862
v 38.0835 8.77547 8.05987
v 38.1526 8.46789 7.66441
v 38.3346 8.16031 7.30034
v 38.7552 8.06615 7.04297
v 38.7301 7.63303 6.6789
v 38.6359 7.14341 6.30855
v 38.9623 7.40077 6.38387
v 39.3201 7.18107 6.09512
v 39.8474 7.11202 5.59295
v 40.1236 6.81072 5.24771
v 40.1424 6.39643 5.03428
v 40.0483 5.86287 4.71415
v 40.1236 5.46741 4.43795
v 39.7784 5.19749 4.38146
v 40.0043 4.95268 4.07388
v 40.3308 4.83969 3.88556
v 40.6446 5.07822 3.94206
v 40.9836 5.34186 3.95461
v 41.4167 5.20377 3.39594
v 41.9189 5.15355 3.1323
v 42.2076 4.9464 2.56736
v 42.6031 4.83969 2.28489
v 42.9797 4.21825 2.25978
v 42.6847 3.99227 2.30999
v 42.804 3.64703 2.1719
v 42.4524 3.37711 2.13423
v 42.8479 3.30179 1.26171
v 43.1115 3.88556 2.09657
v 43.4191 3.74119 1.77644
v 43.4191 4.12409 2.06519
v 43.733 3.97972 1.74505
v 43.5258 3.32689 1.56301
v 43.0362 2.95027 1.24288
v 42.4838 3.01931 1.155
v 42.1386 2.7494 1.02945
v 41.7368 2.43554 0.903911
v 41.3979 2.17817 0.866248
v 41.1593 1.98986 0.338967
v 41.2912 1.5944 0.326412
v 41.6427 1.86432 0.370352
v 42.2892 2.36649 1.02945
v 42.7035 2.68662 1.19894
v 44.1347 3.33317 1.64462
v 43.9401 3.64075 1.72622
v 44.3042 3.9295 1.88315
v 44.9319 3.94833 1.95847
v 44.7436 4.26847 2.12168
v 45.114 4.55094 2.23467
v 45.6914 4.53839 2.22211
v 45.8609 5.13472 2.4732
v 46.2627 5.4423 2.57991
v 46.8151 5.40463 2.6113
v 47.154 5.66828 2.63013
v 47.493 5.93192 2.61758
v 47.7943 6.16417 2.54853
v 48.1458 6.43409 2.5548
v 48.4722 6.69145 2.57991
v 48.7924 6.93626 2.59247
v 49.1439 7.20618 2.64268
v 49.4829 7.46982 2.69918
v 49.7779 7.70208 2.67407
v 50.0101 7.87784 2.4732
v 49.9097 8.26702 2.72429
v 50.1985 8.493 2.63013
v 49.9285 8.78175 2.50459
v 50.2549 9.03283 2.54853
v 50.5186 9.62289 2.64896
v 50.324 9.91164 2.7494
v 50.1922 10.2506 2.7745
v 49.7779 10.4013 3.07581
v 49.9348 10.0497 2.88749
v 49.4264 10.1251 3.01304
v 49.3573 10.4891 3.26412
v 49.7465 10.7904 3.37084
v 49.3573 10.916 3.73491
v 49.7904 11.2549 3.99227
v 50.1733 11.1169 3.57798
v 50.2047 11.5751 4.21825
v 49.6335 11.5751 4.39401
v 49.9599 11.8262 4.46306
v 50.3554 12.1338 4.57605
v 50.8952 11.6755 4.46934
v 51.14 11.4558 4.02994
v 51.6485 11.845 4.48189
v 51.5669 11.3114 3.73491
v 51.2342 11.0541 3.64703
v 51.7238 10.9913 3.63448
v 52.0565 11.2549 3.64075
v 52.5022 11.1608 3.53404
v 52.8411 11.0415 3.11975
v 53.2492 10.8532 2.92516
v 53.4814 11.5311 3.20763
v 54.1154 11.5249 3.42733
v 54.4795 11.8073 3.51521
v 53.9083 11.8638 3.43361
v 53.6069 12.0145 3.77257
v 53.2115 11.7069 3.6282
v 52.7784 11.8136 3.81024
v 52.3892 11.9517 4.11782
v 52.4268 12.4476 4.67648
v 52.0753 12.592 4.95268
v 51.9184 12.8996 5.21004
v 52.4206 13.2887 5.59923
v 52.7972 13.5775 5.69338
v 53.1613 13.8662 5.78754
v 53.6446 13.8035 5.63061
v 53.9961 14.0797 5.68083
v 54.3414 14.3496 5.69338
v 54.6803 14.1989 5.42347
v 55.0884 14.042 5.10961
v 55.578 13.9792 5.02801
v 55.8856 13.7846 4.65765
v 56.2434 14.0546 4.70787
v 56.5384 13.8976 4.24336
v 56.8836 13.6654 3.87929
v 57.254 13.9541 3.97344
v 57.6494 14.2617 4.12409
v 58.0072 14.5379 4.23708
v 58.3211 14.7764 4.18687
v 58.5847 14.9836 4.10526
v 58.8798 15.2158 4.08643
v 59.1999 15.4606 4.09899
v 59.5828 15.7557 4.19942
v 59.4698 16.17 4.32496
v 59.9029 16.5089 4.57605
v 60.311 16.8165 4.73926
v 60.7064 17.1304 5.0029
v 61.3592 17.1304 5.29792
v 61.1835 17.4944 5.3858
v 60.7127 17.5196 5.33559
v 61.1646 17.8711 5.59923
v 60.606 17.8774 5.55529
v 60.2858 17.6263 5.50507
v 60.198 18.0029 5.77499
v 59.6895 17.6074 5.34186
v 59.5451 17.9652 6.22694
v 59.8527 18.2038 6.20183
v 60.154 18.4423 6.18928
v 59.8025 18.5804 6.49686
v 60.1289 18.8378 6.56591
v 60.606 18.7875 6.45292
v 60.493 19.114 6.6224
v 61.014 19.1014 6.65379
v 61.1898 18.7687 6.50314
v 61.2651 18.3858 6.34621
v 61.6668 18.6997 6.59102
v 61.8677 18.4109 6.49686
v 61.8928 18.0468 6.19556
v 62.2883 18.3544 6.38387
v 62.4012 17.9338 6.183
v 62.0435 17.6577 6.08257
v 62.7151 18.1787 6.23322
v 63.0352 18.4235 6.21439
v 63.3617 18.6808 6.27716
v 63.663 18.9194 6.25833
v 63.9768 19.1579 6.16417
v 64.3095 19.4153 6.17673
v 64.592 19.635 6.12651
v 64.8745 19.8547 5.99469
v 65.182 20.0932 5.95703
v 65.521 20.3568 6.07629
v 65.069 20.5075 6.19556
v 65.4582 20.8025 6.30227
v 65.8474 20.6079 6.07001
v 65.7909 21.0599 6.30227
v 66.0922 20.7962 5.91308
v 66.3308 20.9845 5.80637
v 66.7137 21.2796 5.89425
v 67.0463 21.5369 5.88798
v 67.3979 21.8069 5.97586
v 67.6866 22.0328 5.85659
v 68.0068 22.2839 5.86287
v 68.3394 22.535 5.93192
v 68.6031 22.7422 5.78126
v 68.5152 23.1753 5.99469
v 68.4462 23.508 6.23322
v 68.3583 23.8846 6.55963
v 68.3081 24.2863 6.79816
v 68.1888 24.663 7.13085
v 68.4713 24.8827 7.04925
v 68.7537 25.1024 6.90488
v 69.0111 25.3032 6.79816
v 69.2998 25.5229 6.67262
v 69.5195 25.2216 6.72912
v 69.576 25.7426 6.55963
v 69.1869 25.8619 6.80444
v 69.0425 26.1758 7.0367
v 69.0927 26.6654 7.09319
v 68.8918 26.9855 7.45099
v 69.2747 27.2805 7.62675
v 69.6765 27.5944 7.75229
v 70.323 27.6195 7.82134
v 70.2791 27.1362 7.67697
v 70.7562 27.0734 7.51376
v 71.2018 26.9981 7.50121
v 71.6287 26.86 7.10575
v 72.1497 27.2617 7.60164
v 72.0179 27.6321 7.90294
v 71.8672 27.9334 7.859
v 72.2313 28.2158 7.97827
v 72.7899 27.7576 7.70208
v 72.6016 28.5046 7.40705
v 72.9594 28.7808 7.53259
v 73.1854 28.9565 7.338
v 73.0285 29.2641 7.46354
v 73.3047 29.4838 7.37566
v 73.7566 29.8353 7.6958
v 74.3969 29.4775 7.53887
v 74.5538 29.126 7.30661
v 74.9305 28.9754 7.08691
v 75.0183 29.4838 6.96137
v 75.6021 29.4964 7.14969
v 75.9348 29.7537 7.15596
v 76.2549 29.9985 7.18735
v 76.4056 30.5635 7.30034
v 76.7571 30.8271 7.31289
v 77.2091 31.1787 7.67697
v 76.6755 31.662 7.35683
v 77.0961 31.9884 7.55142
v 77.1212 31.5867 8.00966
v 76.7759 32.1767 7.39449
v 76.8513 32.6852 7.6142
v 76.4809 32.3964 7.44471
v 76.3491 32.7731 7.85273
v 76.6504 32.999 7.8339
v 77.2091 32.9551 8.45533
v 77.4476 33.1434 8.30468
v 77.2656 32.5534 8.54949
v 77.774 32.5094 8.44906
v 77.8807 32.1767 8.32979
v 78.4017 32.1077 8.26074
v 78.1569 32.8107 8.59343
v 78.5649 32.7103 8.53066
v 78.5398 33.1057 8.72525
v 78.8851 32.9551 8.49927
v 78.973 32.5471 8.07243
v 78.5084 32.1893 7.73974
v 79.0483 32.1642 7.8339
v 78.5084 31.7436 8.12892
v 79.2805 31.9005 7.93433
v 78.929 31.6243 8.56832
v 78.2825 31.5741 8.34862
v 77.8493 31.6808 8.41767
v 77.9874 31.3419 8.36745
v 78.3892 31.21 8.77547
v 78.5147 30.915 8.78802
v 79.0294 30.8146 8.75664
v 79.3245 31.0406 8.66248
v 79.5002 31.1787 8.38629
v 79.8266 31.4297 8.47417
v 80.197 31.7185 8.59971
v 80.536 31.9759 8.63737
v 80.8624 32.2332 8.67504
v 80.6364 32.5596 8.48044
v 81.1637 32.4655 8.58088
v 81.3771 32.6287 8.3549
v 81.1762 32.9802 8.34235
v 80.9816 33.225 8.24191
v 81.057 33.7209 8.17914
v 81.0068 34.1226 8.42395
v 81.2265 34.2921 8.25447
v 81.3959 33.9845 9.00145
v 82.0488 34.0473 9.27764
v 82.394 34.311 9.36552
v 82.8209 34.2482 9.20859
v 82.9966 34.3863 8.84452
v 83.4046 34.198 8.80058
v 83.2351 34.9638 8.41139
v 83.0719 35.2839 9.22743
v 83.7185 35.7798 9.26509
v 82.8146 35.5224 9.09561
v 82.689 35.8991 9.32158
v 82.507 36.1816 9.24626
v 82.8271 36.4264 9.31531
v 82.4756 37.0415 9.75471
v 82.3187 37.393 10.2255
v 81.9232 37.8952 10.395
v 81.7223 38.1965 10.2192
v 81.4336 38.4413 9.83003
v 81.804 38.7238 9.99324
v 81.4964 38.9247 10.1753
v 81.0884 38.6108 9.95558
v 81.1135 39.1444 10.3259
v 81.421 39.3703 10.3385
v 81.7223 39.6089 10.3322
v 81.6784 40.0608 10.4703
v 81.3583 39.8098 10.5268
v 81.2013 40.1927 10.4515
v 81.4838 40.4124 10.3699
v 80.8624 39.9353 10.3824
v 80.7494 40.268 10.3385
v 81.0632 40.5128 10.3761
v 80.9063 40.8078 10.2632
v 80.6866 41.0589 10.2506
v 80.9628 41.2723 10.2569
v 81.0005 41.7619 10.3887
v 81.3583 42.0381 10.4954
v 81.7537 41.8875 10.5331
v 82.0801 41.3037 10.5017
v 82.6702 41.3288 10.2757
v 82.1053 42.1637 10.6586
v 82.576 42.1009 10.6147
v 81.8856 42.4462 10.3448
v 82.7079 42.6282 10.5582
v 83.2226 42.1888 10.985
v 83.0092 42.0193 9.74215
v 82.6765 41.7682 9.66683
v 82.281 41.4606 9.48479
v 82.4944 42.0444 9.62916
v 82.8334 42.3018 9.66683
v 83.2728 42.2327 9.648
v 83.141 42.5466 9.648
v 83.4925 42.8165 9.73588
v 84.0135 42.3771 9.70449
v 84.1014 41.944 9.57267
v 84.4466 42.2139 9.648
v 84.1893 41.5234 9.49734
v 83.844 41.2535 9.41574
v 84.3023 42.6031 10.4075
v 84.7919 42.4775 10.4891
v 85.156 42.2767 10.395
v 84.9174 42.0884 10.5394
v 85.043 41.6678 10.464
v 85.338 41.9 10.4013
v 85.4698 41.5674 10.577
v 85.5577 41.1656 10.4389
v 85.9783 41.0338 10.3636
v 86.2042 40.7827 10.6398
v 86.5244 40.1738 10.5142
v 86.4993 39.703 10.4577
v 87.0265 39.6779 10.4766
v 87.2023 39.3892 10.4075
v 86.8068 39.0879 10.1941
v 86.9952 38.7552 10.1439
v 87.1772 38.4539 10.0937
v 86.7629 38.1337 9.85514
v 86.9575 37.8387 9.8677
v 86.6248 37.5814 9.83003
v 86.5871 37.1671 9.23998
v 86.267 37.3052 9.69821
v 86.9701 36.9536 9.89908
v 87.1709 37.619 9.89908
v 87.4597 37.8387 9.88653
v 87.8237 38.1212 10.0309
v 88.2255 38.4351 10.2443
v 88.0811 38.7112 10.282
v 87.6919 38.4099 10.0811
v 87.83 38.9623 10.2129
v 87.5476 38.7426 10.2318
v 87.3655 39.0439 10.238
v 87.7233 39.3201 10.3761
v 87.535 39.6528 10.4954
v 87.9556 39.9792 10.7214
v 88.4577 39.4457 10.985
v 88.5645 39.973 10.8469
v 88.7277 39.6591 10.9285
v 89.0855 39.929 11.0101
v 89.2989 40.5442 11.1545
v 89.8073 40.4877 11.1733
v 90.0898 40.7074 11.1169
v 90.5418 41.0589 10.7088
v 90.8117 40.4312 11.2236
v 90.5857 41.536 11.3114
v 90.8305 42.2013 10.9097
v 91 42.76 11.0101
v 91.7533 43.3375 11.2926
v 92.1048 43.6137 11.4056
v 92.5379 43.9464 11.7069
v 93.2535 43.6074 11.8011
v 93.718 43.9652 12.1965
v 93.7682 43.5572 12.5418
v 94.1825 43.0425 12.6673
v 94.4524 43.2496 12.5229
v 94.7035 43.4442 12.3597
v 95.0048 43.6828 12.4539
v 94.5278 43.7016 12.4225
v 94.2578 43.4944 12.5418
v 94.0695 43.7895 12.5104
v 93.4104 44.1975 12.7112
v 92.2178 44.1347 11.6253
v 92.5379 44.3858 12.4225
v 91.8349 43.8397 11.437
v 91.8976 44.3356 11.5374
v 91.8788 44.8064 11.55
v 91.4896 44.4988 11.393
v 91.5147 44.9005 11.5123
v 91.4457 45.2772 11.6065
v 91.1255 45.0261 11.5625
v 90.9812 45.3776 11.6127
v 90.8117 45.7103 11.4809
v 90.5606 45.5157 11.6127
v 90.4288 45.8484 11.5814
v 90.6924 46.0555 11.4558
v 90.7364 46.0869 12.3283
v 90.5669 46.4761 11.4433
v 90.9247 46.7523 11.5688
v 90.4853 46.9029 11.6316
v 90.7991 47.1478 11.619
v 91.2448 46.9971 11.6253
v 91.0251 47.3172 12.1651
v 91.3138 47.0536 12.5355
v 91.5336 47.7127 12.661
v 91.7156 47.3612 12.7929
v 91.7846 46.8967 12.5606
v 91.5273 46.7021 12.6924
v 91.182 46.4322 12.6673
v 91.6277 46.3443 12.7615
v 91.295 46.0869 12.6673
v 90.4915 45.8986 12.4664
v 91.7156 45.9425 12.661
v 91.8349 45.5785 12.5669
v 92.155 45.8233 12.6171
v 92.268 45.4843 12.5983
v 92.5442 45.3148 12.4727
v 92.3747 44.7059 12.705
v 92.9647 44.2728 12.7552
v 93.1091 44.8252 13.0502
v 93.3476 44.5741 12.9372
v 93.6866 44.8378 13.0753
v 93.9754 44.6369 13.3139
v 94.3269 44.9131 13.4833
v 94.4713 44.549 13.3013
v 94.1888 44.323 13.3452
v 94.6721 44.2603 13.2511
v 95.4066 43.9903 12.6673
v 94.7161 45.2081 13.5901
v 94.4901 45.4592 13.5649
v 94.2327 45.2583 13.6591
v 94.0444 45.5534 13.7658
v 94.013 45.9739 13.6528
v 94.2327 46.1497 13.4833
v 94.804 45.704 13.5524
v 93.8561 46.3317 13.3578
v 93.8938 45.8798 12.6422
v 93.6866 45.7228 13.6465
v 93.4167 45.9928 13.8788
v 93.718 46.6079 13.8662
v 94.5403 46.3819 13.5398
v 92.8455 46.3568 13.5963
v 93.3351 46.7397 14.0043
v 93.5674 46.9218 13.816
v 92.8141 46.7962 13.8035
v 93.4293 47.2733 13.8286
v 93.1279 47.5055 13.4645
v 92.6321 47.1226 13.7219
v 92.5881 47.0913 12.9247
v 92.8769 47.311 12.8556
v 93.5611 46.9155 13
v 93.8938 46.746 12.8431
v 93.649 46.5577 12.9623
v 94.2955 46.677 12.8619
v 93.3037 48.0768 13.2762
v 92.6383 48.083 12.8745
v 93.4104 47.7315 12.6234
v 92.971 47.8257 12.4539
v 93.4481 48.1898 12.8807
v 92.971 48.3341 12.887
v 92.8831 48.761 12.8745
v 92.3307 48.83 12.7615
v 91.8286 48.8677 12.4037
v 91.5775 49.0937 12.0898
v 91.1004 49.1439 12.2907
v 91.0377 49.5582 13.0377
v 90.8305 49.7716 13.0565
v 90.6485 50.0604 13.0063
v 90.1275 49.6586 12.5418
v 90.2467 50.1985 13.2699
v 89.9329 50.4307 13.3139
v 89.6253 50.1922 13.2197
v 89.1984 49.8595 12.8933
v 89.1231 50.2298 13.0502
v 88.8532 50.5311 12.9874
v 88.6586 50.8827 13.1569
v 88.1627 51.0208 13.0439
v 87.648 51.0521 13.1004
v 87.2776 50.7634 12.931
v 87.2337 51.1777 13.2448
v 86.6688 51.2405 13.2574
v 86.9324 51.4413 13.9102
v 86.9575 50.5123 12.887
v 86.3235 50.9705 13.1193
v 86.3486 51.479 12.9247
v 86.0913 51.2781 13
v 85.6895 51.3472 13.0942
v 85.5577 51.6924 13.2134
v 84.7417 51.5041 13.0565
v 85.0053 51.2593 13.3829
v 84.7354 51.0459 13.4708
v 84.3525 50.7508 13.295
v 84.2583 51.1337 13.3327
v 84.3148 51.6296 12.9812
v 84.0072 50.9329 12.705
v 83.9507 51.3409 12.8745
v 83.6369 51.5041 12.8996
v 83.7185 52.0377 13.4896
v 83.2289 51.6548 12.9812
v 83.4674 51.8368 13.5649
v 83.2477 51.6736 13.7846
v 82.9464 51.4351 13.7595
v 82.846 51.8242 14.0232
v 82.5007 51.5606 13.1758
v 82.5823 51.6171 14.1236
v 83.3167 51.253 12.8807
v 83.4674 50.9643 13.2699
v 83.662 50.663 13.3766
v 83.5992 50.1671 13.0565
v 83.4046 50.4621 13.452
v 83.2854 50.8262 13.5273
v 83.0531 51.0459 13.7909
v 83.3419 51.2718 13.703
v 82.6953 50.7697 13.6968
v 83.0217 50.1671 13.2762
v 82.7518 50.4056 13.6905
v 82.4505 50.1733 13.6905
v 82.0739 50.2863 13.6654
v 82.4631 50.5876 13.9165
v 82.7016 51.2405 13.9039
v 81.76 50.5123 13.8662
v 81.6596 50.9015 14.0357
v 81.2139 51.0584 13.929
v 80.9754 50.8701 13.3452
v 80.9565 51.297 13.5838
v 80.6113 51.5041 13.7909
v 80.6678 51.071 13.5963
v 80.3225 51.2781 13.816
v 80.0275 51.5229 14.2743
v 80.2598 52.182 14.4249
v 79.8894 51.8933 14.2805
v 79.6007 52.5398 14.5065
v 80.1342 52.4833 14.6007
v 80.4606 52.7344 14.6132
v 80.3037 53.0859 14.7639
v 80.0212 52.8662 14.8204
v 79.5253 52.9604 14.9459
v 79.1927 53.1864 15.2033
v 79.0859 53.0985 15.7494
v 78.4268 53.5191 15.9565
v 78.4206 54.0401 15.7117
v 78.0063 54.2598 16.1072
v 77.9309 54.6364 16.4148
v 78.2699 53.9208 16.1574
v 78.0502 53.7513 16.3646
v 77.592 53.3935 15.9879
v 78.4143 53.0169 16.0758
v 78.7972 52.8788 15.0526
v 79.1613 52.6779 14.7639
v 78.7344 52.3452 14.5002
v 78.3201 52.5022 14.6697
v 78.4268 52.1067 14.4689
v 78.0063 52.2636 14.6321
v 77.8431 52.5712 14.676
v 77.5355 52.3327 14.6823
v 77.3597 52.6905 14.7953
v 77.0208 52.4206 14.7199
v 76.8889 52.8474 15.0966
v 77.2781 53.155 15.2284
v 76.8387 53.3496 15.4481
v 77.253 53.676 15.6866
v 77.1777 54.0401 16.1135
v 76.7446 53.7074 15.8561
v 76.7132 54.1342 16.3143
v 77.6799 54.4355 16.5843
v 76.5374 54.492 16.5905
v 75.9474 54.5109 16.7537
v 75.7779 54.7871 16.8918
v 75.2192 54.8122 16.8542
v 74.7798 54.4669 16.4901
v 74.3279 54.1217 16.17
v 74.0768 54.3539 16.3332
v 73.7504 54.0966 16.2516
v 73.4742 53.8769 16.283
v 73.1352 53.6132 16.1951
v 72.7774 53.337 16.0884
v 72.2313 53.3496 16.8353
v 72.3882 53.858 17.1115
v 71.7103 53.3245 16.1888
v 71.5785 53.6509 16.4775
v 71.2772 53.4124 16.4775
v 70.8691 53.5379 16.9421
v 70.7185 53.902 17.3187
v 70.3105 53.9773 17.6074
v 70.0092 54.2096 18.0092
v 69.7957 54.0463 18.1912
v 69.5635 54.3414 18.6306
v 69.281 54.5799 18.8503
v 69.0111 54.3728 18.8629
v 68.7161 54.5485 19.0575
v 68.3959 54.2974 19.0198
v 68.0632 54.0338 18.9382
v 67.8687 54.3665 19.1579
v 67.4857 54.5611 19.1579
v 67.1907 54.3351 19.183
v 66.8518 54.0715 19.1642
v 66.3182 54.2033 19.4843
v 66.3308 54.6866 19.6789
v 65.8851 54.3477 19.3901
v 65.6089 54.1342 19.4215
v 65.3076 54.3979 19.7291
v 65.0188 54.1719 19.7982
v 64.8493 54.5736 20.1748
v 64.5418 54.8498 20.4322
v 64.2593 54.6301 20.451
v 63.9203 54.3665 20.4008
v 63.6253 54.1342 20.4133
v 63.3114 54.2723 20.4635
v 63.0604 54.0715 20.5703
v 62.7967 54.31 20.6519
v 62.5456 54.5611 20.8402
v 62.2757 54.3539 20.9783
v 61.9744 54.5674 21.6813
v 61.5852 54.6552 22.1772
v 61.2463 54.3979 22.1709
v 60.8759 54.5674 22.6605
v 60.5934 54.3414 22.7296
v 60.198 54.5234 23.3259
v 59.6393 54.6552 23.6084
v 59.338 54.4167 23.5833
v 59.0304 54.1719 23.621
v 58.7479 53.9522 23.6523
v 58.4906 54.2598 23.7967
v 58.1956 54.0338 23.7842
v 57.8942 54.3163 24.0227
v 57.5616 54.5799 24.2361
v 57.2414 54.3288 24.2047
v 56.8836 54.5925 24.3617
v 56.62 54.379 24.3993
v 56.2182 54.5109 24.5563
v 55.873 54.2409 24.5311
v 55.5968 54.5046 24.663
v 55.1009 54.5925 24.7571
v 54.7117 54.7494 24.8136
v 54.379 54.492 24.7697
v 54.0777 54.605 24.776
v 53.7137 54.3163 24.663
v 53.4061 54.423 24.732
v 53.0797 54.1656 24.663
v 52.7658 54.2974 24.6818
v 52.408 54.0212 24.6504
v 52.1632 54.2974 24.7132
v 51.8117 54.0212 24.6441
v 51.5543 54.2347 24.8576
v 51.0647 54.3665 24.7571
v 50.7634 54.128 24.7383
v 50.4684 54.4795 24.9203
v 50.1106 54.7871 25.0773
v 49.8218 54.5611 25.0773
v 49.4954 54.3037 25.0208
v 49.0372 54.4293 25.1086
v 48.5664 54.5987 25.253
v 48.2337 54.3351 25.1651
v 47.9198 54.0903 25.1337
v 47.4302 54.2472 25.4225
v 46.9908 54.4606 25.5857
v 46.633 54.1844 25.5104
v 46.3129 53.9334 25.5104
v 45.9488 54.1531 25.7112
v 45.6789 54.492 25.818
v 45.365 54.2472 25.7803
v 44.8064 54.3665 25.8305
v 44.2728 54.5171 25.7866
v 43.9401 54.2598 25.7238
v 43.3815 54.3163 25.6736
v 42.8353 54.4293 25.6799
v 42.4964 54.1656 25.5983
v 41.9 54.2535 25.5983
v 41.5109 53.9459 25.4288
v 41.1342 53.6572 25.2844
v 40.4877 53.7137 25.2216
v 40.1111 53.4249 25.0961
v 39.6277 53.5505 25.14
v 39.3076 53.2994 25.1086
v 38.9435 53.0169 25.027
v 38.6171 52.7595 24.9831
v 38.3221 53.0922 25.0961
v 38.2781 52.4959 24.9454
v 38.4602 52.1318 24.8576
v 38.1463 51.8807 24.8387
v 37.8324 51.6422 24.7948
v 37.4872 51.3723 24.776
v 37.1545 51.1086 24.732
v 36.8344 50.8576 24.6818
v 36.4389 50.55 24.6002
v 35.9493 50.6692 24.5814
v 35.2965 50.7195 24.6316
v 34.8445 50.9203 24.8701
v 34.3737 51.1212 25.0961
v 33.8464 51.1902 25.0961
v 33.5451 50.958 25.0961
v 34.0159 50.845 24.9643
v 33.7021 50.6002 24.9705
v 33.1873 50.6755 24.9894
v 33.2752 50.2675 24.8011
v 32.7731 50.3554 24.7822
v 32.886 49.9599 24.6127
v 32.3839 50.0478 24.6065
v 32.3211 50.4809 24.8889
v 31.957 50.1985 24.7634
v 31.7875 50.5939 24.9831
v 32.2081 50.9203 25.1777
v 31.4737 50.914 25.3095
v 31.4548 50.3303 24.9203
v 31.1661 50.6692 25.3032
v 30.7895 50.8827 25.0396
v 31.2163 51.2091 25.297
v 30.3689 51.1526 25.3409
v 30.8836 51.5543 25.7866
v 30.3563 51.7489 25.7364
v 29.9358 51.4225 25.479
v 29.9358 52.0251 26.1004
v 29.8605 51.9686 26.6717
v 29.986 50.8513 25.1337
v 29.4775 51.0647 25.2091
v 29.2076 51.4602 25.887
v 28.8624 51.1902 25.7552
v 28.5674 51.4853 26.226
v 28.197 51.1965 26.1004
v 28.0024 51.5606 26.2323
v 28.2347 52.1883 26.5775
v 28.6364 52.0565 26.9353
v 29.126 51.9247 26.8349
v 29.3269 51.548 26.816
v 29.6094 51.7677 26.8035
v 29.1072 52.4206 26.5649
v 28.9252 52.7281 26.816
v 28.8373 53.1299 27.0169
v 28.6364 53.3998 27.0357
v 28.2284 53.5442 27.0608
v 28.5987 53.8329 27.1675
v 28.4606 54.2472 27.2492
v 28.1217 53.9836 27.155
v 27.4626 54.015 27.4626
v 27.8015 54.2786 28.2347
v 27.5944 53.5693 27.3998
v 26.8537 54.0463 27.2115
v 27.1613 53.2303 27.1048
v 26.6905 53.4061 27.0859
v 26.5587 53.8141 27.2805
v 26.2574 54.1531 27.8078
v 25.8117 54.3665 27.9836
v 25.297 54.5485 28.1028
v 24.8199 54.7368 28.2347
v 24.5123 54.492 28.2535
v 24.1859 54.2409 28.2472
v 23.6586 54.3728 28.2974
v 23.3824 54.6552 28.3351
v 22.9995 54.8938 28.4355
v 22.6543 54.6238 28.4355
v 22.3718 54.3979 28.536
v 22.0956 54.1844 28.605
v 21.8131 53.9647 28.6929
v 21.4114 54.0966 29.0005
v 21.0913 53.8455 28.9942
v 20.9343 54.2033 29.2265
v 20.5703 54.4293 29.647
v 20.2752 54.197 29.6972
v 19.8295 54.3853 30.0362
v 19.4969 54.128 30.0048
v 19.1642 54.3602 30.325
v 18.9131 54.7243 30.4756
v 18.6055 54.4858 30.4693
v 18.254 54.2096 30.3815
v 17.846 53.8894 30.1366
v 17.6577 54.2849 30.3563
v 17.2936 53.9961 30.2622
v 16.9734 54.3037 30.2245
v 16.5027 54.4481 30.4191
v 16.1888 54.2033 30.4128
v 15.6552 54.3477 30.5635
v 15.015 54.423 30.6765
v 14.6697 54.1531 30.5886
v 14.1111 54.3539 30.6639
v 13.6089 54.4606 30.7957
v 13.2762 54.2033 30.7455
v 12.9121 54.4104 30.7895
v 12.4476 54.5611 30.9025
v 11.7822 54.5611 30.8648
v 11.4244 54.2786 30.7581
v 11.1357 54.5046 30.9276
v 10.8218 54.2598 30.9025
v 10.4703 53.9836 30.846
v 9.94302 54.128 31.1912
v 9.62916 53.8769 31.1535
v 9.27764 54.1782 31.4988
v 9.06422 54.5736 31.9319
v 8.72525 54.31 31.8943
v 8.41139 54.0652 31.8503
v 8.0536 54.2912 32.001
v 7.67069 53.9899 31.8629
v 7.28778 54.2284 32.0449
v 6.66007 54.2912 32.1453
v 6.32738 54.6176 32.3085
v 5.89425 54.2786 32.1202
v 5.32931 54.3288 32.07
v 4.7832 54.4481 32.0951
v 4.3689 54.1217 31.9194
v 3.80396 54.2598 31.9319
v 3.91695 53.7764 31.6808
v 4.57605 53.7388 31.7436
v 4.69532 53.3433 31.6306
v 4.68276 52.7533 31.3356
v 5.03428 52.4771 31.2289
v 5.41719 52.2323 31.1535
v 5.81893 52.0439 31.0782
v 6.15162 51.7364 30.8397
v 6.17045 51.1777 30.5196
v 6.39643 50.8073 30.2622
v 6.63496 50.5374 30.0864
v 6.91743 50.2487 29.8918
v 6.96137 49.7653 29.5654
v 7.25012 49.5017 29.352
v 7.42588 49.1313 29.1762
v 7.63303 48.6605 29.057
v 7.96572 48.3404 28.9063
v 8.12892 47.9136 28.7368
v 8.62482 47.7817 28.5422
v 8.7127 47.2984 28.0589
v 8.8759 46.8841 27.8957
v 9.05167 46.4635 27.5065
v 9.12071 46.0179 27.3056
v 9.62916 45.8798 27.1299
v 9.73588 45.4466 26.8286
v 9.8677 45.07 26.6152
v 10.0435 44.7687 26.3515
v 10.4389 44.5427 26.3013
v 10.5519 44.1347 25.9184
v 11.0792 44.0029 25.7803
v 11.2047 43.5384 25.6422
v 11.8073 43.4191 25.5983
v 12.2342 43.1869 25.4413
v 12.4225 42.76 25.3472
v 12.5041 42.3143 25.0835
v 12.1714 42.0507 25.0333
v 12.5104 41.7682 24.8952
v 12.9749 41.6176 24.732
v 13.1507 41.2786 24.9454
v 13.2574 41.8373 24.6755
v 13.5084 42.0319 24.55
v 13.6654 42.1574 24.2298
v 13.8098 42.2704 23.7904
v 14.0797 42.4775 23.6837
v 14.4751 42.3206 23.5833
v 14.7011 42.5027 23.4138
v 14.8831 42.2139 23.351
v 15.0212 41.8498 23.3071
v 15.1531 41.5109 22.9242
v 15.4795 41.2535 23.0999
v 15.5862 40.8015 22.3279
v 15.7933 40.3559 22.1835
v 15.9879 39.8976 22.1395
v 16.2453 39.4959 22.1647
v 16.4587 39.1632 22.1584
v 16.1197 38.8933 22.1333
v 15.8436 38.6799 22.2337
v 15.6301 38.5104 22.422
v 16.7663 38.8368 21.7441
v 16.7349 39.3766 22.0579
v 16.9107 38.9498 21.3612
v 17.4128 38.8117 21.1917
v 17.3563 38.2844 20.7272
v 17.5635 37.9643 20.633
v 17.7393 37.5311 20.4698
v 17.8585 37.0729 20.2564
v 18.1284 36.7214 20.0304
v 17.9087 36.5519 20.2878
v 18.0782 36.169 20.2376
v 17.507 35.7233 19.6036
v 17.1555 35.4534 19.5785
v 16.8228 35.1898 19.5094
v 16.5089 34.945 19.4969
v 16.126 34.6436 19.4278
v 16.6282 34.4616 19.0951
v 16.8605 34.0913 18.9445
v 16.986 34.7504 19.2018
v 17.4317 34.5432 19.5345
v 17.7016 34.7504 19.4341
v 18.0092 34.9952 19.4341
v 18.5678 34.8822 19.4592
v 18.9068 35.1521 19.4969
v 19.1453 34.8445 19.5659
v 19.6224 34.6499 19.4718
v 19.8923 34.3047 19.3901
v 20.1183 33.9281 19.2834
v 20.1183 33.4196 19.0198
v 20.269 32.9739 18.8189
v 19.8295 32.6287 18.5239
v 19.3713 32.2709 18.2352
v 18.9005 31.9005 17.9715
v 18.4611 32.1202 18.1159
v 19.2646 31.6432 18.0468
v 19.2332 31.0845 17.5698
v 19.3211 30.6702 17.4631
v 18.9633 30.3877 17.3187
v 19.3023 30.0739 17.1304
v 19.5722 29.7035 16.9358
v 19.7291 29.3143 16.3394
v 19.365 29.0193 16.2076
v 19.9551 29.0633 16.0068
v 19.7793 28.4544 15.6678
v 20.1497 28.3728 15.7431
v 20.0681 27.9647 15.6239
v 20.0806 27.6321 15.4983
v 20.0744 27.155 15.3602
v 19.6663 26.8349 15.1907
v 20.2376 26.8098 15.2284
v 20.5389 26.5649 15.128
v 20.5954 26.1695 14.8957
v 20.972 25.9247 14.8518
v 21.3549 25.705 14.8518
v 21.7943 25.5292 14.7764
v 22.0014 25.1777 14.7074
v 22.309 24.8513 14.5505
v 22.5852 24.5814 14.3873
v 22.8238 24.3052 14.3308
v 23.0999 24.1231 14.1738
v 23.282 23.8218 14.1111
v 23.6084 23.6272 13.9981
v 23.9913 23.4954 14.1801
v 24.3052 23.3573 14.2617
v 24.6379 23.1062 14.0232
v 24.8764 22.7547 13.7846
v 24.8513 22.24 13.4896
v 25.184 22.014 13.4457
v 25.4476 21.675 13.2699
v 25.8933 21.5307 13.1946
v 26.0251 21.154 12.9498
v 26.4331 21.4742 13.1067
v 26.7721 21.7378 13.1758
v 26.6591 22.127 13.5022
v 26.6842 22.6417 13.7784
v 27.0106 22.8991 13.7595
v 27.0357 23.464 13.9541
v 27.3684 23.7214 14.042
v 27.1048 23.9976 14.1676
v 27.0671 24.4746 14.3559
v 27.4249 24.7508 14.4375
v 27.1362 25.0584 14.5505
v 26.8537 25.3535 14.7702
v 27.1738 25.6045 14.8204
v 27.2178 26.0188 14.9271
v 27.5818 26.3013 14.9961
v 27.6258 26.7784 15.084
v 27.971 27.0483 15.1845
v 27.7011 27.2805 15.2849
v 27.5128 27.5756 15.4544
v 27.2303 27.7576 15.4983
v 27.3308 28.2974 15.649
v 27.1111 28.6113 15.9314
v 26.8662 28.9879 16.1574
v 26.6717 29.3457 16.3708
v 26.339 29.6031 16.5466
v 25.9435 29.8165 16.6282
v 25.5167 30.0237 16.647
v 25.1337 30.168 16.7349
v 25.071 30.6012 16.76
v 24.6002 30.7079 16.804
v 24.5688 31.1473 16.9232
v 24.6002 31.5176 17.0864
v 24.2926 31.6181 17.1241
v 24.1671 31.9005 17.6074
v 24.5311 32.183 17.7141
v 24.8952 32.4655 17.7895
v 24.7257 32.8044 18.0594
v 25.1086 33.112 18.1598
v 25.4539 33.3757 18.254
v 25.5355 33.859 18.6243
v 25.6359 34.4491 18.9633
v 25.7175 35.0956 19.3085
v 25.4099 35.4346 19.5282
v 25.8556 35.7861 19.8233
v 25.7426 36.1878 20.0555
v 26.1883 36.5331 20.3129
v 26.1695 37.0541 20.6205
v 26.5147 37.324 20.6832
v 26.5838 37.9203 20.8464
v 26.9541 38.2091 20.9783
v 27.3308 38.5041 21.0348
v 27.6886 38.7866 21.1352
v 28.2347 38.6736 21.0975
v 28.7243 38.5229 20.972
v 29.2955 38.479 21.1352
v 29.7537 38.2593 21.2859
v 30.1869 38.0082 21.3675
v 30.2936 37.5814 21.4302
v 30.6828 37.4684 21.493
v 30.6828 36.9976 21.4051
v 30.6263 36.577 21.3675
v 30.6451 36.2506 21.3235
v 30.6137 35.874 21.2607
v 30.7267 35.4973 21.2042
v 30.3689 35.2149 21.1352
v 30.5258 34.8633 21.1729
v 30.2057 34.6185 21.1352
v 30.3061 34.2168 21.1478
v 30.6765 34.0661 21.0034
v 31.1222 33.8716 21.0473
v 31.48 33.633 20.9469
v 31.8126 33.3694 20.7648
v 31.9884 32.999 20.5075
v 32.2646 32.6475 20.3568
v 32.252 32.1453 20.2438
v 32.5031 31.8817 20.156
v 32.3839 31.3984 19.93
v 32.591 31.1096 19.8358
v 33.0241 31.4486 20.0053
v 32.8107 31.731 20.1371
v 32.8735 32.1704 20.269
v 32.5785 32.4027 20.2752
v 32.9363 32.6852 20.3694
v 33.2878 32.9551 20.4635
v 33.6142 33.2187 20.52
v 33.9469 33.4761 20.5765
v 34.2921 33.746 20.6016
v 34.562 33.4949 20.5075
v 34.8257 33.3066 20.3506
v 35.0328 33.0179 20.2941
v 35.4534 32.8986 20.4133
v 35.6919 33.0869 20.2627
v 35.6794 32.6412 20.3254
v 35.6668 32.6287 21.0536
v 35.1458 32.6601 21.1854
v 35.0014 32.9928 20.9783
v 35.4408 32.4529 21.2231
v 35.717 32.2834 21.0599
v 35.9367 32.4592 20.8778
v 36.0623 32.0449 21.0034
v 36.282 31.6746 20.6895
v 36.4703 31.323 20.8151
v 36.6021 30.9464 21.0724
v 36.1376 30.5823 20.746
v 36.3573 30.2057 21.0724
v 36.0435 29.9609 21.085
v 35.6794 29.6784 21.0724
v 35.7673 29.2453 20.9281
v 35.943 28.9126 20.79
v 35.9242 28.4858 20.6644
v 35.5852 28.2221 20.6393
v 35.2714 27.9773 20.633
v 34.9701 27.7388 20.6142
v 34.945 27.2617 20.5263
v 34.9889 26.816 20.338
v 34.9638 26.3327 20.156
v 34.7755 25.7929 19.8107
v 35.0203 25.4978 19.7103
v 34.6311 25.1965 19.6287
v 34.3172 24.958 19.5722
v 34.5181 24.6692 19.4153
v 34.7064 24.3993 19.3525
v 34.6562 23.9725 19.2583
v 34.788 23.6398 19.1516
v 35.0328 23.4075 18.9884
v 34.6562 23.1125 18.8691
v 34.2796 22.8175 18.7059
v 33.9657 22.9995 18.7122
v 33.8841 22.5099 18.5678
v 34.0222 22.1584 18.4235
v 33.4322 22.1584 18.2979
v 33.6456 21.8633 18.2791
v 33.2941 21.5934 18.1849
v 33.1873 21.1038 18.1661
v 33.451 20.8339 18.0782
v 33.7272 20.5577 17.9903
v 33.3694 20.2815 17.9213
v 33.52 19.9488 17.7895
v 33.7335 19.6915 17.6263
v 33.338 19.3839 17.5447
v 32.9676 19.0951 17.4254
v 33.4573 18.9319 17.4191
v 33.8778 18.7373 17.6451
v 34.3549 18.6243 17.576
v 34.7504 18.5051 17.281
v 34.8696 18.1096 17.1869
v 34.9638 17.7079 16.9672
v 34.5872 17.4191 16.8981
v 35.1019 17.3501 16.7977
v 35.1772 17.0111 16.6659
v 35.2274 16.5843 16.3269
v 35.5789 16.3834 16.0507
v 35.7986 16.0884 15.7306
v 35.8677 15.7117 15.536
v 36.0937 15.3853 15.2409
v 36.4515 15.2033 14.9083
v 36.7591 14.9773 14.6258
v 36.9097 14.6948 14.2366
v 37.1545 14.4312 13.7846
v 37.3742 14.1613 13.3452
v 37.0415 13.9039 13.3327
v 37.0352 13.452 13
v 36.7402 13.226 13.0502
v 36.7465 12.8556 12.6987
v 37.0604 13.1004 12.6987
v 37.3993 13.3641 12.6673
v 37.7195 13.6152 12.6924
v 38.0333 13.86 12.6987
v 38.3974 14.1424 12.7426
v 38.7364 14.4061 12.8242
v 39.0502 14.6509 12.8745
v 39.4394 14.4689 12.5983
v 39.8286 14.2805 12.2028
v 40.1613 14.5379 12.2405
v 40.5379 14.8329 12.3346
v 40.902 15.1154 12.4162
v 41.2598 15.3916 12.5292
v 41.6176 15.2284 12.2405
v 41.9942 15.0966 12.0019
v 42.5529 15.015 11.324
v 42.6094 14.563 10.8909
v 42.6282 14.0734 10.4891
v 42.3394 13.8474 10.5394
v 42.0005 13.5901 10.5268
v 41.6866 13.339 10.4954
v 41.3477 13.0816 10.4515
v 41.5862 12.8368 10.0435
v 41.8749 12.5983 9.30903
v 41.5109 12.3158 9.22115
v 41.1342 12.0208 9.10816
v 41.084 11.5374 8.61226
v 40.7953 11.3114 8.70642
v 40.4626 11.0478 8.66248
v 40.1236 10.7904 8.59971
v 39.7846 10.5268 8.52438
v 39.4268 10.2443 8.43023
v 39.0628 9.96185 8.36118
v 38.7238 9.69821 8.33607
v 38.4037 9.44713 8.3549
v 38.3786 9.00145 8.03477
v 38.4288 8.68759 7.6142
v 38.661 8.41139 7.31917
v 39.069 8.30468 7.02414
v 39.0753 7.90294 6.72284
v 39.3076 7.66441 6.40898
v 39.6214 7.41333 6.03863
v 39.9478 7.67069 6.03863
v 40.1801 7.36311 5.59923
v 40.563 7.15596 5.49879
v 40.5065 6.6789 5.10333
v 40.4375 6.16417 4.75809
v 40.4626 5.73105 4.46306
v 40.3621 5.23515 4.11154
v 40.7325 5.51762 4.14293
v 41.0777 5.78754 4.19942
v 41.31 5.59295 3.96717
v 41.7431 5.46113 3.44616
v 42.2578 5.41091 3.15741
v 42.5843 5.24143 2.68662
v 42.8667 5.04056 2.19701
v 42.8856 4.5886 2.41043
v 43.3061 4.47562 2.29116
v 43.7581 4.38773 2.08402
v 44.141 4.29985 1.92709
v 44.5427 4.60744 2.01497
v 44.9256 4.90874 2.17817
v 45.4717 4.82714 2.38532
v 45.3274 5.21632 2.34138
v 45.6914 5.49879 2.38532
v 46.0744 5.79382 2.56108
v 46.3882 6.03863 2.58619
v 46.6079 5.71222 2.66152
v 46.9594 5.98213 2.68035
v 47.3047 6.24577 2.69918
v 47.5997 6.47803 2.68035
v 47.9449 6.74795 2.70546
v 48.2588 6.98648 2.66779
v 48.5915 7.24384 2.76195
v 48.9493 7.52004 2.85611
v 49.3322 7.81506 2.92516
v 49.6398 8.0536 2.90005
v 49.5268 8.85707 2.62385
v 49.872 9.12699 2.67407
v 49.7842 9.49734 2.92516
v 49.6398 9.82376 2.99421
v 49.2067 9.48479 2.78078
v 49.1376 9.90536 3.11347
v 49.0435 10.2443 3.30179
v 48.9556 10.6021 3.59681
v 48.8238 10.9474 4.03621
v 49.238 11.2675 4.22453
v 49.1564 11.6818 4.73298
v 49.4954 11.9454 4.75181
v 49.8344 12.2091 4.83341
v 50.2738 12.548 5.05311
v 50.8136 12.0459 4.88991
v 51.3534 12.0333 4.77692
v 51.7489 12.3409 4.92757
v 52.0879 12.1902 4.67648
v 51.5543 12.6234 5.1661
v 51.3597 12.9121 5.37953
v 51.7615 13.226 5.49252
v 52.1758 13.5461 5.69338
v 52.521 13.816 5.8001
v 52.929 14.1299 5.95703
v 53.224 14.3621 5.92564
v 53.5128 14.1362 5.85659
v 53.8266 14.381 5.8252
v 54.1154 14.607 5.74988
v 54.6238 14.5693 5.61806
v 54.9942 14.4375 5.47996
v 55.2892 14.6697 5.3858
v 55.4901 14.3496 5.27281
v 55.7914 14.5881 5.21004
v 55.9546 14.2743 5.14727
v 56.2245 14.4814 5.05939
v 56.4756 14.676 4.87735
v 56.5698 14.3119 4.70159
v 56.8711 14.155 4.29358
v 57.21 14.4186 4.2873
v 57.4925 14.6383 4.28102
v 57.8378 14.9083 4.31241
v 58.1579 15.1531 4.22453
v 58.4466 15.379 4.19314
v 58.7542 15.6176 4.16176
v 59.1183 15.9 4.2057
v 59.0618 16.239 4.55722
v 59.407 16.5089 4.60744
v 59.9155 16.8981 4.97151
v 60.2984 17.1994 5.10961
v 59.8276 17.2747 5.18493
v 59.3192 17.3187 5.26654
v 58.886 17.4568 5.51135
v 58.9488 17.0299 5.13472
v 58.5659 17.2057 5.51762
v 58.2395 17.3689 5.78126
v 58.7731 17.7832 6.28971
v 58.4843 17.5635 6.35876
v 58.6224 18.0971 6.60357
v 59.0995 18.0343 6.31482
v 59.0116 18.3984 6.74167
v 59.4824 18.3356 6.47175
v 59.3819 18.6871 6.79816
v 59.7146 18.9445 6.82955
v 60.041 19.1956 6.8421
v 59.6456 19.3337 7.35055
v 59.2313 19.0135 7.12458
v 58.8986 18.7562 7.13713
v 58.6726 19.0575 7.42588
v 58.3399 18.8001 7.33172
v 58.4153 19.2332 7.62675
v 59.2627 19.5157 8.03477
v 58.6977 19.4529 8.26074
v 59.0618 19.7291 8.34235
v 59.3819 19.9802 8.33607
v 59.6016 19.7731 8.03477
v 59.7523 20.269 8.45533
v 60.0724 20.1371 8.39256
v 60.2796 19.8233 8.12265
v 60.6813 20.1434 8.28585
v 60.8508 19.8233 7.93433
v 60.5181 19.5659 7.94688
v 60.9387 19.4592 7.64558
v 61.3153 19.7479 7.75229
v 61.353 19.365 7.43843
v 61.6731 19.6098 7.50121
v 61.9618 19.365 6.82955
v 61.6103 19.0888 6.77306
v 62.0937 19.0261 6.81072
v 62.2443 18.7059 6.64124
v 62.6523 18.6306 6.4592
v 63.0227 18.9194 6.53452
v 63.3052 19.1391 6.47803
v 63.619 19.3839 6.46548
v 63.914 19.6098 6.39015
v 64.1714 19.8107 6.3211
v 64.4853 20.0492 6.3211
v 64.7552 20.2627 6.21439
v 64.774 20.6644 6.55963
v 65.1067 20.9218 6.60985
v 65.4708 21.2042 6.71028
v 65.7533 21.4239 6.67262
v 66.0671 21.2796 6.23322
v 66.3559 21.4993 6.15789
v 66.6383 21.719 6.05746
v 66.971 21.9763 6.12023
v 67.2849 22.2211 6.13279
v 67.5611 22.4346 6.0198
v 67.9189 22.7108 6.19556
v 68.2202 22.943 6.11395
v 68.1762 23.3008 6.33365
v 68.057 23.6461 6.60985
v 68.0381 24.0729 6.86094
v 67.9314 24.4684 7.21873
v 67.8561 24.8262 7.39449
v 68.1323 25.0396 7.30034
v 68.4085 25.253 7.17479
v 68.6784 25.4664 7.08691
v 68.9358 25.661 6.94882
v 68.7475 25.9498 7.13713
v 68.8542 26.4771 7.2564
v 68.5905 26.7533 7.51376
v 68.6784 27.1927 7.75229
v 68.9609 27.4186 7.68952
v 69.2873 27.6697 7.68952
v 69.7204 28.0024 7.99082
v 70.1222 27.9396 8.05987
v 70.7248 27.9271 8.09126
v 71.001 27.6948 7.92178
v 70.6306 27.4124 7.78368
v 71.1328 27.3621 7.63303
v 71.5282 27.2554 7.48865
v 71.4592 27.6195 7.6393
v 71.5847 28.1468 7.86528
v 71.8923 28.3853 7.87156
v 72.1434 28.5799 7.68324
v 72.4949 28.8561 7.72718
v 72.7711 29.0695 7.62047
v 72.5389 29.3394 7.80251
v 72.8841 29.6031 7.82762
v 73.1352 29.7977 7.70835
v 73.4177 30.0174 7.6958
v 73.8131 30.325 7.87784
v 74.1584 30.1429 7.9155
v 74.3341 29.8479 7.71463
v 74.5601 30.0174 7.50748
v 75.0309 29.9672 7.62675
v 75.7528 30.055 7.1999
v 75.985 30.2371 7.08064
v 76.1671 30.8522 7.21246
v 76.4935 31.1033 7.22501
v 76.2424 31.3293 7.11202
v 76.4621 31.9319 7.38194
v 76.1922 32.1704 7.52004
v 76.0164 32.5157 7.87156
v 76.0666 32.93 8.08498
v 76.3428 33.1434 8.01593
v 76.4119 33.6205 8.38629
v 76.8764 33.5577 8.56832
v 76.7697 33.8967 8.46789
v 77.1463 33.7648 8.46789
v 77.5543 33.7021 8.48044
v 77.7489 33.8527 8.22936
v 77.8305 32.9865 8.44278
v 78.521 33.5263 8.66248
v 79.155 33.1622 8.41139
v 79.6069 33.043 8.19169
v 79.3559 32.4027 7.81506
v 79.6007 32.1516 8.02221
v 79.6823 31.8189 8.44278
v 80.0463 32.1014 8.54322
v 80.3163 32.3148 8.48672
v 80.1342 32.5596 8.49927
v 80.536 32.8735 8.66876
v 80.7682 33.0555 8.47417
v 80.9314 32.7919 8.44906
v 80.7494 33.4824 8.19169
v 80.7117 34.3675 8.31096
v 81.013 34.606 8.36745
v 81.0005 34.5934 9.00772
v 81.6659 34.6311 9.30275
v 81.8479 34.3298 9.3718
v 82.1304 34.5558 9.2902
v 82.6702 34.5307 9.29647
v 82.6388 34.945 8.91984
v 82.4317 35.2274 8.91984
v 82.4128 35.6919 8.66248
v 82.1994 36.3761 9.16465
v 81.8102 37.0039 9.72332
v 81.7537 37.3365 9.67938
v 81.4085 37.958 10.2632
v 81.2578 38.3032 10.1878
v 80.5862 38.2154 9.54756
v 81.3206 37.0039 9.41574
v 81.2139 37.3428 9.41574
v 80.9503 37.142 8.7943
v 80.7619 37.4558 8.70642
v 80.4983 37.2549 8.81313
v 80.3728 37.619 8.78175
v 80.266 37.9705 8.78175
v 81.0758 38.1651 8.96378
v 79.9208 38.2154 8.97634
v 79.9334 37.7132 8.75664
v 79.6509 38.0082 9.06422
v 79.6195 38.4727 9.30903
v 79.3496 38.2656 9.36552
v 79.2743 38.705 9.56012
v 79.5253 38.8996 9.42829
v 80.1656 38.8933 9.93674
v 79.9961 39.2636 9.79865
v 80.4041 39.5775 9.97441
v 80.6113 39.2448 10.2632
v 80.3037 38.5167 9.90536
v 79.8957 38.6861 9.98068
v 80.9314 39.4896 10.2569
v 80.3539 39.9667 10.1313
v 80.4041 40.8392 10.282
v 80.6741 40.6195 10.4326
v 80.605 41.4544 10.2255
v 80.6678 41.8749 10.1753
v 81.0758 42.1888 10.3887
v 81.3834 42.4273 10.3385
v 81.8102 42.76 9.85514
v 82.325 42.3332 9.63544
v 82.6388 42.578 9.6731
v 82.1555 41.7745 9.59778
v 82.915 42.7914 10.3448
v 83.323 43.1115 10.5582
v 83.1849 43.4568 10.395
v 82.9087 43.2434 10.5331
v 82.6451 43.4128 10.3761
v 82.9464 43.6451 10.3636
v 83.2728 43.8962 10.4264
v 83.5239 43.7204 10.5331
v 83.6557 43.3626 10.6335
v 83.8378 43.0802 9.83003
v 84.4655 43.1492 10.3134
v 84.5973 42.8291 10.4389
v 85.043 42.6784 10.3824
v 85.3066 42.8793 10.2067
v 85.677 42.1637 10.4829
v 85.6958 41.7431 10.4201
v 86.4051 41.3665 10.6461
v 86.5118 41.0212 10.6272
v 86.5871 40.7011 10.7402
v 86.9575 40.5128 10.8532
v 86.8759 39.9981 10.6335
v 87.3781 39.9478 10.5331
v 87.7484 40.2366 10.621
v 88.2945 40.2366 10.8218
v 88.916 40.2429 10.9976
v 89.0478 40.8204 11.1985
v 89.3742 41.0777 11.2047
v 89.6441 40.8078 11.2487
v 89.663 41.2974 11.1796
v 89.9705 41.0589 11.3679
v 90.0835 41.6238 11.3679
v 90.4288 41.8875 11.4558
v 90.2907 42.2076 11.5751
v 90.5731 42.4273 11.5625
v 90.8807 42.6659 11.4998
v 90.7677 43.0111 11.7697
v 91.0628 43.2371 11.7446
v 91.2322 42.9358 11.5688
v 91.1381 43.7518 11.1985
v 91.6026 44.1096 11.5625
v 91.069 44.5616 11.2424
v 90.6485 44.6557 11.142
v 90.3283 44.8691 11.5688
v 90.253 45.2772 11.6692
v 90.184 45.6601 11.7069
v 89.9956 46.0304 11.5876
v 90.2405 46.2187 11.4119
v 89.7195 46.3066 11.9203
v 90.0145 46.5389 11.9329
v 89.914 46.9532 12.0459
v 90.1777 47.1603 11.9266
v 89.9078 47.38 11.4433
v 89.5311 47.0913 11.3052
v 89.7508 47.675 11.4119
v 90.2153 47.6185 11.4809
v 90.6045 47.9198 11.7132
v 90.887 47.7127 12.1714
v 91.1946 48.3781 12.4225
v 91.6716 48.3216 12.5794
v 91.9918 47.5809 12.7301
v 92.1362 47.1729 12.6736
v 92.224 46.8088 12.7175
v 91.8976 46.5514 12.6171
v 92.0671 46.2187 12.7615
v 92.1989 46.79 13.3704
v 92.6321 46.1936 13.7972
v 93.1279 45.7668 13.9102
v 92.5002 47.4553 12.774
v 92.7388 47.6436 12.6296
v 92.5567 48.5099 12.8807
v 92.2303 48.2525 12.818
v 91.069 48.6982 12.3723
v 90.818 48.9305 12.2718
v 90.3095 49.3636 12.4978
v 90.7364 49.3259 13.0063
v 89.8575 49.4452 12.6548
v 89.8575 49.9034 12.3158
v 89.4872 49.1564 12.4476
v 89.663 49.7465 12.5418
v 89.029 49.2569 12.548
v 89.4433 49.5833 12.7552
v 88.8093 49.5582 12.7364
v 88.7653 49.9536 12.9247
v 88.5582 50.2989 12.9874
v 87.9618 50.3365 12.9874
v 87.8865 50.8073 13.1444
v 87.4911 50.4935 12.9623
v 87.0705 50.1733 12.661
v 86.3549 50.4935 12.6736
v 85.7962 51.0521 12.9749
v 85.1811 50.9454 13.4331
v 84.8735 50.7069 13.4394
v 84.591 50.4872 13.4645
v 84.252 50.2298 13.3892
v 84.0261 50.4998 13.3076
v 83.9005 49.9536 13.2323
v 83.9194 49.5896 12.9686
v 83.2477 49.8909 12.887
v 82.6137 50.3052 12.5732
v 82.7769 49.5268 12.479
v 82.5823 49.8281 12.2091
v 81.9483 49.7842 12.4602
v 81.6972 49.9913 12.7426
v 82.1806 49.5142 12.7615
v 81.9546 49.7904 13.1883
v 81.6972 49.9913 13.4708
v 81.7726 49.6461 13.5712
v 81.4964 49.8344 13.7219
v 81.0507 49.9599 12.9121
v 81.5968 49.508 13.8788
v 81.3269 49.7026 14.0546
v 81.1386 50.0227 13.9039
v 81.3394 50.1859 13.6152
v 81.0507 50.4244 13.2825
v 80.6992 50.1482 13.9416
v 80.9063 49.8469 14.1362
v 80.3414 49.872 13.8286
v 80.6427 49.6398 14.2178
v 80.3288 49.395 14.1801
v 79.9459 49.5645 13.6654
v 79.7639 50.3679 13.6779
v 80.2535 50.3114 13.8788
v 80.4606 50.4746 13.7156
v 80.6238 50.0917 13.0314
v 80.718 50.6755 13.5461
v 81.3206 50.1733 12.7929
v 81.3143 50.6316 13.1883
v 80.4167 50.8764 13.7721
v 80.0338 51.0521 13.8474
v 79.6885 51.2593 14.1989
v 79.5756 51.6485 14.3056
v 79.3684 51.8807 14.3056
v 79.2366 52.2574 14.381
v 78.9102 52 14.3559
v 78.6403 51.7866 14.4312
v 78.1255 51.8682 14.4563
v 77.705 52.0251 14.6697
v 77.1714 52.0502 14.5818
v 76.6316 52.1193 14.5002
v 76.5123 52.5524 14.9396
v 76.4433 53.042 15.2661
v 76.3428 53.3935 15.6113
v 76.2361 53.7639 15.9252
v 76.1671 54.2033 16.4838
v 75.508 54.1719 16.4587
v 75.3573 54.4606 16.6156
v 74.9556 54.1468 16.3708
v 74.4848 53.7764 16.0193
v 73.9826 53.8455 16.057
v 73.6374 53.5756 15.9691
v 73.2733 53.2994 15.831
v 73.0222 53.0922 16.0005
v 72.3505 52.9981 15.7431
v 72.451 52.6528 15.4104
v 72.0116 52.7407 15.718
v 71.8547 53.0546 15.9126
v 71.5596 52.8223 15.9628
v 71.3964 53.0859 16.2076
v 71.0072 53.1989 16.5968
v 70.6118 53.337 17.0237
v 70.4297 53.676 17.3689
v 70.0531 53.7764 17.7141
v 69.8146 53.5881 17.9025
v 69.5509 53.8518 18.3544
v 69.3061 54.1405 18.7436
v 68.9985 53.902 18.7813
v 68.7161 54.1405 18.9194
v 68.3583 53.858 18.8503
v 68.0884 53.6509 18.8817
v 67.8059 53.8392 19.0386
v 67.5046 54.0777 19.0323
v 66.8706 53.5944 18.9445
v 66.3245 53.6572 19.3839
v 65.8851 53.8643 19.2081
v 65.521 53.5818 19.1202
v 65.3264 53.9083 19.4843
v 65.0502 53.6948 19.5031
v 64.7238 53.9396 19.8672
v 64.5794 54.3665 20.2564
v 64.2656 54.1217 20.2815
v 63.9454 53.8706 20.2815
v 63.6692 53.6509 20.3443
v 63.3491 53.9208 20.4384
v 63.0604 53.6948 20.5577
v 62.8093 53.8769 20.7021
v 62.5456 54.1154 20.8213
v 62.2694 53.8957 20.9343
v 62.0058 54.1405 21.0599
v 61.6354 54.3037 21.562
v 61.3279 54.0589 21.562
v 61.0454 53.8455 21.6185
v 60.9701 54.1782 22.2839
v 60.7064 53.971 22.3341
v 60.4177 53.745 22.3906
v 60.3235 54.1342 22.8802
v 59.9029 54.2974 23.3385
v 59.6016 54.0589 23.3385
v 59.2752 53.8015 23.3385
v 58.9928 53.5818 23.4138
v 58.4278 53.7074 23.6272
v 57.8754 53.7827 23.7528
v 57.5678 54.0589 24.029
v 57.2351 53.8015 23.985
v 56.9338 54.0903 24.1859
v 56.5823 53.8141 24.1294
v 56.2999 54.1342 24.3868
v 55.9734 53.8769 24.3554
v 55.5403 53.9773 24.4244
v 55.2641 54.2472 24.6316
v 54.7933 54.3477 24.6818
v 54.423 54.0589 24.5374
v 54.0338 54.2221 24.6943
v 53.6697 53.9334 24.5249
v 53.3559 54.0401 24.5563
v 52.9918 53.7513 24.437
v 52.7407 53.902 24.6002
v 52.3641 53.6069 24.4621
v 52.0628 53.7513 24.5311
v 51.4099 53.7011 24.4119
v 51.2154 53.971 24.7948
v 51.7364 53.4877 24.4244
v 51.4099 53.2366 24.4182
v 51.1086 53.4689 24.5186
v 50.8889 53.7137 24.7948
v 50.4809 53.9083 24.8011
v 50.1482 54.2284 24.9015
v 49.8281 53.9773 24.8889
v 49.464 53.6948 24.845
v 49.1439 54.0275 24.9831
v 48.7359 54.1907 25.1086
v 48.4346 53.9585 25.1275
v 48.0956 53.6948 25.0647
v 47.5683 53.8141 25.0396
v 47.0536 53.9522 25.2844
v 46.7146 53.6886 25.2467
v 46.3819 53.4249 25.1463
v 45.9614 53.6572 25.4225
v 45.635 53.9083 25.6799
v 45.0386 53.9899 25.7238
v 44.4674 54.1028 25.7552
v 44.1347 53.8455 25.6924
v 43.5635 53.9647 25.6296
v 43.0362 54.0463 25.5983
v 42.6847 53.7702 25.4915
v 42.1386 53.8831 25.479
v 41.7745 53.6007 25.3221
v 41.4167 53.3182 25.184
v 41.0652 53.0483 25.0961
v 40.7325 53.337 25.1463
v 40.4061 53.0859 25.0647
v 40.0985 52.8411 25.0082
v 39.7909 53.1738 25.0647
v 39.4206 52.8851 25.0145
v 39.1193 52.6465 24.9768
v 38.7991 52.3955 24.9015
v 38.7615 51.7991 24.8324
v 38.4351 51.5418 24.8011
v 38.1149 51.2907 24.7571
v 37.7571 51.0082 24.732
v 37.4244 50.7508 24.6818
v 37.1043 50.4998 24.619
v 36.7528 50.2236 24.5311
v 36.4201 49.9662 24.4746
v 36.0748 50.2612 24.4998
v 35.5852 50.3868 24.4746
v 34.9826 50.4746 24.5939
v 34.4742 50.6316 24.8011
v 34.1854 50.4056 24.7948
v 33.8213 50.1231 24.663
v 33.4886 49.8595 24.6253
v 33.156 49.5958 24.5374
v 32.5471 49.6963 24.4935
v 32.0386 49.7779 24.5688
v 31.6557 49.9599 24.7822
v 31.141 50.0855 24.8764
v 30.733 50.3365 25.0333
v 30.4505 50.6127 24.9517
v 30.168 50.393 25.0082
v 29.7161 50.6379 25.2405
v 29.1135 50.7759 25.0773
v 28.8436 50.5688 25.2091
v 28.5548 50.9454 25.8305
v 28.2535 50.7132 25.8745
v 27.8518 50.9329 26.0126
v 27.6007 51.2467 26.0628
v 27.5002 51.6171 26.3641
v 27.8204 51.8682 26.3892
v 28.0401 52.5084 26.6591
v 28.6929 52.5461 26.9918
v 28.4732 52.8537 26.9667
v 28.3037 53.1424 26.9792
v 27.4877 52.9667 26.8851
v 26.8474 52.9855 27.2052
v 26.339 53.1299 26.9981
v 26.2385 53.563 27.3182
v 25.8996 53.8706 27.7325
v 25.5543 54.1656 28.0338
v 25.2781 53.9522 28.1531
v 25.0396 54.3477 28.2472
v 24.7257 54.1028 28.2535
v 24.4307 53.8706 28.2284
v 23.8469 53.9773 28.2096
v 23.3134 54.1028 28.2347
v 23.056 54.4041 28.3225
v 22.7422 54.1593 28.3163
v 22.4534 53.9334 28.3351
v 22.1835 53.7199 28.4355
v 21.8633 53.4751 28.4544
v 21.5181 53.7325 28.7306
v 21.2482 53.5316 28.7494
v 20.7774 53.6007 29.0319
v 20.6142 53.9522 29.2202
v 20.2752 53.6823 29.1574
v 19.9614 53.9522 29.6659
v 19.6538 53.7137 29.6345
v 19.1642 53.8643 29.9734
v 18.8064 54.0777 30.2308
v 18.4109 53.7702 30.0802
v 17.959 53.4186 29.8102
v 17.4442 53.5756 29.986
v 16.9295 53.7137 30.1241
v 16.6533 54.0526 30.2182
v 16.3332 53.8015 30.212
v 15.8687 53.9585 30.4254
v 15.3225 54.0903 30.5133
v 14.9836 53.8204 30.4379
v 14.6132 53.5379 30.3124
v 14.3056 53.8706 30.4756
v 13.747 54.0652 30.6263
v 13.4017 53.7953 30.5384
v 12.9498 53.9459 30.7016
v 12.5983 54.1719 30.7706
v 12.0521 54.2535 30.8146
v 11.6818 53.9647 30.7016
v 11.3491 53.7074 30.6263
v 11.1043 54.0275 30.7267
v 10.7465 53.7513 30.7141
v 10.395 53.4751 30.62
v 10.1313 53.7199 30.802
v 9.81748 53.4751 30.7895
v 9.30275 53.6258 31.1222
v 8.95123 53.9208 31.4862
v 8.64993 53.6886 31.4611
v 8.00966 53.7513 31.731
v 7.62675 53.4563 31.6055
v 7.32545 53.7199 31.7875
v 6.94254 53.9647 31.9759
v 6.59102 53.6823 31.844
v 6.27716 53.9961 32.0512
v 5.86287 53.676 31.888
v 5.5239 53.9899 31.9759
v 4.98407 54.0589 31.9445
v 5.15355 53.7011 31.8566
v 5.09078 53.0671 31.549
v 5.44858 52.7972 31.4297
v 5.81893 52.5461 31.3105
v 6.21439 52.3515 31.1912
v 6.5408 52.0377 30.9464
v 6.817 51.6861 30.6012
v 6.50314 51.4413 30.576
v 6.73539 51.071 30.281
v 6.99903 50.8199 30.099
v 7.26895 50.5186 29.9358
v 7.28151 50.0164 29.5215
v 7.56398 49.7402 29.3457
v 7.73346 49.3699 29.1386
v 7.95316 48.9054 29.0193
v 8.26074 48.5727 28.8624
v 8.45533 48.1647 28.6992
v 8.92612 48.014 28.4669
v 9.0705 47.5746 28.1091
v 9.23998 47.1666 27.971
v 9.39063 46.7209 27.5442
v 9.45968 46.2815 27.3433
v 9.97441 46.1497 27.1675
v 10.0748 45.7103 26.8474
v 10.2004 45.3337 26.6152
v 10.3887 45.0449 26.4331
v 10.7402 44.7813 26.2197
v 10.8909 44.3984 25.9686
v 11.4182 44.254 25.7929
v 11.5563 43.8083 25.6548
v 12.1463 43.6828 25.6359
v 12.5669 43.4442 25.479
v 12.7175 42.986 25.3283
v 12.8745 42.6031 25.1463
v 13.2448 42.3457 25.0019
v 13.5336 42.5717 24.958
v 13.8662 42.3143 24.6692
v 14.1236 42.0444 24.1985
v 13.9981 42.9295 25.2279
v 13.5775 43.1555 25.3346
v 13.9353 43.4317 25.3911
v 14.3245 43.1931 25.2718
v 14.7639 43.0111 25.2028
v 14.6697 43.4631 25.3597
v 15.1468 43.3124 25.3158
v 15.5109 43.1304 25.2154
v 15.5736 43.6451 25.548
v 15.9377 43.4631 25.4853
v 15.9691 43.959 25.7112
v 16.3081 43.7518 25.6296
v 16.4713 43.4568 25.5292
v 16.647 44.0154 25.6422
v 16.4211 44.3105 26
v 16.7851 44.5929 26.1318
v 17.1994 44.4548 25.4099
v 17.1178 44.8566 26.2009
v 16.6094 44.9821 26.1758
v 16.9546 45.2458 26.2385
v 17.4317 45.1014 26.2134
v 17.2747 45.4969 26.1758
v 17.689 45.3023 26.1193
v 17.8648 44.9759 25.4664
v 17.9966 45.5408 26.0565
v 18.3544 45.3588 25.8493
v 18.3105 45.7856 26.0126
v 18.6683 45.6036 25.8305
v 18.5929 46.0053 25.9309
v 18.9445 45.817 25.8117
v 19.1391 45.5408 25.7426
v 19.3839 45.7417 25.6485
v 19.2332 46.043 25.7489
v 19.6538 45.9488 25.5167
v 19.5534 46.2941 25.7991
v 20.0932 46.2941 25.7929
v 20.338 46.0116 25.8493
v 20.5703 46.6644 25.5167
v 20.6393 46.2438 25.8431
v 20.5451 46.1685 24.9078
v 20.8464 46.4133 24.845
v 20.8213 45.9425 24.2424
v 21.1917 46.2376 24.3679
v 21.4365 45.9111 24.3679
v 20.9783 45.5534 24.0352
v 20.2941 45.5345 23.8155
v 20.5075 45.183 23.6712
v 19.9174 45.2395 23.7214
v 19.7542 45.5534 23.8469
v 19.6098 44.9947 23.6837
v 19.478 45.3399 23.9097
v 19.0386 44.9947 23.6837
v 21.3675 45.3211 23.7967
v 21.0975 45.114 23.1816
v 21.0159 44.4423 23.238
v 21.3612 45.3211 23.0999
v 20.8025 44.8817 22.5225
v 21.2607 44.6369 23.056
v 21.7566 45.0261 22.7233
v 21.6562 44.9445 23.2129
v 21.719 46.1309 24.3428
v 22.127 45.9174 24.1168
v 22.014 46.3631 24.2549
v 22.4032 46.1309 23.985
v 22.3906 45.522 23.3887
v 22.309 46.5954 24.1671
v 22.6794 46.3506 23.985
v 23.1439 46.1057 23.6774
v 23.1376 45.4906 23.9223
v 23.4326 45.7228 23.8971
v 23.6774 45.3148 23.8846
v 23.1627 44.9068 23.4138
v 23.9034 44.9884 23.8658
v 23.4013 44.5929 23.4326
v 22.83 44.6494 23.3761
v 22.6417 45.1077 22.7986
v 22.3655 44.888 22.8489
v 22.1019 45.296 22.7296
v 22.466 45.5785 22.8551
v 22.0705 44.6557 22.8802
v 22.3467 44.2728 22.2776
v 22.3341 44.2603 23.0058
v 22.5287 43.915 22.943
v 22.535 43.9213 22.3028
v 22.2463 43.689 22.9493
v 22.9932 44.2728 23.3259
v 23.2318 43.8962 23.3761
v 23.5142 44.1159 22.5727
v 23.508 44.1159 23.282
v 24.2801 44.1849 23.0623
v 24.3303 43.7455 22.8614
v 23.6335 43.6828 23.0372
v 24.1357 43.5886 23.0874
v 24.0101 43.4944 22.127
v 24.393 43.7957 22.2651
v 24.7822 44.0971 22.3844
v 24.9517 43.7518 22.2714
v 24.5814 43.4631 22.1772
v 25.2216 43.394 22.2651
v 24.8324 43.0864 22.1521
v 24.2487 43.1994 22.0893
v 23.6147 43.1806 21.901
v 23.8971 42.9232 21.9826
v 23.5205 42.6282 21.9261
v 23.2569 42.9044 21.8069
v 23.169 42.3583 21.8069
v 22.874 42.6094 21.6436
v 22.7861 43.0174 21.8633
v 22.3906 42.7098 21.719
v 22.24 43.1178 21.8194
v 22.5601 43.3689 21.8571
v 21.7692 42.7537 21.5118
v 21.719 43.281 21.7566
v 21.3863 43.0174 21.7441
v 21.1666 43.3501 22.5664
v 21.3926 42.4524 21.3926
v 21.0285 42.7412 21.6374
v 21.0034 42.1511 21.2482
v 20.6832 42.4713 21.5369
v 20.4196 42.7663 21.6248
v 20.156 42.5591 21.6939
v 19.7228 42.8228 21.9575
v 19.9363 42.3897 21.9136
v 19.3901 42.5591 21.9324
v 19.2332 43.0488 21.9763
v 18.9131 42.7977 21.9763
v 19.0888 43.5447 22.3279
v 18.8943 43.3877 22.5476
v 18.7122 43.7832 22.4911
v 19.0575 44.0531 22.5413
v 19.6224 43.959 22.874
v 19.8735 43.5509 22.7233
v 19.8609 44.141 22.6041
v 20.1622 43.7769 22.648
v 20.3631 43.3187 22.6041
v 20.4384 43.9903 22.5727
v 20.7146 43.5949 22.6919
v 20.8716 43.1178 22.6417
v 21.4302 43.055 22.5538
v 21.5432 43.6451 22.6605
v 21.7943 43.3375 22.6731
v 21.2984 44.0531 23.282
v 21.5746 44.2665 23.1753
v 22.1144 44.0908 23.1878
v 20.1497 44.3732 22.5413
v 20.4887 44.6369 22.5789
v 20.0555 44.8315 22.6543
v 20.3254 45.0449 22.5601
v 19.7731 44.6118 22.717
v 19.4466 44.8691 22.6543
v 19.1453 44.6369 22.6543
v 19.522 44.4172 22.8614
v 18.7813 44.3481 22.5225
v 18.4674 44.1033 22.5225
v 18.2163 43.9087 22.6229
v 17.9966 44.1787 22.8049
v 17.6765 43.9276 22.7924
v 17.9025 43.6639 22.648
v 17.3438 43.6702 22.7484
v 17.6074 43.4317 22.7108
v 17.3187 43.2057 22.7735
v 17.0802 43.4631 22.7924
v 16.9985 42.9546 22.7986
v 16.804 43.2496 22.9305
v 16.5717 43.5384 22.9179
v 16.4713 42.986 22.8802
v 16.2767 43.3061 23.0246
v 16.0256 43.1115 23.0937
v 16.4022 43.4066 23.9411
v 16.239 42.804 23.0497
v 15.8812 42.5278 23.0183
v 15.718 42.873 23.1188
v 15.4104 42.6282 23.1502
v 15.5799 42.2892 23.056
v 15.1405 42.421 23.2004
v 15.3163 42.0821 23.169
v 15.4983 41.7808 22.9744
v 15.7745 41.4795 23.0309
v 15.8812 41.0275 22.9807
v 16.17 41.2598 22.8802
v 16.057 41.6992 22.9556
v 16.4336 41.4606 22.8363
v 16.3583 41.944 22.9054
v 16.7161 41.6866 22.7484
v 16.6847 41.0589 22.0454
v 16.9609 41.2723 21.9261
v 17.1618 40.8141 21.8257
v 16.8228 40.5567 21.8257
v 16.3394 40.7827 21.9136
v 16.5089 40.3056 21.8633
v 16.0381 40.5442 21.9387
v 15.7619 40.9334 21.9575
v 16.1825 40.0483 21.8508
v 16.5466 39.7344 22.1395
v 17.0425 39.6152 21.9575
v 17.2559 39.2197 21.3988
v 17.4882 39.4017 21.2859
v 17.6953 39.0377 21.1478
v 17.689 38.548 20.7397
v 17.8522 38.1902 20.6205
v 18.0594 37.7822 20.4635
v 18.1661 37.3177 20.2438
v 18.436 36.9599 20.0179
v 18.5678 36.5582 19.8672
v 18.775 36.1439 20.3254
v 18.5302 35.9556 20.4824
v 18.0971 35.6166 20.2062
v 17.7393 35.3341 19.4027
v 17.3438 35.0266 19.296
v 18.3607 35.2651 19.5157
v 18.7059 35.535 20.2815
v 19.2395 35.4157 19.5471
v 19.4969 35.1207 19.591
v 20.0304 34.9701 19.6161
v 20.269 34.5934 19.5408
v 20.4761 34.2042 19.3713
v 20.564 33.7648 19.2521
v 20.6707 33.2878 18.9445
v 20.8716 32.9049 18.8566
v 20.4761 32.5973 18.6683
v 20.0681 32.2772 18.4611
v 19.7166 32.001 18.323
v 19.6915 31.4423 17.846
v 19.704 30.9715 17.62
v 19.6726 30.3626 17.281
v 19.999 30.0362 17.1115
v 20.112 29.6094 16.4524
v 20.3819 29.4022 16.1825
v 20.5891 29.0884 16.0319
v 20.1622 28.7557 15.8561
v 20.5577 28.6866 15.9314
v 20.4887 28.2912 15.8184
v 20.4698 27.9334 15.6678
v 20.52 27.5002 15.5234
v 20.633 27.1173 15.3979
v 20.9908 26.9165 15.3539
v 20.9908 26.4833 15.1154
v 21.3988 26.2574 15.084
v 21.7755 26.0314 15.015
v 22.1772 25.8242 14.902
v 22.3844 25.479 14.7827
v 22.6857 25.1463 14.6509
v 22.9681 24.8764 14.5128
v 23.238 24.6316 14.5128
v 23.5331 24.4621 14.3873
v 23.7716 24.2047 14.3935
v 24.029 23.9599 14.224
v 24.3805 23.7967 14.3182
v 24.7006 23.6649 14.3496
v 25.0208 23.4075 14.1424
v 25.3346 23.1125 14.0483
v 25.2718 22.5664 13.6905
v 25.6108 22.3467 13.6528
v 25.9247 22.0517 13.5524
v 26.3139 21.8571 13.3892
v 26.3264 22.3592 13.6842
v 26.3515 22.9305 13.8725
v 26.6905 23.1941 13.9102
v 26.4206 23.464 14.0608
v 26.7721 23.7402 14.1362
v 26.7533 24.2236 14.3496
v 26.7784 24.7822 14.5379
v 26.5022 25.0773 14.7576
v 26.5273 25.4727 14.8518
v 26.8537 25.7364 14.8706
v 26.9416 26.2385 14.9459
v 27.268 26.4959 14.971
v 27.3684 27.0169 15.2409
v 27.1927 27.3308 15.4167
v 26.8851 27.4814 15.4795
v 26.9918 28.0275 15.605
v 26.7093 28.2974 15.8184
v 26.4833 28.6866 16.0507
v 26.3139 29.0633 16.283
v 25.9686 29.3143 16.4713
v 25.5983 29.5466 16.5529
v 25.1777 29.76 16.5654
v 24.7634 29.8793 16.6408
v 24.7446 30.3438 16.7286
v 24.2173 30.4066 16.691
v 24.2173 30.8774 16.9107
v 24.2361 31.2351 17.0111
v 23.9223 31.3293 17.0111
v 23.8532 31.6494 17.62
v 23.6147 31.9382 17.7769
v 24.0039 32.2395 17.8334
v 24.3491 32.5157 17.9464
v 24.4746 33.0241 18.367
v 24.8324 33.3066 18.4549
v 25.14 33.5451 18.4674
v 24.9266 33.8904 18.7875
v 25.2718 34.1666 18.8691
v 25.2907 34.7629 19.1579
v 25.0019 35.1207 19.3839
v 24.9831 35.5852 19.7228
v 25.3535 35.8802 19.8484
v 25.3911 36.4452 20.3317
v 25.8054 36.7653 20.5389
v 25.5229 37.0917 20.5703
v 25.8682 37.3617 20.6958
v 26.2385 37.6504 20.7962
v 26.1067 38.1086 20.8904
v 26.4457 38.3723 20.972
v 26.8035 38.6548 21.085
v 27.1801 38.9498 21.1603
v 27.5002 39.2009 21.2356
v 28.015 39.0377 21.1666
v 28.5925 38.9498 21.1478
v 29.0946 38.8054 21.1101
v 29.6408 38.7489 21.2356
v 30.1053 38.5292 21.3612
v 30.5133 38.2656 21.4051
v 30.6263 37.8387 21.4365
v 30.9841 37.7069 21.5118
v 31.0092 37.2549 21.4742
v 30.915 36.803 21.3486
v 30.959 36.4954 21.3047
v 30.915 36.1125 21.2859
v 31.0343 35.7422 21.2294
v 31.2289 35.4157 21.2733
v 30.8774 35.1458 21.2231
v 30.9903 34.7504 21.267
v 30.6388 34.4742 21.1854
v 31.0217 34.3361 21.0913
v 31.436 34.1164 21.1038
v 31.8315 33.9092 21.0348
v 32.1391 33.6205 20.8339
v 32.3274 33.2627 20.5703
v 32.6412 32.9425 20.4824
v 33.0053 33.2313 20.5326
v 33.3568 33.5012 20.6205
v 33.7021 33.7711 20.6707
v 34.0473 34.041 20.6958
v 34.3298 34.267 20.677
v 34.606 33.9908 20.5891
v 34.8571 33.7272 20.4949
v 35.1709 33.5765 20.4384
v 35.3404 33.2564 20.3066
v 35.6731 33.52 20.3568
v 36.0309 33.3506 20.338
v 35.9995 32.8923 20.3066
v 36.0121 32.5157 20.3066
v 36.5268 31.8754 20.5514
v 36.803 31.5867 20.8402
v 37.0101 31.2603 21.2733
v 37.1859 30.8522 21.4804
v 36.6649 30.4442 21.0913
v 36.8281 30.0739 21.2231
v 36.5017 29.8228 21.1603
v 36.1125 29.5215 20.9908
v 36.3636 29.239 20.9908
v 36.2192 28.718 20.6644
v 36.2569 28.2912 20.5514
v 35.9242 28.0275 20.5703
v 35.5978 27.7702 20.5828
v 35.2651 27.5128 20.5514
v 35.3341 27.0859 20.4008
v 35.3216 26.6089 20.2125
v 35.2086 26.1318 20.0681
v 35.5224 26.3829 20.1057
v 35.8426 26.1444 20.1434
v 35.8928 25.7426 20.3568
v 36.0497 25.4476 20.1434
v 36.1251 25.9247 20.1873
v 36.3134 25.6548 20.0241
v 36.3134 25.2656 20.1622
v 36.2569 24.7885 19.4969
v 36.6147 25.0647 19.5847
v 36.8281 24.8073 19.4592
v 36.4452 24.5123 19.3337
v 35.8677 24.4809 19.3713
v 35.6919 24.7822 19.4906
v 35.3341 24.4998 19.3901
v 35.4848 25.0082 19.5847
v 35.1207 24.7195 19.5031
v 35.2776 25.2656 19.6538
v 34.9324 24.9957 19.6036
v 35.0266 24.2612 19.3525
v 35.1709 23.9348 19.2207
v 35.3969 23.69 19.1202
v 35.5413 23.3448 18.8943
v 35.1709 23.056 18.8126
v 34.7755 22.7484 18.6871
v 34.3863 22.4408 18.5553
v 34.2607 21.945 18.3984
v 33.9281 21.6813 18.3168
v 33.5514 21.3863 18.2038
v 33.7962 21.1038 18.1284
v 34.1164 20.859 18.1222
v 34.3047 20.5577 18.0468
v 33.8904 20.2313 17.8836
v 34.0975 19.9739 17.7644
v 34.2796 19.5785 17.7141
v 33.8213 19.2207 17.4442
v 34.154 18.957 17.5572
v 34.719 18.9068 17.6388
v 35.0956 18.7687 17.3877
v 35.24 18.3984 17.2747
v 35.3341 17.9966 17.0299
v 35.422 17.6012 16.8102
v 35.5224 17.281 16.6596
v 35.5224 16.8102 16.3457
v 35.9054 16.6408 16.0507
v 36.1502 16.3646 15.7368
v 36.169 15.9503 15.492
v 36.4452 15.6615 15.2347
v 36.7653 15.4481 14.902
v 37.0478 15.2033 14.563
v 37.2236 14.9396 14.1989
v 37.437 14.6509 13.7595
v 37.6943 14.4061 13.3264
v 37.663 13.9416 12.9623
v 37.3491 13.6968 13.0063
v 38.0333 14.2303 13.0126
v 38.366 14.4877 13.0251
v 38.7112 14.7576 13.0942
v 39.069 15.0401 13.1381
v 39.3829 14.9083 12.8619
v 39.7533 14.7137 12.5543
v 40.0608 14.9585 12.6108
v 40.3872 15.2096 12.6485
v 40.7953 15.5234 12.7615
v 41.2033 15.8436 12.9749
v 41.6301 15.6803 12.6548
v 42.0068 15.5297 12.366
v 42.3646 15.3916 12.0333
v 42.691 15.6427 12.0521
v 42.3959 15.831 12.4978
v 43.0802 15.944 12.1902
v 42.7788 16.126 12.6422
v 43.099 16.3771 12.6485
v 43.4066 16.1951 12.1463
v 43.4882 15.7494 11.3366
v 43.3877 16.6031 12.592
v 43.7141 16.4399 12.1463
v 43.7079 16.8542 12.6171
v 44.0406 16.691 12.1651
v 44.1975 16.2955 11.4307
v 43.9966 17.0739 12.5732
v 44.3795 16.9546 12.1651
v 44.3356 17.3375 12.592
v 44.6745 17.1869 12.1714
v 44.8817 16.8291 11.5311
v 45.2395 17.1115 11.5625
v 45.2709 16.6345 11.098
v 44.9194 16.3646 11.098
v 44.5804 16.0946 11.0666
v 44.2603 15.8436 11.0227
v 43.915 15.5799 10.985
v 43.5949 15.3288 10.9474
v 43.2873 15.0903 10.9411
v 43.6074 14.8392 10.4515
v 43.2685 14.5756 10.4389
v 42.9609 14.8392 10.9599
v 42.9483 14.3245 10.4954
v 43.1429 14.0483 9.88025
v 42.8479 13.816 9.87397
v 42.5403 13.5838 9.9493
v 42.239 13.3515 10.0435
v 41.944 13.1193 10.0811
v 42.1951 12.8431 9.37808
v 42.2076 12.4099 8.88218
v 41.8812 12.1526 8.86335
v 41.4983 11.8576 8.75664
v 41.4983 11.4307 8.4365
v 41.1468 11.1545 8.34862
v 40.8831 10.9536 8.4365
v 40.494 10.6523 8.31724
v 40.1613 10.3887 8.29213
v 39.8035 10.1188 8.22936
v 39.452 9.83631 8.16031
v 39.0942 9.56639 8.11637
v 38.7238 9.27764 8.03477
v 38.7991 8.97006 7.70208
v 39.0251 8.68759 7.338
v 39.3515 8.52438 6.94254
v 39.408 8.16031 6.71656
v 39.6465 7.92805 6.35249
v 39.9981 8.20425 6.42781
v 40.268 7.92178 6.09512
v 40.5567 7.65814 5.68083
v 40.9459 7.45099 5.56156
v 40.8706 6.96137 5.25398
v 41.1719 6.73539 4.94013
v 40.8141 6.4592 4.87108
v 40.7827 5.98213 4.48189
v 41.4167 6.04491 4.22453
v 41.6238 5.83776 3.96089
v 42.0884 5.72477 3.47127
v 42.5529 5.64317 3.07581
v 42.9232 5.50507 2.68035
v 43.1994 5.3042 2.22839
v 43.1743 4.8083 2.36649
v 43.5949 4.70159 2.25978
v 44.1661 4.70159 2.25978
v 44.4988 4.95896 2.3351
v 44.888 5.26026 2.47948
v 45.2395 5.53646 2.57364
v 45.591 5.80637 2.60502
v 45.478 6.15162 2.72429
v 45.114 5.87542 2.63641
v 45.296 6.45292 2.81217
v 45.5345 6.63496 3.34573
v 45.4278 7.03042 2.79334
v 45.9049 6.92371 3.42733
v 46.0995 6.63496 3.36456
v 46.2501 6.31482 3.32062
v 46.5703 6.56591 3.25785
v 46.7586 6.32738 2.62385
v 47.1729 6.64124 2.89377
v 47.4365 6.84838 2.75567
v 47.832 7.15596 2.831
v 48.1019 7.36311 2.73056
v 48.3969 7.97827 3.04442
v 48.6103 8.14775 2.83728
v 48.9807 8.04732 3.1888
v 49.5707 8.50555 3.11347
v 49.0874 8.95123 2.76823
v 49.351 9.15838 2.66779
v 48.8991 9.24626 2.80589
v 48.874 9.69821 3.20763
v 48.7484 10.0183 3.34573
v 48.6354 10.3573 3.61564
v 48.4785 10.6837 3.9295
v 48.4032 11.098 4.51956
v 48.7798 11.3868 4.67021
v 48.8238 11.7948 4.79575
v 49.1816 12.071 4.8648
v 49.5017 12.3221 4.91502
v 49.8783 12.6108 5.04056
v 50.2989 12.9372 5.29165
v 51.0019 12.6359 5.26026
v 51.2028 12.3472 5.09078
v 50.7822 12.9372 5.46741
v 51.1212 13.2009 5.58667
v 51.4853 13.4833 5.65572
v 51.8745 13.7846 5.83776
v 51.9372 14.2115 5.99469
v 52.3264 14.1362 6.13906
v 52.703 14.4249 6.18928
v 52.6905 14.7953 6.23322
v 53.1111 14.745 6.34621
v 53.5379 14.6007 5.96958
v 53.9083 14.8894 6.07629
v 54.4858 14.8894 5.88798
v 54.9377 14.8078 5.5804
v 55.3394 15.1217 5.76243
v 55.6282 14.9334 5.37325
v 56.0111 14.7576 5.06567
v 56.3375 15.0087 5.04056
v 56.7895 14.9208 4.85852
v 56.9087 14.5756 4.70787
v 57.2163 14.8141 4.68276
v 57.5553 15.0715 4.68904
v 57.8629 15.31 4.66393
v 58.1642 15.5422 4.62627
v 58.4655 15.7808 4.61371
v 58.7417 15.9942 4.51956
v 58.7479 16.4399 4.92757
v 59.0618 16.6847 4.93385
v 59.4384 16.9734 5.05311
v 58.6412 16.7914 5.10333
v 58.2583 16.9672 5.56784
v 57.9256 17.1241 5.8252
v 57.957 16.7349 5.61806
v 57.6494 16.9107 5.93192
v 57.7185 17.394 6.64124
v 57.2351 17.0237 6.2395
v 57.1284 17.3815 6.77306
v 57.5113 17.6828 6.96137
v 58.0637 17.6639 6.75422
v 58.3588 17.8899 6.70401
v 58.2269 18.2352 7.04297
v 58.5345 18.4737 7.03042
v 58.0575 18.5804 7.37566
v 58.0637 18.957 7.56398
v 57.9256 19.2772 8.12265
v 58.4215 19.6601 8.56205
v 58.2646 19.9928 8.58716
v 58.817 19.9676 8.74408
v 59.1748 20.2438 8.83824
v 59.5075 20.5075 8.9324
v 59.8904 20.7962 9.04539
v 60.2294 20.6393 8.80058
v 60.5558 20.52 8.72525
v 61.0203 20.4008 8.37373
v 61.2525 20.1309 8.12892
v 61.6919 20.043 7.87156
v 62.0874 19.9363 7.70208
v 62.5456 19.817 7.42588
v 62.4326 20.1999 7.78996
v 62.8155 20.0241 7.38194
v 62.9474 19.6852 7.21873
v 62.5268 19.3588 7.01159
v 62.6523 19.0198 6.84838
v 62.9725 19.2646 6.88604
v 63.2549 19.4906 6.84838
v 63.5625 19.7228 6.77933
v 63.8701 19.9614 6.73539
v 64.1526 20.1811 6.62868
v 64.4664 20.4259 6.58474
v 64.4288 20.8339 6.98648
v 64.6987 21.0473 6.89232
v 65.0942 21.3486 7.11202
v 65.4017 21.5934 7.07436
v 65.7281 21.8445 7.04297
v 66.0294 21.6374 6.57846
v 66.2743 21.8257 6.42153
v 66.5756 22.0642 6.38387
v 66.9522 22.353 6.47803
v 67.3288 22.648 6.57846
v 67.6238 22.874 6.53452
v 67.9189 23.0999 6.47175
v 67.7996 23.4515 6.70401
v 67.7494 23.8469 6.94882
v 67.6678 24.2612 7.30034
v 67.5987 24.6253 7.54515
v 67.5046 24.9831 7.88411
v 67.7619 25.184 7.75229
v 68.0068 25.3723 7.60792
v 68.239 25.5543 7.4196
v 68.4713 25.7364 7.27523
v 68.5968 26.2825 7.4761
v 68.3457 26.5587 7.68324
v 68.3771 26.9604 7.80251
v 68.5654 27.5316 8.50555
v 68.2955 27.3245 8.61854
v 68.2892 27.7764 8.91357
v 68.5403 27.971 8.76292
v 68.9169 27.8078 8.64365
v 69.2371 28.0526 8.59971
v 68.9483 28.2849 8.97634
v 69.6576 28.379 8.81941
v 70.1849 28.3665 8.38001
v 70.5427 28.2661 8.32351
v 71.0763 28.2033 8.09754
v 71.3148 27.9396 7.92178
v 71.3901 28.4481 8.07243
v 71.6789 28.6678 8.01593
v 72.0241 28.9377 8.00966
v 72.2815 29.1386 7.90922
v 72.3882 29.6972 8.27957
v 72.6895 29.9295 8.17914
v 72.9845 30.1555 8.09754
v 73.3047 30.4066 8.15403
v 73.6311 30.6577 8.11637
v 74.1458 30.5823 7.9155
v 74.4157 30.3438 7.81506
v 74.6794 30.5509 7.71463
v 74.9618 30.3312 7.71463
v 75.5142 30.3438 7.17479
v 75.7465 30.5258 7.02414
v 75.9411 31.0971 7.09947
v 76.0855 31.6369 7.25012
v 75.8783 31.9256 7.48237
v 75.7277 32.2834 7.89667
v 75.7214 32.6601 7.9971
v 75.7967 33.1434 8.41767
v 76.098 33.3757 8.38629
v 76.0478 33.7962 8.6562
v 76.3617 34.041 8.66248
v 76.663 34.2733 8.60599
v 77.0521 34.1164 8.41767
v 77.4225 33.9783 8.36118
v 77.6736 34.1729 8.18542
v 78.3013 33.8025 8.75664
v 79.0608 33.9469 9.17721
v 79.2303 33.6393 8.91984
v 79.5818 33.9155 8.29213
v 80.0966 33.4196 8.56205
v 80.2974 33.5765 8.31096
v 79.789 34.0724 8.78802
v 80.0903 34.3047 8.80058
v 80.3665 34.0975 9.02028
v 80.6364 33.8339 9.11444
v 81.0695 33.7272 8.95751
v 80.379 33.1936 8.75036
v 80.5422 34.6562 9.09561
v 80.8373 34.8885 9.014
v 81.4148 35.3341 8.8759
v 80.9377 35.3969 9.08933
v 80.6929 35.6605 8.53066
v 81.2516 35.6417 9.11444
v 81.352 36.169 8.59971
v 81.986 35.7798 8.75664
v 81.942 35.3216 9.09561
v 81.6847 35.1207 9.19604
v 81.3583 34.8696 9.18976
v 81.9985 34.8947 9.31531
v 82.2496 35.083 9.17721
v 82.4442 34.7943 9.23998
v 81.7349 36.4703 8.7127
v 81.4148 36.6963 8.77547
v 81.2453 36.0874 9.08933
v 80.605 36.4452 9.25253
v 80.7745 37.0039 9.0705
v 80.128 36.9662 8.74408
v 80.0212 37.3491 8.64993
v 79.6697 37.506 8.81941
v 79.3433 37.7697 9.13327
v 79.0169 38.0082 9.38435
v 78.973 38.4664 9.65427
v 78.9604 38.887 9.74215
v 79.2303 39.0942 9.62916
v 79.6258 39.4017 9.83003
v 79.8831 40.0169 10.0623
v 80.0903 40.6069 10.3134
v 79.8455 40.8706 9.88025
v 80.197 41.5046 10.5017
v 80.4418 41.6992 10.3761
v 80.3539 42.0633 9.77982
v 80.2096 42.4022 9.92419
v 80.4481 42.5905 10.5017
v 80.9942 42.5591 10.5833
v 81.0319 43.0362 10.4264
v 81.6094 43.0362 9.79237
v 82.1366 43.4442 10.3385
v 82.3563 43.1869 10.4138
v 82.5195 42.9421 10.4264
v 82.4505 43.689 10.3824
v 82.7016 43.8836 10.282
v 83.1598 44.2414 10.5958
v 83.4109 44.436 10.4201
v 83.5992 44.1535 10.464
v 83.8126 43.9464 10.4452
v 83.9194 43.5698 10.577
v 84.1077 43.2936 10.4954
v 84.4278 43.5384 10.4891
v 84.8609 43.4568 10.4766
v 84.8735 43.0425 10.3573
v 85.2062 43.2999 10.4138
v 85.8653 43.3187 10.1188
v 86.041 42.4462 9.88025
v 85.52 43.5447 10.4326
v 85.7774 43.7455 10.2569
v 86.5683 43.8585 10.3259
v 86.3737 43.7079 10.577
v 86.2356 43.1115 10.7339
v 86.7378 42.986 10.1313
v 86.8006 43.0362 11.029
v 86.5369 42.8291 11.0917
v 86.198 42.5654 10.9913
v 85.9343 42.8793 10.7779
v 86.7127 42.5278 11.3052
v 86.3047 42.2139 11.1608
v 86.8006 42.1323 11.2487
v 86.493 41.8938 11.2298
v 86.9952 41.8247 11.3303
v 86.6939 41.5862 11.3428
v 87.0768 41.4606 11.2989
v 87.4157 41.7243 11.3805
v 87.4848 41.3916 11.3428
v 87.6605 41.0526 11.0855
v 87.2651 40.745 10.8344
v 87.5978 40.5505 10.8469
v 87.2588 40.2868 10.7779
v 87.9493 40.8267 10.9536
v 88.1878 40.5756 10.9223
v 88.6209 40.9083 10.4389
v 88.6774 40.5379 11.0666
v 88.3071 41.1091 10.3824
v 88.6209 41.3477 11.142
v 88.9913 41.2033 11.3554
v 89.324 41.4606 11.4182
v 89.5688 41.649 11.2738
v 89.9643 41.9503 11.506
v 90.027 42.4399 11.4998
v 90.0961 42.9421 11.6881
v 90.4539 43.2182 11.7697
v 90.7426 43.4442 11.7822
v 90.8242 43.9841 11.1608
v 90.6987 44.2665 11.1043
v 90.2844 44.3732 11.0101
v 90.0521 44.6557 10.9034
v 89.8199 45.3713 11.5437
v 89.6692 45.7793 11.5437
v 89.2738 45.9614 11.6127
v 89.2424 46.4322 11.9768
v 89.6253 46.7335 12.0647
v 89.2173 46.8402 12.0396
v 89.4244 47.4177 12.2154
v 88.9223 47.4553 12.1338
v 89.1608 48.1019 12.2718
v 89.6127 47.9952 12.3032
v 89.7634 47.6813 12.2467
v 89.8011 48.1395 12.0082
v 90.2091 48.4534 12.297
v 89.4558 48.3341 12.1965
v 89.6881 48.5099 12.0082
v 90.1902 48.014 11.732
v 90.7364 48.4346 12.2907
v 90.5167 48.6982 12.297
v 90.3221 49.0058 11.9831
v 90.1714 48.8865 12.3911
v 89.6378 48.8489 12.3409
v 89.1545 48.8991 12.3723
v 88.3322 49.1878 12.2593
v 87.9556 49.3259 12.4978
v 87.6919 49.6272 12.366
v 87.9618 48.8991 12.0898
v 87.3655 49.3761 12.297
v 87.1646 49.7214 12.4539
v 87.6166 50.0729 12.8619
v 86.7064 49.8909 12.5794
v 86.3988 49.6461 12.6359
v 86.0159 49.7842 12.8556
v 85.6707 50.4684 12.2781
v 86.0724 49.395 12.4915
v 85.5326 49.4075 12.4225
v 85.6519 49.9474 13.1067
v 85.3129 49.6837 13.0565
v 85.1183 50.0352 13.2636
v 85.3443 50.7006 13.4017
v 86.0222 50.7383 13.1444
v 85.6142 50.9078 13.3201
v 85.0681 50.4809 13.4457
v 84.7605 50.2424 13.5022
v 84.3776 49.9474 13.3452
v 84.252 49.3636 12.6296
v 83.5051 49.2694 12.8054
v 83.5239 49.6586 13.069
v 83.0782 49.3134 12.7552
v 83.1849 49.0183 12.7175
v 82.7141 49.0309 12.6045
v 82.2936 49.6021 12.297
v 82.5447 49.3448 12.6485
v 82.5133 48.8677 12.8493
v 82.8146 48.7296 12.4915
v 82.62 48.5789 12.8054
v 82.2747 48.6857 13.0628
v 82.394 49.2255 13
v 82.1931 49.0686 13.2762
v 82.0864 49.4389 13.3264
v 81.8542 49.2569 13.5901
v 81.6533 49.0999 13.7658
v 81.4085 48.9116 13.9102
v 81.4022 49.3573 14.1487
v 81.1009 49.5268 14.2429
v 80.8122 49.3008 14.3182
v 80.4795 49.0372 14.2554
v 79.9836 49.1251 14.0608
v 79.5442 48.7861 13.7281
v 79.3935 49.6398 13.3013
v 79.2491 49.9662 13.2385
v 79.0483 49.3699 13.1444
v 78.929 49.7151 13.226
v 78.8851 50.1608 13.3013
v 78.5649 49.9097 13.2762
v 78.5775 49.4452 13.0753
v 77.8242 49.3322 13.0251
v 78.0753 49.5268 13.634
v 77.8682 49.3636 13.9165
v 77.6736 50.1608 14.224
v 77.9121 49.872 14.3308
v 78 50.4182 14.2743
v 78.4896 50.324 14.1989
v 78.4582 50.7759 14.607
v 78.7721 50.5437 14.1864
v 78.7156 50.9768 14.4877
v 78.9478 51.1589 14.2303
v 78.9792 50.7069 13.9918
v 79.1675 51.3283 14.0106
v 79.2743 50.9392 13.9541
v 79.5002 50.6379 14.0232
v 79.7764 50.8513 13.9416
v 79.0546 51.6359 14.2178
v 78.8474 51.4727 14.4375
v 78.3829 51.592 14.5693
v 77.8431 51.6485 14.5818
v 77.2467 51.6673 14.9522
v 76.7634 51.7301 14.3621
v 76.2738 51.8368 14.3559
v 76.1796 52.295 14.8141
v 76.1294 52.7972 15.2096
v 76.0164 53.1362 15.5297
v 75.8783 53.4814 15.8373
v 75.7402 53.8769 16.1574
v 75.1878 53.9145 16.352
v 74.7924 53.6132 16.17
v 74.1082 53.4814 15.8938
v 73.7566 53.2115 15.7557
v 73.2921 52.8474 15.3414
v 72.8967 52.5398 15.1154
v 72.6267 52.3264 15.1845
v 72.3882 52.1381 15.3539
v 72.1936 52.452 15.5548
v 71.9488 52.2574 15.6803
v 71.7542 52.5336 15.8561
v 71.3336 52.6465 16.0821
v 71.1139 52.86 16.3081
v 70.7499 52.9981 16.7098
v 70.436 52.7533 16.7349
v 70.3419 53.1236 17.1304
v 70.1159 53.4312 17.4254
v 69.8773 53.2429 17.5258
v 69.5635 53.3935 18.0343
v 69.3061 53.6634 18.4737
v 69.0425 53.4563 18.5678
v 68.691 53.6572 18.7687
v 68.3834 53.4186 18.7059
v 68.0758 53.1801 18.7059
v 67.7368 53.3747 18.8315
v 67.4355 53.5442 18.8943
v 67.1468 53.3245 18.9633
v 66.745 53.0169 18.731
v 66.6886 53.45 19.2207
v 66.4061 53.2303 19.2646
v 65.5398 53.0483 19.001
v 65.2322 53.3496 19.1328
v 64.7489 53.4563 19.5157
v 64.4539 53.7325 19.9425
v 64.1902 53.5253 20.0116
v 63.9203 53.3119 20.0932
v 63.6316 53.0859 20.1371
v 63.3428 53.3998 20.4008
v 63.0729 53.1864 20.451
v 62.8218 53.5065 20.7146
v 62.5582 53.6823 20.8339
v 62.3071 53.4814 20.9532
v 62.0183 53.7011 21.085
v 61.7986 53.9773 21.2733
v 61.5099 53.7576 21.4177
v 61.2274 53.5316 21.4867
v 60.7943 53.6446 21.7001
v 60.5244 53.4312 21.8508
v 60.267 53.2303 21.9763
v 60.1603 53.5442 22.4597
v 60.041 53.9145 22.9681
v 59.7648 53.6948 23.0121
v 59.4824 53.4751 23.0623
v 59.1811 53.2366 23.0309
v 58.6914 53.3496 23.4515
v 58.1014 53.4437 23.6272
v 57.5804 53.5505 23.7402
v 57.2728 53.3119 23.7151
v 56.9025 53.5442 23.9474
v 56.5698 53.2805 23.8783
v 56.2308 53.5379 24.0604
v 55.6345 53.6132 24.2047
v 55.1323 53.6634 24.1733
v 54.9 53.9585 24.4809
v 54.492 53.6383 24.2738
v 54.0589 53.7702 24.4182
v 53.7513 53.5316 24.3679
v 53.3245 53.6697 24.3679
v 52.973 53.3935 24.324
v 52.6403 53.4751 24.3868
v 52.3076 53.2178 24.3428
v 52.0314 53.3433 24.393
v 51.6987 53.0859 24.3617
v 51.3534 52.816 24.3303
v 51.1149 53.0043 24.4307
v 50.8011 53.2303 24.4872
v 50.5814 53.4689 24.8011
v 50.1671 53.6634 24.7446
v 49.8532 53.4124 24.7006
v 49.5268 53.1613 24.6755
v 49.1627 53.4563 24.8262
v 48.8363 53.7827 24.9392
v 48.4911 53.5128 24.9078
v 48.1458 53.2429 24.8952
v 47.7378 53.4124 24.9705
v 47.2419 53.5567 24.9768
v 46.9218 53.3056 24.9705
v 46.6079 53.0608 24.9643
v 46.0806 53.1927 25.1024
v 45.6287 53.3998 25.4476
v 45.2897 53.6383 25.6359
v 44.7122 53.7388 25.6359
v 44.367 53.4689 25.5606
v 43.7393 53.5316 25.5167
v 43.2057 53.6823 25.4853
v 42.804 53.3747 25.3409
v 42.2767 53.45 25.2844
v 41.9063 53.1613 25.1714
v 41.5548 52.8851 25.0961
v 41.197 52.6026 25.0333
v 40.7074 52.7595 25.0019
v 40.3621 52.4959 24.9329
v 39.7533 52.5712 24.9643
v 39.4206 52.3139 24.9015
v 39.113 52.0753 24.8701
v 39.339 51.6924 24.8011
v 39.0251 51.4476 24.7634
v 38.6987 51.1902 24.7257
v 38.3848 50.9454 24.6881
v 38.071 50.6943 24.6692
v 37.732 50.437 24.6253
v 37.3993 50.1733 24.5751
v 37.0352 49.8909 24.4621
v 36.6774 49.6084 24.3805
v 36.1062 49.7214 24.4307
v 35.7735 50.0227 24.4433
v 35.2588 50.1357 24.4495
v 34.6562 50.2236 24.5814
v 34.3172 49.9536 24.5186
v 33.972 49.69 24.4558
v 33.6393 49.4264 24.4307
v 33.2627 49.1251 24.3052
v 32.7793 49.3071 24.3868
v 32.2018 49.4201 24.4684
v 31.7122 49.5205 24.5563
v 31.3544 49.7277 24.7948
v 30.8397 49.8532 24.9015
v 30.3501 50.029 24.9454
v 29.8228 50.1231 24.9392
v 29.0068 50.0855 25.0082
v 28.6301 49.7904 24.8576
v 28.6239 50.393 25.4978
v 27.9208 50.4495 25.7991
v 27.5191 50.6692 25.9372
v 27.2115 50.9454 25.9184
v 27.2743 51.4351 26.5336
v 27.1111 51.7866 26.7219
v 27.4375 52.0377 26.8349
v 27.7262 52.2636 26.6905
v 27.8831 52.8097 26.7344
v 27.6509 52.6277 26.929
v 27.042 52.6214 27.2366
v 26.5084 52.7219 27.1424
v 25.9812 52.86 26.8662
v 25.9686 53.3496 27.3496
v 25.5229 53.5756 27.607
v 24.9768 53.7137 28.1782
v 24.6755 53.4751 28.1719
v 24.0792 53.5944 28.1342
v 23.4577 53.6697 28.0715
v 22.9556 53.8266 28.1719
v 22.6229 53.563 28.1154
v 22.2965 53.3056 28.0903
v 21.9763 53.0546 28.1342
v 21.5683 53.2366 28.4732
v 21.2356 52.9792 28.4544
v 20.9155 53.268 28.7431
v 20.4259 53.3245 29.0005
v 19.9739 53.45 29.2139
v 19.2395 53.3872 29.4587
v 18.8378 53.6069 29.9044
v 18.5113 53.3559 29.8165
v 18.0343 52.9792 29.4775
v 17.5886 53.1299 29.6972
v 17.0927 53.3056 29.8918
v 16.6094 53.4626 30.0802
v 16.2578 53.1927 30.0739
v 16.0319 53.563 30.2559
v 15.5422 53.7011 30.4003
v 15.1907 53.4249 30.3438
v 14.7953 53.1173 30.2057
v 14.2052 53.2178 30.1241
v 13.973 53.6069 30.4254
v 13.634 53.3433 30.3124
v 13.0565 53.5253 30.4631
v 12.5669 53.6509 30.5949
v 12.2154 53.8706 30.62
v 11.8576 53.5881 30.5321
v 11.506 53.3119 30.4317
v 10.9976 53.4312 30.5572
v 10.6774 53.1801 30.5007
v 10.3573 52.9353 30.4568
v 10.1 53.2429 30.6702
v 9.74843 52.9667 30.6263
v 9.5099 53.2366 30.8711
v 8.98889 53.381 31.1159
v 8.70014 53.155 31.1535
v 8.30468 53.4186 31.4109
v 7.96572 53.1487 31.3481
v 7.64558 52.8976 31.2728
v 7.26895 53.1738 31.5113
v 6.95509 53.4312 31.6871
v 6.60985 53.1613 31.6181
v 6.22694 53.4061 31.7499
v 5.84404 53.1048 31.6055
v 5.47996 53.3747 31.731
v 6.21439 52.8537 31.4674
v 6.58474 52.6403 31.3795
v 6.8986 52.3201 31.0908
v 7.22501 52.0063 30.7706
v 7.45727 51.6359 30.4693
v 7.09947 51.3534 30.3877
v 7.35683 51.1024 30.1743
v 7.56398 50.7508 29.9107
v 7.62047 50.2801 29.5403
v 7.89667 50.0039 29.4336
v 8.09126 49.6523 29.1951
v 8.27957 49.1627 28.9754
v 8.53694 48.7861 28.8059
v 8.75664 48.4032 28.6552
v 9.22743 48.2463 28.4795
v 9.5099 47.9198 28.3602
v 9.65427 47.493 28.1468
v 9.76726 47.0222 27.7262
v 9.83631 46.5765 27.3998
v 10.2883 46.3945 27.1864
v 10.3887 45.9551 26.8537
v 10.5456 45.5973 26.6277
v 10.6963 45.2834 26.3704
v 11.0792 45.0449 26.2385
v 11.211 44.6432 26.0063
v 11.7634 44.5239 25.8682
v 11.9266 44.0971 25.7175
v 12.4413 43.915 25.6359
v 12.9058 43.7079 25.4978
v 13.0377 43.2371 25.3221
v 13.1758 42.8416 25.1526
v 13.4268 43.5447 25.4351
v 13.8098 43.8397 25.5794
v 14.2868 43.7079 25.5543
v 14.5756 43.9338 25.5104
v 15.0526 43.7581 25.4602
v 15.4606 44.0782 25.6987
v 15.8749 44.3984 25.9686
v 16.2453 44.6871 26.0816
v 16.1888 45.1956 26.1506
v 16.5152 45.4529 26.2197
v 16.8605 45.7166 26.2636
v 17.1994 45.9865 26.2825
v 17.6074 45.7542 26.2071
v 17.9464 46.0241 26.2887
v 18.2477 46.2564 26.2197
v 18.5867 46.5263 26.3013
v 19.001 46.3254 26.1255
v 19.3525 46.6016 26.1632
v 19.635 46.8213 26.1193
v 19.9802 46.6267 26.0126
v 20.3443 46.9155 26.0879
v 20.6456 47.1478 26.0126
v 20.8527 47.311 25.7803
v 20.8716 46.9029 25.4225
v 21.1478 46.6456 24.8701
v 21.6939 46.6267 24.776
v 21.8822 46.7711 24.4684
v 21.5056 46.9218 24.9705
v 21.1729 47.1352 25.3974
v 21.493 47.3926 25.366
v 22.0642 47.3612 25.5104
v 22.2588 47.0724 25.3283
v 22.127 47.8822 25.3911
v 22.6731 47.3863 25.548
v 23.1188 47.2294 25.2718
v 22.7422 47.8947 25.6485
v 23.4201 47.4679 25.2405
v 23.169 48.2274 25.1651
v 22.3906 48.0893 25.2467
v 22.466 48.1458 26.1569
v 23.238 48.2839 25.9937
v 23.1251 48.6668 26.1946
v 23.3573 48.8489 26.0879
v 23.5142 48.4973 25.184
v 23.6147 48.127 24.9266
v 23.2506 47.8445 24.7822
v 24.0666 47.4302 24.9957
v 23.7402 47.1791 24.9643
v 23.4075 46.9155 24.9392
v 22.8928 47.0473 25.4915
v 24.0039 46.7774 24.8513
v 23.6335 46.4886 24.7948
v 23.3008 46.2313 24.7383
v 23.916 46.0995 24.9894
v 24.2863 46.3945 25.0835
v 24.6881 46.1057 24.7697
v 24.619 46.6456 25.0773
v 24.8889 46.2627 24.5688
v 24.6692 45.5847 24.1043
v 25.0898 45.9174 24.3617
v 24.958 45.2458 23.7653
v 24.2424 45.252 23.9034
v 24.0101 45.5722 23.9348
v 24.5814 44.9507 23.6084
v 25.1902 44.9005 23.0121
v 25.4413 45.6224 23.3636
v 25.548 45.183 23.1062
v 25.5167 44.6745 22.5978
v 25.1589 44.3921 22.5162
v 24.7195 44.5365 22.6417
v 25.3221 44.0406 22.4346
v 25.5857 43.6765 22.3718
v 25.6924 43.2057 22.1898
v 25.3535 42.9358 22.083
v 24.9517 42.6219 21.901
v 24.4621 42.7977 22.0077
v 24.0792 42.4964 21.8885
v 23.6335 42.1511 21.6813
v 23.1816 41.7933 21.2984
v 22.6417 41.944 21.3486
v 22.5036 42.3143 21.493
v 21.9889 42.3959 21.5495
v 21.6185 42.1072 21.4114
v 21.2859 41.8436 21.3423
v 20.9406 41.5736 21.2607
v 20.6456 41.8749 21.2168
v 20.4196 42.2641 21.7253
v 20.1999 42.0884 21.9261
v 19.5094 42.057 21.6374
v 20.3254 41.6176 21.1854
v 20.5891 41.3037 21.1791
v 19.999 41.3665 21.1038
v 20.2376 41.0275 21.0913
v 19.9112 40.7702 21.0913
v 19.7166 41.1468 21.1791
v 19.3964 40.8957 21.2042
v 18.9759 41.1342 21.3926
v 19.1391 40.6948 21.2921
v 18.844 40.4626 21.3612
v 18.7562 40.9585 21.5683
v 18.7059 41.423 21.9638
v 18.323 41.1217 21.8194
v 18.1473 41.5862 21.901
v 18.5867 41.9314 22.1772
v 18.8629 42.1511 22.1144
v 19.1202 41.7431 22.1898
v 19.1642 42.3834 22.0893
v 18.6181 42.5717 22.083
v 18.2791 42.9107 22.6166
v 18.4674 43.5886 22.648
v 18.1159 43.3124 22.6292
v 17.8146 43.0802 22.6919
v 17.5698 42.8918 22.7986
v 17.2245 42.6156 22.7359
v 16.9169 42.3771 22.7484
v 16.6784 42.7035 22.83
v 16.3959 42.4838 22.9367
v 16.0758 42.2327 22.8991
v 15.7871 42.0068 22.9556
v 16.6533 42.17 22.8426
v 16.9609 41.8749 22.4973
v 17.2057 42.0695 22.3467
v 17.6074 41.7745 22.0454
v 17.4191 41.0212 21.7253
v 17.5949 40.5567 21.6813
v 17.2747 40.3056 21.7253
v 17.099 40.1675 21.9952
v 16.8416 39.9667 22.1019
v 17.3187 39.8349 21.901
v 17.507 39.9855 21.5997
v 17.733 39.59 21.0975
v 17.9464 39.2323 20.9845
v 18.0719 38.8431 20.859
v 18.1347 38.4162 20.6016
v 18.3481 38.0082 20.4447
v 18.4611 37.5437 20.2564
v 18.7436 37.2047 20.0053
v 18.9319 36.8469 19.9865
v 19.2081 36.4891 19.9174
v 19.2269 35.9493 19.9488
v 19.0386 35.7924 20.2564
v 19.6161 35.7045 19.6977
v 19.8672 35.4095 19.6915
v 20.4447 35.2902 19.8358
v 20.633 34.8822 19.6726
v 20.8464 34.493 19.4592
v 20.8967 34.0285 19.3274
v 21.0975 33.6267 19.1956
v 21.2921 33.2376 19.0826
v 21.6311 32.9614 18.6683
v 21.2733 32.6852 18.5741
v 20.8778 32.3713 18.3544
v 20.52 32.0951 18.2728
v 20.1497 31.8064 18.1724
v 20.1497 31.323 17.846
v 20.0806 30.6828 17.4317
v 20.3757 30.3312 17.212
v 20.4824 29.8981 16.6031
v 20.7711 29.7098 16.3583
v 20.972 29.3959 16.1762
v 20.9281 28.9754 16.0444
v 20.8904 28.605 15.9565
v 20.8339 28.2158 15.7871
v 20.8841 27.789 15.6552
v 20.9908 27.3998 15.5171
v 21.3612 27.2115 15.4795
v 21.4302 26.8286 15.3351
v 21.8445 26.6089 15.31
v 22.1647 26.339 15.1531
v 22.5287 26.1004 15.0212
v 22.7861 25.7929 14.9334
v 23.0623 25.4476 14.8204
v 23.3573 25.184 14.676
v 23.6398 24.9454 14.6634
v 23.9348 24.7822 14.6321
v 24.1671 24.5123 14.5316
v 24.3742 24.2298 14.3433
v 24.7697 24.1043 14.4563
v 25.0898 23.9725 14.4877
v 25.3786 23.69 14.2743
v 25.6924 23.395 14.1236
v 25.6422 22.8551 13.8474
v 26.0063 22.6605 13.7784
v 26.0439 23.169 13.9981
v 26.0628 23.6837 14.224
v 26.4268 23.9725 14.3245
v 26.4394 24.5123 14.5128
v 26.1695 24.8199 14.7074
v 26.1758 25.2028 14.7827
v 26.2511 25.6987 14.8204
v 26.6089 25.9749 14.9083
v 26.6591 26.4645 15.197
v 27.0232 26.747 15.2096
v 26.8914 27.0922 15.3979
v 26.5461 27.2178 15.4669
v 26.3201 27.5065 15.5485
v 26.6465 27.7639 15.5799
v 26.3704 28.0338 15.718
v 26.113 28.3979 15.9189
v 25.9561 28.7871 16.17
v 25.5857 29.013 16.352
v 25.2342 29.2641 16.4336
v 24.845 29.5027 16.4775
v 24.3742 29.5717 16.4838
v 24.3868 30.0613 16.6156
v 23.8658 30.1241 16.5905
v 23.872 30.6012 16.8416
v 23.8595 30.9401 16.9169
v 23.5456 31.0343 16.9107
v 23.4954 31.367 17.5196
v 23.2757 31.6746 17.7393
v 23.351 32.1453 17.9715
v 23.7465 32.4592 18.1347
v 23.7779 32.9928 18.3984
v 24.1796 33.3129 18.5867
v 24.5563 33.6079 18.6746
v 24.5876 34.2105 18.9759
v 24.9078 34.4616 19.0198
v 24.6316 34.8257 19.2207
v 24.5939 35.2839 19.5282
v 24.5311 35.7735 19.9112
v 24.9266 36.0811 20.0555
v 24.7634 36.4954 20.2752
v 25.1651 36.8093 20.451
v 24.958 37.211 20.5326
v 25.3409 37.5123 20.6644
v 25.7238 37.8073 20.8025
v 25.6171 38.2342 20.9029
v 25.9686 38.5041 20.9845
v 26.3139 38.7803 21.0975
v 26.6905 39.069 21.2042
v 27.0546 39.3578 21.267
v 27.4061 39.634 21.3549
v 27.8078 39.4394 21.2545
v 28.3665 39.3139 21.198
v 28.9503 39.2323 21.2231
v 29.421 39.0628 21.1854
v 29.9923 39.0251 21.2796
v 30.4379 38.7929 21.3423
v 30.8271 38.5104 21.4365
v 30.9401 38.0898 21.4239
v 31.3293 37.9768 21.493
v 31.3419 37.5123 21.5181
v 31.2728 37.0792 21.4365
v 31.2603 36.7339 21.3047
v 31.2414 36.3699 21.2419
v 31.3481 35.987 21.2294
v 31.5678 35.6794 21.2733
v 31.6557 35.2714 21.3423
v 31.323 35.0077 21.2921
v 31.3732 34.6123 21.1478
v 31.7624 34.3737 21.1478
v 32.1579 34.1603 21.0034
v 32.5031 33.9092 20.8904
v 32.6852 33.5451 20.6205
v 33.0367 33.8151 20.7021
v 33.338 34.0536 20.746
v 33.6832 34.3235 20.7711
v 33.9657 34.5495 20.7397
v 34.267 34.7817 20.7146
v 34.5997 34.4742 20.6205
v 34.9136 34.2356 20.5451
v 35.1584 33.9594 20.4887
v 35.4973 33.8339 20.4887
v 35.7798 34.0536 20.3568
v 36.0058 33.7774 20.3192
v 36.0874 34.2921 20.3945
v 36.7779 33.9406 20.6644
v 36.4201 34.5558 20.4824
v 36.8218 34.4177 20.746
v 37.1294 34.2168 20.7021
v 37.1106 33.7586 20.6456
v 37.0666 33.3443 20.5891
v 37.4056 33.6079 20.6142
v 37.4495 33.1309 20.4887
v 37.1168 32.8735 20.5075
v 37.7885 32.8609 20.4761
v 37.2424 32.4341 20.7586
v 36.7402 32.5785 20.3568
v 36.4577 32.3525 20.3819
v 37.2298 31.9194 21.0724
v 37.4746 31.6243 21.7001
v 37.7383 31.2854 22.0266
v 37.8262 30.8585 22.0579
v 37.7195 30.2999 21.8885
v 37.2424 30.4003 21.4679
v 37.1859 29.8793 21.3988
v 37.1106 29.4148 21.2042
v 36.7653 29.5529 21.1729
v 36.7339 29.1197 21.1478
v 36.7653 28.6866 21.0097
v 36.5707 28.0526 20.407
v 36.2318 27.789 20.3443
v 35.9179 27.5442 20.3568
v 35.6543 27.337 20.4259
v 35.6794 26.8851 20.2438
v 36.3008 26.5022 20.3757
v 36.5205 26.6779 20.1748
v 36.7151 25.9686 20.1811
v 36.5833 25.479 20.0681
v 36.9536 25.3346 19.6663
v 37.211 25.1086 19.5596
v 37.3365 24.7446 19.3525
v 36.9788 24.4684 19.2646
v 36.5896 24.1608 19.07
v 36.0497 24.1985 19.1956
v 35.5413 24.2298 19.3525
v 35.7359 23.9536 19.2018
v 35.8928 23.621 18.9884
v 36.056 23.3448 18.8378
v 35.7296 23.0874 18.8566
v 35.3655 22.8049 18.7562
v 35.0266 22.5413 18.6557
v 34.6562 22.2525 18.5302
v 34.5181 21.6688 18.3042
v 34.1666 21.3988 18.21
v 34.4679 21.1352 18.1724
v 34.6499 20.8276 18.0971
v 34.8069 20.5263 17.9276
v 34.4553 20.2501 17.8774
v 34.6436 19.8609 17.8397
v 34.5118 19.2395 17.6577
v 35.0705 19.183 17.7267
v 35.4471 19.0449 17.4631
v 35.5915 18.6746 17.3815
v 35.6794 18.2728 17.0802
v 35.7735 17.8711 16.9044
v 35.8614 17.5447 16.6408
v 35.8426 17.0613 16.3206
v 36.2255 16.8856 16.0381
v 36.4766 16.6219 15.7306
v 36.5017 16.2076 15.5109
v 36.7904 15.9314 15.2472
v 37.0729 15.6866 14.9083
v 37.3742 15.4544 14.563
v 37.5437 15.1845 14.1927
v 37.732 14.8831 13.7093
v 38.0333 14.6697 13.3264
v 38.3597 14.9271 13.3515
v 38.6799 15.1782 13.3766
v 39.0377 15.4544 13.4645
v 39.408 15.2974 13.1632
v 39.747 15.197 12.9435
v 40.0985 15.4669 12.9937
v 40.494 15.7745 13.0942
v 40.8455 16.0507 13.182
v 41.2535 16.3646 13.3892
v 41.5987 16.1511 13.1004
v 42.0319 15.9942 12.8368
v 42.4085 16.2892 13.0251
v 42.76 16.5591 13.0565
v 43.1115 16.8353 13.0628
v 43.4442 17.0927 13.1004
v 43.7769 17.3563 13.0942
v 44.1222 17.62 13.1381
v 44.4172 17.8522 13.0879
v 44.6683 17.6012 12.5983
v 44.9821 17.4254 12.1714
v 45.3085 17.6765 12.1651
v 45.5847 17.3752 11.6002
v 45.6098 16.8981 11.1294
v 45.5973 16.3834 10.6147
v 45.252 16.1197 10.577
v 44.9445 15.8749 10.5707
v 44.6243 15.6301 10.5582
v 44.2351 15.3288 10.4138
v 43.9276 15.084 10.4452
v 44.0719 14.7764 9.83631
v 43.802 14.563 9.90536
v 43.4944 14.3245 9.93047
v 43.6012 13.9416 9.52873
v 43.2685 13.6779 9.53501
v 42.9107 13.4017 9.44085
v 42.5278 13.1067 9.36552
v 42.5466 12.6673 8.89474
v 42.5089 12.2216 8.51183
v 42.1888 11.9643 8.53066
v 41.8436 11.7006 8.52438
v 41.9816 11.4433 8.2733
v 41.6113 11.1608 8.18542
v 41.2535 10.8783 8.0536
v 40.9396 10.6335 8.14148
v 40.5944 10.3699 8.11637
v 40.2429 10.0937 8.03477
v 39.8537 9.79237 7.98455
v 39.4331 9.46596 7.73346
v 39.1255 9.22115 7.6958
v 39.3578 8.95123 7.32545
v 39.6528 8.76292 6.93626
v 39.7156 8.39884 6.66007
v 40.0734 8.68131 6.77306
v 40.3935 8.50555 6.60985
v 40.6446 8.21053 6.23322
v 40.9271 7.94688 5.8001
v 41.2912 7.71463 5.61806
v 41.2535 7.26267 5.34186
v 41.5485 7.03042 4.99662
v 41.4858 6.52825 4.65138
v 41.1531 6.26461 4.60116
v 41.7682 6.3211 4.24336
v 41.9942 6.12651 3.99855
v 42.3834 5.95075 3.40222
v 42.8918 5.90681 3.11347
v 43.2685 5.76871 2.66152
v 43.5823 5.59923 2.35394
v 43.5196 5.07822 2.39788
v 43.9841 5.0029 2.34138
v 44.3419 5.27281 2.40415
v 44.7499 5.59295 2.5548
v 44.6243 5.93192 2.70546
v 45.0072 6.23322 2.83728
v 45.0826 6.7605 2.76195
v 44.9319 7.05553 2.78078
v 45.2772 7.32545 2.81844
v 45.5847 7.56398 2.84355
v 45.7982 7.31917 2.85611
v 46.3819 7.29406 2.99421
v 46.1309 7.57026 2.92516
v 46.2815 8.10381 2.86866
v 45.9237 7.82762 2.85611
v 45.7354 8.11009 2.91888
v 46.0744 8.37373 2.92516
v 46.5828 8.76919 3.37711
v 47.1415 8.3549 3.06325
v 47.085 8.72525 3.1888
v 47.2921 8.88846 2.91888
v 47.3988 8.55577 2.93143
v 47.6436 7.8339 3.24529
v 47.2042 7.93433 3.30179
v 47.5244 7.30034 3.21391
v 47.8069 7.52004 3.1323
v 47.9763 7.65186 2.831
v 47.5558 8.20425 3.41478
v 47.7127 8.80058 2.84983
v 47.5872 9.11444 2.86239
v 47.8822 9.34041 2.80589
v 48.5413 8.97006 2.79334
v 48.422 8.44278 2.76823
v 48.7421 8.68759 2.74312
v 48.3592 9.30275 2.81844
v 48.4408 9.77982 3.33945
v 48.3216 10.1188 3.63448
v 48.1647 10.4389 3.95461
v 48.014 10.7967 4.43168
v 48.1207 11.2487 4.68276
v 48.4973 11.5374 4.77064
v 48.466 11.9392 4.99034
v 48.8489 12.2405 5.07822
v 49.2318 12.5355 5.21632
v 49.6398 12.8493 5.37325
v 50.0227 13.1507 5.51762
v 50.4182 13.4582 5.69338
v 50.7257 13.2699 5.49879
v 51.1086 13.5649 5.59923
v 51.5104 13.8788 5.75616
v 51.5857 14.3621 6.20183
v 51.9498 14.6446 6.3211
v 52.339 14.5191 6.16417
v 52.3139 14.9271 6.39643
v 52.7281 15.2409 6.57846
v 53.1236 15.128 6.49686
v 53.4563 15.0087 6.4592
v 53.8266 15.3037 6.52197
v 54.2912 15.1845 6.17045
v 54.8184 15.1468 5.95703
v 55.1951 15.4418 6.1014
v 55.6847 15.3916 5.85031
v 56.0676 15.2723 5.68083
v 56.4379 15.5611 5.73732
v 56.8209 15.379 5.34186
v 57.21 15.2472 5.14099
v 57.5113 15.4795 5.09705
v 57.8126 15.7117 5.07195
v 58.1453 15.9691 5.07822
v 58.4717 16.2202 5.07195
v 58.3336 16.5591 5.14727
v 58.0637 16.3457 5.24771
v 57.6745 16.5152 5.65572
v 57.3481 16.6784 5.98841
v 56.9025 16.7663 6.2395
v 56.802 17.1304 6.76678
v 56.7267 17.5509 7.32545
v 57.0782 17.8209 7.35055
v 57.4423 18.1033 7.43843
v 57.8691 17.959 7.04297
v 57.7436 18.3356 7.43216
v 57.7373 18.7059 7.58909
v 57.5867 19.0135 8.08498
v 57.5616 19.4529 8.40512
v 57.8691 19.6915 8.44278
v 57.9319 20.1999 8.7943
v 58.3023 20.4887 8.85707
v 58.7166 20.3506 8.80686
v 59.0618 20.6142 8.91984
v 59.4635 20.9218 9.08933
v 59.8778 21.2482 9.25881
v 60.3549 21.1603 9.34041
v 60.6374 20.9532 9.02656
v 60.9261 20.8025 8.82569
v 61.3341 20.6456 8.42395
v 61.5978 20.4008 8.21053
v 62.056 20.3254 7.94688
v 62.4201 20.6079 8.07243
v 62.759 20.4573 7.84017
v 63.1608 20.2941 7.45099
v 63.2549 19.9237 7.18735
v 63.5437 20.1497 7.10575
v 63.8199 20.3631 7.03042
v 64.1275 20.6016 7.00531
v 64.0459 20.9783 7.26267
v 64.3848 21.2419 7.26895
v 64.7238 21.5056 7.36311
v 65.0502 21.7566 7.31917
v 65.3641 22.0014 7.29406
v 65.6528 22.2274 7.30661
v 66.0357 22.083 6.9802
v 66.337 22.3153 6.93626
v 66.6258 22.535 6.87349
v 66.9334 22.7798 6.86094
v 67.2598 23.0309 6.89232
v 67.5422 23.2506 6.83583
v 67.4606 23.6272 7.05553
v 67.3602 24.0164 7.34428
v 67.2912 24.3868 7.6142
v 67.2221 24.7634 7.95316
v 67.2912 25.2656 8.12892
v 67.5422 25.4602 8.02221
v 67.7996 25.661 7.89667
v 68.0946 25.8933 7.74602
v 68.3583 26.0942 7.60792
v 68.1197 26.3829 7.82134
v 68.0695 26.7219 7.85273
v 67.7808 26.9227 8.12892
v 68.0507 27.1299 8.75664
v 68.0256 27.5693 9.12699
v 68.013 28.0275 9.24626
v 68.2767 28.2284 9.12699
v 68.6156 28.492 9.22743
v 69.0174 28.8059 9.41574
v 69.3563 28.605 9.15838
v 69.6576 28.8373 9.14582
v 70.0154 28.6552 8.90101
v 70.3105 28.8812 8.8508
v 70.5804 28.6678 8.55577
v 70.9194 28.5548 8.41767
v 71.1956 28.7682 8.3549
v 71.5282 29.0319 8.46789
v 71.8358 29.2641 8.40512
v 72.1308 29.4964 8.38629
v 72.1497 29.8856 8.493
v 72.4384 30.1115 8.40512
v 72.7335 30.3438 8.38001
v 73.0285 30.5698 8.34235
v 73.3361 30.8083 8.33607
v 73.6311 31.0406 8.30468
v 73.9449 30.9025 8.12265
v 74.422 30.7957 7.82134
v 74.9305 30.7455 7.58909
v 75.2569 30.5572 7.65814
v 75.508 31.1912 7.40705
v 75.8155 31.4297 7.338
v 75.577 31.6934 7.46354
v 75.4326 32.0575 7.98455
v 75.4703 32.4655 8.14775
v 75.4891 32.9049 8.493
v 75.4452 33.3317 8.69387
v 75.7465 33.564 8.61854
v 75.69 33.9845 8.90101
v 76.0227 34.2419 8.9324
v 76.3365 34.4867 8.84452
v 76.6127 34.7001 8.77547
v 76.914 34.4679 8.54322
v 77.184 34.675 8.41139
v 77.3283 34.3361 8.3549
v 76.8575 34.8885 8.6311
v 76.6065 35.127 8.99517
v 76.845 35.3153 8.83824
v 76.4935 35.5601 9.02028
v 76.7759 35.7735 8.93868
v 77.3158 35.6794 9.20232
v 77.2844 35.2211 9.66055
v 77.6673 35.0517 9.57895
v 77.592 35.4597 9.58522
v 78.0439 35.3467 9.65427
v 78.1695 34.9826 9.62289
v 77.7677 34.6688 9.39063
v 78.4394 34.7629 9.22115
v 78.1381 34.5369 9.30275
v 78.2322 34.2294 9.38435
v 78.4708 34.4114 9.27137
v 78.5273 33.9783 9.29647
v 79.1236 34.4428 9.19604
v 79.0797 34.4051 8.34862
v 79.3433 34.1666 9.05167
v 79.381 34.1917 8.36118
v 79.6948 34.4365 8.3549
v 79.7513 34.9261 8.48044
v 80.0212 35.1395 8.43023
v 79.6823 35.353 9.06422
v 79.6007 35.6668 9.014
v 80.2723 35.3279 9.02656
v 80.5297 35.535 8.96378
v 80.5987 35.1333 9.014
v 80.2849 36.2004 9.18976
v 80.6803 36.1251 9.18349
v 80.0275 36.8846 9.20859
v 79.676 37.0792 8.6562
v 79.3872 37.2863 8.90729
v 79.0357 37.5311 9.18349
v 78.7093 37.7697 9.36552
v 78.634 38.2028 9.62289
v 78.6779 38.661 9.8112
v 78.5587 38.9874 9.8928
v 78.8349 39.2009 9.82376
v 79.0922 39.4017 9.73588
v 79.0232 39.7721 9.98068
v 79.6258 39.816 10.2318
v 79.4751 40.1236 10.2632
v 79.3935 40.5191 10.3322
v 79.3684 40.8706 9.97441
v 79.6634 41.0966 9.91164
v 79.7513 41.5925 10.6586
v 80.0463 41.8247 10.6021
v 79.8894 42.1511 10.6774
v 79.3559 42.2139 10.1502
v 79.971 42.6847 10.0183
v 80.1154 43.2308 9.96185
v 80.4041 43.0237 10.3385
v 80.7745 43.3124 10.4264
v 81.1511 43.6074 9.88025
v 81.6219 43.5007 10.351
v 81.9734 43.7706 10.3887
v 82.1931 43.9464 10.1627
v 82.2496 44.4611 10.3385
v 82.9464 44.5302 10.4891
v 83.2163 44.7373 10.4075
v 83.7624 44.7059 10.508
v 83.8566 44.3481 10.3887
v 84.1391 44.2038 10.4577
v 84.1956 43.7832 10.5017
v 84.5533 44.0657 10.577
v 84.8107 43.8334 10.6586
v 85.1873 43.7141 10.5205
v 85.4698 43.9338 10.4515
v 85.6832 44.1033 10.1753
v 86.2042 44.0719 10.4829
v 86.4491 44.2665 10.3887
v 86.7755 44.5176 10.3824
v 87.2086 43.8648 10.0497
v 87.1709 43.325 10.4075
v 87.1835 42.8981 10.1627
v 87.6605 42.804 10.2632
v 87.7359 43.7581 10.2004
v 87.5413 44.6181 10.4075
v 88.0937 44.0343 10.3322
v 87.9995 44.4862 10.508
v 88.5268 44.3732 10.621
v 88.8532 44.1912 10.5958
v 88.8344 44.6118 10.5958
v 89.1608 44.8691 10.69
v 89.5814 44.7562 10.7528
v 89.7446 44.4172 10.8093
v 89.0352 43.8648 10.621
v 89.5374 43.7957 10.7088
v 89.8952 44.0719 10.8281
v 89.958 44.1222 11.7383
v 89.4558 44.1912 11.6567
v 89.6504 44.8064 11.6943
v 90.1337 44.7185 11.776
v 89.2863 44.5302 11.663
v 88.2694 45.183 10.6398
v 87.8991 44.8942 10.5456
v 87.5476 45.5471 11.0792
v 88.0372 45.4969 11.2487
v 88.3636 45.7479 11.2675
v 88.5582 45.4027 11.3428
v 88.985 45.7354 11.6379
v 89.0478 45.296 11.6253
v 88.7779 45.0826 11.663
v 88.169 45.1014 11.2173
v 88.508 44.8754 11.7508
v 88.2192 44.6494 11.7697
v 88.0183 44.9821 11.5625
v 87.6543 44.6997 11.4684
v 87.6982 44.2477 11.2549
v 87.1772 44.8252 11.3554
v 87.3718 45.409 11.3617
v 87.8112 45.3211 11.4433
v 88.3134 44.2038 11.619
v 87.9556 43.9276 11.5437
v 87.9556 43.4944 11.3114
v 87.466 43.5447 11.1231
v 87.2337 43.8836 10.8532
v 87.466 43.1178 10.8469
v 87.648 42.7914 11.0792
v 88.4703 42.9672 11.1608
v 88.395 42.4838 10.6649
v 88.2631 42.3771 11.142
v 87.9681 42.1511 11.2047
v 87.5413 42.2453 11.1106
v 87.1458 42.8667 11.6127
v 87.7296 41.5862 11.2361
v 87.309 42.0695 11.3052
v 88.0497 41.3539 11.2675
v 87.9932 41.3163 10.3134
v 88.2945 42.0256 10.3824
v 88.2506 41.0652 10.9788
v 88.6398 41.8122 11.1294
v 89.029 41.6615 11.4244
v 89.3365 41.9 11.393
v 89.7508 42.2265 11.5876
v 89.6881 42.6282 11.4056
v 89.4935 42.9483 11.776
v 89.4684 43.3124 11.776
v 89.7948 43.5698 11.8136
v 90.1777 43.4819 11.8638
v 90.4915 43.7267 11.9078
v 90.7426 43.9213 11.7697
v 90.3848 44.028 11.8199
v 90.1337 43.8271 11.9078
v 89.393 43.6828 11.9203
v 88.9411 43.7895 11.9078
v 89.0227 44.323 11.7006
v 88.7716 44.1284 11.7948
v 88.9913 44.731 11.7571
v 89.2863 44.9633 11.7006
v 89.5562 45.1704 11.6504
v 89.3617 45.5345 11.5876
v 88.4075 46.2125 11.6002
v 88.9536 46.2125 12.0521
v 88.9223 46.6142 12.071
v 88.7088 46.8653 11.9141
v 88.5268 47.154 11.9454
v 88.7339 47.7692 11.958
v 89.098 48.0517 11.3052
v 88.9913 48.3404 12.253
v 89.3114 48.5915 12.2718
v 88.8595 48.6668 12.366
v 88.2569 48.6605 12.14
v 87.9995 48.4534 12.3535
v 87.4722 48.5162 12.4288
v 87.3153 48.83 12.4351
v 86.7755 48.9116 12.4288
v 86.606 49.282 12.592
v 86.3737 49.1062 12.0208
v 86.3172 49.5896 11.6253
v 86.4553 49.1753 11.506
v 86.198 48.466 11.7885
v 86.2231 48.9932 12.4099
v 85.6958 49.1062 12.3535
v 86.4867 48.6919 12.4978
v 86.9889 48.1458 12.0019
v 86.0975 47.8822 11.6755
v 86.2294 47.9826 11.2298
v 86.1729 47.5118 11.6065
v 85.9155 47.311 11.6818
v 85.8778 47.7127 11.8827
v 85.1434 47.6436 11.4307
v 85.4008 47.8445 12.0584
v 85.8339 48.1772 12.4162
v 85.6079 48.5099 12.4539
v 86.0975 48.3844 12.3409
v 85.9406 48.7735 12.5292
v 85.3882 48.8677 12.3472
v 84.9237 48.9305 12.5229
v 84.9174 49.3761 12.8493
v 84.7668 49.759 13.2134
v 84.635 48.7045 12.5418
v 84.2332 48.8426 12.6548
v 83.6871 48.9179 12.7552
v 83.7122 48.4408 12.1902
v 83.097 48.4597 12.0208
v 82.8773 48.2902 12.2279
v 82.6953 48.1458 12.592
v 82.394 48.4032 12.9812
v 82.0174 48.4848 13.2385
v 81.9546 48.8802 13.4645
v 81.6972 48.6794 13.5775
v 81.3708 48.4283 13.5649
v 81.0884 48.6605 13.8851
v 80.7619 48.8551 14.1864
v 81.1386 49.1502 14.3308
v 80.4606 48.6229 14.1236
v 80.0401 48.6982 13.9604
v 79.7702 48.083 13.2323
v 79.4061 48.2086 13.2323
v 79.1362 48.9305 13.226
v 78.7407 49.1313 13.1507
v 78.3076 49.2318 13.1695
v 78.0251 49.0121 13.2134
v 78.0377 48.5852 12.9372
v 77.592 48.6731 12.8745
v 77.4664 49.0497 12.9372
v 77.2718 48.422 12.8556
v 77.2279 48.8677 13.069
v 76.9015 49.0874 13.4017
v 77.0208 48.7045 13.3013
v 76.6943 48.4471 13.2323
v 76.7006 48.9305 13.6779
v 76.6755 49.3824 14.0043
v 76.393 49.1627 14.0232
v 76.2487 49.4515 14.2115
v 76.7132 49.8155 14.563
v 77.1777 50.1733 14.1424
v 77.3158 49.4075 14.4124
v 77.661 49.6774 14.4437
v 77.5355 50.0541 14.5756
v 77.8682 50.7132 15.0275
v 78.1569 50.9392 14.9773
v 78.1381 51.3974 14.8015
v 77.8996 51.2091 14.971
v 77.3911 51.2907 14.9647
v 76.9078 51.4037 14.9083
v 76.9768 50.9705 14.789
v 76.4181 51.4602 14.2931
v 75.9285 51.5669 14.3056
v 75.7653 51.9686 14.5818
v 75.7277 52.4833 15.0464
v 75.7026 52.8914 15.4669
v 75.5707 53.2429 15.8498
v 75.4452 53.6446 16.1511
v 75.0999 53.3684 16.1323
v 74.6166 52.9981 16.4211
v 74.309 53.2303 16.3897
v 73.8947 52.9102 16.1951
v 73.606 52.6842 16.2265
v 73.9638 52.4833 16.4148
v 74.2086 52.182 16.2076
v 73.6436 52.2323 16.3332
v 73.3674 52.4959 16.3771
v 73.0661 52.2636 16.4713
v 73.5055 51.6296 16.0319
v 73.8885 51.9309 16.1888
v 74.0391 51.592 15.9879
v 73.6876 51.3221 15.1468
v 73.4302 51.5731 15.0715
v 73.9198 51.5041 14.9334
v 73.4302 52.069 15.128
v 73.1289 51.8368 15.084
v 72.8402 52.0879 15.0966
v 72.5389 51.8493 15.1845
v 72.1497 51.9498 15.5422
v 71.9049 51.7615 15.6866
v 71.7856 52.1318 16.0068
v 71.5408 52.3641 16.057
v 71.0261 52.408 16.1009
v 70.844 52.6528 16.4022
v 70.5741 52.4394 16.4901
v 70.141 52.5273 16.7977
v 70.0719 52.9102 17.1931
v 69.802 52.703 17.2496
v 69.6765 53.0859 17.7393
v 69.2622 53.155 18.1159
v 68.9797 52.9353 18.1912
v 68.7412 53.2178 18.5741
v 68.4587 52.9918 18.6369
v 68.1386 52.7533 18.6369
v 67.7619 52.9353 18.7248
v 67.4167 53.1299 18.8629
v 67.0338 52.8286 18.6557
v 66.6697 52.5461 18.5113
v 65.9102 52.8411 18.8252
v 66.5379 52.8474 19.0072
v 65.5084 52.5273 18.6243
v 65.2009 52.7846 18.8943
v 64.9372 53.1236 19.2207
v 64.6422 52.8914 19.3337
v 64.4853 53.2554 19.6224
v 64.1902 53.0232 19.6852
v 63.8952 52.7909 19.6977
v 63.6127 52.5649 19.7982
v 63.3365 52.8537 20.1685
v 63.0917 52.6654 20.3192
v 62.8469 53.0106 20.5828
v 62.5519 53.2931 20.79
v 62.2632 53.0671 20.9281
v 62.0309 53.2743 21.0787
v 61.7798 53.5128 21.2356
v 61.5036 53.2994 21.2984
v 61.2274 53.0859 21.3486
v 60.9763 53.337 21.6311
v 60.719 53.1362 21.7692
v 60.4679 52.9353 21.8696
v 60.2231 52.747 21.9387
v 60.0097 53.0294 22.0705
v 59.9029 53.3433 22.5727
v 59.5703 53.0797 22.535
v 59.2752 52.8474 22.5664
v 58.8672 52.9918 23.0309
v 58.3274 53.0608 23.4075
v 57.7875 53.2052 23.6084
v 57.4486 52.9353 23.5582
v 56.9276 53.0357 23.6335
v 56.5698 52.7595 23.5456
v 56.2245 53.0106 23.7842
v 55.8291 53.224 23.8344
v 55.2013 53.2743 23.9788
v 54.8059 53.4061 24.1231
v 54.4795 53.1487 24.0541
v 54.1405 53.3621 24.211
v 53.8266 53.1173 24.2173
v 53.3747 53.2366 24.2424
v 53.0169 52.9541 24.1545
v 52.6717 53.155 24.3303
v 52.339 52.8976 24.2487
v 51.9812 52.9604 24.2801
v 51.6548 52.7093 24.2236
v 51.3472 52.4645 24.1922
v 51.0459 52.5775 24.3742
v 50.8262 52.7784 24.4433
v 50.5374 53.0232 24.5186
v 50.2298 53.1989 24.732
v 50.1859 52.7533 24.4495
v 49.8846 52.929 24.6881
v 49.5645 52.6779 24.6127
v 49.1816 52.8914 24.6127
v 48.8551 53.2178 24.7822
v 48.5287 52.9604 24.7508
v 48.2086 52.7093 24.6943
v 47.8131 52.9855 24.7948
v 47.3988 53.1424 24.9203
v 47.085 52.8976 24.958
v 46.7397 52.6277 24.9015
v 46.2941 52.816 24.9643
v 45.7542 52.929 25.1149
v 45.365 53.1864 25.4853
v 44.9633 53.381 25.5983
v 44.6118 53.1048 25.5041
v 43.9527 53.1424 25.3409
v 43.4128 53.2743 25.4099
v 43.0739 53.0106 25.3535
v 42.4273 53.0734 25.2342
v 42.1072 52.8286 25.14
v 41.7682 52.5587 25.0521
v 41.4355 52.295 25.027
v 40.8706 52.3515 24.9454
v 40.5379 52.0879 24.8827
v 40.0106 52.2134 24.8576
v 39.6717 51.9498 24.8387
v 39.8851 51.5794 24.8011
v 39.5712 51.3283 24.7634
v 39.2323 51.0647 24.7383
v 38.8933 50.8011 24.6881
v 38.5606 50.5437 24.6441
v 38.2154 50.2738 24.6253
v 37.8827 50.0101 24.5876
v 37.5688 49.7653 24.5374
v 37.2361 49.5017 24.4935
v 36.9097 49.2506 24.4307
v 36.5582 48.9681 24.3052
v 36.3259 49.3322 24.3114
v 35.7673 49.4515 24.3868
v 35.4346 49.7653 24.3993
v 34.9387 49.8846 24.4684
v 34.5746 49.5958 24.3742
v 34.2419 49.3322 24.3428
v 33.9092 49.0748 24.2926
v 33.564 48.8049 24.1859
v 33.225 48.535 24.0855
v 32.8672 48.8238 24.1796
v 32.4153 49.0246 24.3366
v 31.8817 49.1753 24.3993
v 31.3419 49.2318 24.437
v 31.0343 49.4766 24.8011
v 30.5258 49.6084 24.9078
v 30.212 49.3573 24.8764
v 30.0864 49.8281 25.0584
v 29.7851 49.5896 25.027
v 29.5466 49.9034 25.0082
v 29.1135 49.5707 24.7697
v 28.7682 49.2945 24.7069
v 28.31 49.5393 24.8513
v 27.8015 49.7528 24.9329
v 28.0087 49.3008 24.8827
v 27.4061 49.4389 24.7697
v 27.0985 49.803 25.4664
v 27.7011 49.6712 25.4476
v 28.1405 50.0164 25.705
v 27.5379 50.1482 25.7301
v 28.4418 50.2549 25.7301
v 27.0985 50.3428 25.7175
v 26.8914 50.6943 25.8745
v 26.7156 51.0019 26.0188
v 26.9416 51.1777 26.5336
v 26.5147 51.3158 26.0502
v 26.7595 51.5041 26.6152
v 26.182 51.9435 26.6465
v 27.0483 52.1569 27.0169
v 26.747 52.3892 27.2429
v 25.9874 52.3139 26.6968
v 25.6673 52.6089 26.9165
v 25.6799 53.1236 27.3935
v 25.2154 53.3308 27.6572
v 24.9392 53.1236 27.7199
v 24.2361 53.1362 27.9271
v 23.7026 53.3056 28.015
v 23.0686 53.3621 27.858
v 22.7296 53.0985 27.7639
v 22.422 52.86 27.7702
v 22.1395 52.6403 27.8141
v 21.6813 52.8286 28.1844
v 21.3737 52.59 28.1593
v 20.8967 52.7156 28.4732
v 20.564 52.9918 28.6615
v 20.1246 53.0922 28.9879
v 19.5722 53.1362 29.0381
v 18.9005 53.1236 29.3959
v 18.4862 52.7972 29.1511
v 18.1975 52.5712 29.2704
v 17.7016 52.7219 29.4399
v 17.2622 52.8725 29.6282
v 16.7537 53.0357 29.8353
v 16.4336 52.7909 29.8856
v 15.9691 52.9604 30.0864
v 15.7243 53.3245 30.2245
v 15.3853 53.0608 30.1241
v 14.9961 52.7595 29.9923
v 14.3935 52.8035 29.9985
v 13.8349 52.9227 29.9985
v 13.2134 53.0169 30.0802
v 12.6799 53.2303 30.3312
v 12.1777 53.3433 30.4317
v 11.8136 53.0608 30.3438
v 11.4119 52.747 30.2057
v 11.1169 53.0106 30.2936
v 10.7402 52.7156 30.1806
v 10.3699 52.4268 30.0739
v 10.0121 52.6654 30.4317
v 9.68566 52.408 30.3877
v 9.44085 52.7281 30.6074
v 9.18349 52.9792 30.846
v 8.82569 52.703 30.7832
v 8.32979 52.8662 31.0594
v 7.97827 52.59 30.9841
v 7.60164 52.3013 30.8711
v 7.26895 52.6089 31.1787
v 6.91743 52.8976 31.4548
v 7.80251 51.9058 30.5509
v 7.71463 51.3786 30.2747
v 7.90294 51.0145 30.0237
v 7.98455 50.5688 29.6596
v 8.2168 50.2549 29.4336
v 8.36118 49.8595 29.1386
v 8.58088 49.4013 28.9691
v 8.83196 49.0183 28.7745
v 9.06422 48.6417 28.6427
v 9.56012 48.5099 28.536
v 9.8112 48.1521 28.379
v 10.0497 47.8006 28.2974
v 10.1753 47.3361 27.9522
v 10.1627 46.8339 27.4312
v 10.6084 46.6393 27.1927
v 10.7026 46.1999 26.8474
v 10.8469 45.8358 26.5963
v 10.9976 45.5157 26.3829
v 11.4119 45.3023 26.295
v 11.55 44.9131 26.0314
v 12.071 44.7687 25.8619
v 12.2467 44.3481 25.7489
v 12.7552 44.1598 25.6736
v 13.2825 44.0029 25.6108
v 13.6026 44.254 25.6359
v 14.1864 44.141 25.6924
v 14.5379 44.4109 25.7364
v 14.9899 44.254 25.6548
v 15.423 44.5992 25.9184
v 15.8247 44.9068 26.0879
v 15.6803 45.3085 26.2197
v 16.0068 45.5596 26.2574
v 16.352 45.8295 26.3641
v 16.7286 46.1246 26.4582
v 17.0425 46.3694 26.4268
v 17.507 46.225 26.3264
v 17.8397 46.4824 26.3829
v 18.1849 46.7586 26.4268
v 18.4925 46.9971 26.4394
v 18.9005 46.7648 26.3452
v 19.2144 47.0159 26.3076
v 19.4969 47.2356 26.2511
v 19.9425 47.0661 26.113
v 20.2627 47.3172 26.1381
v 19.8484 47.5118 26.3452
v 20.2815 47.8508 26.5524
v 19.5345 47.8131 26.5963
v 19.9488 48.1333 26.7846
v 20.3003 48.4095 26.8411
v 20.6707 48.1521 26.6842
v 21.0536 47.9324 26.5775
v 20.9783 48.3906 26.7093
v 21.2231 48.5852 26.521
v 21.3926 48.2023 26.5712
v 21.5809 48.3467 26.2825
v 21.3486 49.2318 26.4771
v 21.7441 48.4722 26.6403
v 22.2588 48.8802 26.3264
v 22.1647 48.3404 26.6152
v 22.2023 47.9387 26.2385
v 21.832 47.6562 25.4099
v 21.3298 47.6813 25.4162
v 21.1917 47.5746 25.8054
v 22.9242 48.9367 26.2762
v 23.2192 49.1627 26.1946
v 23.7214 49.1313 26.182
v 23.9285 48.8175 26.1255
v 24.2361 49.0623 26.0565
v 24.3993 48.7421 25.9309
v 24.5249 49.282 26.0565
v 24.7822 49.0435 26.069
v 24.958 48.6605 25.8807
v 24.6692 48.4346 25.9121
v 25.0459 49.2506 25.9372
v 25.2216 48.874 25.7991
v 25.3032 48.9367 25.2781
v 24.8136 49.5142 25.9937
v 25.184 49.803 26.1193
v 24.6881 49.8909 26.1946
v 25.1149 50.2173 26.4017
v 25.5041 50.0541 26.1946
v 25.7866 49.8281 26.1695
v 25.7615 50.2549 26.0879
v 26.0565 50.0415 26.0879
v 26.3327 49.7402 25.3911
v 26.5712 50.4433 25.8619
v 26.6968 50.029 25.5229
v 26.6654 49.464 25.1212
v 26.2762 49.1627 24.9768
v 25.9498 49.4452 25.2781
v 25.5292 49.1125 25.0773
v 25.6861 48.6982 24.9831
v 25.2028 48.3216 24.6441
v 25.7112 48.1144 24.4746
v 25.3095 47.8006 24.3617
v 24.8889 48.0768 24.6692
v 24.732 47.9512 24.9768
v 24.1608 48.0454 24.7634
v 23.9662 48.4032 24.9517
v 24.1168 47.4742 24.3554
v 24.3554 47.0536 24.9768
v 24.8889 46.8653 24.9831
v 25.2091 46.5075 24.5311
v 25.4288 46.1811 24.4433
v 25.548 46.7774 23.8344
v 25.7677 46.451 23.803
v 25.9561 47.0975 24.0415
v 26.2887 46.8527 24.3114
v 26.6968 46.6079 24.0164
v 26.1632 46.1873 23.5707
v 25.7301 45.8547 23.3008
v 26.408 45.8547 23.6649
v 25.9058 45.4655 23.2192
v 25.9435 45.0072 22.8238
v 26.0439 44.6055 22.6041
v 25.6422 44.2916 22.5162
v 25.9498 43.959 22.5225
v 26.069 43.5007 22.3153
v 26.0439 42.9169 22.0956
v 25.6736 42.6282 21.9638
v 25.2781 42.3206 21.8131
v 24.9078 42.0319 21.6939
v 24.6127 42.3583 21.8194
v 24.2487 42.0758 21.6939
v 23.8281 41.7431 21.4742
v 23.3887 41.4041 21.2042
v 22.8426 41.5297 21.2168
v 22.2337 41.6238 21.2168
v 22.1082 42.0068 21.3298
v 21.7629 41.7368 21.2796
v 21.4177 41.4669 21.2105
v 21.0473 41.1719 21.1289
v 20.6707 40.8831 21.0222
v 20.2501 40.5567 20.8151
v 19.9425 40.3119 20.8025
v 19.6098 40.5316 21.154
v 19.3148 40.3056 21.2105
v 18.9759 40.0357 21.1854
v 18.4674 40.1675 21.267
v 18.4297 40.7074 21.5997
v 17.8962 40.7953 21.6311
v 17.8774 41.3728 22.0266
v 17.9652 42.057 22.0642
v 18.323 42.3394 22.1207
v 17.959 42.6596 22.5601
v 17.4756 42.283 22.2337
v 18.1096 40.4563 21.5056
v 17.8271 40.2366 21.5683
v 18.0406 39.8349 20.9908
v 18.1787 39.4143 20.8151
v 18.3105 39.0314 20.6644
v 18.4486 38.6548 20.5765
v 18.6683 38.2593 20.3945
v 18.8001 37.8073 20.2313
v 19.0637 37.4558 20.0241
v 19.2709 37.1043 20.0179
v 19.5031 36.7214 19.9237
v 19.4843 36.1502 19.817
v 19.9425 35.9619 19.7605
v 20.1999 35.6668 19.7793
v 20.859 35.6166 20.0053
v 20.9783 35.1521 19.7542
v 21.2105 34.7817 19.5659
v 21.2042 34.2733 19.3399
v 21.4177 33.8716 19.2395
v 21.6813 33.5389 19.183
v 21.9952 33.2501 18.7938
v 22.1019 32.8484 18.5741
v 21.6939 32.5282 18.4172
v 21.3172 32.2332 18.2352
v 20.9469 31.9445 18.1473
v 20.5577 31.6369 18.0468
v 20.8276 31.2665 17.7581
v 20.4761 30.9966 17.6514
v 20.7711 30.6388 17.394
v 20.8276 30.168 17.3752
v 21.1729 30.0237 16.5717
v 21.3926 29.7161 16.3583
v 21.2859 29.2578 16.1574
v 21.2607 28.9 16.0507
v 21.2168 28.5171 15.8687
v 21.2482 28.0777 15.7494
v 21.3675 27.6948 15.6615
v 21.7378 27.5065 15.5799
v 21.8006 27.1173 15.4983
v 22.2086 26.8914 15.4418
v 22.5664 26.6528 15.31
v 22.9054 26.3955 15.1531
v 23.1376 26.069 15.0526
v 23.4389 25.7364 14.9522
v 23.7591 25.4978 14.8329
v 24.0478 25.2656 14.8455
v 24.2801 25.0521 14.7074
v 24.5437 24.8073 14.676
v 24.7634 24.5374 14.4563
v 25.1275 24.3805 14.5379
v 25.4476 24.2487 14.5567
v 25.7426 23.9662 14.3998
v 26.1004 24.2487 14.4563
v 25.8117 24.5374 14.6007
v 25.8054 24.914 14.6634
v 25.8745 25.4099 14.7199
v 25.6422 25.6673 14.9773
v 26.0126 25.9561 15.084
v 26.3578 26.2323 15.1531
v 26.182 26.5398 15.31
v 26.5336 26.816 15.3916
v 26.2009 26.9478 15.3853
v 25.9435 27.2115 15.4481
v 26.0502 27.7827 15.6866
v 25.7175 28.084 15.7808
v 25.5794 28.492 16.0193
v 25.184 28.6992 16.1762
v 24.8513 28.9565 16.3394
v 24.4809 29.2139 16.4022
v 23.985 29.2641 16.3771
v 24.0227 29.7726 16.4901
v 23.4577 29.804 16.4587
v 23.5142 30.325 16.7161
v 23.5205 30.6702 16.8667
v 23.1753 30.7455 16.7977
v 23.1816 31.1284 16.8228
v 22.9054 31.3795 17.6074
v 23.0372 31.9005 17.9841
v 22.9995 32.3839 18.1661
v 23.4577 32.7417 18.4235
v 23.1502 33.0869 18.5929
v 23.5205 33.3757 18.6808
v 23.8846 33.6644 18.8064
v 24.2361 33.9343 18.9131
v 24.2675 34.5432 19.1391
v 24.2236 34.9952 19.3964
v 24.1796 35.4973 19.7856
v 23.9976 35.8928 19.9676
v 24.3868 36.2004 20.1183
v 24.1608 36.5833 20.1811
v 24.5186 36.8658 20.3317
v 24.5311 37.3805 20.5703
v 24.9078 37.6755 20.6895
v 25.2593 37.9517 20.7962
v 24.9768 38.2844 20.8276
v 25.3597 38.5857 20.9406
v 25.7552 38.8933 21.0913
v 26.113 39.1695 21.1854
v 26.4896 39.4645 21.2859
v 26.8286 39.7344 21.3737
v 27.1801 40.0043 21.4553
v 27.7576 39.9102 21.3988
v 28.1405 39.703 21.2733
v 28.6929 39.5712 21.2545
v 29.0193 39.8286 21.3298
v 29.3583 39.5524 21.3863
v 29.8605 39.408 21.4051
v 30.4191 39.3578 21.5369
v 30.802 39.0816 21.4616
v 31.1787 38.7866 21.5056
v 31.2603 38.3409 21.4302
v 31.6683 38.2405 21.5244
v 31.6683 37.7697 21.5244
v 31.6118 37.3491 21.4365
v 31.5741 36.9788 21.3423
v 31.5804 36.6335 21.2859
v 31.662 36.2318 21.2105
v 31.8566 35.9054 21.198
v 31.9382 35.4911 21.2859
v 32.0637 35.1521 21.2356
v 31.7436 34.901 21.198
v 32.1077 34.6436 21.1791
v 32.4592 34.3988 20.9908
v 32.8233 34.1603 20.8778
v 33.1497 34.4177 20.8653
v 33.4698 34.6688 20.859
v 33.7774 34.9073 20.8276
v 34.0787 35.1458 20.8276
v 34.6374 35.0705 20.746
v 34.9261 34.7315 20.6016
v 35.2274 34.4804 20.5012
v 35.466 34.2042 20.4196
v 35.7924 34.4616 20.4259
v 36.1502 34.7378 20.5075
v 36.4954 35.0077 20.5514
v 36.7842 34.8382 20.564
v 37.0855 34.6248 20.564
v 37.4307 34.4491 20.6205
v 37.437 34.0159 20.6519
v 37.7508 33.3631 20.52
v 38.3786 33.3254 21.1164
v 38.1149 33.6456 20.6519
v 38.6548 33.5326 20.9908
v 38.5857 32.9802 21.3549
v 38.3158 32.7668 21.4239
v 38.5606 32.478 21.9324
v 38.2405 32.2269 21.8947
v 37.9203 32.4592 21.2419
v 37.8764 31.9382 21.8382
v 37.5876 32.1956 21.1729
v 37.5939 32.7103 20.7774
v 38.1024 31.5678 22.1898
v 38.2279 31.1724 22.2211
v 38.4413 30.8585 22.1395
v 38.1024 30.5949 22.0454
v 38.0773 30.1743 21.945
v 37.6379 29.8228 21.6876
v 37.663 29.3834 21.5432
v 37.1985 29.0193 21.2356
v 37.2236 28.5674 21.1478
v 37.2989 28.1531 21.0034
v 37.6943 28.4606 21.1917
v 37.8262 28.1782 21.0222
v 37.4998 27.9271 20.2878
v 36.9348 27.8769 20.1936
v 36.6398 27.6446 20.2313
v 36.2757 27.3559 20.1434
v 36.0309 27.1613 20.3129
v 36.508 27.1487 20.2125
v 36.7904 26.8914 20.0932
v 36.7653 26.4268 20.225
v 37.0101 26.2009 20.1434
v 37.2047 25.9623 19.9363
v 36.9474 25.7615 20.1183
v 37.3177 25.6171 19.7479
v 37.5751 25.3911 19.6726
v 37.6881 25.0208 19.4404
v 37.8387 24.732 19.1704
v 37.4935 24.4621 19.1516
v 37.1231 24.1733 19.0135
v 36.7591 23.8971 18.9256
v 36.2255 23.8783 19.001
v 36.3887 23.6021 18.8754
v 36.3322 23.0874 18.6871
v 35.9995 22.8238 18.662
v 35.6417 22.5476 18.6306
v 35.309 22.2902 18.5616
v 34.9261 21.9889 18.4297
v 34.8131 21.4051 18.2728
v 34.9638 21.0724 18.0908
v 35.1082 20.7648 17.9276
v 35.3027 20.3757 17.8334
v 35.0266 20.1622 17.9213
v 35.1835 19.7605 17.7769
v 34.9324 19.5596 17.8899
v 35.4032 19.4404 17.7079
v 35.8112 19.3274 17.4693
v 35.9179 18.9256 17.3752
v 36.0372 18.549 17.1366
v 36.0999 18.1222 16.9169
v 36.2004 17.8083 16.7161
v 36.4766 17.5572 16.3332
v 36.1376 17.2936 16.2892
v 36.508 17.1115 15.9754
v 36.8093 16.8793 15.7306
v 36.8344 16.465 15.5799
v 37.098 16.1637 15.2535
v 37.3679 15.9189 14.8204
v 37.663 15.6803 14.494
v 37.8576 15.4293 14.1236
v 38.1024 15.1719 13.7595
v 38.4162 15.4167 13.7595
v 38.7489 15.6741 13.7533
v 39.0628 15.9189 13.6968
v 39.3703 15.718 13.5084
v 39.7784 15.5862 13.3013
v 40.1048 15.8436 13.339
v 40.4563 16.1135 13.4143
v 40.7953 16.3771 13.5147
v 41.1719 16.6721 13.5838
v 41.6176 16.6533 13.452
v 42.0068 16.4713 13.2699
v 42.3771 16.7537 13.3955
v 42.7098 17.0174 13.408
v 43.0613 17.2936 13.452
v 43.3752 17.5321 13.4959
v 43.689 17.7769 13.5084
v 44.0154 18.0343 13.5147
v 44.3356 18.2791 13.5398
v 44.7185 18.0845 13.0439
v 44.9947 17.8522 12.5794
v 45.3274 18.1096 12.6045
v 45.6224 17.9213 12.1589
v 45.8986 17.62 11.6441
v 45.9237 17.1429 11.1106
v 45.9111 16.6282 10.6523
v 45.8547 16.1574 10.1376
v 45.5471 15.9189 10.1753
v 45.0198 15.5109 9.77982
v 44.7499 15.3037 9.88025
v 44.3984 15.0275 9.8677
v 44.5553 14.6823 9.51617
v 44.2226 14.4249 9.49734
v 43.9401 14.2052 9.51617
v 43.8899 13.7156 9.07677
v 43.5886 13.4833 9.09561
v 43.2245 13.2009 8.99517
v 42.9169 12.9623 9.00145
v 42.8856 12.5104 8.58716
v 42.9421 12.1902 8.30468
v 42.6156 11.9392 8.29213
v 42.3143 11.7069 8.26702
v 42.5215 11.4119 7.87784
v 42.1762 11.142 7.89667
v 41.8059 10.8532 7.8339
v 41.4732 10.5896 7.74602
v 41.1091 10.3134 7.67069
v 40.7953 10.0686 7.66441
v 40.3056 9.68566 7.24384
v 39.9541 9.41574 7.20618
v 39.6465 9.17721 7.29406
v 39.9981 9.02656 6.95509
v 40.494 9.00145 6.95509
v 40.8204 8.83824 6.75422
v 41.0715 8.53694 6.41526
v 41.2347 8.18542 5.78126
v 41.605 7.95944 5.57412
v 41.5799 7.51376 5.34814
v 41.8687 7.27523 5.00917
v 41.8436 6.80444 4.70159
v 42.1072 6.58474 4.2873
v 42.3332 6.39015 3.96717
v 42.691 6.19556 3.43988
v 42.9923 6.42781 3.38967
v 43.1994 6.13906 3.05698
v 43.576 6.00724 2.64896
v 43.9464 5.87542 2.50459
v 43.9338 5.39836 2.54853
v 44.2854 5.66828 2.66779
v 44.3481 6.18928 2.62385
v 44.7875 6.53452 2.81217
v 44.6118 6.81072 2.78078
v 44.7122 7.31917 2.84355
v 45.07 7.59536 2.87494
v 45.409 7.859 2.93143
v 45.2144 8.15403 3.16369
v 45.6663 8.49927 3.52776
v 46.3443 9.02656 3.58426
v 45.6224 8.93868 4.09899
v 45.9739 9.21487 4.12409
v 46.3129 9.47851 4.14293
v 46.6393 9.25881 3.5466
v 46.9845 9.52245 3.50266
v 47.1164 9.18349 3.15741
v 46.8716 8.99517 3.30806
v 47.4616 9.44713 3.24529
v 47.9575 9.83003 3.59681
v 47.7817 10.1439 3.86045
v 47.6625 10.5205 4.37518
v 47.7692 10.9788 4.61371
v 47.8069 11.4307 4.94013
v 48.1207 11.6755 4.97779
v 48.0956 12.1086 5.15983
v 48.4597 12.3911 5.19749
v 48.8175 12.6673 5.32931
v 49.2004 12.9686 5.47368
v 49.5707 13.2511 5.57412
v 49.9599 13.5524 5.75616
v 50.3428 13.8474 5.94447
v 50.7948 13.747 5.83148
v 51.1965 14.0608 6.0198
v 51.2091 14.5253 6.36504
v 51.592 14.8204 6.50942
v 52.0063 15.1468 6.66634
v 52.3641 15.423 6.77933
v 52.703 15.6803 6.82327
v 53.4814 15.4104 6.62868
v 53.8141 15.6678 6.64751
v 54.1719 15.5674 6.57219
v 54.6678 15.4795 6.29599
v 55.057 15.7745 6.38387
v 55.5717 15.7306 6.19556
v 56.0362 15.6615 5.95703
v 56.3815 15.9252 6.0198
v 56.7644 15.8122 5.73105
v 57.1222 15.6176 5.32931
v 57.436 15.8561 5.26654
v 57.7562 16.1072 5.24143
v 57.3732 16.283 5.66828
v 57.0154 16.4211 5.98841
v 56.5886 16.5215 6.27716
v 56.4505 16.8605 6.65379
v 56.4066 17.2999 7.28778
v 56.4317 17.6953 7.45099
v 56.7769 17.959 7.50121
v 57.1096 18.2226 7.55142
v 57.4235 18.4611 7.5577
v 57.21 18.7185 7.99082
v 57.21 19.1767 8.3549
v 57.2979 19.7103 8.77547
v 57.6306 19.9676 8.80058
v 57.6557 20.4196 9.11444
v 57.9507 20.6456 9.06422
v 58.3085 20.9218 9.13327
v 58.6726 20.7774 8.97006
v 59.1246 21.1289 9.34041
v 59.5075 21.4239 9.46596
v 59.8841 21.7127 9.61033
v 60.3047 21.5746 9.55384
v 60.7315 21.4491 9.47223
v 60.9701 21.2105 9.08933
v 61.2588 21.0599 8.89474
v 61.717 20.9406 8.493
v 61.9305 20.6644 8.27957
v 62.2694 20.9218 8.3549
v 62.7402 20.859 8.07243
v 63.1043 20.7209 7.82762
v 63.4307 20.5075 7.34428
v 63.7006 20.7146 7.2564
v 63.6943 21.1791 7.72091
v 64.027 21.4365 7.70208
v 64.3409 21.6813 7.70835
v 64.6548 21.9198 7.73346
v 64.9812 22.1772 7.74602
v 65.2825 22.4095 7.70835
v 65.5712 22.6354 7.72718
v 65.9792 22.4722 7.29406
v 66.2617 22.6919 7.22501
v 66.494 22.8802 7.11202
v 66.8455 23.1502 7.15596
v 67.1782 23.4075 7.10575
v 67.0903 23.8155 7.43216
v 66.9773 24.142 7.65186
v 66.9208 24.5311 8.00338
v 66.7262 24.8262 8.24819
v 67.0024 25.0396 8.22308
v 67.1217 25.6108 8.43023
v 67.3853 25.8117 8.31096
v 67.6176 25.9937 8.14148
v 67.8687 26.1883 7.96572
v 67.8059 26.521 8.00338
v 67.5109 26.7156 8.21053
v 67.5422 26.3139 8.16659
v 67.2598 26.521 8.36118
v 67.31 26.1318 8.32351
v 67.0087 26.3264 8.54949
v 67.084 25.9561 8.49927
v 66.7764 26.1444 8.71898
v 66.8266 25.7552 8.62482
v 66.5065 25.9309 8.8508
v 66.5191 25.5167 8.64993
v 66.2178 25.7112 8.95751
v 66.0734 26.0565 9.65427
v 66.4312 26.3327 9.75471
v 65.8097 26.3139 10.0435
v 66.155 26.5838 10.1816
v 66.4437 26.8035 10.0874
v 66.7388 26.5712 9.67938
v 66.7262 27.0232 10.0623
v 67.0087 26.7846 9.64172
v 66.9836 27.224 9.92419
v 67.266 26.9792 9.52245
v 67.2849 27.4563 9.79237
v 67.5611 27.2115 9.44085
v 67.5548 27.6634 9.6731
v 67.7808 27.381 9.2902
v 67.7745 27.8392 9.48479
v 67.7368 28.2409 9.65427
v 67.9754 28.423 9.42829
v 68.2892 28.6741 9.41574
v 68.691 28.9816 9.5915
v 69.055 29.2641 9.67938
v 69.325 29.0444 9.44713
v 69.6263 29.2767 9.47223
v 69.9527 29.0633 9.13327
v 70.2854 29.3269 9.13955
v 70.6934 29.1825 8.99517
v 70.8817 28.9063 8.55577
v 71.252 29.1888 8.68759
v 71.5722 29.4399 8.64993
v 71.8798 29.6784 8.58716
v 71.8358 30.0676 8.7943
v 72.156 30.3187 8.83824
v 72.4886 30.576 8.83824
v 72.7586 30.7895 8.71898
v 73.0661 31.0217 8.66876
v 73.3612 31.254 8.61854
v 73.6813 31.5051 8.62482
v 73.9198 31.2603 8.29841
v 74.2274 31.1222 8.09754
v 74.7735 31.0657 7.82762
v 75.0623 31.2916 7.78368
v 75.3259 31.4988 7.67697
v 75.0999 31.8001 8.01593
v 75.1941 32.252 8.22936
v 75.1376 32.635 8.43023
v 75.1251 33.0806 8.69387
v 75.0811 33.5138 8.91984
v 75.4012 33.7586 8.89474
v 75.4515 34.2294 9.17721
v 75.7716 34.4804 9.20232
v 76.0666 34.7064 9.15838
v 76.3554 34.9324 9.12699
v 76.2612 35.3718 9.22743
v 76.1545 35.7798 9.26509
v 76.3993 35.9744 9.08933
v 76.6881 36.1941 9.04539
v 76.9517 36.4013 9.00772
v 77.1526 36.0686 9.08305
v 77.7364 36.0058 9.44085
v 77.9498 35.7422 9.71704
v 78.3327 35.5727 9.60406
v 78.8286 35.0705 9.40946
v 79.0546 35.2463 9.21487
v 79.0797 34.8822 9.19604
v 79.3433 34.6123 8.98262
v 79.4061 34.6625 8.43023
v 79.0671 35.2525 8.46789
v 79.3182 35.4534 9.0705
v 79.3119 35.8677 9.33414
v 79.6132 36.1062 8.52438
v 80.0966 35.6731 9.31531
v 79.5818 36.0811 9.23998
v 79.4186 36.4138 9.20232
v 79.3433 36.8218 9.34669
v 78.8851 36.464 9.0705
v 78.9353 35.5789 9.22743
v 78.6026 35.7798 9.49107
v 78.5147 36.1753 9.58522
v 78.0879 36.2757 9.49107
v 78.0753 36.7842 9.08305
v 78.7093 37.2738 9.15838
v 78 37.2173 9.20232
v 78.3766 37.5123 9.30275
v 78.3139 37.958 9.51617
v 78.3139 38.3786 9.7296
v 78.2699 38.7615 9.92419
v 78.0377 39.0063 9.92419
v 78.3829 39.2762 9.93674
v 78.7093 39.5273 9.93047
v 78.6528 39.9416 10.0937
v 78.9541 40.1801 10.0811
v 78.8411 40.4626 10.1878
v 78.9604 40.9836 10.2129
v 78.6842 40.7702 10.2443
v 78.4268 41.0212 10.1062
v 78.6779 41.6866 10.6712
v 79.2554 41.6615 10.5833
v 79.5002 41.4041 10.7779
v 78.9604 41.9063 10.577
v 79.5567 41.8938 10.5707
v 78.8411 42.2453 10.5958
v 78.6277 42.5843 9.9493
v 78.9165 42.8102 9.93674
v 79.268 43.0802 10.0121
v 79.7764 42.9672 9.89908
v 80.015 43.6639 10.2569
v 80.2535 43.846 10.0937
v 80.4041 43.4568 9.9493
v 80.7117 43.6953 9.92419
v 81.0758 43.9778 10.0183
v 81.8542 44.1535 10.0623
v 82.1429 44.8064 10.3071
v 82.3563 44.9696 10.0686
v 82.7957 44.8817 10.1
v 83.097 45.1202 10.1251
v 83.5553 45.0072 10.5707
v 83.9507 45.3085 10.7591
v 84.1893 45.0386 10.7716
v 84.2458 44.6557 10.5582
v 84.4278 44.4235 10.4515
v 85.1308 44.5113 10.4264
v 85.3003 44.2226 10.4075
v 85.52 44.3921 10.2067
v 85.8464 44.6432 10.2443
v 86.0536 44.3921 10.3573
v 86.3361 44.6055 10.2945
v 85.52 44.8126 10.5958
v 85.156 44.9884 10.7277
v 85.4698 45.2332 11.4935
v 84.8421 45.1202 11.1985
v 85.3192 45.4843 11.5939
v 85.9218 45.5847 11.1294
v 86.0975 45.2646 11.3177
v 86.5118 45.1642 11.0729
v 86.7378 45.7605 11.3177
v 86.8696 45.4404 11.1608
v 86.9198 45.0575 10.985
v 87.3969 45.001 10.4264
v 87.5036 45.93 11.1733
v 87.9807 46.3003 10.8595
v 87.5664 46.407 11.1482
v 88.0874 46.3819 11.8576
v 88.2129 46.9029 12.0019
v 88.1313 47.3047 11.9266
v 88.4577 47.5558 11.9768
v 88.2694 47.7755 12.0333
v 88.4389 48.3467 11.3303
v 88.1941 48.1521 12.2467
v 87.604 47.6939 11.5625
v 88.0623 47.2482 10.9976
v 87.5852 47.2545 11.1294
v 87.3279 47.4804 11.6504
v 87.127 47.7817 11.6943
v 87.0077 47.2356 11.6504
v 86.8571 47.5683 11.8073
v 86.6499 46.9532 11.5563
v 86.2482 47.0913 11.7446
v 85.9594 46.8716 11.8199
v 85.3757 46.8904 11.845
v 85.5891 47.4804 11.9266
v 84.9676 47.0034 11.9517
v 84.8233 47.3988 12.1463
v 84.7479 47.8445 11.958
v 85.156 48.1584 12.1149
v 85.1748 48.6919 12.5167
v 84.8735 48.466 12.5732
v 84.4215 48.1144 12.2405
v 84.2709 48.422 12.3911
v 83.9696 48.1898 12.3848
v 83.9068 47.7127 11.6881
v 83.3293 48.1395 12.0208
v 82.8773 47.3423 11.958
v 82.5698 47.5495 12.4162
v 82.4693 47.9701 12.7552
v 82.1743 48.2274 13.1444
v 81.7726 48.2902 13.408
v 81.4587 48.0517 13.3892
v 81.0695 48.196 13.6277
v 80.8435 48.466 13.9918
v 80.5674 48.2525 14.0797
v 80.1154 48.353 14.0734
v 80.8373 48.014 13.8349
v 80.8624 47.5872 13.3641
v 80.2912 47.5872 13.2323
v 80.5234 47.3172 13.295
v 80.128 47.0159 13.0753
v 79.971 47.3361 13.182
v 79.8455 47.6876 13.1067
v 79.3747 47.7817 13
v 78.816 47.7441 13.2511
v 78.7909 48.196 13.408
v 79.0922 48.4346 13.3829
v 78.6277 48.535 12.7489
v 78.4206 48.8802 13.1695
v 78.4645 47.9387 13.3641
v 77.7928 47.8822 12.9121
v 77.5418 48.2023 12.5292
v 77.2028 47.9387 12.5355
v 77.1463 47.8885 13.1067
v 76.6504 47.9387 13.6528
v 75.8658 48.2776 13.2385
v 76.4433 48.7296 13.7972
v 76.1043 48.9367 14.0734
v 75.9411 49.2129 14.1676
v 75.7653 49.5456 14.2115
v 76.3491 50.0039 14.8706
v 76.619 50.211 14.7513
v 76.8262 50.3742 13.816
v 76.1733 50.3428 15.0401
v 76.3742 50.9894 14.381
v 76.732 50.7822 14.9522
v 77.0459 50.5437 15.0715
v 77.2216 49.8093 14.5505
v 77.2844 50.732 14.9334
v 77.5731 50.4809 15.1028
v 76.1168 51.2216 14.2805
v 75.6335 51.3409 14.3308
v 75.4326 51.7112 14.4877
v 75.3196 52.1695 14.8267
v 75.3134 52.59 15.2912
v 75.1815 52.9416 15.6427
v 75.0121 52.8097 15.9503
v 74.8237 52.6591 16.2014
v 74.5287 52.4268 16.2265
v 74.6982 52.1067 16.057
v 74.3843 51.8619 16.0507
v 75.0686 51.9686 15.7055
v 75.3196 52.1632 15.5611
v 74.9932 51.9121 14.7764
v 74.6605 51.6485 14.7137
v 74.8363 51.2405 14.5442
v 74.353 51.4162 14.7137
v 74.1019 51.2154 14.7827
v 73.8759 51.0396 15.0087
v 73.3235 51.0333 15.0589
v 73.5997 50.8199 15.1028
v 73.1917 50.506 14.8078
v 72.9783 50.7634 14.9334
v 73.1415 51.3472 15.1405
v 72.8276 51.5983 15.1468
v 72.564 51.3911 15.197
v 72.3254 51.6799 15.4167
v 72.0744 51.4915 15.5862
v 71.817 51.2844 15.6866
v 71.6789 51.5857 15.9063
v 71.5408 51.9435 16.1511
v 71.2395 52.1318 16.17
v 70.9068 51.8745 16.126
v 70.7185 52.1632 16.1386
v 70.436 51.9435 16.1449
v 70.3042 52.226 16.5466
v 70.0531 52.0314 16.6596
v 69.8648 52.3076 16.9169
v 69.5007 52.4645 17.3187
v 69.3689 52.8474 17.7706
v 69.1053 52.6403 17.846
v 68.6784 52.6968 18.2226
v 68.4273 52.5084 18.3419
v 68.1323 52.2762 18.3607
v 67.8498 52.5273 18.6934
v 67.4732 52.7093 18.7248
v 67.0777 52.4017 18.5239
v 66.7137 52.1193 18.4486
v 66.3119 52.2636 18.3921
v 65.9792 52.4143 18.4486
v 65.6465 52.1569 18.4109
v 65.2322 52.3076 18.6808
v 64.9309 52.5649 18.9821
v 64.6736 52.3703 19.07
v 64.4037 52.703 19.4153
v 64.1024 52.4708 19.4278
v 63.8199 52.2448 19.4906
v 63.5437 52.0251 19.522
v 63.3052 52.3264 19.8295
v 62.9913 52.0816 19.8547
v 62.8093 52.4457 20.407
v 62.5958 52.8097 20.7146
v 62.2883 52.5712 20.7335
v 61.987 52.8474 20.9908
v 61.761 53.0546 21.1666
v 61.4534 52.8223 21.2042
v 61.1521 52.5838 21.2545
v 60.9575 52.8725 21.4239
v 60.6939 52.6654 21.5369
v 60.4114 52.4457 21.6123
v 60.1477 52.2385 21.7441
v 59.9218 52.5084 22.0203
v 59.7021 52.7846 22.1647
v 59.4133 52.5649 22.2274
v 59.156 52.3641 22.2714
v 59.0053 52.634 22.648
v 58.5408 52.7344 22.9932
v 58.0072 52.8097 23.3197
v 57.7185 52.5838 23.3008
v 57.0845 52.6528 23.508
v 56.7706 52.408 23.4389
v 56.2559 52.5147 23.5268
v 55.9169 52.7721 23.7402
v 55.465 52.9353 23.7591
v 54.8812 53.0232 23.9536
v 54.5485 52.7595 23.8783
v 54.1656 52.9039 24.0227
v 53.858 52.6654 24.0729
v 53.5002 52.8662 24.1608
v 53.1362 52.5775 24.0039
v 52.6528 52.6717 23.9913
v 52.3013 52.3955 23.9599
v 51.9937 52.6214 24.1922
v 51.6422 52.3515 24.1231
v 51.3158 52.0942 24.0729
v 51.027 52.2134 24.1671
v 50.7257 52.3201 24.2926
v 50.4684 52.4959 24.3805
v 50.1168 52.226 24.2926
v 49.8532 52.4896 24.3805
v 49.5268 52.2323 24.3177
v 49.2443 52.4268 24.5688
v 48.8551 52.634 24.5814
v 48.5287 52.3766 24.5625
v 47.8885 52.4582 24.6253
v 47.5118 52.747 24.776
v 47.198 52.5022 24.7885
v 46.8904 52.2636 24.7634
v 46.4447 52.3955 24.8889
v 45.9488 52.5461 24.9454
v 45.4278 52.6779 25.0584
v 44.957 52.8725 25.2154
v 44.6118 52.5963 25.1589
v 44.21 52.7909 25.3472
v 43.8585 52.5147 25.2467
v 43.6325 52.8914 25.297
v 43.2873 52.6214 25.2279
v 42.7161 52.7281 25.2656
v 42.3897 52.4708 25.1777
v 42.0381 52.2009 25.1086
v 41.6803 51.9184 25.0459
v 41.1217 52.0565 24.9643
v 40.7639 51.774 24.8638
v 40.2052 51.8242 24.8199
v 40.0797 51.2405 24.732
v 39.747 50.9768 24.6881
v 39.3766 50.6818 24.6567
v 39.0502 50.4307 24.6065
v 38.7301 50.1796 24.5563
v 38.4099 49.9348 24.5625
v 38.1086 49.69 24.5186
v 37.7822 49.4389 24.4684
v 37.437 49.169 24.437
v 37.0917 48.8991 24.3366
v 36.7277 48.6103 24.2173
v 36.2004 48.6919 24.2236
v 35.9681 49.0497 24.2487
v 35.4095 49.1753 24.3114
v 35.1207 49.5142 24.3742
v 34.8006 49.2694 24.2926
v 34.4616 48.9995 24.2738
v 34.1038 48.717 24.2047
v 33.7711 48.4597 24.1168
v 33.3757 48.1521 24.0039
v 32.8547 48.2463 23.9599
v 32.5282 48.5538 24.0855
v 32.07 48.7484 24.2298
v 31.5553 48.9179 24.3303
v 30.9966 48.9618 24.3491
v 30.7455 49.2506 24.8638
v 30.4693 49.0309 24.958
v 29.8605 49.0811 24.7948
v 29.3771 49.2757 24.8701
v 29.0319 48.9995 24.7508
v 28.6992 48.7421 24.6504
v 28.4167 49.0246 24.6504
v 28.0526 48.7359 24.5876
v 27.6697 49.0372 24.8513
v 27.0985 49.2004 24.7571
v 26.3892 50.7446 26.0314
v 26.2323 51.0961 26.1506
v 26.3704 51.6234 26.1946
v 25.8682 51.6987 26.6465
v 25.6673 52.0628 26.6842
v 25.366 52.3766 26.9667
v 25.4037 52.9102 27.4563
v 25.071 52.6465 27.4124
v 24.6127 52.8662 27.6634
v 24.2801 52.6089 27.6132
v 23.8658 52.8474 27.8392
v 23.3259 53.0106 27.8267
v 22.9556 52.7219 27.7262
v 22.5099 52.3703 27.4751
v 22.196 52.1255 27.45
v 21.8257 52.3892 27.8204
v 21.5056 52.1381 27.8455
v 21.0661 52.3452 28.1782
v 20.5828 52.4771 28.4481
v 20.2627 52.7595 28.6552
v 19.7731 52.8097 28.8498
v 19.1704 52.816 28.9063
v 18.8691 52.5838 28.8875
v 18.6369 52.4017 29.0507
v 18.3544 52.182 29.0946
v 17.8209 52.2762 29.1386
v 17.3626 52.4582 29.352
v 16.9358 52.6214 29.5968
v 16.647 52.3955 29.6282
v 16.1072 52.5336 29.9044
v 15.6113 52.6842 29.9985
v 15.2096 52.3703 29.8856
v 14.5756 52.4268 29.7224
v 14.0106 52.5084 29.7977
v 13.4582 52.634 29.8605
v 12.8682 52.747 30.0425
v 12.3723 52.9918 30.2747
v 12.0145 52.7156 30.2057
v 11.619 52.408 30.0676
v 11.0101 52.4331 29.9797
v 10.6649 52.1695 29.8856
v 10.3385 51.9121 29.8416
v 9.99324 52.1381 29.986
v 9.68566 51.8933 29.9546
v 9.31531 52.1193 30.2622
v 9.09561 52.4582 30.4882
v 8.76292 52.1946 30.4882
v 8.50555 52.452 30.7518
v 8.16659 52.1883 30.6765
v 8.07871 51.6673 30.3312
v 8.24819 51.2844 30.0802
v 8.34235 50.845 29.7224
v 8.58088 50.5374 29.465
v 8.70014 50.1294 29.1574
v 8.8759 49.6335 28.9
v 9.11444 49.2443 28.7306
v 9.40946 48.9116 28.6741
v 9.95558 48.8175 28.5987
v 10.1627 48.4283 28.4167
v 10.3636 48.0454 28.2723
v 10.4891 47.5809 27.9522
v 10.5833 47.1603 27.6823
v 11.0352 46.972 27.3684
v 11.0164 46.451 26.8349
v 11.1733 46.0932 26.5838
v 11.2926 45.7479 26.3892
v 11.732 45.5596 26.2699
v 11.8889 45.1704 26.0377
v 12.3848 45.0135 25.8745
v 12.5794 44.6055 25.7301
v 13.1318 44.4486 25.7238
v 13.4833 44.7248 25.8117
v 13.9541 44.5302 25.7238
v 14.3119 44.8064 25.8054
v 14.6634 45.0826 25.9247
v 14.971 44.7499 26.0063
v 15.3477 45.0449 26.1695
v 15.4104 45.6663 26.1569
v 15.7745 45.9488 26.2323
v 16.0256 46.156 26.8035
v 16.3771 46.4322 26.8725
v 17.0111 46.9218 26.8411
v 17.1869 47.0536 26.5398
v 17.3877 46.6393 26.4833
v 17.8146 46.972 26.6905
v 18.1222 47.2168 26.6905
v 18.8064 47.2419 26.4017
v 19.2018 47.5558 26.5084
v 19.2207 48.0705 27.0357
v 19.6098 48.3781 27.2303
v 19.9112 48.6166 27.2366
v 20.1497 48.7986 27.042
v 20.4196 49.0121 26.9165
v 20.5765 48.6292 26.816
v 20.8088 48.8049 26.6152
v 21.0975 49.0372 26.5461
v 21.0159 49.4766 26.7846
v 21.3361 49.7277 26.7972
v 21.8069 49.5896 26.7784
v 21.9512 49.1564 26.7784
v 22.4911 49.5833 26.5838
v 22.9807 49.4389 26.5524
v 23.2506 49.6523 26.4394
v 23.6523 49.5017 26.408
v 24.0541 49.395 26.2511
v 24.4056 49.6649 26.3452
v 24.3303 50.0352 26.5398
v 24.6316 50.2675 26.4645
v 24.9392 50.5123 26.4645
v 25.4162 50.4558 26.4331
v 25.7615 50.7257 26.4331
v 26.1444 50.55 26.1632
v 26.3766 50.2926 26.0942
v 25.5983 51.0208 26.5524
v 25.9121 51.2718 26.5838
v 26.1569 51.4602 26.4708
v 25.548 51.4476 26.6465
v 25.3911 51.8493 26.7093
v 25.0584 52.1318 26.973
v 24.7697 52.4143 27.4312
v 24.4244 52.1444 27.381
v 24.0101 52.3955 27.7199
v 23.5142 52.5712 27.745
v 23.1376 52.2762 27.6509
v 22.7108 51.9435 27.3747
v 22.3969 51.6987 27.337
v 22.0517 51.4288 27.2492
v 21.901 51.8996 27.5379
v 21.5746 51.6359 27.5567
v 21.1854 51.8933 27.8329
v 20.7523 52.1004 28.1468
v 20.2627 52.226 28.4355
v 19.93 52.4959 28.6427
v 19.4278 52.5461 28.7933
v 19.1265 52.3076 28.7871
v 18.844 52.0879 28.8687
v 18.5616 51.8682 28.9628
v 18.0092 51.9121 29.0444
v 17.5384 52.0565 29.2265
v 17.0425 52.2071 29.3959
v 16.7349 51.9686 29.4148
v 16.3394 52.1506 29.6408
v 15.7871 52.2825 29.8416
v 15.4293 52 29.7349
v 14.7953 52.0502 29.6596
v 14.1801 52.1193 29.5152
v 13.6152 52.1946 29.6219
v 13.1067 52.3578 29.8353
v 12.5606 52.5084 30.0299
v 12.2028 52.226 29.9672
v 11.8262 51.9372 29.8793
v 11.1859 52.069 29.7349
v 10.8344 51.7928 29.6847
v 10.4766 51.5104 29.6408
v 9.99324 51.6422 29.7788
v 9.648 51.3723 29.6784
v 9.35297 51.6359 29.8981
v 8.95751 51.8431 30.2245
v 8.44906 51.9561 30.4568
v 8.61226 51.5669 30.1618
v 8.69387 51.1149 29.804
v 8.95123 50.8262 29.5717
v 9.02028 50.3805 29.1951
v 9.20859 49.8909 28.8875
v 9.44085 49.4954 28.7243
v 9.73588 49.169 28.718
v 10.2694 49.0623 28.6113
v 10.4891 48.6794 28.4544
v 10.6963 48.309 28.3163
v 10.8281 47.8445 27.9961
v 10.9474 47.4491 27.7262
v 11.3617 47.2294 27.3873
v 11.6065 46.9092 26.8035
v 11.2863 46.6581 26.7721
v 11.4935 46.3443 26.5901
v 11.6379 46.0179 26.4017
v 12.0459 45.8044 26.2574
v 12.2216 45.4341 26.0502
v 12.705 45.2646 25.8996
v 12.9184 44.8754 25.7677
v 13.2385 45.1265 25.8368
v 13.6026 45.409 25.887
v 13.8662 45.0261 25.9247
v 14.2178 45.3023 25.9812
v 14.5756 45.5785 26.0753
v 15.0338 45.3713 26.069
v 14.9396 45.8672 26.182
v 15.2786 46.1309 26.2071
v 15.5987 46.3819 26.9165
v 15.7117 47.0599 27.1111
v 16.3394 46.9657 27.2303
v 16.5843 47.1603 27.1048
v 16.7851 46.7523 27.042
v 16.8667 47.38 27.0295
v 17.2496 47.675 27.1236
v 17.6388 47.4114 26.8474
v 18.0154 47.7001 27.0169
v 18.5051 47.5181 26.8349
v 18.8817 47.8069 26.9604
v 18.6997 48.24 27.1801
v 19.0951 48.5476 27.3308
v 19.4655 48.8363 27.4249
v 19.7856 49.0874 27.3935
v 19.9928 49.2506 27.1738
v 20.2313 49.4326 26.9604
v 20.6958 49.2318 26.7909
v 20.5075 49.6523 26.8914
v 20.8276 49.9034 26.929
v 21.1729 50.1733 27.0106
v 21.6876 50.0039 26.8788
v 22.1144 49.8281 26.6905
v 22.3718 50.029 26.5838
v 22.7924 49.8155 26.634
v 23.1376 50.0792 26.6026
v 23.6461 49.9599 26.6591
v 24.0227 49.7904 26.5524
v 24.0039 50.2424 26.7784
v 24.3114 50.4809 26.7972
v 24.619 50.7257 26.747
v 24.8952 50.9392 26.6403
v 25.2781 50.7759 26.5461
v 25.2216 51.1965 26.6403
v 25.0961 51.6171 26.7156
v 24.6943 51.8493 26.9227
v 24.4746 51.6736 27.1111
v 24.1608 51.9372 27.4814
v 23.6712 52.1255 27.607
v 23.282 51.8242 27.4626
v 22.8489 51.4853 27.2178
v 22.5036 51.2154 27.155
v 22.1521 50.9392 27.0985
v 21.7315 51.1777 27.2429
v 21.2733 51.4037 27.5002
v 20.8716 51.6485 27.8518
v 20.4322 51.8493 28.1154
v 19.9237 51.9561 28.3728
v 19.5847 52.226 28.5925
v 19.2646 51.9749 28.5925
v 18.9445 51.7238 28.649
v 18.731 51.5606 28.8373
v 18.2665 51.6359 29.0005
v 17.7895 51.7426 29.2202
v 17.1869 51.7866 29.1762
v 16.8918 51.548 29.1511
v 16.4085 51.7112 29.4022
v 16.013 51.8996 29.6156
v 15.6552 51.6171 29.534
v 15.0464 51.705 29.5529
v 14.4061 51.7426 29.465
v 13.8286 51.8431 29.5089
v 13.3264 51.9686 29.6659
v 12.8054 52.1255 29.9044
v 12.4915 51.8745 29.8542
v 12.1463 51.6045 29.7788
v 11.7822 51.3221 29.6533
v 11.4433 51.6359 29.7098
v 11.0227 51.3095 29.5403
v 10.6586 51.027 29.4022
v 10.1251 51.2405 29.5529
v 9.73588 50.9392 29.4524
v 9.29647 51.0961 29.6345
v 9.02656 51.3786 29.8542
v 9.40319 50.6755 29.4022
v 9.51617 50.1294 28.9189
v 9.79237 49.7653 28.7619
v 10.0686 49.4264 28.7682
v 10.577 49.3071 28.605
v 10.7653 48.8991 28.4481
v 10.9976 48.5413 28.2849
v 11.1608 48.1082 27.9899
v 11.2361 47.675 27.7199
v 11.663 47.4616 27.3747
v 11.9203 47.154 26.8035
v 11.8387 46.6142 26.6591
v 11.9517 46.2627 26.4268
v 12.3409 46.0304 26.2699
v 12.5292 45.6726 26.0251
v 13.0188 45.5031 25.9058
v 13.3515 45.7668 25.9058
v 13.9353 45.6663 25.9498
v 14.3056 45.9614 26.1444
v 14.6634 46.2376 26.2134
v 15.2661 46.7146 26.8098
v 15.4606 47.4239 27.0357
v 16.1009 47.3675 27.2178
v 16.4399 47.6311 27.2554
v 16.76 47.8822 27.3056
v 17.1492 48.1835 27.4249
v 17.6451 47.9826 27.2492
v 17.9841 48.2525 27.3496
v 18.3544 47.9701 27.0859
v 18.3481 48.535 27.4186
v 18.7185 48.8238 27.5253
v 19.0386 49.0748 27.5944
v 19.3337 49.3008 27.563
v 19.6287 49.5331 27.4877
v 19.8735 49.7214 27.4124
v 20.1057 49.9034 27.1864
v 20.4322 50.1608 27.1362
v 20.7711 50.4244 27.224
v 21.0975 50.6818 27.2366
v 21.5056 50.4307 27.0546
v 22.0266 50.2675 26.9227
v 22.3341 50.506 26.9478
v 22.6919 50.2801 26.5838
v 23.0121 50.5311 26.5336
v 23.5268 50.3868 26.7533
v 23.9474 50.7195 27.0106
v 24.2612 50.9643 26.973
v 24.5311 51.1777 26.8662
v 24.7697 51.3597 26.7344
v 24.2298 51.4853 27.1927
v 23.8532 51.6987 27.5253
v 23.4891 51.4162 27.4689
v 22.9995 51.0333 27.0797
v 22.6292 50.7446 26.9227
v 21.8006 50.663 27.0546
v 21.4428 50.9517 27.2554
v 20.9469 51.1526 27.4814
v 20.5263 51.3786 27.8204
v 20.1371 51.6171 28.1719
v 19.6287 51.7301 28.3665
v 19.3148 51.4853 28.3665
v 19.001 51.2405 28.3853
v 18.7122 51.0145 28.423
v 18.4988 51.3786 28.9565
v 17.9778 50.9705 29.2202
v 18.0531 51.4664 29.2453
v 17.7706 51.2467 29.3771
v 17.0111 51.1337 28.9189
v 16.5968 51.3221 29.1637
v 16.057 51.4351 29.3897
v 15.7368 51.1902 29.3332
v 15.2849 51.3283 29.3959
v 14.6446 51.3911 29.3269
v 14.0797 51.4915 29.4462
v 13.816 51.2781 29.4964
v 13.5398 51.6234 29.578
v 13.2385 51.3786 29.6094
v 13.0565 51.7615 29.7475
v 12.7552 51.5229 29.7788
v 12.3911 51.2405 29.7098
v 12.0082 50.9454 29.5591
v 11.393 51.0208 29.4587
v 11.0415 50.7446 29.3897
v 10.6837 50.4621 29.3081
v 10.3197 50.7571 29.2892
v 9.93674 50.4621 29.1511
v 10.1439 50.0478 28.8247
v 10.3824 49.6712 28.7745
v 10.9097 49.5645 28.5674
v 11.0604 49.1313 28.3916
v 11.2863 48.7673 28.197
v 11.4809 48.3592 27.9647
v 11.5311 47.901 27.7137
v 11.9894 47.719 27.3245
v 12.3597 47.4993 27.0734
v 12.6045 47.2105 26.9541
v 12.1714 46.8716 26.6968
v 12.2907 46.5263 26.452
v 12.6736 46.2878 26.295
v 12.8745 45.9425 26.069
v 13.2699 46.2501 26.2574
v 13.7784 46.0995 26.1381
v 14.1487 46.3882 26.2197
v 14.5505 46.7021 26.4143
v 15.1154 47.154 26.9855
v 14.858 47.4993 27.0734
v 15.4606 47.9701 27.6697
v 15.9377 47.7943 27.3998
v 16.2767 48.0579 27.4877
v 16.6408 48.3467 27.607
v 16.9483 48.5789 27.5944
v 17.507 48.466 27.5316
v 17.8334 48.717 27.6132
v 18.1661 48.9807 27.6321
v 18.4988 49.2443 27.6886
v 18.8126 49.4891 27.7325
v 19.1453 49.7465 27.6823
v 19.4529 49.9787 27.6383
v 19.7417 50.2047 27.6195
v 19.9865 50.3993 27.3935
v 20.3129 50.6504 27.4249
v 20.6205 50.8952 27.4751
v 20.1497 51.0835 27.7011
v 19.7731 51.3346 28.0715
v 19.4529 51.0898 28.0715
v 19.1328 50.845 28.1028
v 18.844 50.6127 28.1719
v 18.5365 50.3742 28.197
v 18.323 50.7132 29.0507
v 17.6074 50.6818 29.057
v 17.2559 50.845 28.9314
v 16.8981 50.5625 28.7933
v 16.6721 50.8701 28.8875
v 16.2516 51.0521 29.1135
v 15.9126 50.7885 29.0256
v 15.3853 50.914 29.1951
v 14.8329 50.9768 29.1135
v 14.3245 51.14 29.3332
v 14.0106 50.8952 29.3583
v 13.4896 51.0333 29.4713
v 12.8745 51.0961 29.5717
v 12.5355 50.8387 29.4713
v 12.1965 50.5688 29.3457
v 11.6316 50.6441 29.4524
v 11.2487 50.3491 29.352
v 10.916 50.0855 29.2641
v 11.4935 50.0164 29.2013
v 11.6567 49.5958 28.9691
v 12.0521 49.9097 29.17
v 12.2216 49.4954 28.9503
v 11.9266 49.2632 28.9628
v 12.5857 49.7779 29.057
v 12.7489 49.351 28.6678
v 13.1318 49.6461 28.8184
v 13.1381 49.1564 28.4042
v 12.6485 48.7735 28.1154
v 13.1444 48.6229 27.8204
v 12.7552 48.3216 27.6948
v 12.1526 48.3844 27.7074
v 12.0961 48.8426 27.9334
v 11.776 48.5915 27.9271
v 11.7948 49.169 27.9961
v 11.55 48.9744 28.128
v 11.8262 48.1333 27.6258
v 12.3409 47.9952 27.4124
v 12.818 47.8571 27.3559
v 13.0502 47.562 27.2805
v 13.1695 47.2168 26.973
v 12.7112 46.8527 26.6089
v 13.1193 46.6456 26.5775
v 13.634 46.5389 26.3892
v 13.9792 46.8025 26.4457
v 14.5002 47.2168 26.929
v 14.3747 47.6248 27.2303
v 14.9522 48.0705 27.8329
v 14.3935 48.1709 27.563
v 14.9271 48.5852 28.0777
v 15.3477 48.3844 27.9899
v 15.8059 48.24 27.7011
v 16.2076 48.5538 27.8831
v 16.5089 48.7924 27.8329
v 16.9609 49.1439 28.128
v 17.3689 48.9116 27.8267
v 17.7141 49.1816 27.8329
v 18.0594 49.4577 27.8894
v 18.3921 49.7151 27.9334
v 18.7059 49.9599 27.902
v 19.0261 50.211 27.9145
v 19.3148 50.437 27.8894
v 19.6036 50.6567 27.8518
v 19.8233 50.8262 27.6383
v 18.2289 50.1357 28.2096
v 18.5804 50.4056 28.9942
v 17.9213 49.8909 28.1844
v 17.6012 49.6461 28.1782
v 17.3877 49.9787 28.3916
v 17.0739 49.7339 28.3728
v 17.0237 50.2236 28.5234
v 17.7393 50.2487 29.17
v 18.0657 50.506 29.17
v 16.5466 50.2926 28.718
v 16.2892 50.5688 28.7871
v 15.9189 50.2801 28.6678
v 15.5234 50.4872 28.8749
v 14.9522 50.5751 28.9691
v 14.5002 50.7132 29.126
v 14.155 50.4495 29.0695
v 13.6779 50.6379 29.3081
v 13.1381 50.7571 29.4462
v 12.7803 50.4746 29.3206
v 12.4476 50.211 29.2704
v 11.845 50.2989 29.3332
v 12.9498 50.0666 29.1449
v 13.4645 49.9097 28.9
v 13.5649 49.4891 28.6615
v 13.6214 48.9932 28.2033
v 13.6403 48.4973 27.745
v 13.2574 48.196 27.5693
v 13.452 47.8696 27.5065
v 13.5963 47.5432 27.1927
v 13.521 46.9532 26.8411
v 13.973 47.311 27.0859
v 14.0232 47.8822 27.3873
v 13.8725 48.2023 27.7074
v 14.2743 48.5162 27.8643
v 14.7011 48.8489 28.0966
v 15.2661 48.8489 28.0903
v 15.6992 48.6543 28.0275
v 16.0256 48.9116 28.0966
v 16.4336 49.2318 28.2849
v 16.7977 49.5205 28.4104
v 17.2622 49.3824 28.1154
v 16.6784 49.9536 28.4418
v 16.1637 49.9913 28.5234
v 15.5485 49.985 28.4983
v 15.1531 50.1922 28.7996
v 14.6321 50.324 28.9126
v 14.2931 50.0604 28.831
v 13.8349 50.1985 29.0193
v 13.3139 50.3554 29.2265
v 13.9227 49.7716 28.7619
v 14.0169 49.3071 28.4481
v 14.0797 48.8363 28.0087
v 14.4877 49.1564 28.2033
v 15.0777 49.1439 28.2221
v 15.5736 49.0937 28.1593
v 15.9942 49.4201 28.3853
v 16.3269 49.6837 28.3351
v 15.8059 49.7151 28.4355
v 15.1907 49.7088 28.4042
v 14.7639 49.8909 28.6239
v 14.4061 49.6084 28.5548
v 14.8392 49.4389 28.2912
v 15.4795 49.4577 28.4167
v 23.4829 50.9015 26.9478
v 23.9034 51.2342 27.1927
v 26.7972 48.9618 24.7571
v 26.4457 48.6919 24.7383
v 26.1004 48.422 24.6379
v 26.0439 48.9807 25.14
v 26.2699 47.9449 24.5625
v 25.8933 47.6499 24.3742
v 25.3848 47.2482 24.6316
v 24.5939 47.2419 24.1106
v 25.1275 47.0473 24.7822
v 25.5167 46.7523 24.4809
v 24.619 47.2607 24.9078
v 26.3955 47.4365 24.2926
v 26.6152 47.1101 24.2926
v 26.9918 46.8402 24.0039
v 27.1487 46.4322 23.8469
v 26.8098 46.1685 23.803
v 26.7533 45.6412 23.2506
v 27.1738 45.9676 23.4954
v 27.3308 45.6098 23.3259
v 26.8914 45.2646 23.0999
v 26.3264 45.3085 22.9807
v 26.4771 44.9445 22.8677
v 26.6905 44.5427 22.761
v 26.3327 44.2603 22.648
v 26.4645 43.8083 22.4408
v 26.3892 43.1869 22.2149
v 26.5649 42.8165 22.0956
v 26.2134 42.5403 21.9889
v 25.774 42.1951 21.8194
v 25.3911 41.9 21.6813
v 25.0396 41.6238 21.5432
v 24.5374 41.7368 21.562
v 24.1231 41.4104 21.3926
v 23.7402 41.1154 21.267
v 23.3699 40.8267 21.1729
v 23.0372 41.128 21.1164
v 22.4785 41.2472 21.154
v 21.8822 41.3477 21.1289
v 21.6436 41.1593 21.2733
v 21.8508 40.7513 21.1101
v 21.6436 40.5881 21.4051
v 20.8716 40.5567 20.9281
v 20.4949 40.2617 20.7774
v 20.1497 39.9918 20.7523
v 19.8107 39.7281 20.677
v 19.6475 40.0797 20.8464
v 19.3964 39.8851 20.9532
v 19.0951 39.6465 20.9971
v 18.6494 39.7784 21.198
v 18.6181 39.2762 20.6519
v 18.7813 38.9184 20.5765
v 19.001 38.5229 20.4322
v 19.1077 38.0521 20.1936
v 19.3776 37.7006 20.0367
v 19.6036 37.3679 19.9928
v 19.8547 36.9913 19.9174
v 19.8107 36.4075 19.817
v 20.3129 36.2506 19.8295
v 20.6644 36.0372 20.1057
v 21.2356 35.9116 20.112
v 21.3863 35.4722 19.9112
v 21.5746 35.0642 19.6726
v 21.6123 34.5872 19.4215
v 21.788 34.1666 19.3337
v 22.0328 33.8151 19.2081
v 22.3655 33.5389 18.9005
v 22.4911 33.156 18.7185
v 22.7735 32.7919 18.4611
v 22.4095 32.5031 18.3419
v 22.0077 32.1893 18.1975
v 21.5809 31.8566 17.9903
v 21.1854 31.549 17.846
v 21.1791 30.959 17.5698
v 21.154 30.4254 17.4128
v 21.5683 30.3312 16.6972
v 21.8006 30.0425 16.5278
v 21.675 29.5654 16.3081
v 21.6374 29.1888 16.1637
v 21.5683 28.7933 16.0068
v 21.6311 28.3728 15.8373
v 21.7315 27.9836 15.7808
v 22.1333 27.8141 15.7243
v 22.1647 27.3998 15.5987
v 22.5789 27.1801 15.5674
v 22.9744 26.973 15.4732
v 23.2945 26.6968 15.3037
v 23.5519 26.3892 15.1782
v 23.8658 26.069 15.0903
v 24.142 25.7929 14.9773
v 24.4182 25.5543 14.9334
v 24.6441 25.3346 14.789
v 24.914 25.0961 14.7513
v 25.1651 24.845 14.5693
v 25.4727 24.6567 14.5944
v 25.5167 25.1212 14.6383
v 25.2718 25.3786 14.8267
v 25.4099 25.9372 15.0589
v 25.8117 26.2511 15.1531
v 25.8619 26.6842 15.3477
v 25.5606 26.9039 15.3539
v 25.3535 27.2366 15.5297
v 25.6987 27.5065 15.6301
v 25.3095 27.7702 15.6803
v 25.2216 28.2096 15.9314
v 24.8324 28.423 16.0884
v 24.4872 28.6741 16.2453
v 24.1106 28.9252 16.283
v 23.621 28.9754 16.2516
v 23.6147 29.4524 16.3081
v 23.0937 29.5215 16.3457
v 23.0999 29.9985 16.5843
v 23.1564 30.3877 16.7286
v 22.7924 30.4442 16.6847
v 22.8677 30.8836 16.7726
v 22.4722 31.0406 17.3815
v 22.3279 31.3419 17.8585
v 22.2902 31.8315 17.9025
v 22.7108 31.6432 17.9778
v 22.6668 32.1202 18.0845
v 22.8489 33.4322 18.8754
v 23.1941 33.7021 18.9319
v 23.5268 33.9657 18.9821
v 23.8846 34.2482 19.0826
v 23.8658 34.7127 19.3399
v 23.8281 35.2211 19.6977
v 23.6021 35.5852 19.8547
v 23.4452 36.0246 19.9865
v 23.8155 36.3134 20.0744
v 23.7402 36.7591 20.2376
v 24.1294 37.0666 20.4133
v 23.9097 37.4433 20.5703
v 24.2926 37.7446 20.7146
v 24.6253 38.0082 20.7774
v 24.4495 38.4288 20.8967
v 24.776 38.6799 20.9343
v 25.1651 38.9874 21.0661
v 25.5355 39.2762 21.154
v 25.8745 39.5398 21.2607
v 26.2134 39.8098 21.3298
v 26.5775 40.0922 21.4177
v 26.8976 40.3433 21.5181
v 27.5065 40.2617 21.4867
v 28.1028 40.1801 21.4553
v 28.4858 39.973 21.3423
v 28.8373 40.2492 21.4114
v 29.4022 40.1236 21.4365
v 30.1241 40.1487 21.6939
v 30.3375 39.7784 21.7566
v 30.6074 39.9918 21.6185
v 30.7267 39.6026 21.606
v 31.141 39.3452 21.5369
v 31.5427 39.0753 21.562
v 31.6118 38.6108 21.5056
v 31.9947 38.4978 21.5495
v 31.9633 38.0019 21.5307
v 31.9445 37.6127 21.4365
v 31.9005 37.2298 21.3423
v 31.9068 36.8909 21.3047
v 31.9507 36.4577 21.2231
v 32.1579 36.1502 21.198
v 32.1956 35.6919 21.1666
v 32.3713 35.3906 21.2168
v 32.3839 34.8571 21.1603
v 32.7542 34.6248 20.9594
v 33.0618 34.8696 20.9594
v 33.3568 35.1019 20.9155
v 33.6519 35.3341 20.9155
v 34.0097 35.6103 20.9657
v 34.4428 35.4283 20.9029
v 34.9763 35.3404 20.7962
v 35.2463 34.9826 20.6707
v 35.5664 34.7441 20.5828
v 35.9116 35.014 20.6205
v 36.2443 35.2776 20.6707
v 36.5582 35.5224 20.6895
v 36.8281 35.2651 20.5765
v 37.1106 35.0956 20.5765
v 37.4307 34.8947 20.6456
v 37.7508 35.1521 20.7021
v 37.4621 35.3718 20.6707
v 37.4998 35.7924 20.6707
v 37.7948 36.0309 20.6832
v 37.5186 36.2757 20.7586
v 37.8764 36.5519 20.8088
v 38.1526 36.3071 20.7586
v 38.2091 35.9556 21.5432
v 38.5418 36.2129 21.6311
v 38.5292 35.7547 21.7315
v 38.1714 35.4785 21.6625
v 38.9749 35.2149 22.0579
v 38.4539 34.8069 21.5432
v 38.1526 35.014 21.5432
v 38.4664 34.4365 21.5056
v 39.0565 34.8947 22.1709
v 39.3013 35.0893 22.0203
v 39.6779 34.8696 22.014
v 39.6905 34.3486 21.9324
v 39.9227 34.5307 21.7566
v 39.5649 33.746 21.3486
v 40.0985 34.1603 21.8508
v 40.0169 33.6142 21.6123
v 39.7093 33.3757 21.6311
v 39.2197 33.4761 21.3047
v 39.0314 33.8276 21.1038
v 38.7238 34.1289 21.311
v 38.887 33.2125 21.3235
v 38.8933 32.7354 21.9198
v 38.818 32.1328 22.3718
v 38.4915 31.8754 22.3216
v 38.5983 31.4611 22.3028
v 38.7866 31.1284 22.2086
v 38.774 30.7141 22.0705
v 38.4288 30.4442 21.9763
v 38.3974 29.9609 21.8445
v 38.0521 29.691 21.7566
v 38.0647 29.2202 21.5495
v 37.7006 28.9314 21.4365
v 38.071 28.7619 21.3612
v 38.1714 28.4544 20.9971
v 38.1526 27.9522 21.0787
v 37.7697 27.6509 20.8653
v 37.9894 27.381 20.746
v 37.619 27.0922 20.633
v 37.142 27.6446 20.1497
v 36.803 27.381 20.1622
v 37.142 27.1613 20.1183
v 37.0855 26.6779 20.2187
v 37.3617 26.4708 20.2627
v 37.5876 26.2636 20.1309
v 37.732 25.9435 20.0053
v 37.9831 25.7112 19.886
v 38.0145 25.2718 19.5157
v 38.2342 25.0459 19.3588
v 38.2656 24.6002 18.731
v 37.9643 24.3617 18.8064
v 37.619 24.0917 18.8064
v 37.2549 23.8093 18.6997
v 36.9474 23.5707 18.7122
v 36.6272 23.3134 18.7059
v 36.8218 22.9744 18.4737
v 36.4891 22.7108 18.4423
v 36.1439 22.4471 18.4109
v 35.7986 22.1772 18.4109
v 35.4973 21.9387 18.4046
v 35.1647 21.6813 18.367
v 35.3027 21.3361 18.0908
v 35.4157 21.0034 17.9527
v 35.6103 20.6142 17.8271
v 35.8049 20.2438 17.6702
v 35.4722 19.9865 17.7016
v 35.6919 19.6663 17.6514
v 36.1502 19.591 17.5133
v 36.2443 19.183 17.4066
v 36.351 18.7938 17.1178
v 36.4201 18.3732 16.9295
v 36.5393 18.0719 16.7349
v 36.8344 17.8334 16.3269
v 36.8281 17.3626 15.9628
v 37.1294 17.1241 15.718
v 37.1106 16.6784 15.5171
v 37.3868 16.3959 15.1531
v 37.6692 16.1449 14.7262
v 37.9329 15.8938 14.4124
v 38.1589 15.6678 14.0734
v 38.4664 15.9 14.0734
v 38.7803 16.1511 14.0169
v 39.0942 16.3897 14.042
v 39.3829 16.17 13.7156
v 39.6842 15.9628 13.5336
v 40.0295 16.2327 13.5336
v 40.3684 16.4964 13.5587
v 40.7388 16.7851 13.6528
v 41.1217 17.0802 13.7846
v 41.5548 16.9734 13.6842
v 41.9816 16.9358 13.5712
v 42.3206 17.1931 13.6654
v 42.6721 17.4693 13.703
v 43.0048 17.7267 13.7658
v 43.3187 17.9715 13.7658
v 43.7079 18.2791 13.8349
v 44.0468 18.5427 13.8725
v 44.3607 18.7875 13.8851
v 44.6432 18.5239 13.4582
v 45.0261 18.323 13.0377
v 45.3337 18.5616 13.0439
v 45.6412 18.3544 12.5732
v 45.9676 18.1912 12.1965
v 46.2125 17.8648 11.6316
v 46.2501 17.394 11.098
v 46.2376 16.8856 10.6272
v 46.156 16.3959 10.1313
v 46.2501 16.0005 9.74215
v 45.8044 15.6552 9.44085
v 45.409 15.3477 9.34669
v 45.1265 15.1217 9.39691
v 44.8817 14.9396 9.51617
v 44.8252 14.4375 8.97006
v 44.5239 14.2052 9.03911
v 44.1912 13.9479 9.07677
v 44.2289 13.5524 8.7127
v 43.9338 13.3264 8.74408
v 43.6074 13.069 8.75664
v 43.2622 12.7991 8.7127
v 43.2622 12.4351 8.29213
v 43.168 11.9141 7.87784
v 42.8291 11.6441 7.86528
v 42.8416 11.2361 7.50121
v 42.534 10.9976 7.49493
v 42.2013 10.7402 7.46354
v 41.8687 10.4829 7.43216
v 41.5234 10.2129 7.36939
v 41.1844 9.9493 7.35683
v 40.8141 9.66055 7.26267
v 40.4249 9.35925 7.12458
v 40.8455 9.27764 7.05553
v 41.1531 9.09561 6.82955
v 41.423 8.81313 6.46548
v 41.5987 8.46789 5.88798
v 41.9252 8.21053 5.54273
v 41.8373 7.71463 5.28537
v 42.1762 7.51376 4.99662
v 42.1951 7.07436 4.73926
v 42.4022 6.817 4.25591
v 42.6282 6.61613 3.96089
v 43.0048 6.91115 4.03621
v 43.325 6.68518 3.37084
v 43.5133 6.38387 3.07581
v 43.9464 6.28971 2.72429
v 44.3481 6.60357 2.87494
v 44.4297 7.09947 2.98165
v 44.5741 7.65186 3.21391
v 44.8629 7.87784 3.08836
v 44.5553 8.11009 3.97972
v 44.3481 7.48237 3.4085
v 44.2916 7.90922 4.03621
v 44.367 8.33607 4.26219
v 44.9005 8.38001 3.96717
v 44.7185 8.61226 4.30613
v 45.0449 8.86963 4.30613
v 45.2772 8.67504 4.02994
v 45.3713 9.12071 4.31869
v 45.6977 9.3718 4.31869
v 46.0241 9.62289 4.36263
v 46.3568 9.88653 4.40029
v 46.6832 9.76098 4.30613
v 47.0222 10.0246 4.29358
v 47.3675 9.81748 3.62192
v 47.3675 10.2945 4.35635
v 47.3988 10.69 4.52583
v 47.4804 11.1796 4.91502
v 47.4491 11.6065 5.14099
v 47.7755 11.8638 5.1661
v 47.719 12.2781 5.33559
v 48.0579 12.5418 5.34186
v 48.4095 12.8117 5.42347
v 48.7735 13.0942 5.59295
v 49.1753 13.408 5.70594
v 49.577 13.7219 5.84404
v 50.0164 14.0608 6.12651
v 50.7508 14.1676 6.07629
v 50.4621 14.4061 6.36504
v 50.8952 14.745 6.60357
v 51.2781 15.0401 6.79189
v 51.7112 15.3728 6.99903
v 52.069 15.6552 7.11202
v 52.4143 15.9189 7.24384
v 53.2554 16.1072 7.31917
v 53.2303 15.6364 6.95509
v 53.5881 15.9126 7.0367
v 54.1468 15.9252 6.73539
v 54.5297 15.8498 6.70401
v 54.8561 16.1009 6.70401
v 55.3834 16.0319 6.41526
v 55.7035 16.283 6.44037
v 55.9358 16.013 6.28344
v 56.2747 16.2767 6.27716
v 56.6953 16.17 6.03863
v 57.0594 16.0381 5.71222
v 56.0801 16.5717 6.51569
v 56.0362 17.0111 7.21246
v 56.0927 17.4317 7.40077
v 56.1618 17.9087 7.84017
v 56.5384 18.1975 7.92805
v 56.8773 18.4611 7.95316
v 56.8773 18.9194 8.29841
v 56.8899 19.3901 8.66876
v 57.0343 19.9363 9.09561
v 57.3607 20.1873 9.13327
v 57.4046 20.7335 9.54128
v 57.7122 20.972 9.49734
v 58.0449 21.2356 9.52245
v 58.4278 21.5307 9.62916
v 58.7982 21.3047 9.5099
v 59.2376 21.6436 9.76726
v 59.9155 22.1709 9.84259
v 60.2294 21.9826 9.76726
v 60.6625 21.8571 9.65427
v 61.0642 21.7127 9.48479
v 61.3027 21.4742 9.12071
v 61.6229 21.3423 8.94495
v 62.0811 21.2231 8.55577
v 62.577 21.1603 8.3549
v 63.0604 21.1038 8.05987
v 63.4056 20.9594 7.77112
v 63.324 21.311 7.98455
v 63.6253 21.5432 7.95944
v 63.9329 21.7817 7.94061
v 64.2593 22.0328 7.97827
v 64.5857 22.2902 7.94061
v 64.9184 22.5476 7.94688
v 65.226 22.7861 7.94061
v 65.5273 23.0183 7.87784
v 65.8851 22.8802 7.65814
v 66.1927 23.1125 7.58909
v 66.4877 23.3448 7.56398
v 66.8078 23.5896 7.51376
v 66.7199 23.9474 7.75229
v 66.6258 24.2989 8.0536
v 66.4124 24.5814 8.24819
v 66.4877 25.1212 8.47417
v 66.8266 25.3786 8.53066
v 66.2052 25.2718 8.64365
v 65.8851 25.4476 8.92612
v 65.5524 25.6485 9.13955
v 65.7784 25.8242 9.66683
v 65.4833 26.0565 9.99324
v 65.5336 26.5273 10.351
v 65.8474 26.7721 10.3448
v 66.1738 27.0232 10.3448
v 66.5128 27.2931 10.395
v 66.7827 27.5002 10.3008
v 67.0275 27.6948 10.1502
v 67.266 27.8769 9.98068
v 67.4983 28.0589 9.8112
v 67.492 28.5674 10.056
v 67.6992 28.7306 9.79865
v 67.9252 28.9 9.57895
v 68.3143 29.2076 9.77354
v 68.6784 29.4901 9.87397
v 69.3312 29.4775 9.61033
v 69.9778 29.5529 9.49107
v 70.323 29.8165 9.52873
v 70.6055 29.5717 9.21487
v 70.9947 29.4148 8.98262
v 71.2897 29.647 8.9324
v 71.5659 29.8605 8.86335
v 71.5471 30.3061 9.16465
v 71.8421 30.5321 9.12071
v 72.1999 30.8083 9.13955
v 72.4698 31.0217 9.07677
v 72.7648 31.2477 9.05167
v 73.041 31.4611 8.92612
v 73.3361 31.6934 8.9324
v 73.6311 31.9194 8.91984
v 73.9952 31.7436 8.59971
v 74.2463 31.5176 8.29841
v 74.5538 31.3795 8.10381
v 74.8489 31.6055 8.08498
v 74.874 32.001 8.24819
v 74.8614 32.4215 8.49927
v 74.8614 32.8735 8.76292
v 74.8426 33.3254 9.03283
v 74.8426 33.7586 9.25253
v 75.1439 33.9908 9.19604
v 75.1251 34.493 9.52245
v 75.3824 34.6939 9.42829
v 75.6586 34.9073 9.3718
v 75.9913 35.1709 9.37808
v 75.9285 35.6041 9.41574
v 75.7779 35.987 9.49107
v 76.0352 36.1816 9.30903
v 76.3052 36.395 9.1521
v 76.5751 36.6084 9.10188
v 76.8827 36.8469 9.06422
v 77.3158 36.6837 9.05167
v 77.7175 36.508 8.95123
v 78.1004 35.8551 8.59971
v 77.6422 36.9411 9.0705
v 77.6045 37.4056 9.32786
v 77.9498 37.6755 9.42202
v 77.9372 38.0898 9.60406
v 77.9058 38.479 9.79865
v 77.6924 38.7426 9.84259
v 77.4225 38.9874 10.0183
v 77.8117 39.2887 10.2694
v 78.1255 39.5336 10.2506
v 78.4017 39.747 10.1753
v 78.4959 40.1864 10.1502
v 78.3641 40.5191 10.2255
v 78.182 40.8329 10.2757
v 77.9498 41.1217 10.3448
v 78.2009 41.3163 10.238
v 78.0502 41.6301 10.2067
v 78.5524 42.0193 10.6523
v 78.4457 42.4462 10.2569
v 78.2071 42.76 10.3322
v 78.6465 43.099 10.6272
v 78.929 43.3187 10.4891
v 79.7262 42.9232 10.4954
v 78.5273 43.5258 10.7026
v 78.9855 43.8836 11.0604
v 79.2178 44.0657 10.9348
v 79.4375 43.7079 10.9725
v 79.7262 43.9338 10.9285
v 80.0589 44.1975 10.2255
v 80.2912 44.3795 10.0937
v 80.5109 44.0468 9.95558
v 80.8247 44.2854 9.93047
v 81.1637 44.549 10.0309
v 81.5717 44.3607 10.4389
v 81.6345 44.9194 10.4452
v 81.9672 45.1767 10.5331
v 82.6137 44.7436 10.464
v 81.7161 44.9759 11.3742
v 82.0362 45.2332 11.4244
v 82.5635 45.1265 11.324
v 82.3501 45.4717 11.4558
v 82.7957 45.3085 11.1294
v 82.9652 45.4466 10.8281
v 83.3481 45.7417 10.2757
v 83.6745 45.5659 10.69
v 83.9821 45.8044 11.437
v 84.5471 45.7731 11.4119
v 84.2897 46.043 11.437
v 84.7982 45.9676 11.2926
v 85.0806 46.1873 11.1733
v 85.2752 45.886 11.9078
v 85.7899 45.4843 11.6065
v 86.1352 46.1246 11.3177
v 86.7755 46.6205 11.393
v 87.2023 46.1183 11.776
v 87.2525 46.6205 11.2487
v 87.4973 46.8088 11.1545
v 87.353 47.0661 11.3679
v 87.7861 47.0348 11.0666
v 88.4389 47.085 10.9474
v 87.0893 46.8653 11.4558
v 86.154 47.0222 10.7716
v 86.0724 46.0744 11.8827
v 85.4384 46.4698 11.2738
v 84.8295 46.4635 11.2298
v 84.4969 46.633 11.5876
v 84.4529 47.1101 11.9831
v 84.5157 47.6625 12.071
v 84.2269 47.4365 12.1024
v 83.6997 47.0222 11.5625
v 83.5616 47.4428 11.663
v 83.3858 47.7378 11.7006
v 82.8522 47.3172 11.142
v 82.7455 47.6876 11.3742
v 82.0927 47.1791 11.2549
v 82.2434 46.8464 11.1608
v 81.9169 46.5954 11.1733
v 82.1806 46.7962 11.8073
v 81.647 46.3819 12.0773
v 81.8416 46.0995 11.958
v 81.3269 46.1309 12.0208
v 81.4148 46.6519 12.5983
v 81.1197 46.4196 12.6359
v 80.9251 46.7711 12.8368
v 81.2265 47.0034 12.7803
v 81.5717 47.2733 12.8996
v 81.1951 47.4679 13.069
v 81.5905 47.7755 13.295
v 81.9483 47.562 13.1004
v 82.1931 47.2545 12.9749
v 82.4317 47.4428 12.7991
v 82.2434 47.7943 12.9937
v 81.9107 48.0203 13.3327
v 81.1009 47.7692 13.2197
v 80.9063 47.2419 13.2009
v 80.6113 47.0097 13.2448
v 80.2347 46.7146 13
v 79.7137 47.1415 12.5543
v 79.4186 47.3612 12.7991
v 79.1362 47.5934 13.1004
v 78.8349 47.3549 13.1632
v 78.4206 47.4428 13.0565
v 78.0063 47.5872 13.0251
v 77.5794 47.7252 12.4099
v 77.2656 47.4742 12.3409
v 77.0019 47.267 12.4602
v 76.5186 47.3988 13.0942
v 76.8387 46.677 12.4853
v 77.1651 46.9343 12.5606
v 77.2342 46.5138 12.366
v 76.914 46.2689 12.3597
v 76.5939 46.4886 12.6296
v 76.2487 46.6832 12.9561
v 75.8406 46.3631 12.818
v 75.8155 46.8527 13.5963
v 75.3134 46.4698 13.1067
v 75.1564 46.7774 13.7658
v 74.9116 47.0599 13.4833
v 75.3071 47.3675 13.6528
v 75.7402 47.2294 13.7281
v 75.7088 47.6813 13.8474
v 75.4891 47.9889 13.7281
v 75.7904 48.2211 13.7533
v 75.2318 48.6605 13.9165
v 75.4577 49.3071 14.2178
v 75.5456 49.8532 14.224
v 75.3322 49.69 14.45
v 74.9242 50.2926 14.3245
v 75.4577 50.7132 14.1299
v 74.9744 50.8262 14.2994
v 75.2883 51.071 14.2492
v 75.8155 50.9894 14.2931
v 74.5413 51.0145 14.5944
v 74.2839 50.8136 14.6823
v 73.9073 50.5186 14.5818
v 73.5683 50.2549 14.5316
v 72.9029 50.2801 14.9083
v 72.7021 50.55 14.9773
v 72.564 50.8952 15.2912
v 72.3694 51.2405 15.423
v 72.0744 51.0082 15.5171
v 71.7731 50.7759 15.5297
v 71.5094 51.0459 15.6741
v 71.2081 51.6799 16.0821
v 70.6181 51.6485 16.1009
v 70.1222 51.705 16.17
v 69.7832 51.8305 16.76
v 69.6074 52.1067 17.0048
v 69.2308 52.2574 17.4003
v 68.8479 52.4394 17.9464
v 68.5591 52.2197 18.0468
v 68.2892 52.0125 18.1347
v 67.8498 52.0565 18.3732
v 67.4606 52.226 18.5427
v 67.1091 51.9498 18.4737
v 67.1217 51.4853 18.1222
v 66.8266 51.7301 18.4925
v 66.4061 51.8807 18.4235
v 65.9478 51.9812 18.1975
v 65.6528 51.7489 18.2289
v 65.3829 51.9498 18.4988
v 64.9498 52.0879 18.7813
v 64.6736 51.8682 18.8817
v 64.3974 52.1506 19.1328
v 64.1024 51.9184 19.2144
v 63.7948 51.6799 19.1956
v 63.5311 51.4727 19.3023
v 63.2738 51.818 19.591
v 62.9725 51.5857 19.6852
v 62.7151 51.8682 19.9112
v 62.5331 52.226 20.5012
v 62.0058 52.3515 20.7586
v 61.7045 52.6277 21.0159
v 61.3969 52.3892 21.0348
v 61.1207 52.1695 21.0913
v 60.8633 52.3578 21.3172
v 60.606 52.1569 21.4114
v 60.3486 51.9561 21.5307
v 60.0975 51.7552 21.6374
v 59.8716 52.0188 21.8194
v 59.6519 52.295 22.083
v 59.3757 52.0816 22.1521
v 59.0806 51.8493 22.2211
v 58.8609 52.1318 22.3655
v 58.6852 52.3892 22.6543
v 58.2081 52.4708 22.9367
v 57.9382 52.2636 23.0183
v 57.3984 52.3327 23.2883
v 57.0845 52.0879 23.2757
v 56.7832 51.8493 23.2443
v 56.4568 52.1569 23.3699
v 55.8981 52.2385 23.4389
v 55.5654 52.4896 23.6335
v 55.1574 52.6968 23.7465
v 54.8498 52.4582 23.6963
v 54.536 52.2071 23.6649
v 54.2096 52.4959 23.8909
v 53.9145 52.2636 23.9536
v 53.5379 52.408 24.0415
v 53.1299 52.0942 23.8281
v 52.7909 52.3076 23.8846
v 52.4771 52.0628 23.8846
v 51.9812 52.1444 23.9725
v 51.6924 51.9184 23.9599
v 51.3534 51.6548 23.9034
v 50.9392 51.7991 24.0039
v 50.6818 51.9435 24.0855
v 50.3805 52.0565 24.211
v 50.0604 51.7991 24.1545
v 49.7967 51.9749 24.2424
v 49.4075 51.6736 24.1545
v 49.1941 51.9749 24.3177
v 48.9179 52.1695 24.5311
v 48.6041 51.9247 24.506
v 48.1835 52.1067 24.5186
v 47.8508 51.8493 24.506
v 47.562 52.2071 24.6692
v 47.2356 51.9498 24.6379
v 46.9343 51.7112 24.619
v 46.5828 52.0188 24.7446
v 46.1371 52.1569 24.8889
v 45.6161 52.2887 24.9392
v 45.1077 52.4268 25.0019
v 44.7687 52.1569 24.9894
v 44.2603 52.3201 25.0459
v 43.9401 52.0753 24.9894
v 43.4819 52.2197 25.071
v 42.9295 52.339 25.14
v 42.5654 52.0565 25.0459
v 42.2013 51.7677 24.9705
v 41.9 51.5355 24.9517
v 41.3728 51.6799 25.0396
v 41.0024 51.3911 24.9768
v 40.6697 51.1275 24.8952
v 40.4124 51.4978 24.8199
v 40.3621 50.8889 24.8513
v 40.0169 50.619 24.7634
v 39.6465 50.324 24.663
v 39.339 50.0855 24.6065
v 38.9812 49.8093 24.5311
v 38.6548 49.5456 24.5249
v 38.3283 49.2945 24.4746
v 37.9831 49.0183 24.4495
v 37.6253 48.7421 24.4056
v 37.2989 48.4848 24.3052
v 36.9411 48.2086 24.2047
v 36.3636 48.3279 24.1545
v 35.8363 48.4095 24.1231
v 35.6417 48.7986 24.1985
v 35.0705 48.9054 24.2236
v 34.719 48.6292 24.1796
v 34.3612 48.3467 24.1043
v 33.9908 48.0579 23.9788
v 33.633 47.7755 23.8783
v 32.9928 47.8508 23.8595
v 32.5031 47.9763 23.8658
v 32.1893 48.2902 23.9913
v 31.6997 48.466 24.0917
v 31.1724 48.6166 24.2236
v 30.6765 48.7108 24.3052
v 30.1241 48.761 24.9392
v 29.8291 48.5287 24.2612
v 29.4713 48.7735 24.6567
v 29.0381 48.4346 24.3554
v 28.6741 48.1584 24.2926
v 28.3225 48.4471 24.5563
v 27.7137 48.4722 24.4746
v 27.2805 48.7359 24.7257
v 26.9478 48.4722 24.6881
v 26.6026 48.2023 24.6127
v 26.7972 47.7566 24.506
v 26.929 47.3612 24.3177
v 27.3182 47.0913 24.0541
v 27.5191 46.7209 23.9662
v 27.5316 46.2501 23.621
v 27.7137 45.9111 23.4954
v 27.8769 45.4655 23.3322
v 27.4751 45.1516 23.1564
v 27.0922 44.8566 23.0183
v 27.2617 44.436 22.8112
v 26.8474 44.1096 22.5727
v 26.7721 43.4882 22.3781
v 26.9541 43.1241 22.2651
v 27.2052 42.7475 22.1835
v 26.7846 42.421 21.9701
v 26.4394 42.1511 21.8445
v 26.0628 41.8561 21.7315
v 25.7364 41.5987 21.6688
v 25.3848 41.3225 21.5181
v 24.9831 41.0087 21.4051
v 24.6692 41.3351 21.4365
v 24.3052 41.0526 21.3047
v 23.985 40.8015 21.2231
v 23.6147 40.5065 21.1666
v 23.0246 40.5567 21.0661
v 22.6919 40.858 21.0975
v 22.1647 41.0024 21.1038
v 22.3404 40.5818 21.0348
v 22.0077 40.3245 21.0285
v 21.8257 40.1801 21.3235
v 21.4114 40.4061 21.562
v 20.9971 40.0859 21.3737
v 20.7648 39.9039 20.8464
v 20.3443 39.5712 20.6832
v 19.9676 39.2762 20.5263
v 19.4843 39.4708 20.6644
v 19.1014 39.1695 20.6079
v 19.3085 38.7615 20.4949
v 19.4529 38.3221 20.2438
v 19.7166 37.9643 20.1309
v 19.9739 37.6567 20.1371
v 20.225 37.2801 20.0116
v 20.1811 36.69 19.9174
v 20.5075 36.9474 19.9676
v 20.7586 36.6021 20.0932
v 21.0222 36.3134 20.1936
v 21.5809 36.1816 20.2062
v 21.7629 35.7673 20.0179
v 21.9198 35.3341 19.7542
v 21.9826 34.8759 19.5282
v 22.127 34.4302 19.409
v 22.3718 34.0787 19.296
v 22.7233 33.8213 18.957
v 23.1376 34.1478 19.114
v 23.5142 34.4365 19.2583
v 23.4703 34.9387 19.5847
v 23.2192 35.2902 19.6977
v 23.0999 35.7547 19.8923
v 23.0246 36.2004 20.1309
v 23.3824 36.4829 20.1811
v 23.2067 36.8971 20.3506
v 23.5268 37.1482 20.3757
v 23.3071 37.5311 20.5263
v 23.6963 37.8387 20.7084
v 24.098 38.1526 20.8339
v 23.8846 38.5543 20.859
v 24.2424 38.8368 20.9406
v 24.55 39.0753 21.0097
v 24.8952 39.3515 21.0724
v 25.2844 39.6528 21.1791
v 25.6359 39.929 21.2733
v 26.0126 40.224 21.3612
v 26.3766 40.5065 21.4491
v 26.7344 40.789 21.5683
v 27.268 40.6383 21.5872
v 27.8329 40.5191 21.5369
v 28.4355 40.4375 21.5056
v 28.7745 40.7011 21.5495
v 29.2139 40.5442 21.4742
v 29.7726 40.4124 21.5997
v 30.1241 40.6948 21.7001
v 30.4568 40.4124 21.7127
v 30.9401 40.2554 21.6436
v 31.0406 39.8474 21.5872
v 31.4988 39.6214 21.5934
v 31.8943 39.3452 21.606
v 31.9507 38.8807 21.5432
v 32.365 38.7866 21.6185
v 32.3085 38.2718 21.6311
v 32.2709 37.8638 21.4616
v 32.2207 37.4872 21.38
v 32.3274 37.2173 21.4742
v 32.3023 36.7277 21.2545
v 32.478 36.395 21.1854
v 32.4969 35.9305 21.1729
v 32.6412 35.6041 21.0536
v 32.6977 35.1019 21.1289
v 33.0053 35.3467 21.0222
v 33.3568 35.6229 21.1226
v 33.7335 35.9179 21.2607
v 34.0724 36.1816 21.2545
v 34.3926 35.9116 21.0724
v 34.7629 35.6794 20.9532
v 35.3027 35.5915 20.8464
v 35.6166 35.2714 20.7711
v 35.9807 35.5601 20.8151
v 36.3134 35.8175 20.8653
v 36.6398 36.0748 20.8967
v 36.8846 35.7798 20.7272
v 37.1733 35.535 20.6519
v 37.1922 36.0183 20.7335
v 36.9913 36.351 20.8967
v 37.3114 36.5958 20.9532
v 37.6379 36.8532 21.0034
v 38.2342 36.8344 20.859
v 38.4602 36.5456 20.7837
v 38.8807 36.4829 20.9218
v 38.9498 36.5331 21.8257
v 38.8745 36.0246 21.8194
v 39.3013 35.4722 22.1019
v 39.6779 35.3844 22.127
v 39.973 35.1019 21.9261
v 40.3308 34.8445 21.9763
v 40.381 34.38 21.7566
v 40.3496 33.8778 21.7127
v 40.5128 33.4573 21.8257
v 40.337 33.3192 22.1584
v 40.042 33.0869 22.2714
v 39.747 32.8609 22.2776
v 39.4394 33.1622 21.7504
v 39.2009 32.9739 21.8633
v 39.452 32.6287 22.3655
v 39.1318 32.3776 22.4283
v 39.2636 31.9821 22.3718
v 38.9372 31.7248 22.3341
v 39.1193 31.3921 22.2588
v 39.1381 31.0029 22.1772
v 39.0565 30.4756 21.9638
v 38.7489 30.2308 21.8947
v 39 29.9483 21.4867
v 38.7803 29.7788 21.7001
v 38.4225 29.5027 21.6436
v 38.4162 29.0256 21.4239
v 38.6108 28.7933 21.2607
v 38.5292 28.2472 21.1854
v 38.3723 27.6823 20.9092
v 38.5292 27.381 20.7335
v 38.14 27.0797 20.6142
v 37.776 26.7972 20.4698
v 38.0145 26.5963 20.3317
v 38.0773 26.2071 20.1183
v 38.297 25.9561 19.8421
v 38.3723 25.5543 19.591
v 38.4915 25.2467 19.3023
v 38.6422 24.8889 18.9068
v 38.7803 24.4998 18.5929
v 38.4351 24.2361 18.5176
v 38.1337 23.9976 18.5113
v 37.8324 23.7653 18.5365
v 37.4809 23.4891 18.4862
v 37.1482 23.2318 18.4674
v 37.2361 22.8489 18.1975
v 36.8846 22.5727 18.1473
v 36.6021 22.353 18.1787
v 36.282 22.1019 18.1787
v 35.9681 21.8571 18.1787
v 35.6354 21.5997 18.1222
v 35.7673 21.2796 17.9401
v 35.9493 20.8778 17.8271
v 36.1564 20.52 17.7079
v 36.3385 20.1685 17.7016
v 36.0121 19.9174 17.6639
v 36.4766 19.8484 17.5572
v 36.5582 19.4278 17.4505
v 36.6712 19.0386 17.1366
v 36.7465 18.6306 16.9358
v 36.8532 18.323 16.691
v 37.1796 18.1033 16.3771
v 37.4307 17.8334 15.9503
v 37.1043 17.576 15.8875
v 37.3993 17.3375 15.605
v 37.3868 16.8981 15.3539
v 37.6253 16.578 14.9522
v 37.9517 16.3708 14.6383
v 38.2342 16.126 14.3935
v 38.5167 16.3457 14.3308
v 38.8556 16.6094 14.3496
v 39.182 16.8605 14.3182
v 39.3892 16.6219 14.0232
v 39.7156 16.4273 13.7407
v 40.0232 16.6659 13.6905
v 40.3496 16.9232 13.7595
v 40.6823 17.1806 13.7972
v 41.0903 17.5007 14.0106
v 41.4858 17.3626 13.86
v 41.9503 17.281 13.8411
v 42.3143 17.5635 13.9165
v 42.6659 17.8334 13.9792
v 43.0237 18.1159 14.0797
v 43.3563 18.3732 14.0985
v 43.6765 18.6243 14.1048
v 43.9966 18.8691 14.1487
v 44.3168 19.1202 14.1801
v 44.7059 19.0512 13.8788
v 44.9821 18.7875 13.452
v 45.2772 19.0198 13.4394
v 45.6287 18.7938 13.0126
v 45.9676 18.6118 12.5794
v 46.3066 18.4549 12.1777
v 46.5577 18.1284 11.6755
v 46.6142 17.6828 11.2173
v 46.9343 17.4254 10.7026
v 46.5703 17.1429 10.6147
v 46.4824 16.647 10.0937
v 46.5703 16.2516 9.70449
v 46.8213 15.9942 9.12071
v 46.4447 15.6992 8.96378
v 46.1309 15.4606 8.99517
v 45.7982 15.197 8.93868
v 45.4717 14.9459 8.95751
v 45.1202 14.6697 8.90729
v 45.1202 14.2492 8.61226
v 44.8566 14.042 8.71898
v 44.5616 13.8098 8.76292
v 44.5929 13.4708 8.32979
v 44.2603 13.2134 8.2733
v 43.9087 12.9435 8.28585
v 43.6012 12.705 8.34862
v 43.7581 12.3723 7.76485
v 43.4944 12.1651 7.84017
v 43.4568 11.7195 7.43216
v 43.1429 11.4746 7.48865
v 43.1743 11.0855 7.14341
v 42.8479 10.8344 7.16852
v 42.534 10.5896 7.14969
v 42.1197 10.2694 6.99903
v 41.831 10.0435 7.09947
v 41.5109 9.79865 7.14341
v 41.1719 9.53501 7.08691
v 41.4795 9.35297 6.8421
v 41.7619 9.07677 6.45292
v 41.9628 8.75036 5.99469
v 42.2327 8.44906 5.5239
v 42.1323 7.94061 5.21004
v 42.4775 7.75229 4.91502
v 42.534 7.338 4.72042
v 42.7412 7.08064 4.2873
v 43.0488 7.31289 4.25591
v 43.3124 7.14969 3.97972
v 43.6702 6.95509 3.42105
v 43.7957 6.60985 3.01304
v 44.1598 6.88604 3.11347
v 44.0406 7.23757 3.46499
v 43.9715 7.65814 4.05505
v 44.0343 8.07871 4.26219
v 44.0782 8.53694 4.56977
v 44.4109 8.7943 4.58233
v 44.7185 9.03283 4.61371
v 45.0637 9.30275 4.61371
v 45.3901 9.55384 4.59488
v 45.7605 9.84259 4.68904
v 46.112 10.1125 4.73926
v 46.4698 10.3887 4.78947
v 46.6958 10.1439 4.47562
v 47.041 10.4138 4.48817
v 46.7837 10.6398 4.7832
v 47.1478 10.916 4.88363
v 47.0787 11.3177 5.12216
v 47.1038 11.8011 5.33559
v 47.4114 12.0396 5.3042
v 47.4365 12.4853 5.56156
v 47.7629 12.7426 5.56784
v 48.1144 13.0126 5.62434
v 48.5099 13.3201 5.78754
v 48.8865 13.6152 5.88798
v 49.2506 13.8976 6.01352
v 49.6586 14.2115 6.22694
v 50.0855 14.5442 6.47803
v 50.5249 14.8894 6.77933
v 50.9454 15.2096 6.97393
v 51.3723 15.5422 7.18735
v 51.8117 15.8812 7.44471
v 52.1883 16.17 7.55142
v 52.521 16.4336 7.5577
v 52.9102 16.3018 7.6142
v 53.2994 16.6094 7.73974
v 53.6007 16.3771 7.42588
v 53.9585 16.2014 7.13713
v 54.5234 16.2139 6.817
v 54.9189 16.5215 6.94254
v 55.1825 16.352 6.73539
v 55.5278 16.6219 6.86721
v 55.7224 17.1429 7.31289
v 55.5152 17.4066 7.78996
v 55.8353 17.6514 7.8339
v 55.8416 18.1159 8.12265
v 56.2057 18.3984 8.21053
v 56.5698 18.6808 8.2733
v 56.5635 19.1391 8.63737
v 56.3563 19.409 9.00145
v 56.7079 19.6852 9.08933
v 56.733 20.2125 9.54128
v 57.0908 20.4949 9.57895
v 57.1347 21.0097 9.86142
v 57.4235 21.2356 9.84886
v 57.7562 21.493 9.8677
v 58.1077 21.7629 9.9493
v 58.4215 22.0077 10.0183
v 58.9488 21.9324 10.1251
v 59.3129 22.2149 10.2192
v 59.5326 22.3844 10.0246
v 59.7962 22.5915 9.94302
v 60.2419 22.422 9.83631
v 60.5934 22.2651 9.80492
v 60.9952 22.1144 9.66683
v 61.4095 21.9763 9.52245
v 61.6166 21.719 9.16465
v 61.9242 21.5809 8.9324
v 62.4075 21.4804 8.61226
v 62.9034 21.4114 8.32351
v 63.2047 21.6499 8.2733
v 63.5311 21.901 8.26702
v 63.845 22.1458 8.22936
v 64.1651 22.3906 8.22936
v 64.4727 22.6354 8.22308
v 64.7803 22.874 8.19169
v 65.0879 23.1125 8.2168
v 65.3703 23.3322 8.14775
v 65.634 23.5331 8.0536
v 65.816 23.2443 7.78996
v 66.0797 23.4452 7.70835
v 66.3872 23.6837 7.6958
v 66.2617 24.0227 7.97199
v 66.0232 24.2801 8.11637
v 66.1613 24.8638 8.48672
v 65.9165 25.0521 8.70642
v 65.6152 25.2467 9.03911
v 65.2887 25.4476 9.32786
v 65.1067 25.7677 9.89908
v 65.1758 26.2511 10.3008
v 64.9121 26.5649 10.69
v 65.2574 26.8286 10.7339
v 65.5336 27.0483 10.6523
v 65.8286 27.2743 10.6084
v 66.1362 27.5128 10.5833
v 66.381 27.7011 10.4829
v 66.6258 27.8957 10.3699
v 66.9271 28.128 10.2632
v 67.1907 28.3288 10.1313
v 67.1782 28.8059 10.3824
v 67.4544 29.0193 10.2632
v 67.6615 29.1825 10.0309
v 68.0005 29.4462 10.1439
v 68.4022 29.76 10.3008
v 69.0362 29.7663 9.99952
v 69.3815 30.0299 10.1
v 69.7267 29.7851 9.77982
v 70.0719 30.055 9.86142
v 70.3419 30.2622 9.78609
v 70.6243 30.055 9.51617
v 70.8942 29.7977 9.20232
v 71.2144 30.0425 9.10816
v 71.2646 30.5509 9.47851
v 71.5408 30.7644 9.44713
v 71.8484 31.0029 9.37808
v 72.1685 31.254 9.42202
v 72.4447 31.4674 9.40946
v 72.746 31.6997 9.36552
v 73.0285 31.9194 9.25881
v 73.3361 32.1516 9.22743
v 73.6688 32.4153 9.21487
v 73.9512 32.1704 8.92612
v 74.309 31.9884 8.61854
v 74.5727 31.7687 8.27957
v 74.604 32.2144 8.60599
v 74.5413 32.6287 8.81941
v 74.5852 33.1309 9.14582
v 74.5601 33.5451 9.32158
v 74.5664 34.0599 9.648
v 74.8237 34.2607 9.52873
v 74.8175 34.7441 9.77354
v 75.0999 34.9638 9.72332
v 75.3385 35.1458 9.57267
v 75.6774 35.4095 9.55384
v 75.5331 35.7986 9.62289
v 75.464 36.169 9.61661
v 75.6963 36.351 9.42202
v 75.9411 36.5393 9.24626
v 76.1859 36.7277 9.08305
v 76.5186 36.9913 9.1521
v 76.9203 37.2989 9.34669
v 77.2718 37.1482 9.21487
v 77.2781 37.5751 9.49107
v 77.5857 37.8199 9.53501
v 77.5669 38.2154 9.72332
v 77.3974 38.5104 9.83631
v 77.0961 38.7364 10.0183
v 76.9643 39 10.2129
v 77.3158 39.2762 10.3448
v 77.6485 39.5336 10.4326
v 77.9623 39.7784 10.3887
v 78.2511 39.9981 10.2883
v 78.113 40.3245 10.3887
v 77.9184 40.6258 10.464
v 77.6987 40.9271 10.5519
v 77.5606 41.2472 10.5958
v 77.8117 41.4418 10.4013
v 77.6234 41.7996 10.4703
v 77.8556 41.9879 10.3008
v 78.2071 42.2578 10.4013
v 77.6296 42.8353 10.7904
v 77.9812 43.1053 10.8407
v 78.2009 43.281 10.6774
v 78.4206 43.8711 10.985
v 78.7972 44.1598 11.1106
v 79.0608 44.367 10.9976
v 79.5128 44.2916 10.9285
v 80.0275 44.1724 10.8783
v 79.9082 44.6055 11.0666
v 79.4124 44.6432 11.0855
v 78.9667 44.7499 11.2047
v 78.6716 44.5176 11.1985
v 78.3955 44.8001 11.1922
v 78.3201 44.2477 11.0855
v 78.0377 44.5239 11.0666
v 78.1758 45.114 11.7571
v 77.705 44.2665 11.0541
v 77.5731 44.6494 11.029
v 77.4225 44.9068 11.098
v 77.1149 44.6745 11.0604
v 76.958 45.001 11.1608
v 77.3032 45.2646 11.2173
v 77.6547 45.5408 11.2989
v 77.9812 45.3462 11.7446
v 77.2279 45.6601 11.3114
v 77.1714 46.0618 11.4307
v 76.8324 45.7982 11.3868
v 77.1902 46.0744 12.2405
v 77.3283 45.7354 12.2467
v 76.9517 45.8923 12.4162
v 77.8242 46.5703 12.184
v 77.5167 47.2042 12.6234
v 77.9058 47.041 12.5104
v 78.0816 46.7711 12.1086
v 78.4017 46.564 12.6485
v 78.3013 46.043 12.8619
v 78.6968 45.8986 12.6799
v 78.6026 46.2752 12.8368
v 79.0671 46.1873 12.7991
v 79.2429 45.9488 12.7991
v 78.8725 45.6601 12.7112
v 79.3433 45.5345 12.705
v 79.0608 45.3148 12.8054
v 79.337 45.0323 12.0961
v 79.7199 45.3274 12.2781
v 80.2535 44.8691 11.8952
v 80.2033 45.2583 12.2405
v 80.9314 45.3964 12.0082
v 79.971 46.0241 12.7238
v 79.7199 45.8295 12.8431
v 79.5693 46.5828 13.2699
v 79.858 46.8025 13.1758
v 80.6992 46.5891 12.9435
v 80.6176 46.0241 12.9623
v 81.0068 45.886 12.6799
v 81.2076 45.6098 11.8764
v 81.6219 45.409 11.8638
v 81.9232 45.6412 11.8262
v 82.2434 45.8923 11.7571
v 82.6012 46.1685 11.8701
v 82.3815 46.5263 11.8387
v 82.6074 46.7021 11.6253
v 83.0594 47.0536 11.9705
v 82.1366 46.3317 11.8952
v 81.5466 45.8735 12.0333
v 79.3056 46.8213 13.0439
v 79.1424 47.1478 12.9058
v 78.5022 47.0975 13.1255
v 78.0942 46.7774 12.8368
v 78.8788 46.9406 13.0816
v 76.6378 46.0492 12.4476
v 76.029 46.0492 11.9705
v 76.3052 45.7919 11.6316
v 75.9662 45.5345 11.6065
v 75.7653 45.8484 12.0647
v 75.6147 46.1999 12.2718
v 74.9744 46.2062 12.2844
v 74.8363 46.5326 12.9812
v 74.5413 46.7711 13.3515
v 74.3279 47.562 12.9247
v 74.8551 47.4867 13.6717
v 75.1376 47.7064 13.6403
v 74.874 48.3781 13.7658
v 74.5727 48.6166 13.6403
v 74.5162 49.0497 13.973
v 74.2776 48.8614 14.1299
v 74.127 49.2318 14.1738
v 73.5055 49.1878 13.9604
v 73.7441 49.8658 14.2554
v 74.2023 49.7277 14.8706
v 74.2839 50.2863 14.8518
v 74.5978 50.0352 15.0589
v 74.7359 49.7026 14.9647
v 74.8426 50.2298 14.8769
v 75.0623 49.4766 14.563
v 74.6794 50.5939 14.3433
v 73.4553 49.6398 14.2743
v 73.1917 49.9599 15.1405
v 72.5891 50.0352 14.9459
v 72.4573 50.3554 15.1154
v 72.2313 50.6379 15.2723
v 71.9676 50.4244 15.3414
v 71.4655 50.5374 15.5046
v 70.7562 50.8701 15.9816
v 70.9633 51.4853 16.2139
v 70.5992 51.2091 16.1072
v 70.323 51.4225 16.1574
v 69.7455 51.4099 16.0633
v 69.4756 51.5857 16.7663
v 69.3375 51.9058 17.0802
v 68.9609 52.0502 17.4819
v 68.6847 51.8305 17.6451
v 68.421 51.6296 17.7895
v 67.7557 51.592 17.5949
v 68.0256 51.7991 18.2352
v 67.4606 51.7552 18.1912
v 67.4355 51.3409 17.6451
v 67.1531 51.1212 17.7141
v 66.8078 51.2405 18.1033
v 65.9792 51.548 18.1849
v 65.5712 51.2279 18.0029
v 65.3703 51.5292 18.3356
v 65.1255 51.7426 18.5804
v 64.8431 51.5229 18.6243
v 64.3848 51.6422 18.957
v 64.1024 51.4225 18.9947
v 63.845 51.2216 19.0826
v 63.5625 51.0019 19.1391
v 63.2298 51.2342 19.4153
v 62.9474 51.0208 19.4969
v 62.7214 51.3848 19.7731
v 62.4577 51.661 20.0179
v 62.2067 51.9686 20.5012
v 61.6857 52.1004 20.7648
v 61.3655 51.8493 20.7586
v 61.0893 51.6359 20.8213
v 60.8508 51.9623 21.154
v 60.5872 51.7615 21.3047
v 60.3235 51.5543 21.4114
v 60.0787 51.3597 21.5244
v 59.8276 51.548 21.7127
v 59.5703 51.7866 21.8822
v 59.2689 51.5543 21.9512
v 58.9928 51.3346 21.9826
v 58.7919 51.6234 22.2965
v 58.6098 51.9309 22.4408
v 58.3713 52.1444 22.6794
v 58.07 51.9058 22.717
v 57.6494 52.0377 23.0937
v 57.3105 51.774 23.0811
v 56.9715 51.5041 23.0183
v 56.4254 51.5669 23.1816
v 56.1178 51.8933 23.3197
v 55.5591 51.9686 23.4013
v 55.239 52.2385 23.5896
v 54.9314 52 23.6021
v 54.605 51.7426 23.577
v 54.2409 51.9812 23.7088
v 53.9334 51.7364 23.6649
v 53.5944 52.0125 23.8658
v 53.2303 51.7301 23.7653
v 52.7972 51.8305 23.8218
v 52.4457 51.5543 23.7528
v 52.1506 51.8054 23.8469
v 51.8305 51.5543 23.8155
v 51.4978 51.297 23.7842
v 51.0208 51.3974 23.8469
v 50.6253 51.5543 23.9599
v 50.3303 51.6673 23.9913
v 50.0164 51.4225 23.9788
v 49.7214 51.5355 24.0792
v 49.3573 51.253 23.9599
v 49.0435 51.3848 24.0415
v 48.8363 51.6924 24.211
v 48.2714 51.661 24.4307
v 47.9261 51.3911 24.3868
v 47.5369 51.6045 24.4558
v 47.2168 51.3472 24.4182
v 46.8841 51.0898 24.3114
v 46.5326 51.3974 24.4998
v 46.2376 51.7489 24.7257
v 45.8233 51.9121 24.8513
v 45.3211 52.0565 24.9266
v 45.0135 51.8117 24.914
v 44.6808 51.548 24.8324
v 44.4486 51.9121 24.9768
v 44.1096 51.6485 24.9392
v 43.576 51.7928 24.9203
v 43.1304 51.9498 24.9705
v 42.8102 51.6924 24.914
v 42.5027 51.4539 24.9078
v 42.2013 51.2154 24.9392
v 41.8687 50.958 24.9203
v 41.5925 51.2907 24.9329
v 41.2535 51.027 24.8576
v 40.9208 50.7697 24.8136
v 40.6007 50.5123 24.7571
v 40.2429 50.2361 24.6818
v 39.8976 49.9662 24.5939
v 39.5273 49.6774 24.4872
v 39.1506 49.3824 24.3742
v 38.8054 49.1125 24.3366
v 38.4978 48.8677 24.2989
v 38.1777 48.6166 24.2738
v 37.8513 48.3655 24.2173
v 37.4998 48.0893 24.1231
v 37.1671 47.8257 24.0729
v 36.5958 47.9324 24.1043
v 36.0058 48.0454 24.0478
v 35.4911 48.1395 24.0541
v 35.3027 48.5287 24.1043
v 34.9701 48.2714 24.0478
v 34.6123 47.9952 23.9348
v 34.2419 47.7064 23.7967
v 33.8778 47.4114 23.6963
v 33.2564 47.4867 23.7339
v 32.6287 47.5683 23.7402
v 32.1328 47.6876 23.7465
v 31.844 48.0203 23.9097
v 31.3042 48.1521 23.9788
v 30.8334 48.353 24.1545
v 30.3501 48.4534 24.2424
v 30.0048 48.1835 24.1796
v 29.5152 48.2902 24.2989
v 29.1825 48.0266 24.2047
v 28.9 47.8006 24.2612
v 28.2974 47.8633 24.2236
v 27.9899 48.1898 24.5249
v 27.6572 47.9261 24.4307
v 27.4186 48.24 24.5123
v 27.1048 47.9952 24.4998
v 27.2743 47.6311 24.3742
v 27.6634 47.3612 24.0917
v 27.8455 46.9783 23.9536
v 27.8769 46.52 23.7402
v 28.0526 46.1748 23.5958
v 28.2221 45.7417 23.4075
v 28.379 45.3085 23.1941
v 28.0401 45.0449 23.1188
v 27.6634 44.7499 22.9807
v 27.9585 44.4172 22.8802
v 27.5253 44.0782 22.6731
v 27.1362 43.7706 22.5036
v 27.3684 43.4442 22.422
v 27.6132 43.0676 22.3404
v 27.5065 42.4273 22.0956
v 27.0985 42.1072 21.9073
v 26.747 41.831 21.8194
v 26.3704 41.5422 21.6939
v 26 41.2472 21.606
v 25.6171 40.9459 21.4804
v 25.2342 40.6509 21.3549
v 24.6253 40.7262 21.311
v 24.2863 40.4626 21.2294
v 23.9097 40.1675 21.1603
v 23.5394 39.8788 21.0661
v 23.238 40.2115 21.041
v 22.6857 40.2868 21.0034
v 22.3718 40.042 20.9845
v 22.0768 39.816 21.0473
v 21.8194 39.6089 21.1666
v 21.5683 39.9792 21.4302
v 21.4114 39.2887 21.6876
v 21.5746 38.9121 21.6185
v 21.8382 39.1193 20.8088
v 21.4679 38.8242 20.7084
v 20.9657 39.5084 20.7648
v 20.8904 38.8807 20.5138
v 20.5326 39.1695 20.4949
v 20.156 38.8682 20.3631
v 19.6538 39.0314 20.5075
v 19.7856 38.5794 20.2501
v 20.112 38.2781 20.2501
v 20.3192 37.9266 20.2062
v 20.6832 37.6441 20.3254
v 20.9845 37.3177 20.3254
v 21.1729 36.9285 20.2878
v 21.3423 36.5645 20.269
v 21.9261 36.4515 20.2376
v 22.1082 36.0372 20.0492
v 22.2776 35.6166 19.8547
v 22.3655 35.1772 19.7103
v 22.4534 34.6876 19.5031
v 22.7359 34.3675 19.365
v 23.1251 34.6688 19.522
v 22.8489 34.9952 19.6036
v 22.7547 35.4848 19.8107
v 22.6292 35.8928 19.9614
v 22.4848 36.3322 20.1811
v 22.8551 36.621 20.2941
v 22.5978 36.9788 20.3568
v 22.9556 37.2549 20.4573
v 22.8175 37.7195 20.5954
v 23.1878 38.0082 20.677
v 23.508 38.2593 20.7648
v 23.3134 38.5983 20.8339
v 23.6461 38.8619 20.8904
v 24.0039 39.1381 20.9657
v 24.3617 39.4206 21.0348
v 24.732 39.7093 21.1226
v 25.0898 39.9918 21.2105
v 25.4476 40.268 21.2859
v 25.7929 40.5442 21.3486
v 26.1569 40.8267 21.4804
v 26.521 41.1154 21.606
v 26.8537 41.3728 21.6499
v 27.0985 41.0777 21.6625
v 27.6509 40.9334 21.6562
v 28.1719 40.7827 21.6374
v 28.5485 41.084 21.7253
v 29.1009 40.9585 21.6123
v 29.578 40.8267 21.606
v 29.9358 41.1028 21.7064
v 30.5509 41.0275 21.8571
v 30.802 40.6823 21.7755
v 31.2854 40.5191 21.7127
v 31.4046 40.1362 21.6625
v 31.8126 39.8725 21.6562
v 32.252 39.6277 21.719
v 32.2834 39.1381 21.6123
v 32.6915 39.0439 21.6688
v 32.6852 38.5669 21.7127
v 32.6475 38.1589 21.5809
v 32.6287 37.8011 21.5809
v 32.9425 37.7006 21.4804
v 33.0053 37.2801 21.3737
v 32.6538 37.0039 21.2607
v 32.817 36.6586 21.2168
v 32.8358 36.1941 21.1854
v 32.9551 35.8489 21.1164
v 33.3254 36.1376 21.2796
v 33.6832 36.4201 21.3298
v 33.9908 36.6586 21.3737
v 34.3926 36.4326 21.311
v 34.7253 36.169 21.1101
v 35.0893 35.9367 20.9908
v 35.6731 35.8865 20.9218
v 36.0058 36.1439 20.9657
v 36.3385 36.4013 21.041
v 36.6712 36.6649 21.085
v 37.0039 36.9223 21.1226
v 37.324 37.1796 21.2168
v 37.6818 37.4558 21.2231
v 37.9768 37.1231 21.0473
v 38.297 37.3679 21.0913
v 38.8054 37.2801 21.4616
v 38.4853 36.5645 21.5244
v 38.8431 36.8469 21.6625
v 39.1004 37.0478 21.5056
v 39.4582 36.9348 21.5683
v 39.2762 36.7904 21.8194
v 39.2071 36.2883 21.945
v 39.59 36.1376 21.9261
v 39.6152 35.717 22.0705
v 39.973 35.6166 22.1207
v 40.3433 35.3906 22.0705
v 40.6383 35.083 22.014
v 40.6823 34.6185 21.7441
v 40.6823 34.1352 21.7692
v 40.7576 33.6519 21.7315
v 41.0275 33.3631 22.1395
v 40.8267 33.2062 22.3969
v 40.789 32.6977 22.3655
v 40.5567 32.9928 22.4785
v 40.2303 32.7354 22.4408
v 39.8851 32.4655 22.3592
v 39.5838 32.2332 22.3655
v 39.7533 31.888 22.2274
v 39.4394 31.6432 22.2588
v 39.4833 31.2728 22.2086
v 39.4206 30.7581 22.0203
v 39.3892 30.2559 21.6876
v 39.4833 29.8667 21.6688
v 39.0188 29.5027 21.3612
v 38.7301 29.2704 21.4428
v 38.9937 29.0946 21.4553
v 39.2699 28.8184 21.3988
v 38.9184 28.5485 21.3235
v 39.1318 28.2786 21.1603
v 38.774 27.9961 21.0599
v 38.9309 27.7011 20.8904
v 39.0942 27.4437 20.6644
v 38.7238 27.1487 20.52
v 38.3848 26.8914 20.4322
v 38.4602 26.5084 20.1811
v 38.6296 26.2134 19.8735
v 38.7112 25.818 19.5722
v 38.7991 25.4853 19.2332
v 39.0314 25.1965 19.001
v 39.1569 24.8011 18.7624
v 39.3703 24.5123 18.6118
v 39.0063 24.2298 18.5051
v 38.6234 23.9285 18.3481
v 38.2718 23.6586 18.2979
v 37.9392 23.395 18.2854
v 37.5814 23.1188 18.21
v 37.6818 22.7735 17.8648
v 37.3491 22.5162 17.8774
v 37.0415 22.2714 17.8899
v 36.7528 22.0517 17.9338
v 36.4201 21.7943 17.9841
v 36.1062 21.5432 17.9778
v 36.2569 21.1226 17.8522
v 36.4766 20.7711 17.733
v 36.6649 20.4259 17.733
v 36.8532 20.1434 17.6137
v 36.8846 19.6789 17.4693
v 36.9976 19.296 17.1555
v 37.0729 18.888 16.9169
v 37.1608 18.5553 16.7161
v 37.4684 18.3293 16.3269
v 37.7571 18.0845 15.9628
v 37.7383 17.6012 15.6364
v 37.6567 17.1053 15.2472
v 37.9078 16.7977 14.902
v 38.2656 16.6156 14.607
v 38.6045 16.8793 14.6132
v 38.8996 17.1115 14.5756
v 39.2385 17.3752 14.6195
v 39.5336 17.1366 14.3559
v 39.7093 16.8667 14.0169
v 40.0546 17.1366 14.0483
v 40.381 17.394 14.0608
v 40.7388 17.6702 14.0671
v 41.1091 17.959 14.2052
v 41.4795 17.802 14.1676
v 41.8875 17.6765 14.0357
v 42.2892 17.9841 14.2178
v 42.6031 18.2352 14.268
v 42.9546 18.5051 14.3245
v 43.2747 18.7562 14.3559
v 43.6263 19.0261 14.3998
v 43.9841 19.3085 14.45
v 44.3419 19.5847 14.5065
v 44.662 19.3901 14.1989
v 45.0198 19.296 13.8976
v 45.3399 19.5471 13.9227
v 45.6098 19.2772 13.4268
v 45.9551 19.0449 13.0063
v 46.2501 18.8315 12.5292
v 46.6519 18.7248 12.2467
v 46.8778 18.3795 11.7571
v 46.9092 17.9087 11.1671
v 47.2858 17.6953 10.7653
v 47.4679 17.4128 10.2004
v 47.1478 17.168 10.2443
v 46.8276 16.9169 10.169
v 46.9029 16.5089 9.68566
v 47.1415 16.2453 9.1521
v 47.1729 15.8436 8.80058
v 46.8213 15.5674 8.70642
v 46.4259 15.2598 8.58088
v 46.0995 15.0087 8.55577
v 45.7793 14.7576 8.56205
v 45.4466 14.5002 8.59343
v 45.5408 14.2115 8.28585
v 45.2458 13.9792 8.30468
v 44.8942 13.7093 8.27957
v 45.0072 13.339 7.74602
v 44.6934 13.0942 7.72718
v 44.3858 12.8556 7.68952
v 44.0657 12.6108 7.72091
v 44.0908 12.2091 7.33172
v 43.7957 11.9768 7.43843
v 43.802 11.5751 7.1183
v 43.5007 11.3428 7.13085
v 43.3689 10.8218 6.74167
v 43.0676 10.5833 6.76678
v 42.6847 10.2883 6.63496
v 42.3457 10.0246 6.71028
v 42.0946 9.83003 6.81072
v 41.7808 9.58522 6.79189
v 42.0884 9.33414 6.45292
v 42.2578 8.98262 5.97586
v 42.5529 8.70014 5.53646
v 42.4587 8.19797 5.17866
v 42.7726 7.97827 4.88991
v 42.8228 7.56398 4.66393
v 43.3187 7.52632 4.2057
v 43.6451 7.40705 4.04249
v 43.6765 7.80251 4.22453
v 43.7644 8.29841 4.59488
v 43.7141 8.70642 4.82714
v 44.0531 8.97006 4.83969
v 44.3732 9.22115 4.77692
v 44.6683 9.44713 4.72042
v 45.001 9.70449 4.75181
v 45.409 10.0246 4.87735
v 45.7228 10.2694 4.92757
v 46.0492 10.5205 4.97779
v 46.4259 10.8155 5.07195
v 46.7648 11.0729 5.14727
v 46.746 11.5249 5.32931
v 46.7523 11.958 5.56156
v 47.0975 12.2279 5.5804
v 47.0536 12.705 5.73105
v 47.3988 12.9749 5.78126
v 47.7692 13.2574 5.87542
v 48.1019 13.5147 5.93819
v 48.5413 13.86 6.22694
v 48.8928 14.1299 6.31482
v 49.3259 14.4689 6.56591
v 49.7465 14.789 6.72284
v 50.1796 15.128 6.94882
v 50.6379 15.4858 7.25012
v 51.0835 15.831 7.53887
v 51.5229 16.17 7.78996
v 51.887 16.4524 7.92178
v 52.2574 16.7412 8.04732
v 53.0546 16.8416 8.02849
v 53.6697 16.8918 7.87156
v 53.9585 16.6533 7.53887
v 54.3351 16.4901 7.2564
v 54.6992 16.7726 7.36939
v 55.3018 16.8228 7.09319
v 55.0758 17.0676 7.53259
v 55.1386 17.576 7.9971
v 55.4964 17.8522 8.03477
v 55.534 18.3419 8.39884
v 55.873 18.5992 8.49927
v 56.2559 18.9005 8.61854
v 56.0111 19.1391 8.94495
v 55.7537 19.4529 9.41574
v 56.099 19.7228 9.47851
v 56.4317 19.9802 9.53501
v 56.1931 20.2815 9.91791
v 56.5447 20.5514 10.0183
v 56.8648 20.8025 9.96813
v 56.8585 21.2859 10.3322
v 57.1724 21.5307 10.351
v 57.4925 21.7817 10.3134
v 57.8503 22.0579 10.351
v 58.2081 22.3404 10.4766
v 58.5408 22.5978 10.508
v 58.886 22.3655 10.2945
v 59.1873 22.6041 10.2067
v 59.4824 22.83 10.1816
v 60.1917 22.8991 10.1502
v 60.5746 22.6857 9.8928
v 60.9512 22.5413 9.84259
v 61.2965 22.3467 9.6731
v 61.717 22.2211 9.51617
v 61.9242 21.9512 9.12071
v 62.2192 21.8069 8.9324
v 62.7339 21.7315 8.56832
v 63.0415 21.9701 8.55577
v 63.3365 22.196 8.53066
v 63.6504 22.4408 8.48672
v 63.9454 22.6731 8.48044
v 64.2153 22.8802 8.4365
v 64.5355 23.1251 8.41139
v 64.8556 23.3761 8.38001
v 65.1444 23.6021 8.32979
v 65.4645 23.8469 8.24819
v 65.7407 24.0666 8.17286
v 65.9478 23.7716 7.99082
v 65.4896 24.3428 8.38001
v 65.8035 24.5876 8.44906
v 65.59 24.8011 8.70642
v 65.3578 25.0459 9.13955
v 64.9874 25.2091 9.38435
v 64.7803 25.5167 9.8677
v 64.8054 25.9686 10.2129
v 64.5857 26.3076 10.6649
v 64.6045 26.8098 11.0352
v 64.9184 27.0483 10.9976
v 65.1695 27.2429 10.872
v 65.4582 27.4751 10.8532
v 65.7595 27.7074 10.7214
v 66.0357 27.9208 10.621
v 66.3245 28.1468 10.6021
v 66.6823 28.423 10.621
v 66.9396 28.6176 10.4954
v 66.8518 29.0507 10.7151
v 67.1468 29.283 10.6398
v 67.4418 29.5089 10.5017
v 67.7494 29.7475 10.5394
v 68.1762 30.0802 10.7779
v 68.7726 30.0425 10.3761
v 69.1178 30.3187 10.4891
v 69.4568 30.576 10.4829
v 69.7079 30.2873 10.1627
v 70.0029 30.5133 10.0874
v 70.323 30.7644 10.0372
v 70.6055 30.4693 9.6731
v 70.9005 30.2685 9.36552
v 70.9068 30.7016 9.6731
v 71.2646 30.9778 9.75471
v 71.5847 31.2289 9.7296
v 71.8735 31.4548 9.66055
v 72.2062 31.7122 9.69821
v 72.5326 31.9633 9.70449
v 72.8151 32.183 9.62289
v 73.0787 32.3901 9.55384
v 73.3549 32.6036 9.45968
v 73.6311 32.817 9.39691
v 73.9324 32.6224 9.12071
v 74.2463 32.3964 8.88846
v 74.2337 32.8547 9.10188
v 74.2776 33.3192 9.43457
v 74.2588 33.8213 9.65427
v 74.2149 34.2733 9.91791
v 74.4848 34.4804 9.81748
v 74.4973 34.9952 10.1
v 74.7798 35.2086 10.0058
v 75.0435 35.4157 9.93674
v 75.282 35.6041 9.80492
v 75.2192 35.9807 9.79237
v 75.1125 36.3071 9.83631
v 75.3448 36.4891 9.69821
v 75.5707 36.6649 9.50362
v 75.759 36.8155 9.23998
v 76.0917 37.0729 9.25881
v 76.5186 37.3993 9.48479
v 76.8827 37.6881 9.5915
v 77.2405 37.9643 9.71704
v 77.1086 38.2844 9.91791
v 76.8073 38.5104 10.1
v 76.6755 38.774 10.2757
v 76.5123 39.0816 10.3824
v 76.8827 39.3641 10.4577
v 77.2593 39.6591 10.5896
v 77.5669 39.8976 10.5833
v 77.8744 40.1362 10.5394
v 77.6924 40.45 10.6523
v 77.479 40.7576 10.7339
v 77.3283 41.0652 10.7716
v 77.1337 41.423 10.8155
v 77.3723 41.6113 10.6398
v 77.3723 42.1135 10.5519
v 77.8368 42.4713 10.9474
v 77.297 42.5717 10.7528
v 77.5229 43.1743 11.0352
v 77.7928 43.3877 10.9788
v 77.6485 43.7267 10.9913
v 78.1381 43.6514 11.1043
v 78.0439 44.028 11.1859
v 77.4162 44.0468 11.1231
v 77.253 44.4046 11.0729
v 76.8513 44.4737 11.1859
v 76.6692 44.7813 11.2487
v 76.6378 45.2018 11.2926
v 76.9392 45.4278 11.2989
v 76.506 45.5534 11.3303
v 76.2424 45.3462 11.4495
v 75.985 45.1453 11.55
v 75.69 45.3148 11.7006
v 75.4452 45.5973 12.0459
v 75.3008 45.9488 12.1526
v 75.0309 45.7417 12.2342
v 74.7108 45.999 12.4162
v 74.2714 46.0932 12.3535
v 74.2086 46.52 12.5543
v 74.1646 46.9594 12.705
v 74.0391 47.3361 12.8933
v 73.8445 46.7083 12.7615
v 73.8947 46.746 13.6089
v 73.5495 46.4824 13.5084
v 73.198 46.677 13.8098
v 73.9198 47.2356 14.1048
v 73.0097 46.928 13.8537
v 72.6707 46.6644 13.7533
v 72.564 47.0536 13.9667
v 72.7648 47.6876 14.2617
v 72.1246 47.6813 13.8286
v 72.7335 48.1521 13.7909
v 73.0913 47.9449 13.6152
v 73.3612 47.6813 14.3935
v 73.0787 48.422 13.8349
v 73.8571 48.0642 14.1111
v 73.7629 47.5181 14.1362
v 74.2337 47.4867 14.0985
v 74.4597 47.6562 13.9102
v 74.6794 47.832 13.7784
v 74.4157 48.0203 14.1613
v 74.6354 48.1898 13.9479
v 74.2086 48.3341 14.2429
v 73.9638 48.6166 14.1927
v 73.2042 48.9618 14.0232
v 73.1226 49.3824 14.2429
v 72.8025 49.1376 14.224
v 72.5765 49.4829 14.3496
v 72.5138 48.9116 14.2868
v 72.3505 49.3071 14.4877
v 72.2878 49.803 14.9522
v 72.9343 49.759 15.2158
v 73.5118 49.6837 15.1907
v 72.2062 50.1608 15.2347
v 71.9049 49.9348 15.2409
v 71.6726 50.2047 15.3288
v 71.4341 50.0164 15.4858
v 71.2395 50.3617 15.7682
v 70.4674 50.6441 15.9879
v 70.254 50.9392 16.013
v 69.9966 51.1651 16.0821
v 69.689 50.9266 16.0633
v 69.1555 50.9517 16.1449
v 69.5886 51.2907 16.4148
v 69.1806 51.3534 16.804
v 69.0801 51.6987 17.1492
v 68.7726 51.4602 17.1618
v 68.4524 51.2091 17.1115
v 67.9691 51.2718 17.3689
v 67.6301 51.0082 17.3187
v 67.3225 50.7634 17.2747
v 66.6634 50.7383 17.212
v 66.9899 50.9894 17.9903
v 66.494 50.9956 18.0908
v 66.2178 50.7822 17.4317
v 65.9102 51.0082 17.7204
v 65.6214 50.7822 17.7706
v 65.3327 51.0333 18.0782
v 65.1067 51.3221 18.3921
v 64.8117 51.0898 18.4549
v 64.5606 51.3032 18.6746
v 64.2844 51.0898 18.7624
v 64.0145 50.8764 18.8629
v 63.7383 50.663 18.9445
v 63.2801 50.7822 19.1956
v 63.0101 50.5688 19.2772
v 62.6837 50.8073 19.5345
v 62.4326 51.1589 19.8547
v 62.2255 51.479 20.1497
v 61.8802 51.7112 20.4761
v 61.5852 51.4853 20.4761
v 61.309 51.2718 20.52
v 61.0768 51.0898 20.6895
v 60.8131 51.4162 20.9657
v 60.5746 51.2342 21.1729
v 60.3172 51.0333 21.2231
v 60.0222 50.8011 21.3047
v 59.7711 51.1212 21.606
v 59.5514 51.3346 21.7943
v 59.2564 51.1024 21.8445
v 58.9614 50.8701 21.8696
v 58.7291 51.1275 22.0517
v 58.5094 51.4037 22.3718
v 58.3462 51.7301 22.5036
v 58.0386 51.4853 22.5538
v 57.8064 51.6987 22.8238
v 57.5239 51.479 22.8551
v 57.2226 51.2405 22.83
v 56.9087 50.9956 22.8363
v 56.6702 51.2718 23.0246
v 56.099 51.3158 23.1313
v 55.8165 51.661 23.3008
v 55.5027 51.4162 23.2757
v 55.2265 51.705 23.3887
v 54.9377 51.479 23.4075
v 54.6238 51.2405 23.3761
v 54.2598 51.4727 23.508
v 53.9083 51.1965 23.4389
v 53.5881 51.4664 23.621
v 53.2429 51.1965 23.5645
v 52.929 51.4915 23.7465
v 52.6089 51.2467 23.6837
v 52.1318 51.3095 23.6963
v 51.8054 51.0521 23.6586
v 51.4853 50.8011 23.5958
v 51.1589 51.027 23.7151
v 50.7006 51.1463 23.7653
v 50.2926 51.2907 23.8344
v 49.985 51.0521 23.8532
v 49.6461 51.1337 23.872
v 49.2945 50.8576 23.8155
v 49.0435 51.0082 23.9536
v 48.7735 51.1714 24.0541
v 48.5162 51.4413 24.1608
v 48.1458 51.1526 24.0917
v 47.5934 51.1337 24.3428
v 47.2545 50.8701 24.2863
v 46.8904 50.5814 24.211
v 46.5451 50.8262 24.2424
v 46.1748 51.1212 24.4056
v 45.9174 51.4978 24.663
v 45.5031 51.661 24.8136
v 45.1579 51.3911 24.7383
v 44.7875 51.1024 24.6316
v 44.3481 51.2907 24.7697
v 43.7581 51.3723 24.9078
v 43.2371 51.5229 24.8387
v 42.9169 51.2718 24.8073
v 42.5843 51.0082 24.8513
v 42.2516 50.7508 24.8073
v 41.944 50.5123 24.7508
v 41.5234 50.6881 24.845
v 41.1844 50.4244 24.8073
v 40.8392 50.1545 24.7508
v 40.4689 49.8658 24.6379
v 40.1362 49.6021 24.5563
v 39.7846 49.3259 24.437
v 39.4457 49.0623 24.3742
v 39.1569 48.83 24.4244
v 38.9121 48.6417 24.55
v 38.8556 48.0893 24.1545
v 38.4413 48.2714 24.2047
v 38.1149 48.0203 24.211
v 37.7634 47.7441 24.1043
v 37.4056 47.4616 24.0541
v 36.8218 47.5558 24.029
v 36.4829 47.2921 23.9474
v 36.3196 47.719 24.1482
v 35.9116 47.3988 23.9411
v 35.648 47.7629 23.9788
v 35.127 47.8508 23.9662
v 34.7378 47.5495 23.8281
v 34.3549 47.2482 23.6963
v 34.0097 46.972 23.5645
v 33.4886 47.1101 23.5331
v 32.9112 47.2168 23.577
v 32.2709 47.2858 23.6586
v 31.7687 47.3988 23.6523
v 31.48 47.7378 23.7842
v 30.9213 47.8508 23.8218
v 30.5007 48.0893 24.0792
v 30.1304 47.8006 24.029
v 29.6721 47.9261 24.1357
v 29.3332 47.6625 24.0855
v 28.9 47.3235 23.8407
v 28.5799 47.5495 24.2361
v 28.2347 47.2796 24.142
v 27.9836 47.6123 24.142
v 28.5297 47.0285 23.7214
v 28.2033 46.7774 23.7277
v 28.4104 46.4573 23.6335
v 28.5799 46.0179 23.4326
v 28.6992 45.5596 23.2192
v 28.6678 44.9696 23.0309
v 28.3225 44.6997 22.9744
v 28.5046 44.3356 22.8928
v 28.128 44.0406 22.7861
v 27.7388 43.733 22.5915
v 27.9961 43.3689 22.4911
v 27.8957 42.7349 22.2776
v 27.9961 42.2704 22.0579
v 27.5756 41.9377 21.8822
v 27.1989 41.6427 21.7441
v 24.9078 40.3935 21.2984
v 24.5625 40.1236 21.2168
v 24.2298 39.86 21.154
v 23.8658 39.5775 21.0473
v 23.5205 39.3076 20.972
v 23.1627 39.5838 20.9343
v 22.8991 39.9478 20.9594
v 22.535 39.6654 20.9406
v 22.2211 39.4143 20.9469
v 22.1709 38.8054 20.7397
v 21.8006 38.5167 20.6707
v 22.4346 38.4539 20.7021
v 22.0579 38.1651 20.6205
v 21.4365 38.2342 20.5577
v 21.0975 38.5355 20.5514
v 20.7586 38.2718 20.4447
v 20.5891 38.6485 20.5765
v 21.0913 37.958 20.4761
v 21.3423 37.6002 20.4133
v 21.5244 37.2047 20.3443
v 21.7064 36.8469 20.3129
v 22.2902 36.7339 20.3192
v 22.0956 37.1545 20.4196
v 22.4597 37.4433 20.5514
v 22.2525 37.7697 20.5514
v 22.6103 38.0521 20.6393
v 22.9681 38.3346 20.7586
v 22.8238 38.7615 20.859
v 23.1816 39.0439 20.9469
v 22.8489 39.339 20.9532
v 22.5036 39.0628 20.8402
v 21.6625 37.8513 20.4824
v 21.8759 37.4746 20.4196
v 27.4626 41.3602 21.7566
v 27.9899 41.197 21.7504
v 28.3665 41.4983 21.8571
v 28.9189 41.3665 21.8006
v 29.465 41.2472 21.7253
v 29.8165 41.5234 21.8382
v 30.3061 41.3979 21.788
v 30.733 41.7306 22.0642
v 30.9903 41.3665 22.1458
v 31.141 40.9459 21.8571
v 31.6181 40.789 21.7692
v 31.7562 40.4061 21.7504
v 32.1579 40.1362 21.7566
v 32.5973 39.8976 21.7629
v 32.5973 39.3829 21.6374
v 33.0179 39.3013 21.719
v 33.0241 38.8368 21.7629
v 32.999 38.4351 21.6688
v 32.9425 38.0459 21.5118
v 33.3129 37.9957 21.5495
v 33.3757 37.5688 21.4679
v 33.52 37.211 21.4553
v 33.1622 36.9348 21.3298
v 33.2564 36.5268 21.38
v 33.5891 36.7842 21.4177
v 33.9469 37.0666 21.4993
v 34.3486 36.9411 21.4616
v 34.7127 36.6837 21.3298
v 35.0705 36.4452 21.1603
v 35.4157 36.1941 21.041
v 35.7359 36.4452 21.0348
v 36.1251 36.7465 21.154
v 36.4891 37.0352 21.2482
v 36.8469 37.3114 21.3423
v 37.2047 37.5939 21.4365
v 37.5311 37.845 21.4239
v 38.0333 37.732 21.2796
v 38.3597 37.9894 21.3361
v 39.0565 37.9643 21.3612
v 39.3703 37.7195 21.2733
v 39.5398 36.9976 21.0787
v 39.4833 36.056 20.9657
v 39.8788 37.2612 21.0913
v 40.1864 37.0541 21.1352
v 40.1989 37.5123 21.1603
v 40.5128 37.3114 21.1917
v 40.7702 37.0666 21.7943
v 40.5253 36.872 21.9952
v 39.8976 36.8281 21.9826
v 39.7909 37.1922 21.6499
v 39.5649 36.5645 21.9638
v 39.973 36.4389 22.083
v 39.9541 35.987 22.1082
v 40.2492 35.8363 22.083
v 40.6446 35.6292 22.0328
v 40.9773 35.353 22.014
v 41.0526 34.9073 21.8508
v 41.015 34.3926 21.7441
v 41.0966 33.9155 21.7378
v 41.2786 33.5577 21.945
v 41.3225 32.7103 22.0768
v 41.0652 32.5031 22.2525
v 40.7199 32.2395 22.2525
v 40.4375 32.4215 22.309
v 40.1048 32.1642 22.2651
v 40.0608 31.7185 22.1647
v 39.7658 31.4925 22.2086
v 39.7909 31.0468 22.0705
v 39.6905 30.4944 21.6562
v 39.8474 30.1492 21.7504
v 39.7344 29.6721 21.6499
v 39.3829 29.3959 21.5746
v 39.6528 29.126 21.4679
v 39.8223 28.8122 21.3047
v 39.4771 28.5485 21.2419
v 39.6465 28.2598 21.0661
v 39.2887 27.9773 20.972
v 39.4896 27.7513 20.8151
v 39.6403 27.4312 20.6393
v 39.1318 27.0357 20.2564
v 38.7929 26.7721 20.225
v 38.9309 26.452 19.8923
v 39.0377 26.0753 19.5847
v 39.2762 25.8619 19.6412
v 39.3578 25.4476 19.7417
v 39.5147 25.0773 19.5596
v 39.6779 24.7508 19.296
v 39.7721 24.4056 19.0512
v 39.5084 24.1985 18.4486
v 39.2009 23.9599 18.5051
v 38.7866 23.6398 18.2791
v 38.3974 23.3385 18.1473
v 38.0333 23.0497 18.0217
v 38.2781 22.6982 18.0217
v 37.9015 22.4032 17.8836
v 37.5374 22.1207 17.8585
v 37.1859 21.8445 17.7957
v 36.872 21.5997 17.8083
v 36.5582 21.3549 17.8711
v 36.8093 21.0285 17.7518
v 36.9536 20.6519 17.7204
v 37.1608 20.3819 17.6325
v 37.2549 19.9676 17.5196
v 37.324 19.5534 17.1931
v 37.4244 19.1642 16.9609
v 37.4684 18.8001 16.7035
v 37.8073 18.5929 16.3143
v 38.0521 18.3168 15.8875
v 38.0459 17.846 15.605
v 38.0333 17.4003 15.3288
v 38.2279 17.0488 14.9271
v 38.5543 17.3061 14.9145
v 38.8556 17.5384 14.9459
v 39.2071 17.8083 14.971
v 39.5587 17.6263 14.6321
v 39.8662 17.4003 14.3873
v 40.1927 17.6451 14.3747
v 40.5379 17.915 14.4124
v 40.8769 18.1849 14.4814
v 41.5109 18.2728 14.3998
v 41.9189 18.141 14.3747
v 42.2955 18.4423 14.4689
v 42.6345 18.7059 14.5379
v 42.9985 18.9821 14.5881
v 43.3563 19.2646 14.6572
v 43.6702 19.5094 14.7011
v 43.9966 19.7668 14.745
v 44.3607 20.043 14.8204
v 44.6369 19.817 14.4751
v 44.9947 19.6475 14.2052
v 45.3399 19.9237 14.2303
v 45.6852 19.817 13.9541
v 45.9363 19.5282 13.4143
v 46.3003 19.3148 13.0377
v 46.6079 19.1077 12.6485
v 46.972 18.9759 12.2593
v 47.2042 18.6306 11.7069
v 47.2796 18.1975 11.2926
v 47.6248 17.959 10.7779
v 47.8069 17.6765 10.2569
v 47.9198 17.2999 9.83003
v 47.5997 17.0488 9.83631
v 47.2607 16.7851 9.8112
v 47.4616 16.4901 9.17093
v 47.493 16.0946 8.80058
v 47.5307 15.7557 8.42395
v 47.2105 15.5109 8.39884
v 46.8151 15.197 8.31096
v 46.451 14.9145 8.24191
v 46.156 14.6886 8.22936
v 45.8358 14.4375 8.2733
v 46.0367 14.1424 7.78368
v 45.7103 13.8851 7.82762
v 45.3588 13.6152 7.73346
v 45.3964 13.226 7.36311
v 45.0637 12.9686 7.33172
v 44.7122 12.6924 7.28151
v 44.3858 12.4413 7.28778
v 44.367 12.0145 6.96765
v 44.0782 11.7885 7.0367
v 44.0217 11.324 6.70401
v 43.6953 11.0729 6.67262
v 43.62 10.5205 6.30227
v 43.2936 10.2632 6.30227
v 42.9672 10.0121 6.2395
v 42.6972 9.80492 6.35249
v 42.3771 9.55384 6.4027
v 42.5905 9.23998 5.95075
v 42.8793 8.95123 5.53646
v 42.7788 8.44278 5.17238
v 43.0676 8.21053 4.8648
v 43.1492 7.81506 4.65765
v 43.4568 8.05987 4.60116
v 43.3563 8.4365 4.7832
v 43.4505 8.96378 5.14727
v 43.7393 9.18976 5.09705
v 44.0657 9.44713 5.0845
v 44.3732 9.67938 5.03428
v 44.6871 9.92419 5.07822
v 45.0637 10.2192 5.19121
v 45.3776 10.464 5.19749
v 45.7228 10.7277 5.26026
v 46.0932 11.0164 5.29165
v 46.4384 11.2863 5.31675
v 46.4447 11.7195 5.56156
v 46.4133 12.2091 5.74988
v 46.7272 12.4539 5.71222
v 46.4761 12.7364 6.13906
v 46.8088 12.9937 6.16417
v 47.1038 13.226 6.19556
v 47.4679 13.5084 6.24577
v 47.8571 13.8098 6.31482
v 48.2211 14.0922 6.44037
v 48.6668 14.4437 6.69145
v 49.0937 14.7702 6.89232
v 49.464 15.0589 7.04925
v 49.8909 15.3853 7.26267
v 50.2801 15.6866 7.42588
v 50.7195 16.0319 7.7774
v 51.1902 16.3959 8.11009
v 51.6045 16.7161 8.2733
v 52 17.0237 8.45533
v 52.6591 17.0488 8.23563
v 53.0671 17.3689 8.48672
v 53.4186 17.1304 8.16031
v 54.0715 17.2057 7.95944
v 54.3288 16.9421 7.64558
v 54.7243 17.2496 7.82762
v 54.8122 17.7769 8.23563
v 55.1888 18.0719 8.30468
v 55.2704 18.5616 8.73781
v 55.6596 18.8629 8.8759
v 55.4022 19.1767 9.32158
v 55.4587 19.704 9.79237
v 55.8479 20.0116 9.88025
v 55.9107 20.5514 10.282
v 56.2308 20.8025 10.3636
v 56.5384 21.041 10.3636
v 56.2936 21.2733 10.69
v 56.6514 21.5495 10.7465
v 56.9966 21.8194 10.803
v 57.3356 22.083 10.8344
v 57.6745 22.3404 10.8532
v 57.9947 22.5915 10.8595
v 58.296 22.83 10.8532
v 58.6098 23.0748 10.8532
v 58.8609 22.8489 10.4515
v 59.1434 23.0623 10.4264
v 59.4824 23.3259 10.5017
v 59.9469 23.1941 10.4829
v 60.562 23.1816 10.2255
v 60.8885 22.9242 9.93047
v 61.2714 22.7861 9.85514
v 61.5852 22.5727 9.66683
v 62.0121 22.4471 9.46596
v 62.2632 22.2149 9.10816
v 62.5393 22.0517 8.91357
v 62.8093 22.2651 8.83824
v 63.1106 22.4973 8.83196
v 63.4495 22.761 8.78175
v 63.7697 23.0121 8.77547
v 64.0647 23.238 8.75664
v 64.3723 23.4766 8.66248
v 64.661 23.7026 8.61226
v 64.9247 23.9034 8.54949
v 65.2197 24.1357 8.45533
v 65.1695 24.4746 8.493
v 65.0879 24.8324 9.22743
v 64.6673 24.9643 9.37808
v 64.479 25.2781 9.88653
v 64.479 25.7112 10.1502
v 64.2279 26.0314 10.5833
v 63.9705 26.3139 10.9725
v 64.3221 26.5838 11.0352
v 64.2342 27.0169 11.2047
v 64.5229 27.2429 11.1169
v 64.8431 27.4877 11.0792
v 65.1632 27.7388 11.1294
v 65.4394 27.9522 11.029
v 65.7219 28.1719 10.9285
v 66.0294 28.4104 10.9662
v 66.3182 28.6364 10.9223
v 66.6132 28.8624 10.8595
v 66.6697 29.3332 11.1357
v 66.9083 29.5215 10.9725
v 67.2284 29.7663 10.9348
v 67.6929 30.1241 11.3114
v 68.0005 30.3689 11.2926
v 68.2641 30.5698 11.1859
v 68.5152 30.3438 10.7904
v 68.804 30.5635 10.7904
v 69.1366 30.8209 10.8407
v 69.4505 31.0719 10.8218
v 69.7455 30.802 10.4138
v 70.0217 31.0154 10.3824
v 70.367 31.2854 10.4075
v 70.6243 30.9966 10.0058
v 70.9445 31.2477 10.0121
v 71.2646 31.4925 9.99952
v 71.6098 31.7624 10.0748
v 71.9488 32.0261 10.1564
v 72.2062 32.2269 10.0435
v 72.4635 32.4278 9.92419
v 72.7648 32.6601 9.95558
v 73.0599 32.8923 9.8677
v 73.3361 33.1057 9.73588
v 73.6562 33.3568 9.74843
v 73.9387 33.0555 9.42829
v 73.9638 33.5891 9.71704
v 73.9324 34.0536 9.96185
v 73.9073 34.5307 10.1816
v 74.2086 34.7629 10.169
v 74.2023 35.1835 10.3699
v 74.4973 35.4157 10.3259
v 74.7296 35.5978 10.1816
v 74.9932 35.7986 10.0497
v 74.8802 36.1251 10.0372
v 74.9493 36.6084 9.96185
v 75.2067 36.8093 9.84259
v 75.4829 37.0227 9.69821
v 75.6963 37.1922 9.48479
v 76.0415 37.4558 9.56639
v 76.4119 37.7446 9.6731
v 76.7759 38.027 9.80492
v 76.437 38.2216 9.94302
v 76.3114 38.4915 10.1251
v 76.1859 38.8242 10.3071
v 76.0792 39.1946 10.4891
v 76.4307 39.4708 10.5331
v 76.8011 39.7533 10.6837
v 77.1212 40.0043 10.7716
v 77.4288 40.2429 10.7528
v 77.2028 40.5442 10.8407
v 77.0898 40.8831 10.916
v 76.8952 41.2347 11.0101
v 76.8952 41.7431 10.8909
v 77.1589 41.944 10.7151
v 77.0019 42.3457 10.7904
v 76.5939 42.4524 11.0164
v 77.0459 42.804 11.3679
v 77.3095 43.0111 11.2675
v 76.8575 43.1115 11.3868
v 77.479 43.5949 11.3366
v 77.2216 43.8962 11.3303
v 76.7069 43.9778 11.2675
v 77.0145 44.2226 11.2738
v 76.5876 44.2665 11.2675
v 76.3805 44.549 11.2675
v 76.3679 44.9884 11.4495
v 76.0541 44.7499 11.4244
v 75.7528 44.9633 11.6692
v 75.3699 45.07 11.7132
v 75.0686 45.3085 11.9141
v 74.6857 45.4717 12.1589
v 74.3341 45.704 12.3032
v 74.0203 45.8986 12.5104
v 73.9324 46.3003 12.6234
v 73.788 46.1936 12.9812
v 73.2168 46.2187 13.5336
v 72.8402 46.4008 13.7344
v 72.5765 46.1936 13.0942
v 72.1748 46.7523 13.7909
v 72.1936 47.2482 13.6089
v 71.9928 47.0913 13.9102
v 71.9551 47.5432 14.2366
v 72.0492 48.0517 14.1111
v 72.3568 48.2965 14.1424
v 72.7146 48.5789 14.2743
v 72.9657 48.7735 14.1424
v 72.2438 48.6982 14.381
v 72.0995 49.1125 14.6886
v 71.999 49.577 15.0715
v 71.635 49.7214 15.3728
v 71.3399 49.4891 15.3916
v 71.1516 49.7967 15.5422
v 70.3732 50.1608 15.8624
v 70.1096 50.3679 15.8373
v 69.8962 50.663 15.9126
v 69.4254 50.7195 16.1825
v 68.9107 50.3177 16.4211
v 68.7537 50.6316 16.6031
v 68.9985 50.8262 16.5278
v 68.873 51.1149 16.8165
v 68.5843 50.8889 16.8667
v 68.1511 50.9768 17.1618
v 67.8435 50.732 17.168
v 67.536 50.4935 17.2057
v 67.0087 50.5249 17.2434
v 66.6634 50.2549 17.1806
v 66.337 50.4809 17.212
v 65.9227 50.55 17.4944
v 65.6152 50.3114 17.5321
v 65.3452 50.5688 17.8334
v 65.0439 50.8073 18.1347
v 64.7238 50.5625 18.1473
v 64.479 50.8262 18.4549
v 64.1965 50.6127 18.5176
v 63.8889 50.3679 18.5553
v 63.3993 50.393 18.8943
v 63.1106 50.1671 18.9696
v 62.7151 50.3365 19.3399
v 62.4012 50.5876 19.6412
v 62.1376 50.9266 19.9551
v 61.9179 51.2405 20.1622
v 61.6417 51.027 20.225
v 61.3592 50.8073 20.3066
v 61.0705 50.5751 20.3694
v 60.832 50.8952 20.8213
v 60.562 50.6881 20.9281
v 60.267 50.4558 20.9908
v 59.9845 50.2361 21.0661
v 59.7523 50.5876 21.3612
v 59.4761 50.8889 21.6625
v 59.1748 50.6504 21.6813
v 58.8735 50.4182 21.7127
v 58.6412 50.619 21.8885
v 58.4341 50.8952 22.083
v 58.183 51.1526 22.4095
v 57.7436 51.253 22.6103
v 57.4486 51.0208 22.6041
v 57.1096 50.7571 22.6041
v 56.5823 50.7446 22.8112
v 56.3626 51.027 22.9995
v 56.0613 50.7948 22.9744
v 55.804 51.0835 23.1439
v 55.4524 50.8073 23.1564
v 55.1762 51.1526 23.2883
v 54.8435 50.8952 23.2129
v 54.2974 50.9831 23.2945
v 53.9836 50.732 23.2945
v 53.5756 50.9329 23.4138
v 53.268 50.6943 23.395
v 52.9227 50.9454 23.5142
v 52.5336 50.6441 23.4201
v 52.2574 50.9705 23.6147
v 51.8933 50.6818 23.5017
v 51.5983 50.4495 23.4891
v 51.1651 50.55 23.5519
v 50.7948 50.7446 23.6335
v 50.3554 50.8701 23.6837
v 49.9913 50.5876 23.6147
v 49.6272 50.7697 23.7528
v 49.3196 50.5311 23.69
v 48.987 50.619 23.8344
v 48.717 50.7446 23.9097
v 48.4408 50.9078 24.0039
v 48.1144 50.6567 23.985
v 47.8006 50.8764 24.0415
v 47.5055 50.6504 24.0039
v 47.1666 50.3805 23.9788
v 46.8464 50.1357 23.916
v 46.52 50.2926 24.1231
v 46.2062 50.5562 24.1796
v 45.8798 50.8889 24.3805
v 45.5596 51.2216 24.5751
v 45.1704 50.914 24.4621
v 44.8503 50.663 24.4244
v 44.4737 50.8513 24.5939
v 44.0092 51.027 24.7006
v 43.4631 51.14 24.8701
v 43.1304 50.8827 24.8011
v 42.7977 50.619 24.7634
v 42.5027 50.3868 24.7634
v 42.1825 50.1357 24.732
v 41.605 50.2487 24.732
v 41.3037 50.0101 24.6881
v 40.9647 49.7402 24.5939
v 40.6132 49.464 24.5437
v 40.2429 49.1816 24.4244
v 39.9227 48.9242 24.3491
v 39.5524 48.6354 24.2863
v 39.2385 48.3906 24.3114
v 39.4582 48.0014 24.2298
v 39.1255 47.7441 24.1608
v 38.5104 47.8257 24.1106
v 38.2028 47.5809 24.0729
v 37.8889 47.3361 24.0164
v 37.5437 47.0661 23.9788
v 37.0541 47.1917 23.9976
v 36.7277 46.9343 23.916
v 36.1125 47.0034 23.8469
v 35.5287 47.0975 23.8155
v 35.2776 47.4742 23.8407
v 34.9387 47.2105 23.7277
v 34.562 46.9218 23.5707
v 34.1226 46.5703 23.3197
v 33.6393 46.6832 23.4201
v 33.1309 46.8339 23.4577
v 32.5596 46.9406 23.5205
v 31.9256 47.0159 23.5456
v 31.4046 47.1164 23.5394
v 31.1347 47.4616 23.7088
v 30.6137 47.606 23.803
v 30.2496 47.3235 23.7151
v 29.76 47.5118 23.9034
v 29.3394 47.1854 23.6837
v 29.0256 46.9343 23.6837
v 28.7117 46.6895 23.6398
v 28.9189 46.2815 23.5017
v 29.0758 45.8547 23.3699
v 29.3708 45.522 23.1941
v 29.0319 45.2583 23.1376
v 29.1449 44.8378 23.0183
v 28.8247 44.5867 22.9619
v 28.7745 43.9715 22.7547
v 28.3728 43.6576 22.6166
v 28.6364 43.3124 22.5538
v 28.2723 43.0237 22.4346
v 28.4167 42.5968 22.2839
v 28.5485 42.2076 22.1333
v 28.1782 41.9189 22.0014
v 27.789 41.6176 21.8633
v 28.7431 41.7871 21.945
v 29.283 41.6552 21.9136
v 29.6345 41.9314 21.9889
v 30.1806 41.8059 21.9261
v 30.576 42.1135 22.0893
v 31.0406 41.9691 22.1019
v 31.254 41.5799 22.0517
v 31.4611 41.197 21.9073
v 31.9696 41.0652 21.832
v 32.1202 40.6886 21.7817
v 32.522 40.4249 21.8508
v 32.9425 40.1675 21.8194
v 32.93 39.6465 21.719
v 33.3882 39.59 21.7943
v 33.3882 39.1193 21.8508
v 33.3254 38.6924 21.7064
v 33.3003 38.3283 21.606
v 33.6267 38.2405 21.6185
v 33.7335 37.8576 21.5369
v 33.859 37.4746 21.5118
v 34.3047 37.3428 21.562
v 34.719 37.2298 21.4993
v 35.0642 36.9599 21.3863
v 35.4032 36.7026 21.1854
v 35.7359 36.9662 21.2419
v 36.0811 37.2298 21.2921
v 36.4452 37.5186 21.4428
v 36.803 37.7948 21.5369
v 37.1106 38.0396 21.5369
v 37.4433 38.297 21.5746
v 37.845 38.0961 21.4491
v 38.1337 38.3221 21.4365
v 38.6799 38.2405 21.2859
v 39.0126 38.5041 21.3298
v 39.3578 38.2028 21.3298
v 39.6465 37.9392 21.2419
v 39.9604 37.7257 21.2482
v 39.9604 38.184 21.2419
v 39.6403 38.4288 21.2482
v 40.0169 38.7238 21.3549
v 40.2994 38.4476 21.2921
v 40.5128 38.1526 21.7755
v 40.3998 39.0188 21.5181
v 40.9334 38.4853 22.0266
v 40.8392 38.0145 21.8885
v 40.8518 37.5751 21.2733
v 41.1593 37.3679 21.9261
v 41.2096 36.9662 22.0328
v 40.8141 36.6586 21.8822
v 40.5316 36.4389 21.9512
v 40.2805 36.6837 22.1082
v 40.2805 36.238 22.0893
v 40.5881 36.0999 22.1144
v 40.9899 35.8991 22.0705
v 41.3288 35.6292 22.0579
v 41.4732 35.24 22.127
v 41.3539 34.6625 21.8069
v 41.4041 34.154 21.7504
v 41.5422 33.7648 21.8069
v 41.8373 33.52 21.945
v 41.5987 33.3317 22.1082
v 41.6238 32.9425 22.0893
v 41.6929 32.5408 22.0893
v 41.3728 32.2897 22.0642
v 41.0338 32.0261 22.0391
v 40.7074 31.7687 21.9889
v 40.3935 31.9821 22.1835
v 40.4124 31.5365 22.0579
v 40.0985 31.2916 22.0893
v 40.0357 30.7644 21.7504
v 40.1864 30.4128 21.7817
v 40.0483 29.9169 21.7127
v 39.9855 29.3834 21.5118
v 40.1362 29.0633 21.3486
v 40.3496 28.8059 21.2042
v 40.0232 28.5485 21.1478
v 40.1613 28.2786 20.9594
v 39.7784 27.9773 20.8339
v 39.9541 27.6697 20.6519
v 40.1362 27.3935 20.4698
v 39.6089 26.9792 20.0116
v 39.2448 26.703 19.8923
v 39.3892 26.3515 19.6601
v 39.6842 26.1758 19.8672
v 39.703 25.7175 19.817
v 39.8537 25.3409 19.5847
v 40.0357 25.0333 19.4153
v 40.1801 24.7195 19.1704
v 40.2868 24.2612 18.9884
v 39.703 23.8093 18.4235
v 39.0126 23.2757 18.2352
v 38.6296 22.9681 18.1347
v 38.6045 22.4283 18.2603
v 38.1589 22.083 17.9276
v 37.9768 21.9387 18.2477
v 38.3597 21.7504 17.8962
v 38.2091 21.6311 18.2854
v 37.9957 21.4679 18.5302
v 38.1714 21.1666 17.7832
v 37.6943 21.2294 18.5992
v 38.4664 21.3988 17.7895
v 38.6171 21.0348 17.6953
v 38.2844 20.7711 17.6263
v 37.8011 20.8778 17.6074
v 37.9454 20.5138 17.5949
v 37.4684 20.6205 17.6074
v 37.2801 20.9029 17.6765
v 37.0917 21.2482 17.6388
v 37.5814 20.225 17.5572
v 37.6755 19.8295 17.2936
v 37.7697 19.4278 17.0237
v 37.9957 19.2081 16.5215
v 37.8262 19.0763 16.7788
v 38.0396 18.775 16.1323
v 38.3346 18.5365 15.7808
v 38.3409 18.0719 15.5862
v 38.3848 17.6765 15.3539
v 38.6673 17.8962 15.3225
v 39.0063 18.1598 15.3477
v 39.5712 18.0971 15.015
v 39.8662 17.8648 14.6383
v 40.1864 18.1159 14.676
v 40.5505 18.3921 14.7199
v 40.9145 18.6808 14.8078
v 41.2598 18.4862 14.6634
v 41.9189 18.5929 14.563
v 42.2955 18.888 14.7074
v 42.6282 19.1453 14.8078
v 42.9797 19.4215 14.8392
v 43.3124 19.6852 14.9208
v 43.6828 19.9676 15.0401
v 44.0657 20.269 15.0777
v 44.4109 20.5389 15.1405
v 44.6683 20.2878 14.8957
v 45.0072 20.1057 14.563
v 45.3525 20.3757 14.6132
v 45.6726 20.1811 14.268
v 45.9802 20.0492 13.9479
v 46.2501 19.7731 13.4582
v 46.6267 19.5722 13.0251
v 46.9155 19.3525 12.6045
v 47.2984 19.2269 12.2216
v 47.562 18.9131 11.7697
v 47.5934 18.4423 11.3052
v 47.901 18.1724 10.69
v 48.0956 17.9025 10.2129
v 48.2525 17.5572 9.8928
v 48.5162 17.3124 9.2902
v 48.1647 17.0362 9.24626
v 47.8006 16.7537 9.17093
v 47.8257 16.352 8.8508
v 47.8696 16.0193 8.45533
v 48.0014 15.6678 7.90294
v 47.6625 15.4042 7.859
v 47.3737 15.1782 7.86528
v 47.041 14.9208 7.859
v 46.677 14.6383 7.77112
v 46.3819 14.4124 7.81506
v 46.3192 13.9416 7.338
v 45.999 13.6905 7.31917
v 45.6977 13.4582 7.35683
v 45.6538 13.0126 6.8986
v 45.365 12.7866 6.99903
v 45.0072 12.5104 6.9802
v 44.6683 12.2467 6.96137
v 44.6369 11.8011 6.60985
v 44.3105 11.55 6.66007
v 44.2665 11.0227 6.33365
v 43.9338 10.7653 6.30227
v 43.9025 10.2569 5.90681
v 43.5384 9.97441 5.83148
v 43.2496 9.75471 5.95703
v 42.9546 9.52245 5.98841
v 43.2057 9.20232 5.56156
v 43.1304 8.7127 5.17238
v 43.4693 9.40946 5.47368
v 43.7832 9.65427 5.39836
v 44.1535 9.94302 5.46741
v 44.4611 10.1816 5.46113
v 44.8126 10.4515 5.47368
v 45.1391 10.7088 5.47996
v 45.4655 10.9536 5.48624
v 45.7919 11.211 5.51135
v 46.1309 11.4746 5.56156
v 46.0995 11.9643 5.78126
v 46.156 12.4915 6.17045
v 46.156 12.9874 6.47175
v 46.5263 13.2699 6.50942
v 46.8716 13.5398 6.60357
v 47.1917 13.7846 6.59102
v 47.5432 14.0608 6.60357
v 47.8759 14.3182 6.6789
v 48.2149 14.5818 6.74795
v 48.648 14.9145 6.95509
v 49.056 15.2347 7.21873
v 49.508 15.5862 7.52004
v 49.9034 15.8938 7.58909
v 50.3679 16.2516 7.94061
v 50.8324 16.6156 8.27957
v 51.3221 16.9923 8.5746
v 51.6861 17.281 8.73153
v 52.0314 17.5447 8.80686
v 52.4206 17.3501 8.61226
v 52.8223 17.6577 8.78802
v 53.4751 17.689 8.66876
v 53.7953 17.4191 8.30468
v 54.1405 17.689 8.36745
v 54.4544 17.5007 8.12892
v 54.492 17.959 8.48044
v 54.8687 18.254 8.59343
v 54.6678 18.6118 9.12071
v 55.0444 18.9068 9.24626
v 54.7494 19.1579 9.5915
v 55.1072 19.4341 9.71077
v 54.8561 19.7354 10.0623
v 55.2013 20.0053 10.1502
v 55.5654 20.2815 10.2632
v 55.6407 20.7648 10.6335
v 55.9797 21.0285 10.7214
v 55.9734 21.4365 10.9411
v 56.2999 21.6876 10.9599
v 56.6451 21.9575 11.029
v 56.9715 22.2086 11.0666
v 57.3042 22.466 11.1169
v 57.6118 22.7045 11.1231
v 57.9319 22.9556 11.1294
v 58.2709 23.2192 11.1294
v 58.6036 23.4766 11.1106
v 58.8986 23.2945 10.8155
v 59.1936 23.5268 10.7967
v 59.6205 23.8595 11.0227
v 59.9343 23.6774 10.7779
v 60.2984 23.464 10.5331
v 60.901 23.4452 10.2318
v 61.2211 23.1816 9.95558
v 61.5978 23.0435 9.84259
v 61.9367 22.8489 9.67938
v 62.3322 22.6919 9.47851
v 62.5833 22.4597 9.10816
v 62.8971 22.7045 9.09561
v 63.1984 22.943 9.02028
v 63.5123 23.1878 9.02656
v 63.7885 23.395 8.95123
v 64.071 23.621 8.88846
v 64.3346 23.8218 8.76919
v 64.5857 24.0227 8.69387
v 64.8996 24.2612 8.61854
v 64.6485 24.4935 8.92612
v 64.3472 24.7132 9.40319
v 64.1526 25.027 9.94302
v 64.2028 25.4978 10.2004
v 63.8764 25.7615 10.5582
v 63.5688 26.0063 10.7904
v 63.5562 26.4896 11.1608
v 63.9392 26.7846 11.2424
v 63.9329 27.2052 11.393
v 64.2593 27.4563 11.3868
v 64.5418 27.676 11.3052
v 64.887 27.9459 11.4056
v 65.1946 28.1844 11.3993
v 65.4959 28.4167 11.3742
v 65.7784 28.6427 11.3491
v 66.0734 28.8687 11.2738
v 66.3747 29.1072 11.211
v 66.5944 29.6847 11.3052
v 66.8957 29.9232 11.2801
v 67.3665 30.2873 11.6755
v 67.6803 30.5258 11.6504
v 67.9879 30.7706 11.6002
v 68.2955 31.0092 11.5625
v 68.578 30.8146 11.2047
v 68.8981 31.0657 11.2738
v 69.1931 31.2916 11.1796
v 69.5195 31.549 11.1859
v 69.7016 31.2665 10.7591
v 70.0343 31.5239 10.7716
v 70.3732 31.7875 10.7653
v 70.662 31.5176 10.3887
v 70.9507 31.7373 10.4075
v 71.2646 31.9821 10.3761
v 71.591 32.2332 10.3699
v 71.9237 32.4906 10.4201
v 72.2627 32.7542 10.4201
v 72.5389 32.9676 10.3259
v 72.7962 33.1685 10.2255
v 73.085 33.3945 10.1251
v 73.3612 33.6079 10.0497
v 73.6436 33.8276 10.056
v 73.606 34.2984 10.2318
v 73.6185 34.7378 10.4389
v 73.9198 34.9701 10.4138
v 73.8759 35.3467 10.6712
v 74.1709 35.5727 10.5958
v 74.4408 35.7861 10.4703
v 74.6731 35.9681 10.282
v 74.6919 36.4075 10.1627
v 74.717 36.8846 10.282
v 74.8991 37.029 10.0372
v 75.1627 37.2361 9.93674
v 75.6649 37.619 9.69194
v 76.0352 37.914 9.79865
v 75.9285 38.1965 9.94302
v 75.8218 38.5418 10.1627
v 75.7339 38.9247 10.3636
v 75.5017 39.2134 10.4829
v 75.8281 39.4708 10.5958
v 76.1984 39.7595 10.7277
v 76.55 40.0357 10.8532
v 76.8513 40.268 10.8281
v 76.8199 40.676 10.9788
v 76.6127 41.015 11.1231
v 76.6755 41.5674 11.0666
v 76.4684 41.9314 11.1043
v 76.7383 42.1386 10.9599
v 76.3303 42.2516 11.1733
v 76.1733 42.578 11.2298
v 76.4181 42.7663 11.098
v 76.2173 43.1115 11.1231
v 76.6253 43.4317 11.4056
v 76.324 43.6828 11.1043
v 76.1859 43.9527 11.0478
v 76.0541 44.2979 11.2173
v 75.803 44.5553 11.5688
v 75.4452 44.7248 11.7195
v 75.0748 44.8378 11.7195
v 74.7798 45.0826 11.9768
v 74.3969 45.2458 12.1902
v 74.0705 45.5031 12.3974
v 73.4616 45.4592 12.6799
v 73.8131 45.7354 12.7489
v 73.4051 45.8923 12.7803
v 73.1477 45.6914 12.9058
v 73.7629 45.2583 12.479
v 73.4804 45.0386 12.5167
v 72.8653 45.4717 12.9623
v 72.9783 45.0826 13.0377
v 72.6205 45.2772 13.1444
v 72.4322 45.6098 13.1067
v 72.6707 45.7919 12.9937
v 72.2376 45.93 13.7658
v 72.5891 46.1999 13.8223
v 72.4322 46.4761 13.9165
v 72.1811 46.2815 14.0357
v 71.8609 46.0304 13.9918
v 71.7354 46.407 14.268
v 71.9049 47.0222 14.3998
v 71.7731 47.3988 14.563
v 71.6601 47.7504 14.7011
v 71.8986 47.9324 14.4814
v 71.8672 48.4095 14.2805
v 71.8547 48.9179 14.8141
v 71.7479 49.3824 15.1782
v 71.4843 49.1753 15.2096
v 71.0888 49.2945 15.5548
v 70.888 49.5958 15.649
v 70.21 49.5582 15.5485
v 69.9715 49.8532 15.6992
v 69.4317 49.8407 15.7055
v 69.6953 50.0415 16.3394
v 69.1241 50.0541 16.3143
v 68.6659 49.6963 15.9503
v 68.578 50.0604 16.4211
v 68.4524 50.3993 16.5905
v 68.2892 50.6567 16.9421
v 68.0005 50.4307 17.0174
v 67.718 50.211 17.0488
v 67.2158 50.2424 17.1869
v 66.8392 49.9474 17.0864
v 66.3433 49.9976 17.1492
v 66.0734 50.2738 17.2559
v 65.7909 50.0541 17.3061
v 65.2887 50.0541 17.5258
v 65.0188 50.3114 17.8146
v 64.705 50.0666 17.8146
v 64.4727 50.3617 18.1912
v 64.1777 50.1357 18.2414
v 63.8889 49.9097 18.3481
v 63.6253 50.1608 18.6494
v 63.3679 49.9599 18.7059
v 63.1168 49.7653 18.8629
v 62.8155 49.9348 19.0575
v 62.4264 50.1106 19.3901
v 62.1313 50.3742 19.6726
v 61.8551 50.7069 20.0053
v 61.5852 50.4935 20.0681
v 61.2839 50.2612 20.1057
v 61.0328 50.0666 20.1748
v 60.8131 50.3742 20.4949
v 60.5558 50.1733 20.6644
v 60.2733 49.9599 20.7837
v 60.0159 49.7528 20.859
v 59.7083 50.0164 21.1352
v 59.4698 50.3679 21.3737
v 59.1936 50.1482 21.4804
v 58.8986 49.9223 21.5244
v 58.591 50.1985 21.7504
v 58.3399 50.3805 21.9512
v 58.1579 50.6818 22.1521
v 57.9194 50.9392 22.4471
v 57.6243 50.7069 22.4283
v 57.3105 50.4621 22.4471
v 56.7832 50.4998 22.5789
v 56.4756 50.2612 22.5601
v 56.2747 50.4998 22.7924
v 55.7475 50.55 22.9744
v 55.4022 50.2738 22.8865
v 55.1072 50.5374 23.0748
v 54.5046 50.6316 23.1502
v 54.1656 50.3679 23.1753
v 53.6823 50.4998 23.3071
v 53.3559 50.2424 23.2694
v 52.9478 50.4433 23.351
v 52.6089 50.1796 23.2632
v 52.1883 50.3679 23.351
v 51.8933 50.1357 23.3071
v 51.5606 49.8783 23.2632
v 51.2467 50.1796 23.4515
v 50.8324 50.2926 23.4891
v 50.4307 50.4558 23.5519
v 50.1231 50.2173 23.5142
v 49.6837 50.3491 23.5833
v 49.3385 50.0729 23.5519
v 48.9932 50.2738 23.7277
v 48.6731 50.3742 23.8155
v 48.3844 50.4935 23.8971
v 48.0328 50.2173 23.8407
v 47.8006 50.4119 23.9097
v 47.4616 50.142 23.8846
v 47.1164 49.872 23.8281
v 46.7962 49.621 23.7653
v 46.5389 49.8909 23.8783
v 46.2313 50.0666 24.0855
v 45.8672 50.2926 24.1168
v 45.5408 50.6253 24.3428
v 45.2332 50.3805 24.2989
v 44.9256 50.1357 24.2549
v 44.5365 50.4182 24.393
v 44.1159 50.5751 24.5374
v 43.6388 50.7383 24.5939
v 43.3312 50.4935 24.5814
v 42.9985 50.2298 24.55
v 42.6345 49.9474 24.4872
v 42.3018 49.69 24.4684
v 41.8373 49.8658 24.7069
v 41.5046 49.6084 24.6316
v 41.1593 49.3322 24.5625
v 40.7827 49.0372 24.4998
v 40.4249 48.761 24.393
v 40.0985 48.5036 24.3114
v 39.7533 48.2337 24.2549
v 40.0043 47.8885 24.1294
v 39.6717 47.6248 24.098
v 39.3013 47.3361 24.0101
v 38.774 47.4679 24.1482
v 38.4476 47.2105 24.0792
v 38.1149 46.9469 24.0227
v 37.7383 46.6581 23.9348
v 37.1985 46.79 23.9034
v 36.872 46.5389 23.8344
v 36.3824 46.6581 23.8281
v 36.0058 46.3694 23.6774
v 35.7233 46.7021 23.7151
v 35.1521 46.8025 23.6272
v 34.7504 46.4949 23.4891
v 34.3361 46.1685 23.3134
v 33.8276 46.3443 23.3134
v 33.2941 46.4196 23.3322
v 32.7605 46.5389 23.3448
v 32.2081 46.6644 23.4326
v 31.5867 46.7523 23.4264
v 31.0406 46.8276 23.4829
v 30.7706 47.1854 23.5958
v 30.4317 46.9155 23.5582
v 29.9295 47.0724 23.6523
v 29.6094 46.8213 23.6147
v 29.2578 46.5451 23.5707
v 29.3834 46.0932 23.4013
v 29.6972 45.7793 23.2443
v 29.8605 45.3964 23.1502
v 29.5215 45.1328 23.0874
v 29.7914 44.7687 22.9681
v 29.4462 44.4988 22.9054
v 29.1135 44.2414 22.874
v 29.3457 43.8711 22.761
v 28.9879 43.5823 22.6605
v 29.1574 43.1806 22.5162
v 28.7871 42.8856 22.4095
v 28.9189 42.4964 22.2839
v 29.1072 42.0758 22.127
v 29.4713 42.3583 22.2086
v 30.0111 42.2202 22.0956
v 30.3187 42.465 22.1144
v 30.6451 42.7224 22.1207
v 30.915 42.3771 22.1082
v 31.3732 42.2327 22.1082
v 31.6118 41.8624 22.0956
v 31.775 41.4481 21.9512
v 32.3023 41.3163 21.901
v 32.4592 40.9585 21.8445
v 32.8609 40.6886 21.8822
v 33.2564 40.4124 21.8445
v 33.3003 39.9353 21.8069
v 33.7021 39.8411 21.8508
v 33.7335 39.3892 21.8696
v 33.6707 38.9623 21.7817
v 33.6393 38.5983 21.6688
v 33.9594 38.4978 21.6876
v 34.0724 38.1149 21.6374
v 34.2168 37.7571 21.5809
v 34.6562 37.619 21.6499
v 35.0391 37.4809 21.5181
v 35.3592 37.1922 21.3988
v 35.6543 37.4244 21.4051
v 36.0497 37.732 21.5118
v 36.4138 38.0145 21.606
v 36.7591 38.2907 21.6562
v 37.0855 38.5418 21.6436
v 37.3993 38.7929 21.675
v 37.7634 38.5543 21.5558
v 38.0898 38.8054 21.562
v 38.4351 38.5606 21.4051
v 38.7175 38.7803 21.3737
v 39.339 38.7552 21.38
v 39.7219 39.0565 21.493
v 40.0985 39.3515 21.6813
v 40.4186 39.6026 21.7755
v 40.8015 39.3327 21.7315
v 41.2158 38.705 21.9575
v 41.2598 38.3409 22.0454
v 41.5674 38.14 21.4867
v 41.0903 37.7634 21.8257
v 41.6427 38.6485 21.5118
v 41.8749 38.3723 21.5056
v 42.1386 38.1337 21.9638
v 41.5046 37.6379 21.9763
v 41.5485 37.6755 21.3235
v 41.5485 37.2361 22.1082
v 41.5925 36.8846 22.1647
v 41.5548 36.3385 21.9826
v 41.1844 36.5645 22.0391
v 40.8455 36.3008 21.9889
v 41.2598 36.1062 22.0014
v 41.7243 35.9367 22.2337
v 41.8122 35.4973 22.196
v 41.8561 35.0517 22.1772
v 41.8749 34.5244 22.1521
v 42.2013 33.8025 22.0956
v 42.2955 33.4698 22.1082
v 41.9314 33.1873 22.0203
v 42.0319 32.8044 22.2086
v 42.0946 32.3776 22.0328
v 41.7619 32.114 22.0014
v 41.4355 31.8566 21.9952
v 41.1154 31.6055 22.014
v 40.7953 31.3544 22.0203
v 40.4124 31.0594 21.9136
v 40.5316 30.6828 21.8382
v 40.6948 30.4254 21.7566
v 40.3935 30.1869 21.7629
v 40.6634 29.9169 21.606
v 40.3245 29.647 21.5997
v 40.4689 29.3206 21.4114
v 40.6823 29.0695 21.2356
v 40.8706 28.831 21.0661
v 40.563 28.5862 21.0661
v 40.676 28.2409 20.8213
v 40.3119 27.9522 20.7586
v 40.5253 27.6948 20.5891
v 40.6132 27.3056 20.269
v 40.1487 26.9416 19.9237
v 39.7658 26.6465 19.7731
v 40.0232 26.4394 19.817
v 40.0546 25.9874 19.9049
v 40.2805 25.6736 19.7919
v 40.4061 25.3221 19.5596
v 40.5567 25.0208 19.3525
v 40.676 24.5688 19.183
v 40.8518 24.1859 18.9068
v 40.5128 23.916 18.844
v 40.0357 23.5456 18.5176
v 39.2887 22.9619 18.2665
v 38.9435 22.6982 18.2854
v 38.9247 22.1898 18.4297
v 38.9435 21.7755 18.0406
v 39.0126 21.3423 17.8271
v 39.069 20.9092 17.4631
v 38.6924 20.6205 17.3815
v 38.3221 20.3317 17.2873
v 37.9831 20.0681 17.2873
v 38.0961 19.6789 17.0111
v 38.4037 19.9237 16.9797
v 38.7364 20.1873 17.0425
v 39.1004 20.4635 17.1429
v 39.182 20.1309 16.9295
v 39.0753 19.5785 16.3394
v 39.4017 19.8358 16.4399
v 39.4268 19.3901 16.0444
v 39.1004 19.1328 16.013
v 38.7112 19.296 16.2327
v 38.6987 18.8189 15.8373
v 38.3409 19.0135 16.1386
v 38.6296 18.2979 15.5234
v 38.9623 18.5553 15.5548
v 39.3452 18.4235 15.3477
v 39.8914 18.3481 15.0275
v 40.2554 18.6306 15.0966
v 40.5881 18.888 15.1091
v 40.9459 19.1642 15.2284
v 41.3414 19.0135 15.0212
v 41.6615 18.7938 14.8329
v 42.013 19.07 14.9585
v 42.3646 19.3462 15.015
v 42.7412 19.635 15.0903
v 43.0927 19.9112 15.1342
v 43.4631 20.1999 15.2598
v 43.8271 20.4824 15.3163
v 44.1598 20.746 15.3602
v 44.7373 20.7962 15.1907
v 45.0198 20.5577 14.902
v 45.3776 20.8402 14.9271
v 45.6789 20.6267 14.6572
v 46.0179 20.451 14.3182
v 46.2815 20.2752 13.9604
v 46.5891 20.0367 13.4959
v 46.9594 19.8295 13.0314
v 47.2168 19.5847 12.6045
v 47.606 19.4655 12.2467
v 47.8759 19.1579 11.7822
v 47.8822 18.662 11.2926
v 48.2211 18.4297 10.7088
v 48.4973 18.2163 10.3385
v 48.6166 17.8397 10.0058
v 48.8928 17.6012 9.40946
v 48.83 17.1304 8.95751
v 48.4597 16.8416 8.88218
v 48.1521 16.6031 8.8759
v 48.24 16.3081 8.51183
v 48.353 15.944 7.97827
v 48.4032 15.5548 7.56398
v 48.0077 15.2535 7.41333
v 47.6499 14.971 7.36311
v 47.3172 14.7137 7.32545
v 47.0034 14.4689 7.37566
v 46.6205 14.1738 7.28151
v 46.633 13.7721 6.92371
v 46.3066 13.521 6.89232
v 45.9676 13.2574 6.8986
v 45.8358 12.7364 6.49686
v 45.522 12.4915 6.50314
v 45.2081 12.2467 6.54708
v 44.9131 12.0208 6.57219
v 44.8942 11.5123 6.18928
v 44.6055 11.2863 6.28971
v 44.5365 10.7465 5.89425
v 44.2163 10.5017 5.91308
v 44.8315 10.9788 5.85659
v 45.1077 11.1985 5.78754
v 45.4404 11.4495 5.8252
v 45.7731 11.7069 5.81265
v 45.8609 12.2593 6.16417
v 45.5471 12.0145 6.19556
v 45.2144 11.7571 6.22067
v 46.972 14.0357 6.95509
v 47.2921 14.2868 6.98648
v 47.606 14.5316 6.99276
v 47.9324 14.7827 7.04297
v 48.3341 15.0966 7.16852
v 48.7735 15.4355 7.4196
v 49.2255 15.7871 7.70208
v 49.6335 16.1009 7.859
v 50.0039 16.3897 7.97827
v 49.5519 16.4524 8.05987
v 49.5833 16.8981 8.48672
v 49.0811 16.5089 8.1352
v 48.9054 16.8228 8.61226
v 49.3259 17.1492 8.81313
v 49.2506 17.4568 9.13327
v 49.8595 17.5698 9.36552
v 50.1733 17.3563 9.14582
v 49.4264 18.0217 9.88025
v 49.872 17.9401 9.8112
v 50.0039 18.4674 10.4577
v 50.4872 18.0531 10.1062
v 50.4621 18.3984 10.4013
v 50.9956 18.4486 10.4577
v 51.2342 18.1724 10.0246
v 50.8387 17.8711 9.88025
v 51.1714 17.7079 9.5099
v 50.6567 17.3061 9.10816
v 51.071 17.2183 8.95123
v 50.6127 16.8667 8.64993
v 51.4664 17.5258 9.14582
v 51.8242 17.8083 9.26509
v 52.4582 17.8774 9.014
v 52.8914 18.21 9.32786
v 53.2554 17.9966 9.0705
v 53.8831 18.0029 8.78802
v 54.2535 18.2916 8.9324
v 53.9961 18.5741 9.29647
v 54.379 18.8691 9.47851
v 54.4481 19.4153 9.92419
v 54.2096 19.6538 10.2318
v 54.5862 19.9488 10.3761
v 54.9503 20.225 10.4703
v 55.2892 20.4949 10.5645
v 55.283 20.8967 10.8344
v 55.6345 21.1729 10.9034
v 55.5027 21.493 11.0478
v 55.8165 21.7378 11.0917
v 56.1241 21.9763 11.098
v 56.4693 22.2463 11.1043
v 56.8083 22.5036 11.1545
v 57.1661 22.7861 11.1922
v 57.5051 23.0497 11.2361
v 57.8378 23.3071 11.2801
v 58.2018 23.5896 11.3554
v 58.5345 23.8469 11.393
v 58.9111 23.7151 11.098
v 59.2376 23.9725 11.1169
v 59.6267 24.2738 11.2863
v 60.0034 24.1545 11.1294
v 60.2733 23.9411 10.8972
v 60.6185 23.7151 10.5833
v 60.9575 23.9788 10.6147
v 61.2525 23.7214 10.3008
v 61.5538 23.4389 10.0309
v 61.9242 23.3008 9.86142
v 62.2506 23.0874 9.65427
v 62.6272 22.9242 9.45968
v 62.9034 23.1376 9.39063
v 63.2424 23.4013 9.41574
v 63.5374 23.6272 9.34041
v 63.7885 23.8218 9.16465
v 64.0521 24.029 9.03911
v 64.3221 24.2424 8.91357
v 64.0647 24.4998 9.44085
v 63.8199 24.7697 9.8928
v 63.8952 25.2593 10.2318
v 63.55 25.5041 10.5519
v 63.2424 25.7552 10.7465
v 63.1482 26.1758 10.9034
v 63.2801 26.6968 11.3554
v 63.6316 26.973 11.4182
v 63.5437 27.3182 11.5563
v 63.8764 27.5756 11.6316
v 64.14 27.7764 11.5249
v 64.4727 28.0401 11.55
v 64.818 28.3037 11.5751
v 65.1193 28.536 11.5123
v 65.4645 28.8122 11.5876
v 65.7784 29.0507 11.5939
v 66.0734 29.283 11.5374
v 66.3621 29.5089 11.4809
v 66.2805 29.8667 11.7571
v 66.5881 30.1053 11.776
v 66.9961 30.4254 11.9392
v 67.3414 30.6953 11.9894
v 67.6803 30.9527 12.0898
v 67.9816 31.1849 12.0145
v 68.2704 31.4109 11.9517
v 68.5968 31.2414 11.5374
v 68.9421 31.5113 11.6002
v 69.2559 31.7562 11.6002
v 69.5384 31.9759 11.5311
v 69.8083 31.7687 11.098
v 70.1284 32.0198 11.098
v 70.4172 32.2458 11.0352
v 70.6683 32.0198 10.7465
v 70.957 32.2395 10.6774
v 71.3336 32.5345 10.7465
v 71.6161 32.7479 10.7088
v 71.9174 32.9865 10.7026
v 72.2313 33.2313 10.6774
v 72.5012 33.4384 10.6335
v 72.746 33.633 10.5268
v 73.0285 33.8464 10.3761
v 73.3047 34.0661 10.3008
v 73.3361 34.5118 10.508
v 73.2545 34.8633 10.7402
v 73.5997 35.1333 10.7779
v 73.7566 35.6794 10.8532
v 74.0579 35.9179 10.803
v 74.2776 36.0874 10.5896
v 74.466 36.2318 10.3761
v 74.4534 36.6837 10.4264
v 74.5162 37.098 10.4201
v 74.7296 37.2675 10.1627
v 75.0121 37.4809 10.0435
v 75.3071 37.7132 9.98068
v 75.5519 37.9015 9.8112
v 75.4452 38.253 9.98068
v 75.3322 38.6171 10.1816
v 75.1251 38.9247 10.3197
v 75.0686 39.3076 10.5519
v 75.4389 39.5963 10.6649
v 75.8218 39.8914 10.8344
v 76.2047 40.1927 10.9788
v 76.5311 40.4437 11.0101
v 76.3303 40.7953 11.2361
v 76.437 41.379 11.2361
v 76.2738 41.7808 11.2989
v 76.098 42.0695 11.3303
v 75.916 42.3771 11.3617
v 75.6963 42.7098 11.437
v 75.9662 42.9169 11.2926
v 75.8406 43.3061 11.3491
v 76.0604 43.4756 11.1985
v 75.9223 43.7518 11.211
v 75.7779 44.0845 11.2738
v 75.5393 44.3481 11.732
v 75.1125 44.4674 11.6692
v 74.7798 44.6118 11.7446
v 74.5664 44.9131 12.2028
v 74.1082 45.0261 12.2154
v 73.832 44.8064 12.3283
v 73.5746 44.5992 12.4413
v 73.0097 44.6745 12.8054
v 72.7146 44.8754 13.2071
v 72.4573 44.6745 13.2887
v 72.4447 45.1453 13.4771
v 72.2501 45.4655 13.4394
v 71.9174 45.6789 13.816
v 71.522 45.7668 13.9353
v 71.3713 46.1246 14.1801
v 71.4027 46.6267 14.7325
v 71.6852 46.8464 14.6195
v 71.5471 47.2294 14.6948
v 71.4215 47.5683 14.8643
v 71.4592 48.083 14.7513
v 71.6977 48.2714 14.6132
v 71.5157 48.6605 14.7199
v 71.252 48.4534 14.8894
v 71.2583 48.9995 15.423
v 70.7687 49.0435 15.5736
v 70.5427 49.3259 15.5862
v 70.1975 49.0497 15.4983
v 69.8962 49.3134 15.5109
v 69.62 49.577 15.5799
v 69.1053 49.5833 15.6615
v 68.8479 49.3761 15.7871
v 68.4085 49.4954 16.0444
v 68.1511 49.7277 16.1825
v 68.1197 50.1357 16.5717
v 67.7431 49.8469 16.3708
v 67.4355 49.985 17.0802
v 67.0777 49.7088 16.9546
v 66.5065 49.69 16.986
v 66.0106 49.7402 17.0676
v 65.4582 49.7967 17.2999
v 64.9812 49.8093 17.5007
v 64.6799 49.577 17.5007
v 64.3848 49.8155 17.7957
v 64.0835 49.5833 17.8711
v 63.5939 49.6774 18.3356
v 63.3052 49.4515 18.4297
v 62.8281 49.5393 18.9131
v 62.5582 49.7402 19.1453
v 62.0246 49.7967 19.1704
v 61.8175 50.1357 19.6412
v 61.5162 49.8971 19.6977
v 61.2463 49.6837 19.7731
v 60.9952 49.4891 19.886
v 60.8006 49.8846 20.3506
v 60.5495 49.6837 20.5451
v 60.2858 49.4766 20.6205
v 59.9908 49.2506 20.6644
v 59.7335 49.5331 20.9218
v 59.3945 49.7716 21.1666
v 59.0932 49.5393 21.2356
v 58.6036 49.69 21.5307
v 58.3085 49.9725 21.7441
v 58.001 50.1168 21.8885
v 57.8315 50.4244 22.0956
v 57.5176 50.1796 22.1082
v 56.9966 50.2173 22.4032
v 56.7079 49.9913 22.4346
v 56.3752 49.7277 22.4283
v 56.1555 50.0101 22.5727
v 55.9546 50.2487 22.7861
v 55.6094 49.9787 22.7359
v 55.0758 50.0227 22.8489
v 54.7871 50.2863 22.9807
v 54.4606 50.0352 22.9932
v 54.1656 49.803 22.9807
v 53.8329 50.1106 23.1313
v 53.5442 49.8783 23.1062
v 53.0043 49.9662 23.1878
v 52.6591 49.6963 23.1188
v 52.2825 49.9223 23.1878
v 51.9686 49.6774 23.1878
v 51.6422 49.4264 23.2004
v 51.2593 49.6461 23.2883
v 50.9203 49.9223 23.4515
v 50.4872 50.0227 23.4577
v 50.1733 49.7779 23.4326
v 49.8155 49.9725 23.4829
v 49.4703 49.7088 23.4201
v 48.9995 49.8155 23.5331
v 48.6731 50.0227 23.6963
v 48.353 50.1231 23.7779
v 48.0517 49.8846 23.7402
v 47.6939 49.9474 23.7842
v 47.3675 49.6963 23.7151
v 47.0473 49.4389 23.6774
v 46.7335 49.1941 23.6398
v 46.4322 49.3385 23.7088
v 46.1936 49.621 23.8344
v 45.8923 49.803 24.0352
v 45.5345 50.0352 24.0792
v 45.183 49.759 24.0101
v 44.5741 49.8658 24.2236
v 44.1849 50.142 24.3303
v 43.7706 50.3052 24.506
v 43.4505 50.0478 24.4809
v 43.1304 49.803 24.437
v 42.804 49.5456 24.393
v 42.4901 49.3008 24.3428
v 42.0005 49.4515 24.4621
v 41.6678 49.1941 24.3868
v 41.3477 48.9367 24.3303
v 41.0087 48.6731 24.2801
v 40.6823 48.422 24.2361
v 40.337 48.1458 24.1608
v 40.4626 47.7127 24.0478
v 40.1299 47.4491 24.0352
v 39.7972 47.1917 23.9725
v 39.4833 46.9469 23.9223
v 38.9498 47.0661 23.9662
v 38.6359 46.8151 23.9034
v 38.2844 46.5389 23.7904
v 37.9329 46.2689 23.6837
v 37.3805 46.3757 23.8532
v 37.0164 46.0869 23.7402
v 36.4703 46.225 23.69
v 36.0811 45.9174 23.4954
v 35.6166 46.0618 23.4891
v 35.3153 46.3757 23.5142
v 34.9324 46.0806 23.3322
v 34.5558 45.7793 23.169
v 33.9406 45.8547 23.1062
v 33.4635 46.0555 23.2067
v 32.9425 46.1434 23.2318
v 32.3776 46.2376 23.2255
v 31.844 46.3819 23.2945
v 31.254 46.4886 23.4201
v 30.689 46.5577 23.4264
v 30.0864 46.6456 23.4954
v 29.7537 46.3819 23.464
v 30.0299 46.043 23.3008
v 30.2182 45.6726 23.2255
v 30.4379 45.2772 23.1125
v 30.1178 45.0261 23.0372
v 30.3877 44.6808 22.9305
v 30.055 44.4235 22.8865
v 29.7035 44.1473 22.8238
v 29.8479 43.7204 22.6731
v 29.5089 43.4568 22.6103
v 29.6659 43.0802 22.4346
v 29.3206 42.8165 22.4157
v 29.7977 42.6156 22.2463
v 30.1178 42.8667 22.3153
v 30.4505 43.1241 22.3718
v 30.9652 42.9734 22.1647
v 31.2414 42.6345 22.1333
v 31.6746 42.4713 22.1395
v 31.9507 42.1197 22.1647
v 32.1704 41.7557 22.0893
v 32.7103 41.6364 22.1458
v 32.8295 41.2472 22.0014
v 33.1936 40.9522 21.9136
v 33.5954 40.6823 21.8947
v 33.6832 40.2366 21.9324
v 34.0285 40.0922 21.9073
v 34.0536 39.6403 21.9073
v 33.9783 39.2009 21.788
v 33.9908 38.8682 21.7064
v 34.3047 38.7677 21.7315
v 34.4177 38.3911 21.6876
v 34.5746 38.0396 21.6625
v 34.9952 37.8889 21.7315
v 35.353 37.7257 21.5244
v 35.717 38.0082 21.5746
v 36.0686 38.2844 21.7001
v 36.4075 38.5543 21.7566
v 36.7277 38.8054 21.7566
v 36.9976 39.0188 21.7253
v 37.2863 39.2448 21.7001
v 37.6881 39.0126 21.5997
v 38.0082 39.2636 21.5872
v 38.3974 39.0502 21.5369
v 38.7426 39.3201 21.606
v 39.1067 39.0816 21.5056
v 39.5022 39.3892 21.6436
v 39.8914 39.6968 21.8069
v 40.2554 39.9855 21.9261
v 40.789 39.8914 21.8759
v 41.1468 39.6026 21.7566
v 41.3665 39.2887 21.562
v 41.6427 39.0377 21.5118
v 41.9879 38.9184 21.5244
v 42.4713 38.3974 22.0077
v 42.5654 38.0333 22.3592
v 42.2139 37.7508 22.196
v 41.8938 37.4998 22.196
v 41.9691 37.1796 22.3341
v 42.0068 36.6963 22.2776
v 42.17 36.2883 22.5287
v 42.1323 35.7547 22.2588
v 42.2516 35.3655 22.3592
v 42.3081 34.8571 22.422
v 42.4838 34.5055 22.4911
v 42.6094 34.1226 22.2714
v 42.1135 34.2105 22.3781
v 42.76 33.3694 22.3906
v 42.7851 32.9174 22.1772
v 42.3771 33.0744 22.3028
v 42.4273 32.635 22.1019
v 42.4524 32.183 21.9575
v 42.1135 31.9194 21.9324
v 41.7933 31.6683 21.8947
v 41.4732 31.4172 21.8759
v 41.1782 31.1849 21.8696
v 40.8518 30.9338 21.8571
v 41.0212 30.6765 21.788
v 40.9899 30.168 21.6374
v 41.1531 29.8605 21.4679
v 40.8141 29.5905 21.4365
v 41.0024 29.3143 21.2607
v 41.2158 29.1009 21.1038
v 41.2849 28.718 20.859
v 40.9899 28.4858 20.8716
v 41.2096 28.2347 20.6895
v 40.8769 27.971 20.6393
v 40.9647 27.5818 20.3443
v 41.1782 27.3433 20.2438
v 40.7388 27.0043 20.0304
v 40.3684 26.7093 19.8484
v 40.6132 26.4268 19.7605
v 40.3559 26.2323 19.8735
v 40.6007 25.9247 19.7542
v 40.7137 25.5606 19.5471
v 40.8957 25.2844 19.3776
v 40.9961 24.8199 19.2018
v 41.1782 24.437 18.9507
v 41.2723 24.0227 18.7122
v 40.9585 23.7779 18.7436
v 40.6195 23.5142 18.7185
v 40.6886 23.1376 18.367
v 40.2303 23.2129 18.5365
v 39.9165 22.9619 18.5302
v 40.042 22.6292 18.3105
v 39.6779 22.3404 18.254
v 39.339 22.083 18.2163
v 39.3578 21.6123 17.8711
v 39.4268 21.1917 17.5447
v 39.4582 20.746 17.2245
v 39.5147 20.3945 16.9483
v 39.816 20.1622 16.578
v 39.7846 19.6663 16.1009
v 39.6842 19.1202 15.7055
v 39.339 18.8503 15.6803
v 39.6591 18.6683 15.423
v 40.0043 18.9382 15.4858
v 40.3308 19.1893 15.492
v 40.6948 19.4718 15.5925
v 41.3477 19.478 15.3728
v 41.7243 19.3085 15.1531
v 42.0821 19.591 15.2284
v 42.4587 19.8798 15.3602
v 42.8102 20.156 15.4293
v 43.1366 20.4133 15.4983
v 43.4944 20.6895 15.5736
v 43.8397 20.9594 15.6615
v 44.1975 21.2419 15.7243
v 44.5176 21.0222 15.4795
v 45.1014 21.0787 15.2221
v 45.4341 21.3361 15.2849
v 45.6977 21.085 14.9459
v 46.0053 20.8778 14.6948
v 46.3443 20.7021 14.3119
v 46.633 20.5514 13.9604
v 46.9155 20.2878 13.521
v 47.2796 20.0806 13.0565
v 47.5432 19.8358 12.5983
v 47.9198 19.7103 12.2656
v 48.3279 19.5094 12.0396
v 48.2525 18.9507 11.3366
v 48.4597 20.1309 12.7238
v 48.8551 19.9174 12.4727
v 49.2757 19.7479 12.1714
v 49.2443 20.2187 12.6673
v 49.6712 20.0555 12.3095
v 49.6712 19.5471 11.8764
v 49.2067 19.1893 11.5311
v 49.5582 19.0386 11.2989
v 50.0164 19.3964 11.5563
v 50.1294 19.0135 11.2236
v 50.5374 19.3274 11.3742
v 50.5249 18.8691 10.916
v 50.9517 18.7813 10.7842
v 51.3409 18.7122 10.5205
v 51.5355 18.4109 10.0497
v 51.5355 17.9903 9.61033
v 52.1758 18.0782 9.35925
v 52.6214 18.4172 9.59778
v 53.268 18.4988 9.49734
v 53.6258 18.2854 9.17721
v 53.7011 18.8378 9.67938
v 54.0715 19.1265 9.82376
v 53.8204 19.3525 10.0811
v 53.8078 19.7542 10.4577
v 54.1405 20.0116 10.5205
v 54.536 20.3192 10.6523
v 54.9189 20.6142 10.7591
v 54.8122 20.9532 10.9474
v 55.1574 21.2231 10.9913
v 55.2578 21.7566 11.3491
v 55.5591 21.9952 11.3742
v 55.8604 22.2211 11.3052
v 56.2057 22.4911 11.3114
v 56.4756 22.7045 11.2738
v 56.7769 22.9367 11.2549
v 57.1096 23.1941 11.2612
v 57.4109 23.4326 11.3114
v 57.7938 23.7277 11.4307
v 58.2207 24.0604 11.5751
v 58.8295 24.0792 11.4056
v 59.1622 24.3303 11.4433
v 59.5075 24.6065 11.5249
v 60.0159 24.5751 11.4433
v 60.4051 24.4621 11.3114
v 60.6374 24.2236 11.0101
v 60.9763 24.4872 10.9599
v 61.2902 24.2361 10.6649
v 61.5727 23.9725 10.3134
v 61.8677 23.6837 10.0121
v 62.2255 23.5331 9.85514
v 62.5707 23.3385 9.66055
v 62.9034 23.5958 9.66055
v 63.2361 23.8532 9.68566
v 63.5374 24.0855 9.6731
v 63.8199 24.3052 9.55384
v 63.5123 24.5311 9.9493
v 63.2173 24.732 10.1
v 63.5814 25.0145 10.2192
v 63.2236 25.253 10.508
v 62.9411 25.5167 10.7779
v 62.8595 25.9498 10.9034
v 62.8595 26.3704 11.1545
v 62.8909 26.8098 11.4872
v 63.2487 27.0859 11.5876
v 63.1168 27.4061 11.8011
v 63.4809 27.6886 11.8576
v 63.7822 27.9271 11.8324
v 64.0773 28.1531 11.7446
v 64.4099 28.4104 11.7634
v 64.7238 28.6552 11.8073
v 65.0502 28.9063 11.8011
v 65.3703 29.1574 11.8513
v 65.6591 29.3834 11.8513
v 65.9667 29.6219 11.845
v 66.042 30.1366 12.0773
v 66.3433 30.3689 12.0835
v 66.6572 30.62 12.1024
v 67.0526 30.9213 12.2718
v 67.3539 31.1535 12.3283
v 67.6615 31.3984 12.2781
v 68.013 31.6683 12.2907
v 68.5278 31.6118 11.8952
v 68.8542 31.8691 11.9266
v 69.1492 32.0951 11.8889
v 69.4254 32.3148 11.8136
v 69.8083 32.183 11.4558
v 70.0908 32.4027 11.3868
v 70.3607 32.6161 11.3491
v 70.7059 32.4717 10.9913
v 71.0198 32.7103 10.9788
v 71.3462 32.9676 11.0415
v 71.6036 33.1622 10.9285
v 71.9049 33.4008 10.916
v 72.2501 33.6707 10.985
v 72.5138 33.8716 10.8407
v 72.7711 34.0787 10.6586
v 73.0536 34.2921 10.5896
v 72.9657 34.6374 10.7653
v 72.9594 35.0579 11.1985
v 73.2482 35.2839 11.098
v 73.5495 35.5162 11.0478
v 73.493 35.9305 11.2173
v 73.7817 36.1564 11.0917
v 74.0328 36.351 10.9034
v 74.2274 36.5017 10.6712
v 74.2776 36.9097 10.5394
v 74.1646 37.2487 10.6586
v 74.4534 37.4809 10.6021
v 74.6668 37.6441 10.3636
v 74.8677 37.8011 10.0686
v 75.1502 38.0208 10.0121
v 74.9618 38.3283 10.0811
v 74.7484 38.6296 10.1941
v 74.5664 39.4268 10.6335
v 74.9305 39.7093 10.7465
v 75.3008 39.9981 10.916
v 75.6586 40.2743 11.0415
v 76.029 40.563 11.211
v 75.8595 40.9334 11.3742
v 76.1671 41.1719 11.3868
v 76.0227 41.5862 11.4495
v 75.8469 41.8749 11.4998
v 75.6586 42.1762 11.4307
v 75.4264 42.4964 11.4935
v 75.3134 42.8981 11.6127
v 75.5833 43.1053 11.5186
v 75.4452 43.3752 11.55
v 75.6837 43.5635 11.3679
v 75.5205 43.8836 11.4119
v 75.1878 44.0719 11.6253
v 74.8489 44.2603 11.7634
v 74.5476 44.4235 11.8952
v 74.2086 44.6369 12.1338
v 73.9324 44.4172 12.2656
v 73.7064 44.2414 12.4162
v 73.5055 44.0845 12.6485
v 73.0724 44.2163 12.8431
v 72.8088 44.0029 12.9121
v 72.5263 44.2916 13.1067
v 72.8088 44.5113 13.1004
v 72.112 44.4046 13.1758
v 72.1748 44.9319 13.5775
v 72.043 45.3023 13.6465
v 71.5973 45.4278 13.7721
v 71.2081 45.522 13.929
v 71.0575 45.8798 14.1173
v 70.9194 46.2501 14.2931
v 70.8378 46.6707 14.4877
v 71.2897 47.0222 14.858
v 71.1893 47.38 15.0715
v 71.0951 48.3279 15.2598
v 70.9696 48.7735 15.492
v 70.4109 48.7673 15.5046
v 70.1159 48.535 15.4795
v 69.8836 48.8049 15.4858
v 69.6012 49.0811 15.492
v 69.3124 49.3322 15.5862
v 69.0174 49.1062 15.7243
v 68.5843 49.169 15.9189
v 68.1009 49.2569 16.0444
v 67.8687 49.5017 16.2139
v 67.536 49.2443 16.1951
v 67.5109 49.6586 16.5529
v 67.2096 49.4326 16.647
v 66.6321 49.3573 16.6094
v 66.2303 49.4703 17.0237
v 65.9981 49.2883 17.1931
v 65.7344 49.5268 17.2308
v 65.1695 49.5707 17.3061
v 64.887 49.351 17.3689
v 64.3848 49.351 17.507
v 64.1212 49.1439 17.6263
v 63.8073 49.3636 17.9966
v 63.5374 49.1564 18.0217
v 63.2989 48.9618 18.1912
v 63.0855 48.7986 18.3984
v 62.5896 48.8928 18.957
v 62.5958 49.3573 19.0512
v 62.2757 49.5142 19.1579
v 61.9179 49.2318 19.0386
v 61.6731 49.5268 19.1202
v 61.4157 49.3259 19.2709
v 61.1772 49.1313 19.3964
v 60.9575 48.9618 19.591
v 60.7504 49.2945 20.1183
v 60.4616 49.0686 20.1936
v 60.1917 48.8614 20.3066
v 59.6644 48.9995 20.7021
v 59.4573 49.3196 20.9657
v 59.1685 49.0937 20.9908
v 58.8358 49.3385 21.3172
v 58.2646 49.4264 21.5432
v 57.9884 49.7214 21.7566
v 57.7185 49.8971 21.9324
v 57.2038 49.9285 22.0956
v 56.9087 49.7026 22.1395
v 56.576 49.4389 22.1458
v 56.055 49.4829 22.3781
v 55.8353 49.759 22.5287
v 55.5152 49.508 22.422
v 55.2641 49.7088 22.6605
v 54.7306 49.7528 22.7798
v 54.4041 49.4954 22.7861
v 53.8455 49.5519 22.9116
v 53.5065 49.2883 22.8991
v 53.2115 49.621 23.0811
v 52.86 49.3448 22.9367
v 52.3076 49.4264 23.0372
v 51.9623 49.1502 23.0121
v 51.661 48.9116 22.9995
v 51.3283 49.1753 23.1753
v 50.9517 49.4075 23.2255
v 50.5688 49.6461 23.3699
v 50.2549 49.4013 23.3636
v 49.8407 49.5142 23.4013
v 49.4954 49.2443 23.3573
v 49.1564 49.464 23.3824
v 48.6919 49.5707 23.508
v 48.3592 49.7779 23.6586
v 47.9889 49.4891 23.6147
v 47.7001 49.6084 23.6586
v 47.3675 49.3448 23.6147
v 47.041 49.0937 23.5707
v 46.7209 48.8363 23.5519
v 46.407 48.9367 23.5896
v 46.0869 49.0686 23.6586
v 45.8672 49.3699 23.8093
v 45.5659 49.5456 23.9788
v 45.2207 49.2757 23.8595
v 44.844 49.4954 23.985
v 44.254 49.6147 24.211
v 43.915 49.9285 24.3554
v 43.5949 49.6774 24.3303
v 43.2496 49.4075 24.2926
v 42.9169 49.1502 24.2173
v 42.5968 48.8991 24.1859
v 42.1574 49.0372 24.2989
v 41.8122 48.7673 24.2298
v 41.4795 48.5099 24.1671
v 41.1593 48.2588 24.1545
v 40.8141 47.9826 24.1106
v 40.9083 47.5746 23.9285
v 40.6007 47.3298 23.9097
v 40.268 47.0724 23.9097
v 39.9416 46.8213 23.8407
v 39.6089 46.5577 23.7842
v 39.1444 46.6832 23.8532
v 38.7991 46.407 23.7653
v 38.4413 46.1309 23.6523
v 38.0584 45.8295 23.5205
v 37.5939 45.999 23.6147
v 37.2361 45.7228 23.508
v 36.6586 45.8107 23.6461
v 36.3259 45.5471 23.5519
v 35.6857 45.6098 23.3322
v 35.2211 45.7542 23.2945
v 34.8069 45.4278 23.0811
v 34.1854 45.4906 22.9932
v 33.5891 45.5847 23.0183
v 33.0869 45.7668 23.1125
v 32.6036 45.8735 23.1816
v 32.0826 46.0116 23.2129
v 31.5113 46.1183 23.2883
v 30.9213 46.225 23.3824
v 30.3626 46.3003 23.3448
v 30.5823 45.9614 23.3008
v 30.8209 45.5785 23.1753
v 30.733 44.957 22.9807
v 30.8397 44.4988 22.8614
v 30.5133 44.2414 22.7924
v 30.1931 43.9903 22.7484
v 30.3815 43.6451 22.6166
v 29.9985 43.3438 22.535
v 30.8146 43.4128 22.422
v 31.2916 43.2245 22.2149
v 31.5804 42.8981 22.1772
v 32.0072 42.7286 22.1647
v 32.3399 42.4273 22.3906
v 32.5534 42.057 22.2086
v 33.043 41.9 22.2023
v 33.1873 41.5297 22.0517
v 33.5828 41.2598 22.014
v 33.9281 40.9396 21.9763
v 34.0285 40.5065 21.9763
v 34.3612 40.3559 21.9324
v 34.3675 39.8851 21.901
v 34.2858 39.4394 21.8131
v 34.3047 39.1193 21.7378
v 34.6311 39.0251 21.788
v 34.7566 38.6548 21.7378
v 34.9512 38.3283 21.7504
v 35.309 38.1337 21.7253
v 35.6166 38.3723 21.7441
v 35.9242 38.6108 21.7755
v 36.2506 38.8682 21.7441
v 36.577 39.1255 21.7504
v 36.8971 39.3766 21.7315
v 37.2424 39.6465 21.7943
v 37.6379 39.521 21.6939
v 37.9705 39.7784 21.7253
v 38.3221 39.5084 21.6436
v 38.6422 39.7658 21.675
v 39.1381 39.6277 21.7629
v 39.5084 39.9165 21.9073
v 39.8411 40.1738 21.9952
v 40.1989 40.4626 22.083
v 40.6069 40.2554 21.9638
v 41.1531 40.1738 21.9512
v 41.4544 39.8474 21.8069
v 41.6803 39.5336 21.5558
v 41.9377 39.2699 21.5369
v 42.3081 39.1632 21.5809
v 42.6156 38.9561 21.7378
v 42.7977 38.6485 22.0454
v 42.9044 38.297 22.4032
v 43.0174 37.9957 22.5664
v 42.6847 37.7383 22.4973
v 42.2892 37.4307 22.353
v 42.3394 36.9599 22.3844
v 42.4964 36.5393 22.535
v 42.534 36.0686 22.422
v 42.6596 35.6857 22.6041
v 42.7286 35.1898 22.6292
v 42.7349 34.7001 22.3467
v 43.0048 34.4365 22.4032
v 43.0676 34.0724 22.5036
v 42.76 33.8339 22.5099
v 43.1429 33.6707 22.5601
v 43.1178 33.1748 22.2651
v 43.1806 32.7542 22.1144
v 42.8165 32.4717 22.0391
v 42.7161 32.001 21.9387
v 42.4022 31.7562 21.9324
v 42.057 31.4862 21.9387
v 41.718 31.2226 21.8194
v 41.3602 30.9464 21.7692
v 41.2849 30.4003 21.6688
v 41.4669 30.099 21.4302
v 41.5862 29.7726 21.2294
v 41.3037 29.5529 21.2607
v 41.5297 29.3457 21.0661
v 41.6364 28.9879 20.9092
v 41.5674 28.5109 20.7397
v 41.6364 28.1028 20.4949
v 41.2974 27.8392 20.4133
v 41.5297 27.6195 20.338
v 41.7055 27.2805 20.043
v 41.3225 26.9855 19.9112
v 40.9396 26.6842 19.8547
v 41.1593 26.3641 19.5847
v 40.8518 26.1193 19.6098
v 41.0087 25.7929 19.478
v 41.1907 25.5104 19.2646
v 41.3288 25.0773 19.1391
v 41.492 24.6818 18.9256
v 41.6238 24.2989 18.7687
v 41.5799 23.8344 18.2854
v 41.2912 23.6084 18.3042
v 41.0212 23.395 18.3356
v 41.0652 22.943 18.1661
v 40.7262 22.6794 18.1724
v 40.3621 22.8802 18.3168
v 40.381 22.4095 18.0845
v 40.042 22.1458 18.0343
v 39.6779 21.8633 17.9464
v 39.7972 21.4804 17.6514
v 39.7658 20.9845 17.2559
v 39.86 20.6644 16.9421
v 40.1927 20.4573 16.6659
v 40.4563 20.1873 16.2014
v 40.1299 19.9363 16.1637
v 40.0546 19.409 15.7871
v 40.3998 19.6789 15.8561
v 40.7639 19.9614 15.9503
v 41.0715 19.7731 15.7055
v 41.718 19.7731 15.5046
v 42.057 20.0367 15.6239
v 42.4148 20.3066 15.7117
v 42.8165 20.6205 15.8561
v 43.168 20.8967 15.9252
v 43.5384 21.1854 15.9816
v 43.8773 21.4553 16.013
v 44.21 21.7127 16.0884
v 44.5553 21.5181 15.7682
v 44.8817 21.3047 15.5674
v 45.1956 21.5495 15.5862
v 45.7417 21.5746 15.2849
v 46.0367 21.3549 14.971
v 46.3192 21.1289 14.6948
v 46.6456 20.9406 14.2994
v 46.972 20.8213 14.0106
v 47.1854 20.5012 13.4959
v 47.5997 20.3254 13.0314
v 47.9449 20.1497 12.7426
v 47.9324 20.5891 13.0753
v 48.4911 20.5765 13.2385
v 48.8551 20.4384 12.9749
v 49.2694 20.7586 13.1569
v 49.6147 20.5138 12.7615
v 50.0478 20.3443 12.4413
v 50.0541 19.8484 12.0082
v 50.4307 19.7166 11.7634
v 50.9078 19.6224 11.5311
v 50.8889 19.1516 11.0541
v 51.2781 19.0261 10.8218
v 51.705 19.001 10.5896
v 51.8996 18.6934 10.1376
v 51.9372 18.3042 9.78609
v 52.2762 18.5616 9.79865
v 52.6654 18.8629 9.96813
v 53.042 18.7499 9.79865
v 53.45 19.0637 9.96813
v 53.4375 19.4655 10.282
v 53.4186 19.8735 10.6523
v 53.7639 20.1434 10.7339
v 54.1154 20.4133 10.7904
v 54.492 20.7084 10.8846
v 54.4481 21.1289 11.0855
v 54.9063 21.4867 11.3491
v 54.8435 21.8006 11.6316
v 55.2076 22.083 11.732
v 55.4964 22.309 11.732
v 55.7663 22.5225 11.619
v 56.0739 22.761 11.6379
v 56.4003 23.0121 11.6253
v 56.7141 23.2569 11.5625
v 57.0406 23.508 11.55
v 57.3481 23.7465 11.55
v 57.8503 24.1357 11.9517
v 58.2207 24.4307 12.071
v 58.635 24.3805 11.845
v 58.9425 24.6253 11.8073
v 59.2752 24.8764 11.7948
v 59.5703 25.1086 11.7948
v 59.8716 24.8827 11.6567
v 60.2042 25.1463 11.6379
v 60.3612 24.845 11.5374
v 60.7378 24.7195 11.324
v 61.0203 24.9454 11.2424
v 61.2463 24.7006 10.8909
v 61.5852 24.4621 10.6712
v 61.9054 24.2298 10.3322
v 62.1941 23.9411 9.98696
v 62.5582 23.7842 9.85514
v 62.8783 24.0352 9.89908
v 63.1545 24.2549 9.8677
v 62.8407 24.4433 9.99952
v 62.8469 24.958 10.3385
v 62.5833 25.2405 10.7465
v 62.5456 25.705 10.9411
v 62.5393 26.1255 11.1671
v 62.5331 26.5336 11.3805
v 62.4829 26.9165 11.7634
v 62.759 27.1299 11.7508
v 62.7842 27.607 11.8827
v 63.1859 27.9145 12.0333
v 63.4998 28.1656 12.1212
v 63.8199 28.4104 12.1338
v 64.1463 28.6678 12.1526
v 64.4413 28.8938 12.14
v 64.7489 29.1323 12.0773
v 65.1004 29.4085 12.071
v 65.4017 29.6408 12.0961
v 65.7219 29.8918 12.0898
v 65.5587 30.1304 12.2342
v 65.8662 30.3689 12.253
v 66.2052 30.6325 12.3032
v 66.5505 30.9025 12.3158
v 66.9083 31.1787 12.4099
v 67.2158 31.4172 12.3974
v 67.536 31.6683 12.3848
v 67.9252 31.9696 12.5606
v 68.3394 31.9256 12.3346
v 68.6282 32.1516 12.253
v 68.9358 32.3839 12.2028
v 69.1869 32.5847 12.1024
v 69.4693 32.8044 12.0082
v 69.7267 32.5408 11.7006
v 70.0029 32.7605 11.6002
v 70.2916 32.9865 11.5751
v 70.6745 32.8547 11.2926
v 70.9884 33.0995 11.2549
v 71.2897 33.338 11.211
v 71.5659 33.5514 11.1043
v 71.9049 33.8151 11.142
v 72.1999 34.0473 11.142
v 72.4635 34.2482 11.0164
v 72.7083 34.4365 10.872
v 72.6205 34.7943 11.1106
v 72.6707 35.2902 11.4809
v 72.9594 35.5162 11.4119
v 73.2294 35.7296 11.3177
v 73.1038 35.9995 11.4558
v 73.3988 36.2255 11.4056
v 73.6374 36.4075 11.1985
v 73.8508 36.577 10.9976
v 74.0768 36.7528 10.8155
v 73.9449 37.0792 10.9223
v 74.0517 37.619 10.8658
v 74.2651 37.7885 10.6963
v 74.4785 37.9517 10.464
v 74.7484 38.1651 10.3322
v 74.2965 38.2781 10.5958
v 74.604 38.5229 10.6021
v 74.6292 38.9686 11.0855
v 74.2211 39.1569 11.3177
v 74.3655 39.7721 10.7904
v 74.7421 40.0671 10.9788
v 75.0874 40.3308 11.1169
v 75.4577 40.6195 11.1922
v 75.4075 41.1028 11.3993
v 75.759 41.379 11.55
v 75.5456 41.6364 11.5814
v 75.4012 41.9754 11.5751
v 75.1313 42.2641 11.5939
v 75.0121 42.6596 11.5814
v 75.169 43.1555 11.6818
v 75.056 43.5196 11.7634
v 75.3134 43.7204 11.6253
v 74.9305 43.8711 11.7948
v 74.5978 44.0657 11.9454
v 74.309 44.2414 12.0584
v 74.0579 44.0468 12.2154
v 73.832 43.8711 12.4225
v 73.5558 43.6514 12.5041
v 73.2231 43.8648 12.7112
v 72.9029 43.6137 12.661
v 72.5326 43.7895 12.9623
v 72.2376 44.0719 13.2071
v 71.8358 44.1912 13.2574
v 71.478 44.3858 13.4708
v 71.8547 44.6808 13.5963
v 71.7668 45.0826 13.6905
v 71.3085 45.2018 13.7909
v 70.888 45.2709 13.9039
v 70.7373 45.6287 14.0797
v 70.5678 45.9739 14.2303
v 70.5239 46.4259 14.4124
v 70.3481 46.7272 14.5818
v 70.775 47.0599 14.8769
v 70.436 47.8131 15.2598
v 70.957 47.6939 15.7368
v 70.6997 48.5664 15.5234
v 69.8648 48.3341 15.6301
v 69.6514 48.6229 15.718
v 69.3312 48.874 15.6113
v 69.0864 48.6794 15.7619
v 68.691 48.3718 15.536
v 68.4462 48.6543 15.7243
v 68.239 48.9054 15.8687
v 67.7557 48.987 15.9565
v 67.2096 48.987 16.1323
v 66.8015 49.1125 16.3771
v 66.563 48.9242 16.5968
v 66.3998 49.1816 16.7914
v 66.155 48.9932 16.9923
v 65.7156 49.0686 17.2496
v 65.4519 49.3008 17.2936
v 65.226 49.1251 17.5007
v 65.2009 48.6668 17.5321
v 65.4582 48.8677 17.3563
v 65.4206 48.4157 17.507
v 65.1444 48.196 17.6074
v 65.069 48.5601 17.9527
v 65.113 49.0372 17.9778
v 64.8996 48.874 18.1849
v 64.6045 49.1251 18.2603
v 64.6296 48.6605 18.21
v 64.3221 48.9054 18.3356
v 64.3786 48.466 18.4109
v 64.1902 48.3153 18.6934
v 64.0082 49.0497 18.8252
v 64.14 49.1564 18.3795
v 63.506 49.1251 18.6871
v 63.4809 48.6354 19.0512
v 63.7508 48.4534 19.0888
v 63.2361 48.4471 18.4737
v 63.8889 48.0768 18.6746
v 63.4119 47.7064 18.3168
v 63.1859 48.014 18.5427
v 63.0729 48.3216 18.8817
v 62.7026 48.4973 18.9445
v 62.0623 48.4785 19.1077
v 62.2506 49.0874 19.0135
v 61.6417 49.0183 19.114
v 61.3027 48.7547 19.0323
v 61.0956 48.5915 19.296
v 60.6939 48.7547 19.704
v 60.4553 48.5664 19.8484
v 60.1603 48.3404 19.8923
v 59.8778 48.6103 20.3066
v 59.6079 48.4032 20.338
v 59.3819 48.7735 20.7523
v 59.0681 48.5287 20.7837
v 58.8923 48.8802 21.085
v 58.5408 49.1062 21.3361
v 58.252 48.8802 21.38
v 57.957 49.1816 21.5495
v 57.6934 49.4954 21.7692
v 57.4109 49.6523 21.901
v 57.1159 49.4264 21.9198
v 56.8083 49.1816 21.901
v 56.4882 48.9305 21.8885
v 56.2434 49.1753 22.127
v 55.7161 49.2192 22.3404
v 55.1888 49.2506 22.4283
v 54.9189 49.4389 22.6292
v 54.605 49.1941 22.5978
v 54.0777 49.238 22.761
v 53.7137 48.9556 22.6668
v 53.1738 49.0246 22.8363
v 52.8349 48.761 22.7233
v 52.5273 49.0874 22.8614
v 52.1946 48.8238 22.8551
v 51.8807 48.5727 22.8238
v 51.3534 48.6731 22.987
v 50.9831 48.9054 23.0937
v 50.5814 49.1188 23.1313
v 50.2424 48.8489 23.0999
v 49.9285 49.1439 23.3134
v 49.6272 48.9116 23.2632
v 49.1313 48.9618 23.2632
v 48.8112 49.1878 23.2883
v 48.353 49.3008 23.464
v 48.0077 49.0372 23.395
v 47.6311 49.2067 23.5394
v 47.3361 48.9744 23.4954
v 47.0034 48.717 23.4703
v 46.6707 48.4534 23.395
v 46.3443 48.5476 23.464
v 46.0744 48.6794 23.5519
v 45.7605 48.8112 23.6147
v 45.5408 49.1062 23.7339
v 45.2081 48.8489 23.7528
v 44.9194 49.0372 23.9097
v 44.5239 49.2443 24.0039
v 43.959 49.3824 24.211
v 43.5823 49.0874 24.1231
v 43.2308 48.8112 24.0541
v 42.8981 48.5538 24.0101
v 42.578 48.2965 24.0101
v 42.239 48.6166 24.1608
v 41.9 48.353 24.0729
v 41.5548 48.0768 24.0352
v 41.2347 47.832 24.029
v 41.2912 47.2921 23.8469
v 40.971 47.041 23.803
v 40.6446 46.7837 23.8218
v 40.2931 46.5075 23.7465
v 39.9478 46.2376 23.6712
v 39.5712 45.9425 23.5958
v 39.2385 46.2689 23.7026
v 38.8807 45.9865 23.6021
v 38.4853 45.6789 23.4577
v 38.0835 45.3588 23.3008
v 37.6818 45.5345 23.3887
v 37.3114 45.2458 23.2506
v 36.8783 45.4404 23.4264
v 36.5331 45.1704 23.3699
v 35.9744 45.2772 23.4326
v 35.5727 44.957 23.2632
v 35.2714 45.2834 23.169
v 34.8947 44.9947 22.9932
v 34.4051 45.114 22.8677
v 33.7837 45.1767 22.7861
v 33.2125 45.2897 22.874
v 32.7542 45.5031 23.0309
v 32.2646 45.6098 23.1251
v 31.7562 45.7542 23.1816
v 31.1535 45.8358 23.2129
v 31.0908 45.2332 23.0623
v 31.1912 44.7687 22.9054
v 31.3858 44.4297 22.8112
v 31.0531 44.1661 22.7673
v 30.7204 43.9087 22.6919
v 31.1724 43.689 22.535
v 31.6306 43.4944 22.3028
v 31.9194 43.168 22.2337
v 32.3901 43.0299 22.2274
v 32.6036 42.6345 22.2211
v 32.9174 42.3394 22.2714
v 33.338 42.1323 22.1395
v 33.52 41.7871 22.0956
v 33.9092 41.5109 22.0579
v 34.2482 41.197 22.0454
v 34.3675 40.7702 22.014
v 34.7064 40.6195 22.0014
v 34.7504 40.1864 22.0266
v 34.6374 39.7219 21.8445
v 34.6311 39.3703 21.7692
v 34.9701 39.2887 21.8131
v 35.0579 38.8933 21.7692
v 35.24 38.5606 21.7127
v 35.5789 38.8242 21.7378
v 35.8991 39.0753 21.7441
v 36.2255 39.3327 21.7755
v 36.5017 39.5461 21.7378
v 36.8469 39.816 21.8006
v 37.1796 40.0797 21.8885
v 37.5939 39.9227 21.8571
v 37.8889 40.155 21.8382
v 38.3346 40.0671 21.8382
v 39.0314 40.0671 21.8508
v 39.3892 40.3433 21.945
v 39.7658 40.6383 22.0391
v 40.1236 40.9208 22.1082
v 40.5191 40.7137 22.1395
v 40.9522 40.5253 22.0454
v 41.4795 40.4312 21.9889
v 41.7745 40.0922 21.8382
v 42.013 39.7909 21.562
v 42.283 39.5398 21.5809
v 42.6596 39.4394 21.6813
v 42.9985 39.2511 21.8822
v 43.1366 38.9184 22.127
v 43.2308 38.548 22.353
v 43.3124 38.2342 22.5915
v 43.4254 37.8011 22.6166
v 43.0864 37.5437 22.5601
v 42.6721 37.2173 22.4157
v 42.8102 36.7842 22.535
v 42.9044 36.3573 22.5036
v 43.0739 36.0058 22.7861
v 43.1931 35.5538 22.9619
v 43.1366 35.014 22.5601
v 43.3501 34.7001 22.4597
v 43.3815 34.3235 22.4848
v 43.507 33.9594 22.6292
v 43.5007 33.4698 22.4346
v 43.5447 33.043 22.2274
v 43.7204 32.7856 22.1082
v 43.3877 32.5282 22.0642
v 43.0425 32.2583 22.0014
v 43.3061 31.9759 21.8885
v 42.9985 31.7373 21.8822
v 42.6659 31.48 21.8445
v 42.2955 31.1912 21.8194
v 41.9189 30.8962 21.675
v 41.6113 30.6514 21.6436
v 41.8122 30.3689 21.4804
v 41.9252 30.0362 21.2231
v 41.831 29.578 21.0787
v 41.944 29.2265 20.8841
v 41.8687 28.7494 20.7397
v 42.0068 28.3916 20.5703
v 42.2139 28.1531 20.451
v 41.8749 27.8894 20.4322
v 42.0946 27.5881 20.2187
v 42.2453 27.2052 19.8986
v 41.8687 26.9165 19.7542
v 41.5297 26.6465 19.6789
v 41.6615 26.3013 19.4655
v 41.2786 26 19.3462
v 41.4293 25.6987 19.1391
v 41.6113 25.297 19.0512
v 41.7745 24.9078 18.8817
v 41.9 24.5123 18.662
v 41.8812 24.0666 18.2289
v 42.0068 23.6837 18.0782
v 41.6992 23.4389 18.1473
v 41.4041 23.2129 18.1661
v 41.4355 22.761 17.8397
v 41.1028 22.4973 17.7769
v 40.7639 22.2337 17.7267
v 40.4563 21.9952 17.7079
v 40.1173 21.7315 17.6702
v 40.1362 21.2733 17.325
v 40.1675 20.9029 16.9546
v 40.5379 20.7209 16.7475
v 40.8706 20.5138 16.4273
v 41.1405 20.2501 16.0444
v 41.4983 20.0995 15.8624
v 41.8436 20.3694 15.944
v 42.2139 20.6581 16.0507
v 42.6094 20.9657 16.1888
v 42.9232 21.2105 16.2265
v 43.2622 21.4742 16.3018
v 43.5949 21.7378 16.3018
v 43.9087 21.9763 16.3457
v 44.2289 22.2337 16.3708
v 44.549 21.9701 16.0821
v 44.9194 21.8006 15.8436
v 45.252 22.0579 15.8812
v 45.5157 21.8006 15.6427
v 45.8672 22.0705 15.6615
v 46.0995 21.8508 15.3351
v 46.3819 21.6248 14.9899
v 46.5891 21.3361 14.6258
v 46.9469 21.1729 14.2805
v 47.2796 21.0536 13.9667
v 47.5369 20.7711 13.5084
v 47.8885 21.0473 13.5022
v 48.4408 20.9845 13.5398
v 48.9242 20.9092 13.4833
v 49.3071 21.2105 13.6089
v 49.6837 21.0787 13.2887
v 49.9662 20.7837 12.8745
v 50.4056 20.6267 12.5229
v 50.437 20.1434 12.1212
v 50.7571 19.9676 11.8324
v 51.2844 19.9112 11.619
v 51.2279 19.4153 11.1106
v 51.6359 19.3085 10.8909
v 52.0753 19.2834 10.6523
v 52.2636 18.9759 10.2632
v 52.5649 19.2081 10.2945
v 53.0671 19.1767 10.169
v 52.9855 19.5345 10.4703
v 53.1048 20.0869 10.8093
v 53.4124 20.3254 10.8783
v 53.7388 20.5765 10.9034
v 54.0777 20.8402 10.9285
v 53.6383 20.8653 11.0604
v 53.2366 20.5514 10.916
v 52.8851 20.7084 11.211
v 53.3433 21.0599 11.4809
v 53.7764 21.3988 11.7446
v 53.4124 21.5683 12.1714
v 53.8015 21.8696 12.2593
v 54.1091 21.6562 11.8199
v 54.4481 21.493 11.4684
v 54.5297 21.9826 12.0773
v 54.8373 22.2274 12.0521
v 55.1574 22.4722 12.0898
v 55.4399 22.6919 11.9768
v 55.804 22.9744 12.0396
v 56.1241 23.2255 12.0459
v 56.4379 23.464 12.0208
v 56.733 23.6963 11.9517
v 57.0468 23.9411 11.9517
v 57.5929 24.3617 12.4853
v 57.9131 24.6127 12.5041
v 58.2144 24.845 12.4978
v 58.5345 24.6692 12.0898
v 58.8107 24.8889 12.0082
v 59.0869 25.0961 11.9141
v 59.3882 25.3283 11.9392
v 59.9657 25.4162 11.9705
v 60.311 25.6799 12.0208
v 60.6185 25.4664 11.8136
v 60.6688 25.0835 11.5311
v 60.9449 25.297 11.4872
v 61.2902 25.1526 11.1357
v 61.5789 24.958 10.916
v 61.9305 24.732 10.7339
v 62.2255 24.4746 10.3197
v 62.5268 24.1985 9.99952
v 62.5268 24.7069 10.3134
v 62.2632 24.9894 10.7277
v 62.2443 25.4727 10.9788
v 62.2129 25.8745 11.1231
v 62.2443 26.3076 11.4621
v 62.1753 26.6779 11.7634
v 62.1753 27.1362 11.8952
v 62.4577 27.3559 11.8827
v 62.2757 27.5818 11.9705
v 62.6021 27.8329 12.0019
v 63.0352 28.1719 12.2907
v 63.4119 28.4606 12.3786
v 63.7634 28.7306 12.4225
v 64.071 28.9754 12.4225
v 64.3534 29.1888 12.3158
v 64.6673 29.4336 12.3095
v 64.9498 29.6533 12.2593
v 65.2574 29.8981 12.2593
v 65.1506 30.2434 12.4288
v 65.4833 30.5007 12.4225
v 65.8097 30.7518 12.4539
v 66.155 31.0217 12.5104
v 66.4751 31.2665 12.5041
v 66.8015 31.5239 12.548
v 67.1405 31.7875 12.6108
v 67.536 32.0951 12.818
v 67.8435 32.3337 12.8305
v 68.2453 32.2144 12.5857
v 68.5152 32.4278 12.5104
v 68.7977 32.6475 12.4351
v 69.055 32.8484 12.3535
v 69.3375 33.0681 12.2467
v 69.733 33.0053 11.8952
v 70.0154 33.225 11.8889
v 70.2854 33.4384 11.8073
v 70.6118 33.2376 11.5437
v 70.8942 33.4573 11.4433
v 71.1579 33.6581 11.3993
v 71.4466 33.8841 11.3428
v 71.7793 34.1415 11.3742
v 72.043 34.3423 11.3554
v 72.3568 34.5872 11.2801
v 72.3882 35.0705 11.4621
v 72.5514 35.5664 11.6504
v 72.8276 35.7798 11.5437
v 72.7335 36.1376 11.6881
v 73.0034 36.3448 11.6253
v 73.2607 36.5456 11.506
v 73.4993 36.7339 11.3366
v 73.7001 36.8909 11.1294
v 73.5809 37.2487 11.2361
v 73.8508 37.4621 11.1106
v 73.832 37.9203 11.029
v 73.9512 38.4413 10.8783
v 74.4346 38.8117 11.3052
v 73.5871 39.1632 11.1106
v 74.0077 39.4959 11.4056
v 73.5809 39.6842 10.872
v 73.9073 39.9353 10.8595
v 74.3341 40.268 11.0666
v 74.6919 40.5442 11.2298
v 75.0623 40.8392 11.3554
v 74.8928 41.1342 11.4872
v 75.2129 41.379 11.5563
v 75.1125 41.7494 11.6127
v 74.8175 42.0256 11.6379
v 74.7108 42.421 11.663
v 74.5789 42.7035 11.7508
v 74.8614 42.9232 11.7195
v 74.7735 43.2999 11.8324
v 74.6919 43.6828 11.958
v 74.3404 43.8648 12.0898
v 74.1019 43.6765 12.2467
v 73.8194 43.4568 12.3974
v 73.5746 43.2622 12.5041
v 73.2356 43.4066 12.5292
v 72.9469 43.1806 12.6108
v 72.633 43.4066 12.7552
v 72.3757 43.2057 12.9247
v 72.4761 43.7455 13.6214
v 71.6726 44.0657 13.5901
v 71.2081 44.1787 13.5461
v 70.9445 44.4486 13.9792
v 71.0386 44.9947 13.929
v 70.5867 45.0386 13.9604
v 70.4046 45.3713 14.0232
v 70.2226 45.7103 14.2303
v 70.1787 46.156 14.3621
v 70.0719 46.5075 14.6321
v 69.9087 46.8778 14.7199
v 69.6576 46.6832 14.8706
v 69.3752 46.9845 14.8518
v 69.3563 46.4447 14.9145
v 68.8918 47.154 15.0526
v 69.2434 47.4239 15.0903
v 69.7267 47.2545 15.6992
v 69.4882 47.6185 15.6803
v 69.7895 47.8508 15.6176
v 70.0719 47.5307 15.7619
v 70.662 47.4616 15.7808
v 71.0261 47.2545 15.4732
v 69.6263 48.1521 15.7494
v 69.3626 48.4032 15.8184
v 68.9232 48.0579 15.4795
v 68.6219 47.8194 15.4606
v 68.3583 48.1144 15.5485
v 68.1135 48.3969 15.6866
v 67.4795 48.7735 16.0507
v 66.9459 48.7861 16.1637
v 66.676 48.5727 16.2955
v 66.494 48.4283 16.5843
v 66.337 48.7484 16.8605
v 66.1487 48.5978 17.0676
v 65.9416 48.8238 17.212
v 65.7093 48.6417 17.4003
v 65.6717 48.2274 17.4066
v 65.4206 48.0266 17.5007
v 65.1695 47.8257 17.6388
v 64.9309 48.0328 17.8146
v 64.8054 48.353 18.0719
v 64.5104 48.127 18.1473
v 64.184 47.8696 18.141
v 63.9329 47.675 18.2414
v 63.6441 47.4491 18.2665
v 63.3617 47.2294 18.323
v 63.142 47.4993 18.4486
v 62.5707 47.5307 18.4925
v 62.985 47.8633 18.7687
v 62.7967 48.1019 18.9947
v 62.4389 48.2902 19.07
v 62.2632 48.1584 19.3901
v 61.8802 48.3341 19.4278
v 61.6103 48.1207 19.5534
v 62.1439 47.5872 19.5722
v 61.8049 47.7943 19.8295
v 61.353 47.9198 19.635
v 61.1521 48.2274 19.4592
v 61.083 47.7127 19.7605
v 61.0956 47.2419 19.6287
v 60.6499 47.832 19.6789
v 60.7692 47.4679 19.8233
v 60.3549 47.5997 19.6977
v 60.5746 46.8339 19.8107
v 59.9029 47.2482 19.3211
v 60.38 47.1603 18.9068
v 60.6562 47.8382 18.9382
v 60.267 47.9449 19.5973
v 60.5558 48.1709 19.4906
v 60.8257 48.3781 19.4027
v 61.4973 48.4973 18.6871
v 61.5601 48.083 18.6557
v 59.8778 48.1144 19.9551
v 59.564 47.8696 19.9488
v 59.3254 48.1835 20.3568
v 59.0053 47.9324 20.4008
v 58.7793 48.3027 20.8464
v 58.5847 48.6354 21.1038
v 58.3023 48.4157 21.1603
v 57.9759 48.6605 21.4239
v 57.6745 48.9618 21.6185
v 57.4235 49.282 21.8571
v 57.1033 49.0309 21.8633
v 56.7769 48.7735 21.8445
v 56.4317 48.5099 21.7629
v 56.1618 48.6794 21.8571
v 55.9546 48.9556 22.1144
v 55.6282 48.6982 22.0705
v 55.3646 48.9367 22.309
v 54.8624 48.9995 22.3844
v 54.5611 48.761 22.3655
v 54.3037 48.9556 22.5664
v 53.9899 48.7045 22.5413
v 53.6446 48.4408 22.4597
v 53.3935 48.7045 22.6103
v 53.0671 48.4471 22.5476
v 52.4457 48.4534 22.6292
v 52.1193 48.2023 22.6229
v 51.5543 48.3216 22.7861
v 51.0145 48.4095 22.8928
v 50.6379 48.6354 23.0686
v 50.2863 48.3592 22.9995
v 49.9097 48.5915 23.0058
v 49.2883 48.648 23.238
v 48.8049 48.7045 23.1941
v 48.4785 48.9305 23.2757
v 48.1521 48.6731 23.2255
v 47.7127 48.8049 23.351
v 47.38 48.5413 23.3071
v 47.0222 48.2651 23.2255
v 46.7021 48.014 23.1753
v 46.3694 48.2149 23.3699
v 46.0618 48.3216 23.5142
v 45.7856 48.4534 23.5896
v 45.4466 48.5664 23.6084
v 45.1328 48.3153 23.5707
v 44.888 48.5978 23.7465
v 44.6055 48.7924 23.9223
v 44.2289 49.0121 23.9913
v 43.9025 48.7547 23.9411
v 43.5949 48.5099 23.9285
v 43.2559 48.2463 23.8595
v 42.9421 48.0014 23.8658
v 42.6156 47.7441 23.8344
v 42.2704 48.0579 23.9599
v 41.9628 47.8194 23.9223
v 41.6238 47.5558 23.9034
v 41.605 46.9532 23.7277
v 41.2849 46.7021 23.7339
v 40.9773 46.4635 23.7151
v 40.6446 46.2062 23.6649
v 40.3182 45.9488 23.5833
v 39.973 45.6789 23.5017
v 39.6277 45.4027 23.4264
v 39.2197 45.6663 23.464
v 38.8682 45.3964 23.3197
v 38.4978 45.1077 23.2129
v 38.1024 44.7938 22.987
v 37.7257 45.0826 23.1251
v 37.3805 44.8064 23.0309
v 36.9474 44.9633 23.1941
v 36.5896 44.6808 23.1125
v 36.1878 44.9005 23.3008
v 35.8175 44.6055 23.2004
v 35.1647 44.6369 23.0183
v 34.5118 44.6934 22.7673
v 34.0473 44.8315 22.7924
v 33.4447 44.9131 22.7296
v 32.9112 45.0512 22.8489
v 32.4153 45.2332 23.0183
v 31.9194 45.3399 23.0748
v 31.4172 45.4906 23.1313
v 31.5553 45.0575 22.9932
v 31.731 44.6997 22.8865
v 31.8754 44.2414 22.6417
v 31.5365 43.9778 22.6041
v 32.001 43.7832 22.3844
v 32.2897 43.4568 22.3467
v 32.7542 43.3187 22.3655
v 32.9237 42.8856 22.2776
v 33.225 42.578 22.2839
v 33.7146 42.4273 22.2463
v 33.8276 42.0319 22.1584
v 34.2733 41.7933 22.1709
v 34.6436 41.4983 22.1584
v 34.7127 41.0401 22.0893
v 35.0642 40.902 22.0768
v 35.4534 40.7325 22.2651
v 35.5915 40.1236 21.8885
v 35.2714 39.8725 21.8069
v 34.9512 39.6214 21.788
v 35.3279 39.5712 21.8257
v 35.3906 39.1506 21.8131
v 35.7359 39.4206 21.8382
v 36.0497 39.6654 21.8445
v 36.3887 39.9353 21.8696
v 36.7591 40.224 21.9512
v 37.1043 40.494 22.0517
v 37.5186 40.3496 21.9261
v 37.8576 40.6132 21.9261
v 38.2593 40.4437 21.9512
v 38.7489 40.3872 22.014
v 39.0816 40.6509 22.0893
v 39.4582 40.9396 22.2274
v 39.816 41.2221 22.2965
v 40.1362 41.4732 22.3781
v 40.4563 41.1782 22.1709
v 40.8831 40.9961 22.2274
v 41.2786 40.789 22.1082
v 41.8373 40.7074 22.014
v 42.0884 40.3433 21.8508
v 42.3771 40.0734 21.6625
v 42.7349 39.8914 21.8382
v 43.0676 39.7595 21.8633
v 43.3877 39.5587 21.9889
v 43.4819 39.1883 22.2149
v 43.5635 38.8117 22.3969
v 43.6451 38.4915 22.5915
v 43.7832 38.0835 22.7108
v 43.8522 37.6065 22.8363
v 43.4756 37.3114 22.648
v 43.2182 37.1043 22.7673
v 43.4003 36.7465 22.8928
v 43.4631 36.3134 22.9556
v 43.5949 35.8677 23.1251
v 43.846 35.5664 22.7861
v 43.5447 35.3341 22.7798
v 43.6765 34.9575 22.4973
v 43.6953 34.562 22.5538
v 43.8711 34.2419 22.6982
v 43.8522 33.746 22.535
v 43.9213 33.3317 22.3592
v 44.0657 33.0618 22.2651
v 44.028 32.5471 22.0642
v 43.6953 32.2834 22.0014
v 43.8334 31.957 21.8508
v 43.4756 31.6746 21.7441
v 43.1429 31.4109 21.6813
v 42.8353 31.1724 21.6499
v 42.5152 30.9213 21.6374
v 42.17 30.6514 21.562
v 42.3081 30.3375 21.3235
v 42.5089 30.1115 21.1729
v 42.17 29.8416 21.1101
v 42.2767 29.4901 20.9155
v 42.2013 29.0068 20.7837
v 42.3269 28.649 20.564
v 42.5089 28.3853 20.4322
v 42.4399 27.858 20.225
v 42.6031 27.4877 20.0179
v 42.7098 27.1236 19.6601
v 42.3646 26.8537 19.6161
v 41.9879 26.5587 19.4843
v 42.1009 26.226 19.2332
v 41.7494 25.9498 19.1767
v 41.9189 25.5418 19.07
v 42.0381 25.1086 18.8001
v 42.2139 24.7571 18.6432
v 42.2265 24.3366 18.2728
v 42.3143 23.9223 18.0594
v 42.4273 23.5331 17.8083
v 42.1009 23.2757 17.8334
v 41.7682 23.0183 17.8397
v 41.8938 22.648 17.6388
v 41.5611 22.3906 17.5949
v 41.2284 22.127 17.5635
v 40.8706 21.8445 17.4944
v 40.5253 21.5809 17.438
v 40.5002 21.1603 16.9985
v 40.8894 20.9971 16.76
v 41.1907 20.7648 16.4838
v 41.5234 20.5514 16.2202
v 41.8749 20.8276 16.3143
v 42.239 21.1101 16.3959
v 42.5529 21.3549 16.4399
v 42.9295 21.6436 16.5403
v 43.2873 21.9261 16.578
v 43.6263 22.1898 16.6156
v 43.9527 22.4471 16.647
v 44.2916 22.7108 16.6533
v 44.6118 22.5287 16.4148
v 44.9068 22.2525 16.1637
v 45.2018 22.4848 16.1888
v 45.5973 22.3279 15.9252
v 45.9237 22.5852 15.944
v 46.2125 22.3404 15.6866
v 46.4008 22.0893 15.3665
v 46.7021 21.8696 15.0338
v 46.9218 21.5934 14.6195
v 47.2419 21.3988 14.2366
v 47.6123 21.3172 13.9416
v 47.9638 21.5872 14.042
v 48.3467 21.4051 13.86
v 48.8426 21.2921 13.7407
v 49.2192 21.5872 13.8914
v 49.6272 21.4553 13.6152
v 50.0101 21.3361 13.3327
v 50.3177 21.0536 12.9749
v 50.7383 20.8841 12.5732
v 50.8136 20.4384 12.2342
v 51.1086 20.2438 11.9078
v 51.6422 20.1873 11.6943
v 51.9184 19.9551 11.2361
v 51.5543 19.6663 11.1545
v 51.9247 19.5282 10.8595
v 52.3892 19.5282 10.69
v 52.7407 19.8044 10.7402
v 52.8851 20.2815 10.872
v 52.5273 20.4322 11.098
v 52.59 20.9281 11.7257
v 52.9855 21.2356 11.9831
v 52.929 21.6562 12.4162
v 53.3119 21.9575 12.5104
v 53.6886 22.2463 12.6171
v 54.1782 22.1584 12.4099
v 54.536 22.4408 12.4664
v 54.9252 22.7422 12.6045
v 55.2076 22.9619 12.592
v 55.4713 23.169 12.4476
v 55.7788 23.4075 12.4288
v 56.0739 23.6335 12.4413
v 56.5447 23.9976 12.7991
v 56.1053 24.1231 13.1318
v 56.4568 24.3993 13.1381
v 56.9087 24.2863 12.8493
v 56.7581 24.6379 13.1193
v 57.2351 24.5374 12.8745
v 57.5804 24.8011 12.887
v 57.8942 25.0459 12.8556
v 58.183 25.2718 12.8368
v 58.4906 25.0647 12.4351
v 58.7542 25.2656 12.2656
v 59.0806 25.5229 12.2718
v 59.3945 25.7677 12.2467
v 59.8151 25.6673 12.14
v 60.154 25.9309 12.1714
v 60.5997 25.9058 12.0208
v 60.9198 25.705 11.8262
v 61.2274 25.5167 11.3868
v 61.5978 25.3911 11.1231
v 61.9493 25.2467 10.985
v 61.9116 25.6359 11.1482
v 61.8991 26.0377 11.4119
v 61.8551 26.4268 11.7885
v 61.8551 26.8851 11.9266
v 61.9556 27.3245 11.9392
v 61.8112 27.6446 12.0208
v 62.1815 27.9334 12.1149
v 62.5833 28.2472 12.2781
v 62.985 28.5548 12.479
v 63.3491 28.8373 12.5732
v 63.7195 29.126 12.7175
v 64.0396 29.3771 12.7301
v 64.3095 29.5843 12.6548
v 64.5983 29.8102 12.6045
v 64.8619 30.0174 12.5355
v 64.8242 30.4442 12.8431
v 65.0879 30.6451 12.6861
v 65.3766 30.8711 12.6108
v 65.6654 31.0971 12.6422
v 65.9981 31.3544 12.6799
v 66.3496 31.6243 12.705
v 66.8078 31.9821 13.0565
v 67.1531 32.252 13.0753
v 67.4983 32.5157 13.1318
v 67.7808 32.7417 13.1004
v 68.1449 32.5659 12.8305
v 68.4399 32.7982 12.7489
v 68.7286 33.0241 12.6736
v 69.0111 33.2438 12.5669
v 69.2873 33.4573 12.4539
v 69.62 33.2878 12.1526
v 69.915 33.52 12.0961
v 70.21 33.746 12.0208
v 70.5867 33.6707 11.7257
v 70.8942 33.9155 11.7132
v 71.2269 34.1666 11.6943
v 71.5471 34.4177 11.6881
v 71.8295 34.6374 11.6692
v 72.0932 34.8445 11.5186
v 71.8735 35.0391 11.6002
v 72.2689 35.3467 11.7634
v 72.1873 35.7108 11.9203
v 72.4573 35.9242 11.8011
v 72.2941 36.2506 11.9517
v 72.6016 36.4891 11.8638
v 72.8276 36.6649 11.7132
v 73.085 36.8658 11.5437
v 73.3486 37.0729 11.393
v 73.3235 37.5186 11.3617
v 73.5809 37.7257 11.2236
v 73.2733 37.9078 11.4495
v 73.606 38.6736 11.4056
v 73.2921 38.9309 11.2047
v 73.38 39.5273 11.1294
v 73.2168 39.8223 11.1608
v 73.4491 40.0106 10.9662
v 73.8068 40.2868 11.0729
v 74.1835 40.5818 11.2361
v 74.5287 40.8455 11.3679
v 74.4597 41.2472 11.5563
v 74.8112 41.5171 11.6441
v 74.5852 41.8373 11.7508
v 74.4346 42.2076 11.7697
v 74.2839 42.4713 11.7634
v 74.1584 42.8165 11.9329
v 74.4722 43.0676 11.8827
v 74.4408 43.4882 12.0333
v 74.1584 43.2747 12.1024
v 73.901 43.0676 12.253
v 73.6562 42.873 12.3472
v 73.2545 43.0174 12.4288
v 72.9532 42.7788 12.4853
v 72.6456 42.9421 12.6673
v 72.3945 42.7475 12.7803
v 72.2125 42.6031 13.0439
v 72.5075 42.4273 12.8242
v 72.2627 42.239 13.0628
v 71.9363 41.9879 13.0377
v 71.9802 42.4273 13.226
v 71.6224 42.1449 13.0942
v 71.3148 42.3708 13.4331
v 71.3713 41.9503 13.2323
v 71.0826 42.1951 13.6089
v 71.1265 42.691 14.0106
v 70.8126 42.4462 14.0859
v 70.4737 42.691 14.2303
v 70.8315 42.9734 14.3433
v 71.0888 43.1743 14.2052
v 70.7624 43.3501 14.4124
v 71.0386 43.5698 14.3119
v 71.3085 43.7832 14.2115
v 71.5973 43.5698 14.7639
v 72.1497 43.9966 14.4626
v 71.4969 43.9276 13.8914
v 72.2627 44.0908 14.0357
v 72.4322 43.7079 14.1738
v 72.4259 43.2434 14.5567
v 71.9739 43.8585 14.8518
v 72.0555 42.9546 14.45
v 72.0304 42.9295 15.1531
v 72.5577 43.3375 14.0922
v 72.4196 42.7663 14.2743
v 70.9947 44.0092 13.7407
v 70.6808 44.2414 14.1487
v 70.7875 44.7938 13.9667
v 70.3544 44.8566 14.1864
v 70.1849 45.2018 14.2115
v 70.0029 45.5345 14.3621
v 69.8899 45.9363 14.45
v 69.8271 46.3192 14.8015
v 69.5258 46.0806 14.789
v 69.0676 46.2187 14.9961
v 69.2936 45.8986 14.9459
v 69.0048 45.6789 15.0275
v 68.8228 46.0241 15.1782
v 69.3626 46.4447 15.6992
v 68.691 45.4341 15.0024
v 68.3394 45.6475 15.4481
v 68.1511 46.0241 15.6113
v 67.8247 45.7731 15.6741
v 67.9 46.3819 15.5234
v 68.4336 46.79 16.1072
v 67.649 46.1811 15.6615
v 67.6364 46.5954 15.5046
v 68.2013 47.041 15.3037
v 67.423 46.8841 15.5548
v 67.3853 46.4008 15.6866
v 67.2347 46.7335 15.8247
v 67.2033 47.2105 15.7619
v 67.0087 47.0536 15.9942
v 66.9773 47.5055 15.9252
v 67.3916 47.832 16.1888
v 67.9503 47.788 16.0633
v 67.7055 48.0768 16.1449
v 68.1197 47.9261 15.6992
v 68.534 47.2984 16.1009
v 68.421 47.2105 16.6156
v 68.239 47.5244 16.7412
v 67.8749 47.7315 16.7098
v 68.0005 47.3298 16.9232
v 67.6992 47.5934 16.9421
v 66.9522 47.8947 16.4462
v 66.7953 47.3675 16.2139
v 66.7137 47.7127 16.5968
v 66.7074 48.1647 16.4901
v 67.2284 48.1144 16.3834
v 67.2974 48.6292 16.3457
v 67.9252 48.2463 15.9503
v 68.7851 47.493 15.2158
v 66.3056 48.2839 16.873
v 66.1362 48.1458 17.2245
v 65.8537 47.9261 17.3124
v 65.6089 47.7315 17.4819
v 65.3076 47.4993 17.5823
v 64.8619 47.5872 17.689
v 64.705 47.8508 17.9903
v 64.4162 47.6248 18.0029
v 64.1337 47.4051 18.0594
v 63.8889 47.2168 18.2414
v 63.6065 46.9908 18.3042
v 63.0855 47.0097 18.3732
v 62.8281 47.2482 18.4172
v 62.508 47.0034 18.4988
v 62.2694 47.2984 18.5741
v 62.3071 47.719 18.5302
v 62.056 47.5244 18.6494
v 62.2632 46.8088 18.5804
v 61.9932 47.085 18.6683
v 61.943 47.041 19.3023
v 61.5915 47.1603 19.7103
v 61.2149 46.8653 19.5785
v 61.2337 46.8778 18.8566
v 60.8885 46.6079 18.8001
v 60.562 46.3568 18.7562
v 60.1603 46.5075 18.8189
v 60.1164 46.9532 18.9633
v 59.8276 46.7272 19.0763
v 59.633 47.0348 19.4278
v 59.6958 47.493 19.6915
v 59.9532 47.7001 19.6098
v 59.2689 47.6374 20.0116
v 58.9739 47.4114 20.0932
v 58.7605 47.7378 20.5075
v 58.5094 48.0893 20.8464
v 57.9947 48.1709 21.1854
v 57.6871 48.4346 21.4742
v 57.4109 48.7547 21.7378
v 57.1033 48.5162 21.7315
v 56.7644 48.2525 21.5872
v 56.4066 47.9701 21.4993
v 56.0801 48.2274 21.7504
v 55.8479 48.4283 21.8759
v 55.3018 48.4471 22.0266
v 55.0444 48.6919 22.2839
v 54.7306 48.4471 22.2274
v 54.2158 48.4911 22.3404
v 53.858 48.2086 22.2337
v 53.3182 48.1835 22.3906
v 52.7407 48.1898 22.4722
v 52.408 47.9324 22.4346
v 52.0879 47.6813 22.422
v 51.8054 47.9512 22.5915
v 51.2091 48.0517 22.7547
v 50.7195 48.1772 22.9179
v 50.4056 47.9324 22.8865
v 49.9662 48.1082 22.9305
v 49.577 48.3279 23.0121
v 48.9493 48.3781 23.1816
v 48.466 48.4408 23.1439
v 48.1458 48.1835 23.0497
v 47.7817 48.3844 23.1188
v 47.4302 48.1082 23.0623
v 47.1038 47.8508 23.0435
v 46.8151 47.6248 23.0372
v 46.3819 47.7629 23.1816
v 46.0681 47.9826 23.4389
v 45.7228 48.0579 23.508
v 45.4341 48.1772 23.5456
v 45.1328 47.9387 23.5707
v 44.8691 48.1144 23.6398
v 44.5678 48.3467 23.7339
v 44.2791 48.5413 23.8658
v 43.9276 48.2588 23.803
v 43.576 47.9889 23.7591
v 43.2685 47.7441 23.7842
v 42.9295 47.4804 23.7026
v 42.6407 47.2482 23.7151
v 42.2955 47.493 23.7967
v 41.9503 47.2294 23.7591
v 42.0068 46.7586 23.6837
v 41.6678 46.4886 23.6084
v 41.3539 46.2438 23.6147
v 41.015 45.9802 23.5833
v 40.6697 45.7103 23.5268
v 40.3056 45.4215 23.4264
v 39.929 45.1328 23.3197
v 39.6152 44.888 23.2945
v 39.2699 45.1202 23.3259
v 38.8933 44.8315 23.1941
v 38.4225 44.4611 22.874
v 37.7446 44.5113 22.8551
v 37.3617 44.2163 22.7673
v 37.0478 44.549 22.9995
v 36.7277 44.2979 22.9367
v 36.2694 44.4297 23.0748
v 35.943 44.1724 23.0246
v 35.4346 44.3105 23.0937
v 35.0203 43.9841 22.8175
v 34.7315 44.3042 22.7296
v 34.1603 44.4172 22.7045
v 33.677 44.5427 22.7108
v 33.0806 44.6306 22.6354
v 32.5785 44.7938 22.8112
v 32.0449 44.9445 22.9619
v 32.2081 44.4988 22.717
v 32.365 44.0657 22.4722
v 32.6287 43.7204 22.4471
v 33.0869 43.576 22.4157
v 33.2438 43.1366 22.353
v 33.5577 42.8416 22.309
v 34.0599 42.6972 22.2714
v 34.1791 42.3018 22.2149
v 34.6374 42.0821 22.2588
v 34.9952 41.7745 22.2211
v 35.0705 41.3225 22.1647
v 35.4785 41.2284 22.24
v 35.7547 40.971 22.2337
v 35.7359 40.5818 22.1458
v 35.9807 40.4312 22.0014
v 35.9932 40.0922 21.9387
v 35.648 39.816 21.8696
v 36.3636 40.381 22.0077
v 36.7026 40.6446 22.1019
v 37.0227 40.902 22.1709
v 37.4244 40.745 22.0579
v 37.7634 41.0087 22.083
v 38.2216 40.8957 22.0266
v 38.6171 40.7199 22.083
v 38.9623 40.9961 22.1898
v 39.3327 41.2849 22.3279
v 39.6779 41.5548 22.3969
v 40.0608 41.8561 22.5099
v 40.4626 41.7306 22.4346
v 40.8204 41.4669 22.2714
v 41.2221 41.2598 22.2463
v 41.5987 41.0338 22.1333
v 42.1386 40.9459 22.0014
v 42.4085 40.5881 21.8382
v 42.7224 40.3496 21.7692
v 43.0488 40.1424 21.832
v 43.3815 40.0043 21.9261
v 43.6765 39.7846 21.945
v 43.8271 39.4582 22.3341
v 43.9276 39.0942 22.4973
v 43.9778 38.7489 22.6731
v 44.1473 38.3723 22.7924
v 44.1975 37.8764 22.9367
v 44.2916 37.4433 22.7861
v 43.9527 37.1733 22.7108
v 43.6451 36.9348 22.7359
v 43.9527 36.6963 22.6982
v 43.7393 36.5268 22.9367
v 44.1347 35.7924 22.761
v 44.0406 35.2463 22.5915
v 44.0657 34.8508 22.6543
v 44.1849 34.4867 22.7422
v 44.1975 34.0159 22.5727
v 44.2791 33.6142 22.4471
v 44.4423 33.3506 22.3279
v 44.3732 32.817 22.1772
v 44.5992 32.5534 22.0956
v 44.2351 32.2646 22.0203
v 44.4611 32.0198 21.9324
v 44.1284 31.7562 21.8759
v 43.6953 31.4235 21.5997
v 43.3501 31.1535 21.5307
v 42.9985 30.8774 21.4428
v 42.6721 30.62 21.4302
v 42.8353 30.3626 21.2545
v 42.9672 30.0299 21.0159
v 42.6282 29.7663 20.9281
v 42.5152 29.2516 20.7837
v 42.6659 28.9063 20.5828
v 42.8165 28.6239 20.4824
v 43.0488 28.3288 20.2125
v 42.7537 28.0966 20.2313
v 42.9044 27.7262 20.0367
v 43.0488 27.381 19.704
v 43.1743 27.0608 19.4718
v 42.76 26.7407 19.3462
v 42.421 26.4708 19.3148
v 42.5529 26.0314 19.0198
v 42.239 25.7929 19.0449
v 42.4085 25.3974 18.8754
v 42.5654 25.027 18.7059
v 42.578 24.6065 18.3419
v 42.5843 24.1357 17.9966
v 42.7161 23.7591 17.7706
v 42.8228 23.3699 17.62
v 42.5215 23.1376 17.6325
v 42.2202 22.8991 17.6577
v 42.2516 22.5287 17.3626
v 41.9063 22.2588 17.2936
v 41.5674 21.9952 17.3375
v 41.2096 21.7127 17.212
v 40.9334 21.4993 17.2308
v 41.2661 21.2921 16.8918
v 41.5548 21.0473 16.5529
v 41.9252 21.3361 16.6156
v 42.3143 21.6374 16.7412
v 42.6533 21.901 16.804
v 43.0048 22.1772 16.8542
v 43.3375 22.4346 16.873
v 43.6451 22.6794 16.8856
v 43.9527 22.9179 16.873
v 44.2603 23.1564 16.8667
v 44.5992 22.9493 16.6408
v 44.9319 22.7735 16.4462
v 45.522 22.7296 16.1825
v 45.8421 22.9807 16.2014
v 46.2438 22.83 15.9628
v 46.5263 22.5852 15.6678
v 46.6832 22.309 15.3351
v 47.0034 22.1019 14.9899
v 47.2607 21.8633 14.6132
v 47.5432 21.6374 14.2303
v 47.9763 21.9763 14.4689
v 48.4157 21.9387 14.3559
v 48.7986 21.7566 14.1299
v 49.1564 22.0328 14.1801
v 49.6021 21.8885 14.0232
v 49.9913 21.7441 13.7533
v 50.3617 21.6123 13.4017
v 50.6441 21.311 13.0063
v 51.0584 21.1352 12.6108
v 51.1589 20.7084 12.253
v 51.4539 20.5138 11.9454
v 51.9561 20.4322 11.7257
v 52.2699 20.225 11.2675
v 52.2574 19.7919 10.916
v 52.5524 20.0179 10.872
v 52.2699 20.677 11.7195
v 52.1381 21.041 12.0835
v 52.5084 21.3298 12.1651
v 52.5838 21.8131 12.6359
v 52.9478 22.0956 12.7615
v 53.3119 22.3844 12.8807
v 53.7011 22.6794 13.0188
v 54.0275 22.5099 12.7112
v 54.4293 22.8238 12.8745
v 54.7682 23.0874 12.9435
v 55.057 23.3134 12.9372
v 55.3959 23.5707 12.9749
v 55.7475 23.8469 13.0251
v 55.7663 24.2863 13.3264
v 56.0927 24.5437 13.3641
v 56.4191 24.8011 13.4017
v 56.7204 25.0333 13.408
v 57.0657 24.8701 13.1004
v 57.4109 25.14 13.1193
v 57.731 25.3911 13.1507
v 58.0072 25.6045 13.1193
v 58.4843 25.5104 12.7866
v 58.7793 25.7364 12.6987
v 58.999 25.9121 12.5606
v 59.2627 26.113 12.4288
v 59.5577 26.3452 12.4037
v 59.746 26.0377 12.3158
v 60.041 26.2699 12.2593
v 60.4742 26.1758 12.1463
v 60.7566 26.3955 12.0647
v 60.8947 26.1381 11.9957
v 61.24 25.9498 11.7446
v 61.6103 25.8117 11.4935
v 61.5476 26.1883 11.7383
v 61.5224 26.6277 11.9392
v 61.6605 27.0985 11.9454
v 61.4848 27.3935 12.027
v 61.422 27.7953 12.2091
v 61.7484 28.0464 12.3032
v 62.1125 28.3288 12.4037
v 62.508 28.6364 12.592
v 62.8344 28.8938 12.6924
v 63.1796 29.1637 12.705
v 63.6316 29.5152 12.9686
v 63.9392 29.7537 13
v 64.2656 30.0048 12.9561
v 64.5606 30.2371 12.8933
v 64.3221 30.5196 13.0377
v 64.6108 30.7393 13.0439
v 64.8682 30.9401 12.8996
v 65.1444 31.1598 12.7991
v 65.5084 31.4423 12.8996
v 65.9918 31.8189 13.2448
v 66.2366 32.0072 13.0628
v 66.6132 32.3023 13.2511
v 67.0024 32.6036 13.3829
v 67.3037 32.8358 13.3578
v 67.5611 33.0367 13.3013
v 68.0758 32.9676 13.0314
v 68.3583 33.1873 12.9623
v 68.6219 33.3945 12.9121
v 68.9044 33.6142 12.818
v 69.1743 33.8213 12.7301
v 69.5635 33.6707 12.3848
v 69.846 33.8904 12.3032
v 70.141 34.1226 12.2718
v 70.4925 33.9657 11.9454
v 70.7875 34.198 11.9141
v 71.0951 34.4365 11.8952
v 71.3839 34.6562 11.8576
v 71.6789 34.8885 11.8262
v 71.5847 35.2463 11.9831
v 71.8484 35.4471 11.845
v 71.704 35.7924 12.0082
v 72.0241 36.0372 12.0961
v 71.8107 36.3448 12.1777
v 72.0932 36.5645 12.071
v 72.3631 36.7716 11.958
v 72.6079 36.9662 11.8324
v 72.8464 37.1482 11.6253
v 73.0975 37.3428 11.506
v 72.9971 37.6943 11.5625
v 72.7962 38.0521 11.6881
v 73.0913 38.2781 11.6316
v 73.1164 38.7991 11.5311
v 73.1791 39.3703 11.393
v 73.1415 39.7658 11.7257
v 73.0285 40.1299 11.9078
v 73.311 40.3496 11.845
v 73.4867 40.4877 11.55
v 73.7001 40.6509 11.2863
v 74.083 40.9459 11.4119
v 73.8822 41.2974 11.5814
v 74.2463 41.5799 11.6818
v 74.1646 42.0005 11.8701
v 73.7315 42.0444 11.8827
v 73.5934 42.3771 12.0459
v 73.9136 42.6282 12.1212
v 73.3047 42.6031 12.297
v 72.9908 42.3583 12.3409
v 72.6895 42.578 12.5732
v 72.7586 42.1762 12.4978
v 72.52 41.9942 12.7364
v 72.2878 41.8122 12.9749
v 72.0179 41.605 12.9812
v 71.6098 41.7368 12.9749
v 71.3274 41.5109 13.1255
v 71.1202 41.7557 13.4017
v 70.8629 42.0193 13.8035
v 70.549 42.2453 14.2052
v 70.2665 42.5278 14.4124
v 70.1473 42.873 14.5128
v 70.0908 43.3061 14.5379
v 70.5176 43.1618 14.607
v 70.3921 43.5384 14.4814
v 70.6306 43.7267 14.3308
v 70.8754 43.9213 14.1864
v 70.4109 44.028 14.2617
v 70.2728 44.3921 14.2743
v 70.5804 44.6306 14.2178
v 70.1096 44.662 14.3747
v 70.0029 45.0575 14.5128
v 69.7706 45.3525 14.5253
v 69.6514 45.7479 14.5693
v 69.7016 44.8189 14.5693
v 69.9966 45.0449 15.2723
v 69.8146 45.3839 15.3979
v 69.733 44.844 15.3728
v 69.62 45.2332 15.6301
v 69.3438 44.5427 16.0005
v 69.3061 45.4717 16.0507
v 68.7286 45.0261 15.4293
v 69.5823 45.2018 16.2704
v 69.1241 45.7668 16.7851
v 69.1241 46.2627 16.6219
v 68.9232 46.0995 16.8416
v 68.9232 46.6267 16.7349
v 69.3752 46.4573 16.5027
v 69.3061 45.9111 15.7368
v 69.3438 46.9532 16.2014
v 69.055 47.2796 16.1072
v 68.7161 47.4428 15.8059
v 68.4399 46.7962 16.804
v 68.0758 46.5138 16.6847
v 68.7286 46.4761 16.9923
v 68.3771 45.6726 17.0048
v 68.1511 46.0241 17.1931
v 67.8812 45.817 17.2308
v 67.6301 46.5891 16.9672
v 67.8938 46.7962 16.8918
v 68.1825 47.0222 16.8165
v 67.7368 47.1289 17.0362
v 67.4418 46.8967 17.1115
v 67.2723 46.3066 17.5447
v 66.6446 46.7711 17.325
v 66.7262 46.338 17.6388
v 66.45 46.1183 17.7079
v 66.5693 46.7083 17.9213
v 66.3872 46.564 18.2352
v 66.1487 46.859 18.3984
v 66.1299 47.2545 18.2603
v 65.9353 47.0975 18.5741
v 65.6905 47.3675 18.4611
v 65.8725 47.5118 18.1473
v 65.4268 47.1603 18.5678
v 65.7219 46.9343 18.7562
v 65.4331 46.7021 18.7875
v 65.2197 46.9971 18.8189
v 64.9184 47.1917 18.7813
v 64.9184 46.7648 18.8629
v 64.5731 46.9218 17.959
v 64.3283 46.7335 18.1159
v 64.5229 46.4573 17.9213
v 64.8117 46.6832 17.846
v 64.705 46.1371 17.7706
v 64.435 45.93 17.8397
v 64.071 46.5326 18.1849
v 64.1212 47.0097 18.2038
v 64.3534 47.1917 17.9715
v 64.5857 47.3737 17.7204
v 64.7803 47.085 17.7079
v 65.0188 46.8464 17.6012
v 65.0628 47.3047 17.689
v 65.3201 47.0787 17.5698
v 65.59 47.2921 17.4756
v 66.0106 47.1603 17.1869
v 65.8223 47.4742 17.2873
v 66.0483 47.6499 17.099
v 66.2554 47.3486 17.0174
v 66.381 47.041 16.8165
v 66.1927 46.8967 17.0488
v 66.45 47.5055 16.7412
v 66.5756 47.1917 16.534
v 66.5505 46.6958 16.3583
v 66.2303 46.451 16.3332
v 66.6823 46.3066 16.057
v 66.3935 46.0806 16.1511
v 65.9541 46.2313 16.4524
v 66.1487 45.8923 16.2641
v 65.86 45.6601 16.2955
v 65.6465 45.4969 16.4838
v 65.8788 45.2269 16.4462
v 65.4582 45.3462 16.7788
v 65.703 45.0826 16.7851
v 65.5084 44.9319 17.0739
v 65.295 45.2207 17.1178
v 66.1236 45.409 17.0237
v 65.2636 44.7373 17.2622
v 65.069 45.0386 17.3438
v 64.8305 45.3525 17.4944
v 64.8117 44.844 17.4819
v 64.5794 45.1579 17.6702
v 64.6296 45.6663 17.6953
v 64.3597 45.4592 17.8648
v 64.1777 45.7228 17.9778
v 63.5311 46.1057 18.436
v 63.6504 46.6393 18.5302
v 63.3365 46.7837 18.3984
v 63.0352 46.5451 18.4549
v 62.7967 46.7837 18.4235
v 62.5205 46.5703 18.5302
v 62.2255 46.338 18.5553
v 62.0121 46.6142 18.6808
v 61.6919 46.8464 18.7059
v 61.3655 46.5954 18.7562
v 61.6919 46.3631 18.6808
v 61.4032 46.1371 18.7059
v 61.0956 46.3819 18.7624
v 60.7943 46.1497 18.7624
v 60.4804 45.8986 18.7687
v 60.2482 46.112 18.7687
v 59.8527 46.2689 18.8252
v 59.5514 46.5138 19.1642
v 59.3254 46.7962 19.4592
v 59.4133 47.2733 19.7417
v 59.1183 47.041 19.7668
v 58.6412 47.1478 20.0492
v 58.4278 47.4804 20.4447
v 58.1956 47.8445 20.8339
v 57.6369 47.8947 21.1352
v 57.3481 48.1709 21.4239
v 57.0217 47.9136 21.3863
v 56.6451 47.6185 21.2482
v 56.0425 47.6876 21.3737
v 55.6972 47.9261 21.5307
v 55.5089 48.1647 21.8257
v 54.9691 48.1835 21.9198
v 54.3853 48.1772 22.1835
v 54.0401 47.9073 22.0266
v 53.5128 47.9387 22.1647
v 52.9604 47.901 22.3153
v 52.6277 47.6436 22.2714
v 52.3139 47.3988 22.2714
v 51.774 47.4365 22.4095
v 51.4853 47.7001 22.5978
v 51.1902 47.4679 22.5789
v 50.9078 47.8131 22.7861
v 50.5437 47.5307 22.6919
v 50.0478 47.6499 22.8049
v 49.621 47.8382 22.8614
v 49.2192 48.0454 22.9305
v 48.6166 48.1144 23.0811
v 48.2588 47.832 23.0058
v 47.8006 47.9198 22.9932
v 47.4804 47.6688 22.9493
v 47.1729 47.4239 22.9619
v 46.859 47.1791 22.9932
v 46.5263 47.3988 23.1188
v 46.0995 47.5432 23.2883
v 45.7542 47.7378 23.4452
v 45.4215 47.8257 23.4954
v 45.1014 47.5746 23.4515
v 44.8001 47.6813 23.5582
v 44.5302 47.8508 23.6021
v 44.254 48.1019 23.7591
v 43.9464 47.8633 23.7402
v 43.6388 47.6185 23.6649
v 43.3061 47.3612 23.6461
v 42.9797 47.1038 23.621
v 42.6721 46.859 23.5958
v 42.3206 47.0034 23.6837
v 42.3206 46.5891 23.5645
v 41.9942 46.3317 23.5456
v 41.6678 46.0806 23.5205
v 41.3037 45.7919 23.4766
v 40.9899 45.5471 23.4264
v 40.676 45.296 23.3573
v 40.3119 45.0135 23.2632
v 40.0043 44.775 23.2694
v 39.6842 44.5176 23.2004
v 39.3013 44.6369 23.2506
v 38.887 44.3105 23.0121
v 38.4351 43.959 22.6668
v 38.027 44.1535 22.7045
v 37.663 43.8648 22.6292
v 37.3428 43.6137 22.5852
v 37.0541 43.9715 22.7798
v 36.7277 43.7204 22.7422
v 36.395 44.0406 22.9116
v 36.056 43.7769 22.8928
v 35.6103 43.9087 22.9556
v 35.2274 43.6137 22.7861
v 34.6185 43.6702 22.5789
v 34.3549 44.0092 22.6543
v 33.8276 44.1535 22.6543
v 33.2941 44.2414 22.5664
v 32.7291 44.3481 22.5413
v 32.9739 43.9903 22.5225
v 33.451 43.8585 22.466
v 33.6205 43.4317 22.422
v 33.9218 43.1241 22.4032
v 34.4239 42.9797 22.3969
v 34.5244 42.578 22.3216
v 34.9826 42.352 22.3592
v 35.3467 42.0507 22.2839
v 35.4032 41.5799 22.2337
v 35.7673 41.4544 22.2023
v 36.0748 41.2221 22.2714
v 36.0686 40.8392 22.1709
v 36.3448 40.7137 22.0893
v 36.6963 40.9899 22.1458
v 37.0415 41.2598 22.1898
v 37.3554 41.1593 22.1709
v 37.6504 41.3853 22.196
v 38.071 41.2472 22.1458
v 38.5983 41.1907 22.1584
v 38.9686 41.4795 22.2714
v 39.3264 41.7619 22.3844
v 39.6779 42.0319 22.4722
v 40.0043 42.2892 22.5099
v 40.4061 42.126 22.5413
v 40.8204 42.0068 22.5099
v 41.1656 41.7368 22.2965
v 41.5485 41.5171 22.2525
v 41.8938 41.2661 22.1333
v 42.1888 41.4983 22.1207
v 42.4462 41.1844 22.0077
v 42.7851 40.8831 21.9638
v 43.0802 40.6258 21.8571
v 43.3877 40.4061 21.8822
v 43.6639 40.224 21.901
v 44.0908 40.1111 22.2023
v 44.2038 39.7533 22.4283
v 44.2854 39.3766 22.5789
v 44.3168 39.0188 22.7484
v 44.4548 38.6108 22.8175
v 44.5741 38.1651 23.0246
v 44.7373 37.7885 23.0686
v 44.6997 37.2738 23.0058
v 44.2791 36.9474 22.7547
v 44.4548 36.0435 22.7422
v 44.3732 35.5036 22.6417
v 44.4423 35.1521 22.717
v 44.5365 34.7629 22.7986
v 44.5427 34.2921 22.6292
v 44.5616 33.8339 22.3906
v 44.7499 33.5891 22.2839
v 44.7122 33.0806 22.2023
v 44.9382 32.817 22.1144
v 44.775 32.2709 21.9638
v 44.7373 31.8503 21.8759
v 44.3984 31.5867 21.8508
v 43.9903 31.2728 21.719
v 44.141 30.9464 21.5181
v 43.5886 30.9527 21.493
v 43.1555 30.62 21.2859
v 43.3501 30.3312 21.1352
v 43.5007 30.0174 20.8904
v 43.1492 29.7475 20.8464
v 42.8416 29.5089 20.8213
v 42.9985 29.17 20.5954
v 43.168 28.9 20.4887
v 43.4066 28.6113 20.2501
v 43.5886 28.2535 20.0555
v 43.2371 27.9836 20.0241
v 43.3626 27.6321 19.7417
v 43.5007 27.3119 19.5157
v 43.576 26.8349 19.2269
v 43.2057 26.5461 19.0826
v 42.8605 26.2762 19.0198
v 42.9923 25.8556 18.7122
v 42.691 25.6171 18.7624
v 42.8479 25.253 18.6306
v 42.9358 24.8889 18.3356
v 42.8918 24.3679 17.959
v 43.0488 24.0164 17.7706
v 43.1304 23.6147 17.6325
v 43.2371 23.3008 17.4003
v 42.9358 23.0623 17.4066
v 42.5968 22.7986 17.3815
v 42.6282 22.353 17.168
v 42.3143 22.1082 17.1178
v 41.9628 21.832 17.0237
v 41.5925 21.5495 16.9546
v 42.9358 22.5915 17.1366
v 43.281 22.8614 17.1618
v 43.5949 23.1062 17.1618
v 43.9338 23.3699 17.1429
v 44.254 23.621 17.1429
v 44.5616 23.3887 16.8667
v 44.9194 23.2004 16.6533
v 45.2646 23.0372 16.4713
v 45.6098 23.3071 16.465
v 46.1748 23.238 16.2578
v 46.564 23.0811 15.9942
v 46.8653 22.8489 15.7055
v 47.0285 22.5727 15.3037
v 47.3172 22.353 14.9773
v 47.5872 22.1144 14.6195
v 48.0077 22.4408 14.8455
v 48.422 22.3153 14.7074
v 48.8112 22.2463 14.4751
v 49.1564 22.5162 14.5944
v 49.5205 22.3216 14.3433
v 49.9536 22.1584 14.0608
v 50.3052 21.9826 13.747
v 50.7132 21.8822 13.4206
v 51.0145 21.5997 13.0879
v 51.4225 21.4177 12.7489
v 51.5418 21.0034 12.4037
v 51.7866 20.7711 12.0647
v 51.8807 21.267 12.4476
v 52.2197 21.5307 12.4978
v 52.1193 21.9638 12.8619
v 52.5336 22.2839 13.0565
v 52.9165 22.5789 13.1758
v 53.2554 22.8426 13.2134
v 53.6321 23.1376 13.3452
v 54.0652 22.9681 13.1004
v 54.4355 23.2569 13.182
v 54.7619 23.508 13.2134
v 55.0946 23.7653 13.2323
v 55.4336 24.0352 13.2762
v 55.2202 24.3679 13.4268
v 55.5529 24.6253 13.4394
v 55.9232 24.914 13.5022
v 56.2747 25.1902 13.5587
v 56.6012 25.4476 13.5838
v 57.0343 25.2718 13.3515
v 57.3984 25.5606 13.4394
v 57.6997 25.7929 13.3955
v 58.0198 26.0439 13.3892
v 58.3148 25.8431 13.069
v 58.5785 26.0502 12.9749
v 58.8358 26.2511 12.8745
v 59.156 26.5022 12.8054
v 59.4635 26.7407 12.7677
v 59.8464 26.5712 12.3409
v 60.3361 26.4959 12.2028
v 60.6248 26.7219 12.1526
v 61.0642 26.634 12.0396
v 61.2211 26.3892 11.9517
v 61.3592 26.8662 11.9894
v 61.196 27.1675 12.0584
v 61.1019 27.5442 12.2216
v 60.9449 27.8957 12.5355
v 61.2651 28.1405 12.5732
v 61.5664 28.3728 12.6171
v 61.9556 28.6803 12.7112
v 62.3196 28.9628 12.7929
v 62.6649 29.2327 12.8807
v 63.0352 29.5215 12.9561
v 63.393 29.7977 13.0439
v 63.7069 30.0425 13.069
v 64.0396 30.2999 13.0879
v 63.9392 30.6451 13.1758
v 64.2467 30.8899 13.1695
v 64.5669 31.1347 13.1507
v 64.8619 31.367 13.113
v 65.3201 31.7248 13.4771
v 65.5963 31.9319 13.3829
v 66.0483 32.2834 13.7219
v 66.2743 32.4655 13.5649
v 66.6321 32.7417 13.6089
v 66.971 33.0053 13.6654
v 67.2849 33.2501 13.6403
v 67.5674 33.4698 13.5398
v 67.8687 33.2752 13.2574
v 68.126 33.4761 13.1569
v 68.4273 33.7084 13.1444
v 68.7412 33.9532 13.0565
v 69.0111 34.1666 12.9498
v 69.4442 34.0285 12.6485
v 69.733 34.2607 12.5167
v 70.028 34.4867 12.4476
v 70.4172 34.3361 12.2091
v 70.6934 34.5558 12.14
v 70.9884 34.7817 12.1212
v 71.2646 34.9952 12.0145
v 71.1391 35.353 12.1589
v 71.4215 35.5727 12.0647
v 71.1453 35.83 12.1212
v 71.478 36.0874 12.1275
v 71.3964 36.4515 12.253
v 71.6977 36.6837 12.253
v 71.9676 36.8909 12.1651
v 72.2815 37.142 12.1526
v 72.5326 37.3303 11.9517
v 72.7523 37.506 11.7195
v 72.5765 37.8764 11.8701
v 72.6205 38.4162 11.9392
v 72.8904 38.6234 11.7446
v 72.9908 39.226 11.6943
v 72.928 39.5963 11.9894
v 72.8339 39.973 12.1526
v 72.8527 40.494 12.0459
v 73.3486 40.8769 11.732
v 73.5558 41.0401 11.4746
v 73.4553 41.4481 11.6881
v 73.7692 41.6929 11.7383
v 73.3988 41.7808 11.8576
v 73.3172 42.1637 12.1024
v 73.1101 42.0005 12.3409
v 72.8151 41.7745 12.3535
v 72.6079 41.6113 12.6171
v 72.3505 41.4104 12.7615
v 72.0618 41.1844 12.7991
v 71.704 41.3539 12.9623
v 71.3901 41.1154 12.9812
v 71.1893 40.9585 13.182
v 71.1265 41.3539 13.3955
v 70.9131 41.5925 13.6465
v 70.662 41.8624 14.0232
v 70.2916 42.0444 14.3747
v 69.9715 42.2955 14.494
v 69.8836 42.6659 14.5756
v 69.8146 43.0864 14.6195
v 69.9025 43.6263 14.5379
v 70.1724 43.8397 14.4375
v 70.0029 44.1849 14.337
v 69.8209 44.4423 14.3935
v 69.3752 44.5616 14.5128
v 68.8353 45.1077 14.9334
v 69.1931 44.4235 14.8455
v 68.9923 44.2665 15.1531
v 68.5529 44.3984 15.3163
v 68.5152 45.296 15.3351
v 68.6596 44.4862 15.5736
v 68.2829 44.1912 15.4293
v 68.7161 44.0531 15.2472
v 68.4713 43.8585 15.3853
v 68.2139 43.6576 15.5109
v 68.0068 43.9778 15.605
v 67.6741 44.1975 15.831
v 67.7682 43.7832 15.7557
v 67.423 44.0029 15.9252
v 67.2033 44.2665 15.9565
v 67.6552 45.114 16.013
v 67.0275 45.1453 15.9691
v 67.3037 45.365 15.8561
v 67.5485 45.5596 15.7682
v 67.1217 46.1936 15.7682
v 66.7827 46.8841 16.2327
v 66.2931 47.8382 16.9734
v 66.5505 48.0454 16.8667
v 67.1405 43.7832 16.0507
v 66.9522 44.0719 16.0695
v 66.6697 43.8522 16.1135
v 66.4688 44.1849 16.2327
v 66.2366 44.0029 16.4273
v 66.1173 44.436 16.7035
v 65.9981 43.8146 16.5654
v 65.9039 44.2728 16.9044
v 65.9102 44.8252 16.7977
v 66.3747 45.183 17.168
v 66.6823 44.8754 17.3187
v 66.6446 45.3964 17.0676
v 67.1217 44.6934 17.0048
v 67.4167 44.9256 16.9421
v 67.5799 44.5616 16.8479
v 67.831 44.7562 16.7349
v 68.4713 44.3356 16.7098
v 68.4085 44.7687 16.8291
v 69.0048 44.7499 17.1555
v 68.8291 45.1014 17.0613
v 69.3187 44.9947 17.1492
v 69.1304 45.3337 17.1178
v 69.5509 45.1767 16.9985
v 69.3815 45.5345 16.9923
v 69.7706 44.8691 16.2327
v 68.5968 45.3525 17.0739
v 68.0632 45.4278 16.9797
v 68.2578 45.0888 17.0425
v 67.5171 45.5282 17.1366
v 67.5234 46.0806 17.6514
v 66.9773 45.6538 17.1115
v 66.3998 45.6287 16.9421
v 65.7407 44.6871 17.0488
v 65.4771 44.48 17.2057
v 65.2385 44.2916 17.3626
v 65.0251 44.5553 17.4756
v 64.7928 44.3732 17.62
v 64.6171 44.6871 17.7769
v 64.3786 45.001 17.8899
v 64.6171 45.183 18.4486
v 64.4037 45.4906 18.7185
v 63.8387 45.9174 18.5427
v 63.2549 45.8923 18.4862
v 63.0604 46.1748 18.5365
v 63.3303 46.3882 18.5239
v 62.7277 46.3066 18.4925
v 62.4264 46.0681 18.5239
v 62.1439 45.8484 18.5678
v 61.9305 46.112 18.6432
v 61.6229 45.8672 18.6934
v 61.309 45.6224 18.7059
v 61.1144 45.9111 18.7248
v 60.788 45.6538 18.7436
v 60.4867 45.4215 18.7373
v 60.1917 45.6726 18.7938
v 59.9218 45.8547 18.7687
v 59.5389 46.0241 18.8252
v 59.2125 46.2501 19.0323
v 58.9614 46.5075 19.2772
v 58.7919 46.79 19.704
v 58.3211 46.8967 19.999
v 58.0637 47.198 20.3819
v 57.8566 47.5809 20.7837
v 57.2791 47.6123 21.0222
v 56.9338 47.3423 20.8967
v 56.5949 47.0787 20.8339
v 56.2622 47.3172 21.1352
v 55.7161 47.4302 21.311
v 55.3457 47.6562 21.3988
v 55.126 47.8633 21.6813
v 54.5925 47.8885 21.8006
v 54.2723 47.6374 21.7943
v 53.9522 47.3863 21.7566
v 53.7325 47.6625 22.0203
v 53.1613 47.6688 22.1458
v 52.8537 47.4239 22.1019
v 52.5524 47.1854 22.0642
v 52.2511 46.9532 22.1082
v 51.9812 47.1352 22.2651
v 51.4225 47.1603 22.3216
v 50.8764 47.2231 22.5162
v 50.5374 46.9532 22.5036
v 50.211 47.267 22.6543
v 49.69 47.3737 22.7233
v 49.3008 47.5872 22.7924
v 48.874 47.7755 22.8426
v 48.5476 47.5181 22.8175
v 48.2023 47.2482 22.7108
v 47.901 47.5558 22.9242
v 47.5934 47.3172 22.9242
v 47.2356 47.0348 22.8928
v 46.9343 46.8025 22.8928
v 46.5703 46.9532 23.056
v 46.2376 47.1729 23.1376
v 45.7793 47.2858 23.2506
v 45.4592 47.5055 23.4264
v 45.114 47.2356 23.4515
v 44.7687 47.311 23.3824
v 44.4611 47.4177 23.5205
v 44.1912 47.5809 23.5456
v 43.8711 47.3298 23.4954
v 43.5384 47.0724 23.4891
v 43.1869 46.7962 23.4138
v 42.8605 46.5389 23.395
v 42.5089 46.2689 23.3699
v 42.2013 46.0241 23.3322
v 41.9 45.7856 23.3071
v 41.5736 45.5345 23.3008
v 41.2472 45.2772 23.2443
v 40.9145 45.0135 23.169
v 40.5442 44.7248 23.0937
v 40.2366 44.4862 23.0999
v 39.9416 44.254 23.1376
v 39.4833 43.8962 22.8614
v 39.2762 44.2038 23.0686
v 38.8054 43.8334 22.6919
v 38.4853 43.5823 22.6417
v 38.1024 43.6953 22.6103
v 37.7383 43.4128 22.5476
v 37.4119 43.1555 22.4973
v 37.029 43.3689 22.5664
v 36.7088 43.1178 22.4973
v 36.3699 43.4379 22.717
v 35.7422 43.5258 22.8426
v 35.3216 43.1994 22.648
v 34.8194 43.2936 22.5852
v 34.2545 43.3815 22.4722
v 34.0097 43.733 22.5852
v 34.9073 42.873 22.5036
v 35.3592 42.647 22.535
v 35.6919 42.3206 22.353
v 35.7045 41.8184 22.2211
v 36.0999 41.7117 22.24
v 36.4201 41.4983 22.2965
v 36.395 41.0966 22.2211
v 36.7214 41.3539 22.24
v 37.0415 41.605 22.2776
v 37.3554 41.5046 22.196
v 37.7069 41.7745 22.2776
v 38.0019 41.6678 22.2839
v 38.4225 41.5234 22.2274
v 38.774 41.7996 22.309
v 39.113 42.0695 22.3969
v 39.4959 42.3708 22.5036
v 39.8537 42.647 22.5413
v 40.3245 42.5403 22.5601
v 40.7137 42.3646 22.5413
v 41.1217 42.2453 22.5099
v 41.4544 41.9628 22.309
v 41.8624 41.7619 22.2714
v 42.2013 42.0256 22.2839
v 42.5152 41.7494 22.0956
v 42.7663 41.4355 21.9701
v 43.1053 41.1405 21.9261
v 43.4066 40.8831 21.9136
v 43.733 40.676 21.9198
v 44.3858 40.3433 22.1207
v 44.4988 39.9792 22.3655
v 44.5992 39.6214 22.6166
v 44.6997 39.3139 22.8112
v 44.8126 38.8933 22.9179
v 44.9382 38.4539 23.1313
v 45.1014 38.0773 23.2255
v 45.1956 37.663 23.3573
v 45.2772 37.1859 23.4264
v 44.8315 36.8344 23.0686
v 44.8189 36.3322 22.8112
v 44.5176 36.5958 23.0435
v 45.0512 36.0309 22.7735
v 44.7436 35.7924 22.7798
v 44.775 35.4095 22.7986
v 44.8691 35.0203 22.83
v 44.888 34.5558 22.6543
v 44.888 34.085 22.4471
v 45.0826 33.8527 22.3404
v 45.2583 33.5075 22.1082
v 44.9947 33.3003 22.1458
v 45.2332 33.0492 22.083
v 45.4341 32.7793 22.0077
v 45.114 32.5282 22.0391
v 45.0763 32.114 21.9763
v 45.1767 31.7562 21.7943
v 44.8817 31.5239 21.7755
v 44.5113 31.2351 21.675
v 44.436 30.7518 21.5244
v 43.9401 30.3626 21.1415
v 43.7267 30.6263 21.2607
v 44.1033 30.0362 20.9532
v 43.6702 29.691 20.6832
v 43.3438 29.4399 20.6644
v 43.5258 29.1825 20.564
v 43.7518 28.8812 20.3694
v 43.9464 28.536 20.1371
v 44.0594 28.1782 19.9174
v 43.7079 27.902 19.8044
v 43.8397 27.5818 19.5596
v 43.8836 27.0734 19.2897
v 44.3356 27.4249 19.522
v 44.4548 26.9981 19.1328
v 44.8126 27.2743 19.2458
v 45.0072 26.9353 18.4862
v 44.731 26.7219 18.5741
v 44.3858 26.452 18.5302
v 44.8378 26.3704 18.3607
v 44.5239 26.1318 18.436
v 43.9903 26.1444 18.3921
v 43.8271 26.5084 18.436
v 43.5698 26.3076 18.5553
v 43.281 26.0816 18.6243
v 43.4066 25.6861 18.4925
v 43.1241 25.4664 18.5929
v 43.2182 25.1086 18.3105
v 43.2182 24.6253 17.9903
v 43.3689 24.2675 17.7769
v 43.4693 23.872 17.6074
v 43.5572 23.5456 17.3815
v 43.8962 23.8155 17.3752
v 44.1661 24.0227 17.3563
v 44.5427 23.8469 17.099
v 44.9068 23.6586 16.873
v 45.2207 23.4389 16.647
v 45.5596 23.6963 16.6972
v 45.9363 23.5582 16.5215
v 46.2376 23.7967 16.5215
v 46.5263 23.5205 16.2704
v 46.859 23.3071 15.9503
v 47.154 23.0748 15.6239
v 47.3549 22.8238 15.3037
v 47.5997 22.5727 14.9585
v 47.9889 22.874 15.1405
v 48.3718 22.7233 14.9271
v 48.7798 22.5978 14.7764
v 49.1627 22.8991 14.9396
v 49.5017 22.7861 14.7074
v 49.8595 22.5852 14.3747
v 50.2926 22.422 14.0797
v 50.619 22.2337 13.7533
v 51.027 22.127 13.4771
v 51.3534 21.8571 13.1381
v 51.7364 21.6625 12.7552
v 51.7364 22.1584 13.2323
v 52.0753 22.422 13.2699
v 52.4708 22.7296 13.4582
v 52.8537 23.0246 13.5649
v 53.1738 23.2757 13.6026
v 53.5002 23.5331 13.6654
v 53.971 23.4013 13.3704
v 54.2974 23.6523 13.4017
v 54.5987 23.8846 13.4017
v 54.9063 24.1231 13.408
v 54.8059 24.55 13.703
v 55.126 24.7948 13.6779
v 55.465 25.0584 13.7846
v 55.804 25.3221 13.7784
v 56.1492 25.592 13.8349
v 56.507 25.8682 13.973
v 56.9527 25.7175 13.6403
v 57.2603 25.9623 13.634
v 57.5616 26.1946 13.6089
v 57.8629 26.4268 13.5775
v 58.3211 26.2762 13.3264
v 58.5722 26.4708 13.2071
v 58.8986 26.7281 13.2009
v 59.1685 26.9353 13.1193
v 59.4635 27.1675 13.1255
v 59.7209 26.9416 12.6736
v 60.1666 26.8223 12.297
v 60.5055 27.0797 12.3032
v 60.9136 26.9478 12.1275
v 60.7817 27.2994 12.2656
v 60.6562 27.6697 12.6171
v 60.675 28.1091 12.9372
v 60.9889 28.3539 12.9121
v 61.3216 28.6113 12.9498
v 61.6417 28.8624 12.9686
v 61.9493 29.1009 12.9623
v 62.2883 29.3646 13.0439
v 62.621 29.6219 13.0879
v 62.9285 29.8605 13.1004
v 63.2675 30.1304 13.1444
v 63.6127 30.394 13.1695
v 63.4495 30.7706 13.2762
v 63.7446 31.0029 13.2699
v 64.0647 31.254 13.3013
v 64.3786 31.4925 13.3327
v 64.8368 31.8503 13.7093
v 65.1883 32.1265 13.7658
v 65.5838 32.4341 13.8914
v 65.9416 32.7103 13.973
v 66.224 32.93 13.9039
v 66.5567 33.1936 13.9353
v 66.8643 33.4322 13.9165
v 67.1468 33.6456 13.8662
v 67.4041 33.8527 13.7533
v 67.6615 34.0473 13.6465
v 67.8561 33.6958 13.4833
v 68.126 33.9029 13.3892
v 68.4148 34.1289 13.339
v 68.6972 34.3486 13.2762
v 68.9546 34.5495 13.1883
v 69.2685 34.3675 12.8556
v 69.5572 34.5934 12.7301
v 69.8334 34.8006 12.6296
v 70.3042 34.7001 12.4037
v 70.6243 34.9512 12.366
v 70.8942 35.1647 12.2656
v 70.8942 35.6292 12.3158
v 70.8315 36.0121 12.3597
v 71.1077 36.2255 12.2656
v 70.888 36.5645 12.3911
v 71.1956 36.803 12.3409
v 71.5031 37.0415 12.297
v 71.8044 37.2738 12.2467
v 72.1308 37.5311 12.297
v 72.3757 37.7195 12.1086
v 72.3882 38.2342 12.1149
v 72.3505 38.7238 12.3409
v 72.5765 38.8996 12.1275
v 72.8151 39.0816 11.9266
v 72.6456 39.3766 12.0835
v 72.6079 39.7972 12.3409
v 72.6581 40.337 12.3535
v 72.8213 40.9522 12.3597
v 72.9908 41.084 12.0396
v 73.1477 40.7199 12.0459
v 73.2482 41.2912 11.8764
v 73.1415 41.5799 11.9768
v 72.9218 41.4104 12.1965
v 72.6832 41.2221 12.4099
v 72.4824 41.0652 12.7175
v 72.1936 40.8392 12.7866
v 71.7166 40.9145 12.7615
v 71.4592 40.7199 12.9372
v 71.252 40.5567 13.2071
v 71.0198 40.3747 13.3704
v 71.0072 40.8141 13.4959
v 70.9319 41.2033 13.6026
v 70.6745 41.4104 13.8411
v 70.4172 41.6741 14.1864
v 70.0468 41.8498 14.5253
v 69.6828 42.0758 14.5944
v 69.5949 42.4399 14.6383
v 69.5635 42.8918 14.7764
v 69.4568 43.281 14.8769
v 69.6702 43.4505 14.7011
v 69.4944 43.7832 14.6948
v 69.7393 43.9778 14.4563
v 69.5698 44.2477 14.5065
v 69.3877 44.1033 14.7953
v 69.1806 43.9401 15.0338
v 68.9232 43.7393 15.1593
v 68.6533 43.5258 15.2849
v 68.4022 43.3312 15.423
v 67.9691 43.4631 15.6301
v 67.7055 43.2622 15.7117
v 67.5109 43.5886 15.8436
v 67.2409 43.3752 15.9628
v 66.563 43.3312 16.1888
v 66.1613 43.4505 16.4148
v 65.6842 43.576 16.5529
v 65.6152 44.0468 17.0362
v 65.3327 43.8271 17.1241
v 64.9686 44.0845 17.4254
v 64.7677 43.9276 17.7141
v 64.5857 44.21 17.846
v 64.3974 44.5176 18.0154
v 64.7426 44.7813 18.8315
v 64.4602 44.5616 18.9382
v 64.2091 44.8629 18.9696
v 63.958 45.1391 19.1642
v 64.1714 45.7166 19.4341
v 63.7132 45.817 19.6412
v 63.9705 46.0179 19.5471
v 64.2091 46.2062 19.4278
v 64.479 45.9551 19.4341
v 64.7175 46.1434 19.2583
v 65.0753 46.0179 18.7687
v 64.9498 46.3254 19.0575
v 65.1569 46.4886 18.8503
v 65.4331 46.2941 18.9068
v 65.4708 45.8484 19.0135
v 65.7533 46.0681 19.0072
v 65.9792 45.7479 18.7499
v 66.0232 46.2815 18.9256
v 66.268 46.4698 18.6683
v 66.3559 46.043 18.1661
v 65.9981 46.7397 18.7436
v 65.7407 46.5389 18.9131
v 64.4664 46.8402 19.1202
v 64.1589 46.5954 19.183
v 63.9203 46.8527 18.4486
v 64.1463 47.0285 18.9884
v 64.4915 47.2984 19.0888
v 63.5186 45.2081 19.4404
v 62.985 45.252 19.3839
v 63.3052 45.5031 18.6808
v 63.4244 44.7248 19.2834
v 63.142 44.9131 18.549
v 63.3805 44.6934 18.5113
v 63.1106 44.48 18.5365
v 62.8281 44.6683 18.5553
v 62.6272 44.9696 18.5302
v 62.9223 45.2081 18.5176
v 62.6084 45.3839 18.5365
v 62.9474 45.6538 18.5867
v 62.7402 45.93 18.5239
v 62.4264 45.6852 18.5553
v 62.1439 45.4655 18.5804
v 61.874 45.635 18.6369
v 61.5852 45.4153 18.662
v 61.2902 45.1767 18.6934
v 61.014 45.3901 18.7122
v 60.7252 45.1642 18.7122
v 60.4302 44.9319 18.7185
v 60.1854 45.183 18.7624
v 59.8904 45.4404 18.7938
v 59.6205 45.6161 18.8126
v 59.2501 45.7982 18.8817
v 58.9488 46.043 19.1202
v 58.6663 46.2815 19.3901
v 58.4655 46.5326 19.6915
v 58.001 46.6456 19.9614
v 57.731 46.9406 20.3129
v 57.5365 47.3298 20.7146
v 57.1661 47.041 20.6079
v 56.8083 46.7648 20.5326
v 56.2559 46.8151 20.746
v 55.9295 47.0661 21.0975
v 55.3708 47.1603 21.2859
v 55.0507 47.4239 21.4302
v 54.7808 47.5934 21.6248
v 54.4732 47.3549 21.606
v 54.128 47.085 21.4993
v 53.6258 47.1352 21.7692
v 53.4124 47.4114 22.0517
v 53.0985 47.1666 22.014
v 52.7909 46.9218 21.9889
v 52.4582 46.6644 22.0203
v 51.9121 46.6832 22.0266
v 51.6108 46.8464 22.1647
v 51.071 46.8841 22.24
v 50.7132 46.6079 22.196
v 50.1859 46.6832 22.3969
v 49.9097 47.0285 22.5978
v 49.3322 47.0913 22.6103
v 48.9744 47.3298 22.7422
v 48.6229 47.0599 22.6668
v 48.2776 46.7837 22.5978
v 47.8759 46.9971 22.6166
v 47.5872 46.7711 22.6982
v 47.267 46.52 22.6982
v 46.9908 46.3003 22.7296
v 46.6707 46.5891 22.9367
v 46.2501 46.7021 23.0497
v 45.9488 46.9469 23.169
v 45.6161 46.6895 23.1251
v 45.4969 47.0724 23.3824
v 45.1391 46.79 23.2632
v 44.7499 46.9532 23.3322
v 44.436 47.0536 23.351
v 44.141 47.1603 23.4515
v 43.8334 46.9218 23.4577
v 43.4819 46.6456 23.3573
v 43.1618 46.4008 23.3322
v 42.8416 46.1434 23.2945
v 42.5027 45.8798 23.2443
v 42.17 45.6224 23.2192
v 41.8498 45.3713 23.2129
v 41.4983 45.0951 23.1753
v 41.1468 44.8189 23.0937
v 40.8392 44.5741 23.0686
v 40.494 44.3105 22.9932
v 40.2366 44.1033 23.0937
v 39.8035 43.7644 22.8049
v 39.4457 43.4882 22.717
v 39.0942 43.5886 22.717
v 38.7866 43.3501 22.6543
v 38.4288 43.0676 22.5789
v 38.0961 43.2747 22.5538
v 37.7383 42.9985 22.4785
v 37.4433 42.7663 22.4471
v 37.0666 42.8856 22.4346
v 36.69 42.5905 22.3655
v 36.3761 42.8605 22.4597
v 36.0309 43.1743 22.6857
v 35.717 42.9295 22.6166
v 36.0372 42.5968 22.422
v 36.0309 42.0758 22.2525
v 36.4452 41.9879 22.2776
v 36.7591 41.7619 22.309
v 37.0729 42.0068 22.353
v 37.3617 41.8561 22.3216
v 37.6818 42.1072 22.3655
v 38.0333 42.0319 22.3028
v 38.3723 41.9565 22.3216
v 38.7175 42.2265 22.4095
v 39.0753 42.5027 22.5099
v 39.4457 42.7977 22.5664
v 39.7784 43.055 22.6543
v 40.1927 42.9107 22.648
v 40.6321 42.7851 22.5727
v 41.0401 42.6219 22.5476
v 41.4481 42.5027 22.4973
v 41.7619 42.2076 22.309
v 42.0695 42.4462 22.2902
v 42.4964 42.2578 22.2588
v 42.8542 42.013 22.1144
v 43.0802 41.6866 22.0014
v 43.4317 41.3916 21.9763
v 43.7204 41.128 21.9324
v 44.0594 40.9334 21.9763
v 44.0531 41.3916 22.014
v 44.731 41.4544 22.0956
v 44.5804 41.3414 22.466
v 44.6432 40.9899 22.6229
v 44.1473 40.6069 22.2086
v 44.9194 40.7639 22.6417
v 44.8503 39.816 22.4597
v 44.9759 39.5336 22.7233
v 45.1579 39.1569 22.9744
v 45.3337 38.7615 23.2757
v 45.4969 38.3848 23.4389
v 45.6161 37.9957 23.5582
v 45.6663 37.4935 23.5833
v 45.7166 37.029 23.4138
v 45.365 36.7591 23.3385
v 45.4466 36.3385 22.9807
v 45.4466 35.9367 22.8238
v 45.1014 35.6668 22.7986
v 45.1453 35.2337 22.7924
v 45.2018 34.8006 22.6605
v 45.2081 34.3423 22.4597
v 45.4215 34.1164 22.3467
v 45.635 33.8025 22.1835
v 45.8107 33.5012 21.9198
v 45.5282 33.2752 22.014
v 45.7354 33.0179 21.9575
v 45.6789 32.5847 21.8633
v 45.3964 32.365 21.9575
v 45.522 32.0261 21.8257
v 45.4717 31.5616 21.7253
v 45.1579 31.3168 21.719
v 44.8064 31.0406 21.6436
v 44.9131 30.6702 21.4114
v 44.549 30.3815 21.2733
v 44.7687 30.1492 21.1854
v 44.323 29.7977 20.8653
v 43.8585 29.4336 20.6016
v 44.0657 29.126 20.4133
v 44.3481 28.8498 20.3317
v 44.4737 28.4983 20.1183
v 44.6369 28.2033 19.9112
v 44.2289 27.8831 19.6475
v 44.7059 27.7137 19.5973
v 45.1014 27.5002 19.2081
v 45.5408 27.3559 18.957
v 45.4404 26.8411 18.3481
v 45.1202 26.5963 18.3544
v 45.2458 26.2071 18.1787
v 44.9256 25.9561 18.1849
v 44.5867 25.6924 18.1912
v 44.9947 25.5355 17.915
v 44.6494 25.2656 17.8899
v 44.3607 25.5167 18.3607
v 44.254 25.9184 18.4925
v 43.9841 25.705 18.5365
v 43.689 25.9058 18.4486
v 43.5509 25.3723 18.3356
v 43.5321 24.8701 18.0406
v 43.6702 24.4998 17.7518
v 43.7895 24.1231 17.5886
v 44.0908 24.3617 17.5509
v 44.4423 24.2424 17.2747
v 44.8817 24.1106 17.1115
v 45.2583 23.9348 16.9358
v 45.5785 24.1859 16.9295
v 45.8672 23.9348 16.7161
v 46.2313 24.2236 16.7851
v 46.5765 24.0604 16.5215
v 46.8653 23.7779 16.2516
v 47.154 23.5394 15.944
v 47.4742 23.3259 15.6301
v 47.6876 23.0811 15.3288
v 48.083 23.395 15.4481
v 48.3718 23.169 15.2096
v 48.7421 23.0183 15.0777
v 49.0937 23.2883 15.1405
v 49.4954 23.1564 14.9459
v 49.8344 23.0435 14.7137
v 50.1985 22.8489 14.4312
v 50.6441 22.6982 14.1487
v 50.9266 22.4722 13.7909
v 51.3974 22.4157 13.5587
v 51.7301 22.6794 13.6026
v 52.069 22.9367 13.703
v 52.4206 23.2067 13.816
v 52.816 23.5142 13.9039
v 53.155 23.7779 13.9667
v 53.4689 24.029 13.9416
v 53.8141 23.7779 13.6465
v 54.128 24.0164 13.6654
v 54.4606 24.2801 13.7156
v 54.3979 24.7508 13.8662
v 54.7055 24.9894 13.8098
v 55.057 25.2656 13.9792
v 55.3834 25.5167 14.0043
v 55.6972 25.7615 13.9792
v 56.0111 26.0063 13.9855
v 56.4191 26.3201 14.155
v 56.8146 26.113 13.9667
v 57.1222 26.3515 13.9353
v 57.3984 26.5649 13.9039
v 57.7248 26.816 13.8851
v 58.1328 26.634 13.5147
v 58.3964 26.8411 13.4457
v 58.7479 27.1173 13.4645
v 59.0618 27.3621 13.4331
v 59.3757 27.607 13.4143
v 59.7586 27.3935 13.1004
v 60.0473 27.1927 12.6108
v 60.3674 27.4437 12.6422
v 60.3737 27.8706 13.0126
v 60.2796 28.3037 13.2762
v 60.606 28.5611 13.3264
v 60.9073 28.7933 13.3013
v 61.1772 29.0005 13.2197
v 61.4848 29.2453 13.2448
v 61.8677 29.5403 13.3641
v 62.1941 29.7977 13.3766
v 62.5142 30.0425 13.3515
v 62.8281 30.2936 13.3327
v 63.1294 30.5258 13.2887
v 63.0352 30.9464 13.7219
v 63.3303 31.1787 13.6528
v 63.6002 31.3858 13.5775
v 63.8889 31.6181 13.5524
v 64.3095 31.9445 13.7093
v 64.6924 32.2395 13.8537
v 65.0125 32.4843 13.9165
v 65.3892 32.7793 13.9918
v 65.7407 33.0555 14.0734
v 66.0483 33.2941 14.1173
v 66.3496 33.5263 14.0671
v 66.6383 33.7523 14.0169
v 66.902 33.9594 14.0043
v 67.197 34.1854 13.8788
v 67.4795 34.4114 13.7721
v 67.9314 34.2607 13.5712
v 68.2265 34.4867 13.4959
v 68.5403 34.7315 13.4645
v 68.8228 34.9512 13.3892
v 69.1994 34.7378 13.0628
v 69.4882 34.9638 12.9372
v 69.7644 35.1772 12.8305
v 70.1033 35.014 12.5983
v 70.3858 35.2337 12.5041
v 70.662 35.4471 12.4225
v 70.6055 35.8363 12.5543
v 70.6243 36.351 12.5041
v 70.4737 36.7402 12.661
v 70.7373 36.9474 12.5794
v 71.0072 37.1545 12.4853
v 71.3462 37.4182 12.4978
v 71.5973 37.619 12.3786
v 71.886 37.8387 12.3535
v 72.1873 38.0773 12.3158
v 71.7479 38.253 12.3786
v 72.0744 38.5104 12.3974
v 71.8609 38.7677 12.4413
v 72.1685 39.0126 12.4539
v 72.4133 39.2009 12.3032
v 72.3443 39.5963 12.4476
v 72.1057 39.9102 12.5606
v 72.407 40.1424 12.5732
v 71.9865 40.2994 12.6234
v 71.8547 40.5818 12.7238
v 71.5659 40.3496 12.7175
v 71.3588 40.1864 12.9372
v 71.1328 40.0106 13.1569
v 70.7373 40.155 13.408
v 70.4235 40.3559 13.6089
v 70.7562 40.6132 13.7093
v 70.3795 40.7702 13.7784
v 70.6745 41.0024 13.7658
v 70.4109 41.2033 14.0106
v 70.1912 41.4983 14.381
v 69.8146 41.6678 14.6509
v 69.4568 41.9 14.7325
v 69.325 42.2327 14.7074
v 69.2747 42.6659 14.8894
v 69.1806 43.0676 15.0087
v 69.2936 43.6263 14.9271
v 69.0362 43.4254 15.1091
v 68.7851 43.2308 15.2535
v 68.534 43.0362 15.3225
v 68.1386 43.1241 15.536
v 67.831 42.8856 15.5925
v 67.4041 43.0237 15.7368
v 67.1719 42.8416 15.9628
v 66.8078 43.0362 16.3332
v 66.5002 42.7914 16.3771
v 66.3182 43.1366 16.4148
v 65.8537 43.2182 16.4462
v 65.7156 43.1053 16.8542
v 65.3076 43.281 17.099
v 65.5587 43.4756 16.9734
v 65.1004 43.6451 17.3187
v 64.8305 43.4317 17.4191
v 64.5229 43.733 17.9025
v 64.3534 44.028 18.0154
v 64.1337 44.3105 18.1724
v 64.1149 43.8397 18.1724
v 63.9015 44.1284 18.3293
v 63.393 44.2289 18.4674
v 63.0541 43.959 18.4674
v 62.7716 44.2163 18.5051
v 62.5142 44.4235 18.5365
v 62.3008 44.7185 18.5302
v 62.3385 45.1704 18.5553
v 61.8489 45.2332 18.6181
v 61.5476 44.9947 18.7185
v 61.2337 44.7499 18.6934
v 60.9826 44.9382 18.6934
v 60.6625 44.6934 18.6997
v 60.3549 44.4486 18.7248
v 60.1352 44.7059 18.7687
v 59.8527 44.9256 18.8126
v 59.5703 45.1893 18.8252
v 59.3192 45.3839 18.8315
v 58.9425 45.5534 18.888
v 58.6224 45.7856 19.1202
v 58.3336 46.0179 19.3776
v 58.1265 46.2689 19.6538
v 57.6745 46.3882 19.8923
v 57.3858 46.6644 20.2501
v 57.0092 46.3694 20.1873
v 56.4693 46.4949 20.451
v 55.9421 46.564 20.7209
v 55.6282 46.8213 21.0787
v 55.0256 46.8904 21.2042
v 54.7306 47.1729 21.3988
v 54.3979 46.9155 21.311
v 54.0715 46.6581 21.3361
v 53.8392 46.859 21.5369
v 53.2994 46.8778 21.7566
v 52.9981 46.6393 21.7943
v 52.6842 46.3945 21.7817
v 52.1067 46.3882 21.9324
v 51.5731 46.4196 21.9261
v 51.2907 46.5954 22.0956
v 50.9454 46.3254 22.014
v 50.3554 46.3254 22.1082
v 49.8093 46.3882 22.2086
v 49.5456 46.746 22.4471
v 48.9493 46.7962 22.4973
v 48.6166 46.5326 22.4848
v 48.3153 46.2941 22.466
v 47.9449 46.5263 22.5601
v 47.6813 46.3192 22.6919
v 47.3486 46.0555 22.6668
v 47.0348 45.8107 22.6919
v 46.6581 46.043 22.7296
v 46.3568 46.3443 22.9367
v 45.9111 46.4322 23.0372
v 45.5847 46.1811 22.987
v 45.2709 46.4196 23.0686
v 44.8001 46.52 23.1376
v 44.4235 46.6958 23.3008
v 44.1473 46.8276 23.3761
v 43.7769 46.5326 23.2506
v 43.4379 46.2689 23.2004
v 43.1178 46.0179 23.1878
v 42.76 45.7417 23.1439
v 42.4148 45.4717 23.0937
v 42.1009 45.2207 23.0435
v 41.7871 44.9759 23.0246
v 41.4544 44.7122 22.9681
v 41.1405 44.4674 22.943
v 40.8015 44.2038 22.8677
v 40.4814 43.9527 22.874
v 40.1236 43.6765 22.7861
v 39.747 43.3815 22.6668
v 39.3829 43.0927 22.5915
v 39.1004 43.212 22.6229
v 38.7552 42.9483 22.5852
v 38.3974 42.6659 22.5036
v 38.1024 42.8165 22.535
v 37.7697 42.5529 22.4471
v 37.4307 42.2892 22.4095
v 37.0792 42.4775 22.3718
v 36.7591 42.2265 22.3279
v 36.351 42.3269 22.3341
v 38.0396 42.3834 22.4157
v 38.3409 42.2767 22.3404
v 38.6924 42.5529 22.4534
v 39.0314 42.8165 22.5162
v 40.1048 43.3124 22.717
v 40.5505 43.1931 22.6982
v 40.9836 43.0613 22.6229
v 41.379 42.8856 22.6041
v 41.7933 42.7726 22.4973
v 42.3708 42.6784 22.3153
v 42.8165 42.5089 22.2965
v 43.1869 42.2767 22.1458
v 43.3877 41.9252 22.0454
v 43.7518 41.6427 21.9952
v 44.0971 41.9126 22.0266
v 44.436 41.6866 22.1395
v 44.7248 41.9126 22.0517
v 45.2207 41.8436 22.5413
v 45.5847 41.2849 22.0893
v 45.001 41.2723 22.7108
v 45.2458 41.015 22.7233
v 45.2834 40.6007 22.7045
v 45.2583 40.1362 22.6919
v 45.2709 39.7658 22.7045
v 45.6098 39.5147 23.3573
v 45.8107 39.1318 23.6586
v 46.1246 38.8745 23.4201
v 45.817 38.6359 23.4577
v 46.1873 38.4413 23.4138
v 45.93 38.2405 23.6021
v 45.9802 37.732 23.6021
v 46.0681 37.3052 23.4829
v 46.156 36.8971 23.1627
v 45.8547 36.6586 23.2255
v 46.0555 36.4075 22.8175
v 45.7417 36.1627 22.8112
v 45.7354 35.6982 22.7296
v 45.4278 35.4597 22.7108
v 45.5031 35.0391 22.6103
v 45.5094 34.5809 22.4785
v 45.7354 34.3675 22.3467
v 45.9614 34.0536 22.1647
v 46.1057 33.7272 21.8947
v 46.0116 33.2313 21.8194
v 45.9363 32.7919 21.8131
v 46.1371 32.5031 21.7378
v 45.8547 32.2834 21.8006
v 45.7919 31.8126 21.7253
v 45.93 31.4548 21.5432
v 45.6036 31.2038 21.5432
v 45.2709 30.9464 21.5307
v 45.4404 30.6765 21.2545
v 45.1265 30.4254 21.311
v 45.296 30.0864 20.9971
v 44.9068 29.7851 20.8464
v 44.5553 29.5089 20.79
v 44.7938 29.1951 20.5891
v 44.8942 28.8247 20.3254
v 44.9759 28.4669 19.9865
v 45.0261 27.9647 19.6161
v 45.4215 27.7513 19.2332
v 45.8672 27.607 18.9507
v 45.7793 27.1111 18.3105
v 45.8735 26.6968 18.1787
v 45.5534 26.4457 18.2038
v 45.6161 26.0251 17.846
v 45.3085 25.7803 17.8711
v 45.4341 25.4099 17.6828
v 45.1077 25.1526 17.6702
v 44.731 24.8576 17.5509
v 44.2979 24.9894 17.7706
v 43.9464 25.1965 18.1912
v 43.9778 24.7383 17.7518
v 44.3984 24.6002 17.5007
v 44.7499 24.4809 17.2434
v 45.1893 24.3491 17.1115
v 45.4906 24.5876 17.1366
v 45.9425 24.4684 17.0111
v 46.564 24.4809 16.7788
v 46.8716 24.2863 16.5278
v 47.1854 24.029 16.2955
v 47.5244 23.8281 16.013
v 47.8131 23.5896 15.6992
v 48.1772 23.872 15.8059
v 48.466 23.6963 15.6239
v 48.7421 23.4577 15.3414
v 49.0999 23.7402 15.3979
v 49.4264 23.5456 15.2033
v 49.8469 23.4264 15.0087
v 50.1733 23.3071 14.7764
v 50.506 23.0874 14.4626
v 50.958 22.943 14.1236
v 51.2907 22.7547 13.8411
v 51.6485 23.0309 13.8788
v 52 23.3071 13.9541
v 52.4017 23.6147 14.1362
v 52.7721 23.9034 14.2303
v 53.0922 24.1545 14.2429
v 53.3747 24.3742 14.1801
v 53.7953 24.2801 13.9165
v 54.0715 24.4935 13.8411
v 53.9522 24.8262 14.0922
v 54.2661 25.0647 14.1111
v 54.6176 25.3472 14.1738
v 54.9628 25.6108 14.2115
v 55.3018 25.8745 14.2178
v 55.6094 26.113 14.1989
v 55.9797 26.4017 14.3056
v 56.3187 26.6654 14.3559
v 56.733 26.5649 14.0922
v 57.0468 26.8098 14.1299
v 57.367 27.0608 14.1111
v 57.6808 27.3056 14.0546
v 58.0512 27.0734 13.8662
v 58.365 27.3119 13.8725
v 58.6726 27.5567 13.8098
v 58.9865 27.8015 13.7909
v 59.2815 28.0275 13.7846
v 59.6707 27.8329 13.3452
v 60.0661 27.6383 13.0251
v 59.972 28.0715 13.3013
v 59.8716 28.4858 13.6717
v 60.2231 28.7619 13.816
v 60.5307 29.0005 13.7972
v 60.8696 29.2704 13.8349
v 61.1772 29.5027 13.8223
v 61.5287 29.7788 13.8286
v 61.8363 30.0174 13.8035
v 62.1062 30.2308 13.7533
v 62.4515 30.4944 13.7595
v 62.7465 30.7267 13.7281
v 62.7277 31.2289 14.1236
v 63.0415 31.4737 14.0797
v 63.3491 31.7185 14.0483
v 63.6818 31.9696 14.0922
v 63.958 32.1893 14.0043
v 64.2153 32.3901 13.8474
v 64.4978 32.6098 13.8474
v 64.8431 32.8735 13.9102
v 65.182 33.1434 13.9918
v 65.5084 33.3945 14.0295
v 65.8662 33.6707 14.0671
v 66.2052 33.9343 14.0734
v 66.5128 34.1791 14.1299
v 66.8141 34.4114 14.0483
v 67.1217 34.6499 13.9981
v 67.4041 34.8696 14.0043
v 67.7557 34.6248 13.7093
v 68.0884 34.8822 13.6968
v 68.3897 35.1144 13.6654
v 68.6533 35.3216 13.6026
v 69.1053 35.1709 13.2699
v 69.3563 35.3718 13.1381
v 69.6388 35.5852 13.0565
v 70.0594 35.4095 12.7615
v 70.3356 35.6229 12.6736
v 70.1598 35.9932 12.8493
v 70.4172 36.1941 12.7426
v 70.2289 36.5519 12.8996
v 70.1159 36.985 12.9874
v 70.4109 37.211 12.9372
v 70.6871 37.4244 12.9058
v 70.9445 37.6253 12.8242
v 71.2269 37.845 12.661
v 71.4404 38.0145 12.4351
v 71.2834 38.3158 12.4978
v 71.5722 38.5418 12.4476
v 71.409 38.8682 12.4853
v 71.7103 39.1004 12.4602
v 72.0492 39.3641 12.5041
v 71.7793 39.6528 12.5167
v 71.6726 40.0608 12.5983
v 71.4215 39.86 12.8242
v 71.2018 39.6905 13.0502
v 70.844 39.7846 13.1946
v 70.4297 39.9102 13.3766
v 70.1535 40.1487 13.7407
v 70.1912 40.6258 14.0043
v 70.1912 41.0275 14.2429
v 69.9338 41.2974 14.5191
v 69.5447 41.4606 14.7199
v 69.1555 41.6615 14.8078
v 69.0613 42.0256 14.7953
v 69.0111 42.4587 14.9961
v 68.9232 42.8667 15.0903
v 68.6784 42.6721 15.2409
v 68.2767 42.8353 15.4293
v 68.0005 42.6219 15.5548
v 67.7557 42.4273 15.6552
v 67.5611 42.6721 15.7368
v 67.3351 42.4964 15.8812
v 66.9459 42.6659 16.1637
v 66.6383 42.4273 16.1951
v 66.2554 42.6031 16.5278
v 66.0483 42.9295 16.4775
v 65.8537 42.7726 16.6784
v 65.4331 42.8856 16.9546
v 65.0188 43.055 17.1618
v 64.7615 42.8479 17.2999
v 64.6296 43.2747 17.6451
v 64.253 43.5258 18.0092
v 63.8387 43.6263 18.2477
v 63.619 43.9025 18.3607
v 63.3177 43.6702 18.3732
v 63.029 43.4442 18.3921
v 62.7465 43.7204 18.4737
v 62.4766 43.9903 18.5113
v 62.2067 44.1849 18.5239
v 61.9807 44.4674 18.5239
v 62.0183 44.9256 18.5804
v 61.7547 44.7185 18.662
v 61.4534 44.48 18.6369
v 61.127 44.2289 18.6181
v 60.8947 44.4862 18.6683
v 60.5934 44.254 18.6934
v 60.3235 44.0406 18.7248
v 60.0473 44.21 18.7499
v 59.8276 44.4611 18.775
v 59.5514 44.6871 18.8252
v 59.2752 44.957 18.8315
v 59.0241 45.1516 18.844
v 58.6601 45.3337 18.9759
v 58.3274 45.5534 19.0951
v 58.001 45.7605 19.3148
v 57.8126 46.0241 19.6098
v 57.3544 46.1371 19.8547
v 57.0217 45.8798 19.817
v 56.7079 46.1371 20.1434
v 56.1366 46.2376 20.4447
v 55.6219 46.3192 20.7084
v 55.2704 46.5451 20.972
v 54.6929 46.633 21.1478
v 54.3288 46.3443 21.1101
v 54.0275 46.1057 21.1038
v 53.7764 46.4259 21.3549
v 53.5567 46.633 21.5809
v 53.2554 46.4008 21.6123
v 52.9416 46.156 21.6185
v 52.3641 46.1434 21.7064
v 52.0377 45.886 21.6499
v 51.7426 46.1057 21.8382
v 51.2154 46.1371 21.8696
v 50.8827 45.8798 21.8257
v 50.6316 46.0806 21.9763
v 50.324 45.8358 21.9701
v 50.0478 46.0869 22.0768
v 49.4326 46.0932 22.1144
v 49.1816 46.4635 22.3655
v 48.8802 46.225 22.3592
v 48.5476 45.9676 22.3028
v 47.9701 46.0241 22.3781
v 47.7064 45.817 22.466
v 47.4365 45.6098 22.5162
v 47.154 45.3901 22.6103
v 46.7397 45.5847 22.7045
v 46.3192 45.7731 22.6857
v 46.0367 46.0932 22.9242
v 45.7103 45.8358 22.8426
v 45.2772 45.9363 22.9367
v 44.9319 46.1497 23.0058
v 44.4611 46.2564 23.0811
v 44.0908 46.4322 23.2569
v 43.7393 46.156 23.1564
v 43.4442 45.93 23.1313
v 43.1115 45.6663 23.1125
v 42.7788 45.4027 23.0686
v 42.4775 45.1704 23.0497
v 42.1323 44.9005 23.0435
v 41.7808 44.6243 22.9681
v 41.4606 44.3732 22.9367
v 41.084 44.0782 22.8865
v 40.7639 43.8271 22.8049
v 40.4751 43.6012 22.8049
v 40.8706 43.4442 22.7108
v 41.3351 43.3312 22.6857
v 41.6866 43.1241 22.6292
v 42.1009 43.0111 22.535
v 42.6972 42.9358 22.3279
v 43.1429 42.76 22.3153
v 43.5321 42.5529 22.2023
v 43.7267 42.1888 22.083
v 44.0343 42.4336 22.1144
v 44.3858 42.1386 22.014
v 44.6934 42.3834 22.0517
v 45.1014 42.2076 22.1584
v 45.6475 42.1762 22.0579
v 45.9928 42.0507 22.0517
v 46.2438 41.3477 22.0328
v 45.9425 41.1154 22.7484
v 45.6287 40.8643 22.7547
v 45.5722 40.381 22.7108
v 45.6287 40.042 22.7484
v 46.0304 39.8411 22.8363
v 45.8358 39.6905 23.1941
v 46.4259 39.113 23.3761
v 46.4322 38.6359 23.2632
v 46.7837 38.366 23.2067
v 46.5891 38.2091 23.4891
v 46.3003 37.9831 23.621
v 46.4196 37.5814 23.5582
v 46.5451 37.2047 23.3134
v 46.6707 36.8909 22.8489
v 46.3443 36.6398 22.761
v 46.3694 36.1941 22.6857
v 46.0618 35.9556 22.7296
v 46.0932 35.5036 22.5413
v 45.7856 35.2588 22.5476
v 45.8358 34.832 22.466
v 46.043 34.606 22.353
v 46.2815 34.3047 22.1898
v 46.3945 33.9532 21.8822
v 46.338 33.4886 21.8508
v 46.2627 33.043 21.832
v 46.4196 32.7228 21.6562
v 46.3506 32.252 21.6248
v 46.0744 32.0323 21.6876
v 46.2627 31.7185 21.5495
v 46.338 31.3732 21.2419
v 46.0304 31.1347 21.2607
v 45.7668 30.9276 21.3235
v 45.9363 30.5886 20.9594
v 45.635 30.3501 20.9783
v 45.5847 29.8165 20.2564
v 45.3901 29.6659 20.5326
v 45.1077 29.4462 20.5954
v 45.2269 29.0884 20.338
v 45.3085 28.7306 19.999
v 45.409 28.2661 19.7103
v 45.7919 28.0401 19.3462
v 46.2187 27.8831 19.0888
v 46.3882 27.5881 18.2916
v 46.0869 27.3496 18.3105
v 46.1622 26.9227 18.1535
v 46.2689 26.5336 17.8397
v 45.9488 26.2825 17.8585
v 46.0555 25.8933 17.7079
v 45.7291 25.6422 17.6828
v 45.8233 25.3158 17.438
v 45.478 25.0459 17.4254
v 45.0763 24.732 17.3061
v 45.8421 24.8638 17.1806
v 46.3003 24.7508 17.0802
v 46.6142 24.9894 17.0864
v 46.9092 24.7508 16.8353
v 47.198 24.5437 16.578
v 47.5307 24.2989 16.3269
v 47.8759 24.1043 16.0507
v 48.2274 24.3742 16.1135
v 48.5224 24.142 15.9
v 48.7798 23.9411 15.6552
v 49.1439 24.2236 15.6992
v 49.4515 24.0101 15.4481
v 49.7528 23.7967 15.2409
v 50.1671 23.6774 15.0401
v 50.506 23.5707 14.7827
v 50.8073 23.3197 14.4312
v 51.2907 23.2004 14.1424
v 51.5794 23.4264 14.1048
v 51.9121 23.6837 14.1738
v 52.295 23.985 14.3119
v 52.6152 24.2298 14.381
v 52.973 24.5123 14.4312
v 53.3182 24.776 14.45
v 53.6572 24.5939 14.1173
v 53.6195 25.0082 14.3873
v 53.9145 25.2405 14.337
v 54.2409 25.4978 14.3496
v 54.5674 25.7489 14.3684
v 54.8938 26 14.3935
v 55.2013 26.2448 14.4061
v 55.5403 26.5084 14.4626
v 55.8856 26.7784 14.5818
v 56.1994 27.0232 14.5379
v 56.6263 26.9039 14.3496
v 56.9276 27.1424 14.3621
v 57.2351 27.381 14.3308
v 57.5113 27.5944 14.268
v 57.9633 27.5191 14.0483
v 58.2772 27.7702 14.0797
v 58.6161 28.0338 14.0859
v 58.9049 28.2598 14.1299
v 59.2376 28.5171 14.1236
v 59.5954 28.2723 13.7407
v 59.6016 28.7996 14.1424
v 59.9406 29.0633 14.2178
v 60.2733 29.3206 14.2492
v 60.6499 29.6156 14.3496
v 60.9324 29.8353 14.3119
v 61.2149 30.055 14.2429
v 61.5224 30.2936 14.2115
v 61.8112 30.5196 14.2115
v 62.1125 30.7518 14.1989
v 62.4264 30.9966 14.1487
v 62.3385 31.3481 14.3747
v 62.6461 31.5929 14.3496
v 62.9411 31.8189 14.3245
v 63.2424 32.0575 14.3182
v 63.5562 32.3023 14.3308
v 63.8262 32.5094 14.2554
v 64.1024 32.7228 14.1424
v 64.3597 32.9237 13.9855
v 64.6861 33.1811 13.9792
v 65.0314 33.451 14.0546
v 65.3578 33.7021 14.0859
v 65.6779 33.9532 14.0859
v 66.0232 34.2231 14.1801
v 66.3308 34.4616 14.2115
v 66.6446 34.7064 14.1864
v 66.9459 34.9387 14.2052
v 67.2723 35.196 14.2178
v 67.6741 35.083 13.9227
v 68.0068 35.3404 13.9227
v 68.2641 35.5413 13.8662
v 68.5717 35.7798 13.8286
v 68.9483 35.5476 13.5084
v 69.1931 35.7422 13.3892
v 69.4442 35.9367 13.3013
v 69.7204 36.1502 13.1883
v 69.9213 35.8049 12.9937
v 69.9841 36.3573 13.0628
v 69.8648 36.7842 13.1318
v 69.6576 37.0541 13.2134
v 69.9338 37.2675 13.0816
v 70.2414 37.506 13.0314
v 70.5553 37.7508 13.0251
v 70.8252 37.9643 12.9058
v 71.0512 38.14 12.6987
v 70.8691 38.4476 12.774
v 71.1139 38.6359 12.5732
v 70.9696 39.0251 12.7615
v 71.252 39.2448 12.705
v 71.4655 39.408 12.5355
v 70.9256 39.4771 13.0565
v 70.5239 39.5398 13.2009
v 70.1724 39.7156 13.5273
v 69.8773 39.929 13.8976
v 69.9025 40.3998 14.1236
v 69.9276 40.8204 14.3119
v 69.6576 41.084 14.607
v 69.2622 41.2409 14.8141
v 68.8856 41.4481 14.9396
v 68.7851 41.8059 14.8894
v 68.7412 42.2453 15.084
v 68.3897 42.4524 15.3602
v 68.0884 42.2139 15.3665
v 67.7808 41.9754 15.3916
v 67.492 42.2202 15.7933
v 67.1091 42.3206 16.0946
v 66.8894 42.1511 16.283
v 66.3872 41.7557 16.5403
v 66.4437 42.2767 16.5027
v 66.1864 42.0695 16.647
v 66.0483 42.4462 16.7663
v 65.6152 42.5905 16.8667
v 65.1193 42.6407 16.9985
v 64.8807 42.4524 17.1115
v 64.4853 42.6345 17.3815
v 64.3848 43.0802 17.7518
v 63.9454 43.281 18.0908
v 63.5249 43.3815 18.2791
v 63.2173 43.1429 18.254
v 62.7151 43.1994 18.3732
v 62.395 43.4505 18.4172
v 62.1502 43.733 18.48
v 61.9054 43.9464 18.4988
v 61.6731 44.2289 18.5365
v 61.353 43.9715 18.549
v 61.0517 43.7455 18.6055
v 60.8131 43.9841 18.6432
v 60.5432 43.7706 18.6871
v 60.0348 43.8146 18.7562
v 59.7397 43.9652 18.7938
v 59.5263 44.2289 18.8126
v 59.2752 44.4674 18.8503
v 58.999 44.7373 18.9194
v 58.7856 44.9633 18.9633
v 58.3588 45.0951 19.0198
v 58.0261 45.3211 19.1391
v 57.6871 45.5157 19.3274
v 57.4548 45.7417 19.5471
v 57.1096 45.4717 19.5094
v 56.6953 45.6224 19.7793
v 56.3815 45.8798 20.0618
v 55.7663 45.9488 20.3819
v 55.239 46.0179 20.5451
v 54.9063 46.2627 20.8151
v 54.5799 46.0053 20.7648
v 54.31 45.7919 20.8464
v 53.7388 45.8798 21.0787
v 53.494 46.2062 21.4114
v 53.155 45.9363 21.4365
v 52.8474 45.6977 21.4679
v 52.6214 45.9049 21.606
v 52.2762 45.635 21.5369
v 51.7112 45.6287 21.6123
v 51.4162 45.8484 21.8131
v 51.1086 45.6098 21.7692
v 50.8827 45.4341 21.9261
v 50.6755 45.7166 22.0454
v 50.0101 45.591 21.9512
v 49.7214 45.8295 22.0203
v 49.4075 45.5847 22.0014
v 49.1125 45.8421 22.0956
v 48.8112 45.6098 22.1333
v 48.2086 45.6977 22.2965
v 47.9073 45.4655 22.309
v 47.6311 45.2458 22.4095
v 47.311 44.9947 22.4848
v 46.8151 45.1202 22.5601
v 46.4196 45.3274 22.6668
v 45.9928 45.5157 22.6543
v 45.6287 45.2332 22.6041
v 45.3713 45.5722 22.8426
v 44.9382 45.6726 22.8865
v 44.5804 45.8735 22.943
v 44.1284 45.999 23.0372
v 43.8146 45.7479 22.9744
v 43.4631 45.478 22.943
v 43.1178 45.2018 22.8865
v 42.8165 44.9696 22.8865
v 42.4713 44.6997 22.8865
v 42.1449 44.4423 22.8614
v 41.8373 44.2038 22.83
v 41.5171 43.9464 22.8112
v 41.1907 43.689 22.7673
v 41.6678 43.5949 22.7233
v 42.013 43.3815 22.6731
v 42.421 43.2685 22.5538
v 43.0425 43.212 22.3279
v 43.4568 43.0111 22.353
v 43.8711 42.8102 22.2588
v 44.3795 42.7035 22.1835
v 44.7122 42.9609 22.1584
v 45.1014 42.7035 22.2274
v 45.3148 42.8667 22.0768
v 45.4592 42.4901 22.2588
v 45.6977 42.6784 22.1019
v 45.9614 42.421 22.0642
v 46.225 42.2327 21.9512
v 46.5075 42.0005 21.9387
v 46.8025 41.7871 21.9387
v 46.6016 41.6301 22.1521
v 46.928 41.4481 22.1709
v 46.677 41.2472 22.3341
v 46.4447 41.0652 22.5476
v 46.2313 40.8957 22.7924
v 45.886 40.6258 22.761
v 45.9363 40.2868 22.7735
v 46.3003 40.0546 22.7547
v 46.3254 39.5398 23.3761
v 46.79 39.3955 23.4452
v 47.0473 39.1193 23.2694
v 46.7209 38.8556 23.2569
v 46.972 38.5104 22.9493
v 47.154 38.1526 23.1439
v 46.9406 37.9894 23.3448
v 46.7083 37.8073 23.5331
v 46.8653 37.4495 23.3008
v 47.0473 37.1859 23.0246
v 47.2545 36.8909 22.5287
v 46.9406 36.6461 22.5538
v 46.6581 36.4201 22.5978
v 46.7209 35.9932 22.5727
v 46.4322 35.7673 22.6292
v 46.4698 35.3279 22.422
v 46.1497 35.0768 22.4157
v 46.3631 34.8571 22.3341
v 46.5954 34.5558 22.1333
v 46.7774 34.2545 22.0391
v 46.9908 33.9971 21.901
v 46.6832 33.7586 21.9261
v 46.9092 33.5514 21.9073
v 46.6205 33.3254 21.945
v 46.7962 33.0241 21.7441
v 46.9029 32.6789 21.4428
v 46.6205 32.4592 21.5369
v 46.5451 31.9382 21.4867
v 46.6707 31.6306 21.2482
v 46.6079 31.1096 21.041
v 46.2438 30.8209 20.9594
v 46.1685 30.2747 20.2438
v 45.9174 30.0739 20.338
v 45.9174 29.6219 20.451
v 45.522 29.3143 20.3003
v 45.6663 29.0068 20.156
v 45.7291 28.5171 19.7479
v 46.1497 28.3225 19.4215
v 46.5451 28.1405 19.1202
v 46.7774 27.8894 18.3858
v 46.7711 27.3998 18.1473
v 46.4635 27.155 18.1535
v 46.5891 26.7784 17.8836
v 46.6644 26.3704 17.6577
v 46.3443 26.1193 17.6577
v 46.4698 25.818 17.4693
v 46.1497 25.5669 17.4882
v 46.1497 25.1024 17.1994
v 46.4949 25.3723 17.2559
v 46.928 25.2405 17.0864
v 47.2356 25.0019 16.8228
v 47.562 24.8262 16.6282
v 47.8382 24.5374 16.3143
v 48.2023 24.8199 16.4462
v 48.5538 24.6316 16.126
v 48.8175 24.3679 15.8875
v 49.169 24.6441 15.9314
v 49.4326 24.4495 15.6992
v 49.7716 24.2612 15.4795
v 50.0604 24.0415 15.2472
v 50.4684 23.9097 15.0401
v 50.8513 23.8344 14.7513
v 51.1337 23.577 14.3998
v 51.4602 23.8281 14.4249
v 51.7991 24.0917 14.45
v 52.1758 24.3868 14.5316
v 52.5147 24.6504 14.6321
v 52.86 24.914 14.6572
v 53.155 25.1463 14.6132
v 53.4124 25.3472 14.5379
v 53.745 25.6108 14.5818
v 54.0715 25.8619 14.5944
v 54.3979 26.1193 14.6383
v 54.7557 26.3955 14.6634
v 55.0695 26.6403 14.6383
v 55.4022 26.8976 14.6823
v 55.7286 27.155 14.6886
v 56.0488 27.3998 14.6697
v 56.5133 27.268 14.5065
v 56.8648 27.5379 14.5442
v 57.1787 27.7827 14.5316
v 57.4925 28.0275 14.5379
v 57.8315 27.8392 14.2617
v 58.1704 28.1091 14.268
v 58.4906 28.3539 14.2617
v 58.8547 28.6427 14.3747
v 59.2062 28.9126 14.4375
v 59.5514 29.1825 14.5128
v 59.9029 29.4524 14.6007
v 60.2294 29.7098 14.6383
v 60.5432 29.9546 14.6697
v 60.8257 30.1743 14.6321
v 61.1082 30.394 14.5128
v 61.4095 30.6325 14.4563
v 61.7233 30.8711 14.4375
v 62.0246 31.1096 14.3873
v 61.943 31.4925 14.6321
v 62.2192 31.7059 14.6007
v 62.5519 31.9696 14.5944
v 62.8909 32.2332 14.6195
v 63.211 32.4843 14.6132
v 63.506 32.7103 14.5756
v 63.7885 32.93 14.4689
v 64.0773 33.156 14.4186
v 64.3158 33.338 14.2429
v 64.6234 33.5828 14.2554
v 64.9435 33.8339 14.3056
v 65.2762 34.0913 14.3747
v 65.521 34.2796 14.1676
v 66.0043 34.6562 14.5379
v 66.3119 34.8947 14.5191
v 66.6195 35.1333 14.4814
v 66.9334 35.3781 14.4877
v 67.2472 35.6229 14.4626
v 67.5862 35.4408 14.1613
v 67.8938 35.6794 14.1424
v 68.1825 35.8991 14.0922
v 68.4964 36.1439 14.0546
v 68.873 36.0121 13.7156
v 69.1115 36.2004 13.5901
v 69.3877 36.4138 13.4959
v 69.6451 36.6147 13.3076
v 69.4442 36.8846 13.3766
v 69.3061 37.2298 13.4394
v 69.5698 37.4307 13.3013
v 69.8648 37.663 13.2511
v 70.1284 37.8701 13.1758
v 70.3984 38.0835 13.0816
v 70.662 38.2844 12.9874
v 70.4423 38.6171 13.0188
v 70.7059 38.818 12.9247
v 70.6243 39.2385 13.1255
v 70.2603 39.3327 13.3201
v 69.9401 39.5336 13.6968
v 69.6263 39.7344 14.0043
v 69.6137 40.1738 14.1927
v 69.6137 40.5756 14.2931
v 69.3438 40.8392 14.6321
v 68.9797 41.0212 14.8706
v 68.6156 41.2409 15.0401
v 68.534 41.6113 15.0464
v 68.465 42.0381 15.1593
v 68.1951 41.8247 15.2033
v 67.8812 41.5799 15.1907
v 67.5485 41.7933 15.6741
v 67.3665 41.649 15.9252
v 67.2974 42.0695 16.126
v 67.1091 41.9189 16.3708
v 66.4626 41.4167 16.4399
v 66.0734 41.5109 16.5529
v 65.9416 41.8812 16.7726
v 65.7721 42.2265 16.9044
v 65.3327 42.3708 16.9295
v 65.0439 42.1449 16.9421
v 64.7364 41.9 16.986
v 64.6296 42.2516 17.2308
v 64.2216 42.4273 17.5133
v 64.071 42.8353 17.7895
v 63.6755 43.0739 18.1661
v 63.3868 42.8479 18.1347
v 62.9285 42.9107 18.3419
v 62.6272 42.6784 18.4172
v 62.4201 42.9672 18.4549
v 62.1062 43.2182 18.4737
v 61.83 43.4819 18.5113
v 61.6041 43.7141 18.5176
v 61.3718 43.5258 18.6997
v 61.0705 43.2936 18.7373
v 60.7817 43.5321 18.662
v 60.5055 43.3124 18.7185
v 60.2482 43.5384 18.7875
v 59.928 43.2873 18.8064
v 59.7272 43.576 18.8001
v 59.4322 43.7267 18.8252
v 59.225 43.9903 18.8378
v 58.9739 44.2351 18.9131
v 58.6789 44.4925 18.9947
v 58.5031 44.7436 19.0512
v 58.2395 44.5365 19.1579
v 58.1642 44.9445 19.3399
v 57.4737 44.888 19.3337
v 57.3984 45.2897 19.3588
v 57.1347 45.0826 19.3964
v 56.7518 45.1893 19.3964
v 56.3563 45.3588 19.7228
v 56.0488 45.6224 20.043
v 55.4713 45.7103 20.3317
v 55.17 45.478 20.3254
v 54.9252 45.7731 20.5514
v 54.605 45.5157 20.5389
v 54.2912 45.2772 20.5891
v 53.9961 45.5471 20.8464
v 53.6697 45.2897 20.8151
v 53.4312 45.6412 21.1101
v 53.1111 45.3901 21.0787
v 52.5524 45.4655 21.4365
v 52.2511 45.2269 21.4867
v 51.9435 45.3713 21.5307
v 51.6045 45.1077 21.493
v 51.3974 45.3839 21.606
v 51.071 45.1328 21.5809
v 50.7697 44.8942 21.6185
v 50.1985 44.8942 21.7943
v 49.8971 45.1077 21.7817
v 49.6586 45.3148 21.8947
v 49.3887 45.1077 21.9701
v 49.1439 45.3776 22.0893
v 48.8426 45.1391 22.1144
v 48.5036 45.365 22.2274
v 48.2463 45.1642 22.3028
v 47.9638 44.9445 22.3153
v 47.9512 44.4423 22.2588
v 47.6436 44.1975 22.3028
v 47.085 44.254 22.3969
v 46.677 44.4988 22.3341
v 46.4698 44.8503 22.4785
v 46.0744 45.0637 22.5727
v 45.7668 44.8189 22.5664
v 45.296 44.9759 22.5413
v 45.0449 45.3211 22.7924
v 44.6055 45.409 22.8238
v 44.2289 45.5973 22.8928
v 43.8773 45.3274 22.8175
v 43.5635 45.0826 22.7861
v 43.2559 44.8378 22.7861
v 42.9609 44.6055 22.7861
v 42.6407 44.3607 22.7735
v 42.3018 44.0908 22.717
v 41.9816 43.8397 22.7045
v 42.3269 43.6263 22.6794
v 42.7663 43.5321 22.5664
v 43.0613 43.7644 22.5601
v 43.3626 43.4631 22.3781
v 43.7518 43.2434 22.353
v 44.1787 43.055 22.2651
v 44.4925 43.2999 22.2463
v 45.0261 43.2057 22.1458
v 45.635 43.1178 22.0705
v 45.9802 42.8981 22.0203
v 46.2564 42.6533 21.9763
v 46.52 42.465 21.9198
v 46.7962 42.2327 21.9198
v 47.1729 42.0758 22.0391
v 47.2545 41.6992 22.2023
v 47.3047 41.3539 22.3467
v 47.0285 41.1405 22.5099
v 46.7648 40.9334 22.5601
v 46.5138 40.7388 22.6605
v 46.2438 40.5253 22.7735
v 46.6644 40.337 22.83
v 46.6707 39.8098 23.464
v 47.3235 39.3327 23.2129
v 47.2733 38.7489 22.8802
v 47.3047 38.2781 22.8238
v 47.1164 37.6504 23.1502
v 47.3737 37.4433 22.9807
v 47.6688 37.211 22.7547
v 47.9512 36.9536 22.466
v 47.6185 36.6963 22.422
v 47.2858 36.4389 22.4408
v 46.9845 36.2004 22.4911
v 47.1164 35.8363 22.4283
v 46.8025 35.5915 22.466
v 46.972 35.3341 22.3906
v 46.6581 35.0893 22.3279
v 46.9092 34.8006 22.1584
v 47.085 34.493 22.0579
v 47.311 34.2482 21.9198
v 47.5432 34.0473 21.7943
v 47.2294 33.7962 21.8445
v 47.3926 33.4886 21.7315
v 47.1164 33.2752 21.8006
v 47.267 32.9614 21.5118
v 47.4239 32.6224 21.3047
v 47.1226 32.3901 21.3361
v 46.8402 32.1704 21.4302
v 46.9845 31.8817 21.267
v 46.9343 31.367 21.0724
v 47.1038 31.0029 20.859
v 46.8716 30.8271 20.3317
v 46.4761 30.5133 20.1622
v 46.4259 30.0237 20.1999
v 46.5765 29.7161 20.0241
v 46.1057 29.352 20.4761
v 46.1622 28.8498 20.0179
v 46.4824 28.5799 19.4153
v 46.8464 28.3728 19.07
v 47.1226 28.1593 18.4925
v 47.4239 27.9083 18.1473
v 47.1101 27.6634 18.1473
v 47.2607 27.3056 17.9715
v 46.9343 27.0546 17.9338
v 47.0159 26.6403 17.689
v 47.1038 26.3139 17.4882
v 46.8025 26.0816 17.4882
v 46.8527 25.6485 17.2559
v 47.2607 25.4978 17.1429
v 47.606 25.2907 16.9421
v 47.9387 25.1212 16.7726
v 48.24 25.3597 16.7161
v 48.5162 25.0647 16.4462
v 48.8928 24.8952 16.1511
v 49.2129 25.1463 16.1888
v 49.5205 24.9203 15.9691
v 49.7465 24.6881 15.7243
v 50.098 24.5123 15.4732
v 50.393 24.2989 15.2472
v 50.7885 24.1608 15.0338
v 51.1337 24.0604 14.7199
v 51.4476 24.3052 14.7262
v 51.8368 24.6065 14.8267
v 52.1381 24.8387 14.8392
v 52.4394 25.0773 14.8455
v 52.7846 25.3472 14.8706
v 53.0357 25.5355 14.7702
v 53.3496 25.7803 14.7764
v 53.7137 26.0628 14.7953
v 54.0275 26.3139 14.789
v 54.3602 26.5712 14.8329
v 54.7055 26.8411 14.8392
v 54.9942 27.0671 14.8267
v 55.2955 27.2994 14.8015
v 55.6282 27.5567 14.8078
v 55.9295 27.7953 14.8455
v 56.3563 27.6446 14.7137
v 56.7079 27.9145 14.8078
v 57.0217 28.1593 14.7827
v 57.3105 28.3853 14.789
v 57.7938 28.2598 14.494
v 58.1265 28.5234 14.5316
v 58.4592 28.7808 14.6132
v 58.8295 29.0695 14.7576
v 59.156 29.3206 14.8078
v 59.5012 29.5905 14.8329
v 59.8276 29.8479 14.8267
v 60.1917 30.1241 14.902
v 60.4993 30.3689 14.9083
v 60.8069 30.6074 14.858
v 61.083 30.8209 14.7764
v 61.3655 31.0406 14.7199
v 61.6354 31.254 14.6446
v 61.4973 31.6432 14.8894
v 61.8112 31.888 14.8455
v 62.1188 32.1265 14.8706
v 62.4201 32.3588 14.7953
v 62.7465 32.6161 14.8455
v 63.029 32.8358 14.8329
v 63.324 33.0681 14.7827
v 63.5625 33.2501 14.5881
v 63.8638 33.4824 14.607
v 64.2153 33.7586 14.6007
v 64.4539 33.9469 14.4061
v 64.8493 34.2545 14.6258
v 65.1067 34.4553 14.4689
v 65.4896 34.7504 14.607
v 65.8223 35.014 14.7262
v 66.1299 35.2525 14.7011
v 66.4437 35.4973 14.6823
v 66.7199 35.7108 14.6886
v 67.0526 35.9681 14.676
v 67.536 35.8489 14.4186
v 67.7996 36.056 14.3496
v 68.0884 36.282 14.2931
v 68.3583 36.4891 14.224
v 68.6094 36.6837 14.0608
v 68.7537 36.3448 13.9227
v 68.9923 36.5331 13.7721
v 69.2496 36.7339 13.6591
v 69.0927 37.0604 13.6717
v 68.8856 37.3993 13.7721
v 69.1178 37.5814 13.6528
v 69.3626 37.7697 13.5022
v 69.6451 37.9894 13.3892
v 69.9276 38.2091 13.3076
v 70.1912 38.4162 13.1569
v 70.1222 38.8431 13.3139
v 70.3607 39.0377 13.2009
v 70.0217 39.1506 13.5022
v 69.6451 39.3013 13.747
v 69.3312 39.5022 14.0169
v 69.3438 39.9604 14.2303
v 69.3438 40.3684 14.3684
v 68.9609 40.5379 14.4877
v 68.6156 40.7325 14.745
v 68.3018 40.9961 15.0401
v 68.2578 41.3979 15.1217
v 67.9314 41.1468 15.128
v 67.6992 41.4355 15.4983
v 67.4732 41.2598 15.7306
v 67.3037 41.1217 16.0507
v 67.2096 41.5297 16.2453
v 66.971 41.3351 16.4273
v 66.676 41.1091 16.4524
v 66.3496 40.8518 16.3583
v 66.2115 41.2221 16.4901
v 65.8914 40.971 16.4587
v 65.8474 41.3351 16.7537
v 65.2887 41.3728 16.6784
v 65.6591 41.6615 16.8291
v 65.4645 41.9879 16.9107
v 65.1193 41.718 16.8605
v 64.774 41.4481 16.7977
v 64.4978 41.718 17.1869
v 64.3911 42.0695 17.3877
v 63.9392 42.2139 17.6263
v 63.7257 42.5654 17.6828
v 63.5939 42.465 18.0908
v 63.1357 42.6533 18.2854
v 62.8155 42.4022 18.2916
v 62.3071 42.4273 18.4172
v 62.1062 42.7224 18.4611
v 61.83 43.0048 18.5051
v 61.6103 43.3124 18.7185
v 61.309 43.0739 18.7373
v 60.9136 42.7663 18.6369
v 60.7315 43.0299 18.6997
v 60.4239 42.7914 18.7248
v 60.2105 43.0864 18.7436
v 59.9469 42.8793 18.844
v 59.633 43.0613 18.8566
v 59.4573 43.3626 18.8378
v 59.156 43.5133 18.8817
v 58.9363 43.7644 18.9256
v 58.7166 44.0343 18.9821
v 58.4529 44.3105 19.1767
v 57.9633 43.9276 19.4655
v 57.8001 44.1912 19.6036
v 57.7059 44.5867 19.6475
v 57.3168 44.2854 19.4655
v 57.1284 44.6181 19.2897
v 56.7706 44.8001 19.2897
v 56.4568 44.9633 19.409
v 56.0174 45.0951 19.704
v 55.76 45.3964 20.0492
v 55.4273 45.1328 19.9676
v 54.8498 45.2269 20.3129
v 54.536 44.9821 20.2627
v 53.9522 45.0135 20.5263
v 53.6509 44.775 20.52
v 53.3308 45.0323 20.79
v 52.8223 45.1642 21.0661
v 52.4708 44.888 21.0536
v 51.9498 44.9947 21.4742
v 51.6422 44.7562 21.4428
v 51.3095 44.8754 21.4679
v 50.9894 44.6243 21.4616
v 50.4495 44.6432 21.6248
v 49.9097 44.6683 21.8382
v 49.621 44.8942 21.8006
v 49.3448 44.6745 21.9324
v 49.0937 44.8754 22.0391
v 48.5413 44.9068 22.1584
v 48.2714 44.6934 22.2714
v 48.4973 44.4109 22.1835
v 48.2149 44.1849 22.2149
v 48.1521 43.7455 22.0328
v 47.8571 43.507 22.8175
v 47.5872 43.6953 22.874
v 47.2921 43.9213 22.9367
v 46.8778 44.0971 22.7296
v 47.0536 43.2747 22.3655
v 47.4177 43.1618 22.5413
v 47.4993 43.2308 21.9889
v 46.6016 43.3815 22.0454
v 46.8276 42.7035 21.9073
v 46.5954 42.9169 22.0203
v 46.3317 43.1743 22.0956
v 45.9928 43.4003 22.0768
v 46.3254 43.6576 22.1395
v 46.0304 43.9903 22.2651
v 46.338 44.2351 22.3216
v 46.0932 44.5553 22.3592
v 45.7605 44.2916 22.3404
v 45.4466 44.5678 22.5413
v 44.9947 44.7373 22.4973
v 44.6934 45.0449 22.6919
v 44.2791 45.1579 22.7735
v 43.9464 44.8942 22.7422
v 43.62 44.6432 22.717
v 43.2936 44.3858 22.6982
v 42.9358 44.1096 22.6543
v 42.6219 43.8585 22.6731
v 43.3438 43.9903 22.5476
v 43.6953 43.7204 22.3969
v 44.0971 43.507 22.3781
v 44.4172 43.7644 22.3844
v 44.8001 43.5447 22.2965
v 45.3337 43.4505 22.1709
v 47.0473 42.4273 22.4973
v 47.8633 42.1825 22.1647
v 47.5495 41.9314 22.1584
v 47.6311 41.6113 22.3781
v 47.7629 41.2033 22.4346
v 47.5118 41.0024 22.6166
v 47.2607 40.8078 22.761
v 46.9908 40.5944 22.83
v 47.311 40.3119 23.5519
v 47.5809 40.5191 23.4766
v 47.9575 40.3119 23.2506
v 47.9512 39.8286 23.2255
v 47.5055 39.9541 23.6523
v 47.1854 39.703 23.6272
v 47.0787 40.1236 23.7214
v 47.675 39.6089 23.3824
v 47.8571 39.2071 22.8426
v 47.5872 38.9937 22.8865
v 47.6123 38.5167 22.7484
v 47.606 38.0333 22.8489
v 47.4051 37.8764 23.0937
v 47.6562 37.663 22.9179
v 47.9512 37.4307 22.7233
v 48.2651 37.2047 22.4785
v 48.2525 36.7214 22.24
v 47.9701 36.5017 22.2714
v 47.6876 36.282 22.3279
v 47.4051 36.0623 22.3969
v 47.2796 35.5727 22.353
v 47.2545 35.0705 22.2588
v 47.4177 34.7566 22.083
v 47.6436 34.5118 21.9952
v 47.8633 34.2984 21.8633
v 48.014 33.972 21.7629
v 47.7064 33.7335 21.7064
v 47.5934 33.2187 21.5181
v 47.7127 32.8547 21.2796
v 47.606 32.365 21.1603
v 47.311 32.1328 21.198
v 47.2231 31.5929 21.0975
v 47.493 31.3105 20.2564
v 47.1791 31.0657 20.2878
v 47.6813 31.0029 20.2125
v 47.3549 30.7518 20.225
v 47.0724 30.5258 20.2501
v 46.746 30.2747 20.1999
v 46.9218 29.986 20.0681
v 47.0034 29.5089 19.8484
v 46.6958 29.2704 19.8107
v 46.5263 29.1323 20.0869
v 46.8276 28.8498 19.4718
v 47.1603 28.6176 19.1077
v 47.4679 28.4293 18.5678
v 47.8131 28.2096 18.2477
v 47.9073 27.8078 18.0782
v 47.5872 27.563 18.0343
v 47.7629 27.224 17.9276
v 47.3926 26.9353 17.7832
v 47.4553 26.5901 17.5823
v 47.5307 26.1758 17.3877
v 47.198 25.9184 17.325
v 47.562 25.7301 17.1366
v 47.9073 25.5292 16.9421
v 48.2211 25.774 16.9044
v 48.6041 25.6422 16.7663
v 48.8238 25.3095 16.4211
v 49.1125 25.5292 16.4336
v 49.5205 25.3848 16.1574
v 49.8595 25.184 15.9879
v 50.0729 24.9392 15.7117
v 50.4182 24.7697 15.4795
v 50.7195 24.5563 15.2535
v 51.0521 24.3679 14.971
v 51.3974 24.6379 15.0024
v 51.7928 24.9454 15.128
v 52.113 25.1965 15.128
v 52.4394 25.4476 15.1342
v 52.7281 25.6736 15.0464
v 53.0106 25.8933 14.9899
v 53.3433 26.1506 15.0275
v 53.6446 26.3892 15.0212
v 53.9522 26.6277 15.0275
v 54.2535 26.86 15.015
v 54.5862 27.1236 15.015
v 54.8938 27.3621 14.971
v 55.2327 27.6195 14.9773
v 55.534 27.858 14.9459
v 55.8291 28.0903 14.902
v 56.2371 28.0275 14.858
v 56.5823 28.3037 14.858
v 56.9087 28.5548 14.8769
v 57.2289 28.8059 14.8831
v 57.6243 28.6301 14.745
v 57.9759 28.9 14.7513
v 58.3336 29.1825 14.8831
v 58.6852 29.4524 14.9396
v 59.0304 29.7224 14.971
v 59.3757 29.986 15.0966
v 59.7021 30.2496 15.0903
v 60.0097 30.4819 15.0652
v 60.2921 30.7079 15.0715
v 60.5934 30.9401 15.0464
v 60.9198 31.1912 15.015
v 61.2023 31.4172 14.9585
v 61.1835 31.8817 15.2347
v 61.4722 32.1077 15.1342
v 61.7296 32.3085 15.0589
v 61.9995 32.522 14.9836
v 62.3259 32.7731 14.9647
v 62.6084 32.9928 14.971
v 62.9223 33.2376 14.9522
v 63.2298 33.4761 14.8518
v 63.5374 33.7146 14.8643
v 63.8764 33.9783 14.9208
v 64.1965 34.2294 14.8831
v 64.435 34.4177 14.7576
v 64.8054 34.7001 14.8706
v 65.1004 34.9324 14.8204
v 65.4645 35.2211 14.9961
v 65.747 35.4346 14.9836
v 66.0797 35.6982 14.9522
v 66.3998 35.943 14.9647
v 66.7074 36.1878 14.9459
v 67.0212 36.4326 14.8894
v 67.3665 36.2129 14.607
v 67.6238 36.4138 14.5442
v 67.9189 36.6461 14.4437
v 68.1951 36.8595 14.3308
v 68.4085 37.029 14.1487
v 68.6156 37.1922 13.8725
v 68.8604 36.8783 13.8725
v 68.7851 37.8011 13.9792
v 69.0488 38.0082 13.8286
v 69.3438 38.2405 13.6968
v 69.5823 38.4288 13.5712
v 69.8334 38.6234 13.4331
v 69.7267 38.9184 13.5901
v 69.3438 39.069 13.7784
v 69.0299 39.2699 14.0734
v 69.0111 39.703 14.2617
v 69.0362 40.1299 14.3747
v 68.6282 40.2805 14.4877
v 68.3018 40.4877 14.7639
v 68.0193 40.7764 15.0903
v 67.7306 40.9836 15.4042
v 67.5046 40.8078 15.6364
v 67.2786 40.6321 15.831
v 67.0463 40.9271 16.2076
v 66.7137 40.6697 16.2014
v 66.3747 40.3998 16.17
v 65.9918 40.5756 16.3394
v 65.5147 40.676 16.3332
v 65.408 40.9899 16.4713
v 64.9498 41.1091 16.6156
v 64.7301 40.9334 16.8102
v 64.5669 41.2849 16.9734
v 64.2844 41.5485 17.394
v 64.184 41.9063 17.6263
v 63.9329 41.7117 17.7644
v 63.4621 41.8373 17.9715
v 63.7634 42.0695 17.9464
v 63.3114 42.239 18.2038
v 62.9787 41.9816 18.1598
v 62.5393 42.1825 18.3042
v 62.1753 41.9 18.2414
v 61.9995 42.1888 18.3984
v 61.7924 42.4838 18.4674
v 61.5727 42.804 18.5804
v 61.2337 42.5403 18.5741
v 60.9261 42.3018 18.5553
v 60.6311 42.5466 18.6432
v 60.3612 42.3332 18.7185
v 60.1477 42.5717 18.8189
v 59.6581 42.6533 18.8943
v 59.3443 42.8353 18.9131
v 59.156 43.1241 18.8943
v 58.8923 43.3061 18.9696
v 58.6789 43.5635 19.07
v 58.478 43.846 19.1265
v 58.2709 43.6828 19.4215
v 58.07 43.0864 19.1077
v 57.5553 43.1241 19.1453
v 57.3419 43.8334 19.2772
v 56.915 43.9715 19.2395
v 56.7832 44.3419 19.2646
v 56.4568 44.549 19.3085
v 56.168 44.731 19.4466
v 55.6972 44.844 19.704
v 55.3834 44.5992 19.7417
v 55.1009 44.8754 20.0053
v 54.7996 44.6432 20.0116
v 54.2096 44.731 20.2438
v 53.8706 44.4674 20.2376
v 53.3308 44.5239 20.5012
v 53.0043 44.7687 20.7648
v 52.6717 44.5113 20.7711
v 52.1758 44.6557 21.0913
v 51.8619 44.4109 21.0661
v 51.297 44.4862 21.4177
v 51.0082 44.254 21.4491
v 50.7132 44.4109 21.5307
v 50.4495 44.2038 21.6185
v 50.2047 44.4548 21.8069
v 49.8783 44.1975 21.8257
v 49.6021 44.4297 21.9073
v 49.3071 44.1975 21.9512
v 49.1188 44.4988 22.0956
v 48.8175 44.662 22.1835
v 49.0309 43.9841 22.0391
v 48.6543 43.6828 21.9575
v 48.3655 43.4568 21.9512
v 48.0579 43.2182 21.9324
v 47.7692 42.9923 22.6919
v 47.4553 42.7475 22.6794
v 47.0724 42.8918 22.4722
v 47.7566 42.534 22.6292
v 48.1521 42.4022 22.1458
v 48.4408 42.2453 22.0203
v 48.2525 42.1009 22.2902
v 47.9575 41.8687 22.3781
v 47.9952 41.3853 22.309
v 48.1207 40.9459 22.4722
v 47.8759 40.7513 22.648
v 47.7566 40.6634 23.1439
v 48.1019 40.4249 22.8991
v 48.2463 40.0546 23.1376
v 48.1709 39.452 22.7986
v 48.2525 39.0188 22.7422
v 47.9261 38.7615 22.7359
v 47.9198 38.2781 22.8426
v 47.9575 37.8952 22.8426
v 48.2274 37.6504 22.6354
v 48.5538 37.4307 22.3781
v 48.5664 36.9662 22.2714
v 48.761 36.7339 22.1019
v 48.4848 36.5142 22.1584
v 48.2023 36.2945 22.2023
v 47.901 36.0623 22.3279
v 47.6248 35.8426 22.3781
v 47.5934 35.3341 22.2588
v 47.7755 35.0391 22.127
v 47.9826 34.7692 22.0579
v 48.2023 34.5558 21.8759
v 48.3279 34.2231 21.7943
v 48.5538 33.972 21.5432
v 48.2525 33.7335 21.5746
v 47.9136 33.4698 21.5307
v 48.0328 33.1057 21.3047
v 48.24 32.8609 21.1603
v 47.901 32.591 21.1415
v 48.1333 32.3023 21.0159
v 47.8382 32.07 21.0599
v 47.5307 31.8315 21.041
v 47.7629 31.5176 20.8778
v 48.0454 31.7373 20.7962
v 48.0391 31.2854 20.269
v 48.2086 30.9903 20.0681
v 47.8759 30.733 20.0618
v 47.562 30.4882 20.0806
v 47.2607 30.2496 20.0806
v 47.3235 29.76 19.8295
v 47.4491 29.8605 19.3901
v 47.4742 29.352 19.478
v 47.1352 29.0884 19.4466
v 47.4365 28.8373 19.0198
v 47.788 28.6803 18.5678
v 48.1521 28.4795 18.323
v 48.3027 28.1217 18.21
v 48.466 27.7702 18.028
v 48.1144 27.5002 17.9778
v 48.4471 27.3621 17.7016
v 47.8131 26.8662 17.6514
v 47.8696 26.4394 17.3815
v 47.8759 25.9749 17.1492
v 48.2149 26.2385 17.1618
v 48.535 26.0188 16.9169
v 48.8802 25.8556 16.7098
v 49.1878 26.1004 16.6721
v 49.4515 25.7929 16.4211
v 49.8469 25.6422 16.2139
v 50.1671 25.4225 15.9816
v 50.393 25.1902 15.718
v 50.7195 25.0019 15.5046
v 51.0459 24.8073 15.2535
v 51.3786 25.071 15.2598
v 51.7112 25.3283 15.3037
v 52.0314 25.5732 15.2974
v 52.3515 25.8242 15.3163
v 52.6465 26.0565 15.2974
v 52.9416 26.2825 15.2472
v 53.2366 26.5147 15.2347
v 53.5567 26.7658 15.2158
v 53.858 26.9981 15.1656
v 54.1782 27.2492 15.128
v 54.5234 27.5191 15.2033
v 54.7808 27.7199 15.0715
v 55.126 27.9899 15.1154
v 55.4775 28.2598 15.2096
v 55.7726 28.492 15.1782
v 56.1492 28.3414 14.8957
v 56.4819 28.5987 14.9522
v 56.7832 28.831 14.9522
v 57.1284 29.1009 15.0275
v 57.6432 29.126 15.0526
v 58.001 29.4085 15.1782
v 58.3525 29.6784 15.2661
v 58.6977 29.9483 15.2974
v 58.999 30.1806 15.3288
v 59.3129 30.4254 15.3539
v 59.633 30.6765 15.3539
v 59.9469 30.9213 15.3414
v 60.2545 31.1598 15.3225
v 60.5872 31.4172 15.2974
v 60.8947 31.662 15.31
v 60.8131 31.9696 15.5548
v 61.1082 32.2018 15.4606
v 61.3969 32.4215 15.3665
v 61.6417 32.6161 15.2221
v 61.943 32.8484 15.1468
v 62.2443 33.0869 15.1405
v 62.5519 33.3254 15.1028
v 62.8407 33.5514 15.0589
v 63.1357 33.7837 15.0338
v 63.4809 34.0473 15.1468
v 63.7885 34.2858 15.1405
v 64.071 34.5118 15.0338
v 64.366 34.7378 14.971
v 64.7301 35.0266 15.0652
v 65.1067 35.3153 15.2033
v 65.4206 35.5601 15.2033
v 65.7344 35.8049 15.2033
v 66.0357 36.0372 15.1782
v 66.3308 36.2694 15.1845
v 66.6195 36.4891 15.1154
v 66.8831 36.7026 15.0338
v 67.2849 36.6398 14.8078
v 67.5611 36.8532 14.7262
v 67.8373 37.0666 14.6007
v 68.0695 37.2487 14.4751
v 68.2892 37.4244 14.2931
v 68.5466 37.619 14.155
v 68.4587 37.9266 14.224
v 68.6972 38.1149 14.0797
v 68.9483 38.3095 13.9416
v 69.1994 38.5041 13.8223
v 69.4379 38.6924 13.6842
v 69.1053 38.8807 13.973
v 68.7851 39.0816 14.1676
v 68.7224 39.4771 14.3559
v 68.7286 39.8914 14.3873
v 68.352 40.0671 14.5442
v 68.0695 40.3119 14.9647
v 67.8749 40.6634 15.3916
v 67.6364 40.4751 15.5987
v 67.3414 40.2492 15.6552
v 67.0463 40.45 15.9879
v 66.7639 40.2303 16.0256
v 66.4751 40.0043 16.0884
v 66.0922 40.1801 16.2202
v 65.6654 40.3245 16.2704
v 65.2887 40.5002 16.4775
v 65.0753 40.7325 16.4775
v 64.8556 40.5567 16.7098
v 64.4602 40.7262 16.9107
v 64.3472 41.1154 17.1492
v 63.9768 41.31 17.4944
v 63.5562 41.4167 17.6451
v 63.1231 41.5674 17.8774
v 62.6335 41.7117 18.0971
v 62.2569 41.4167 18.0154
v 61.8991 41.6866 18.3293
v 61.7421 41.9879 18.5113
v 61.466 42.2265 18.4737
v 61.127 41.9565 18.436
v 60.8508 41.7431 18.4737
v 60.6562 42.0884 18.6243
v 60.3361 41.8373 18.6557
v 60.0787 42.1135 18.7938
v 59.8339 42.3269 18.8691
v 59.3505 42.4085 18.9131
v 59.0492 42.6031 18.9319
v 58.8609 42.8918 18.9696
v 58.635 43.1053 19.0763
v 58.3399 42.873 19.0888
v 58.0386 42.6407 19.1077
v 57.7813 42.8605 19.1202
v 57.4862 42.6345 19.1704
v 57.2038 42.8542 19.1579
v 57.254 43.3752 19.1956
v 56.9841 43.5509 19.1893
v 56.6012 43.7267 19.2395
v 56.5007 44.1222 19.2583
v 56.1555 44.3168 19.2897
v 55.8856 44.5176 19.4969
v 55.5654 44.2603 19.4592
v 55.1009 44.3795 19.7731
v 54.7933 44.141 19.7668
v 54.492 44.3984 20.0179
v 54.1405 44.1284 20.0304
v 53.8329 43.8836 20.0179
v 53.5944 44.2477 20.2752
v 53.2931 44.0092 20.3066
v 53.0546 44.3105 20.5451
v 52.7407 44.0594 20.5451
v 52.3515 44.2603 20.7272
v 52.0502 44.0217 20.7272
v 51.548 44.1661 21.154
v 51.3095 43.9778 21.3486
v 51.0584 43.7832 21.4239
v 50.7508 44.0594 21.562
v 50.4809 43.846 21.7253
v 50.1859 43.9966 21.7315
v 49.8846 43.7581 21.7817
v 49.5896 43.9652 21.8131
v 49.2945 43.7393 21.8257
v 48.987 43.4944 21.8445
v 48.717 43.2873 21.9198
v 48.3592 43.0111 21.8131
v 48.3592 42.5654 21.8947
v 48.0705 42.7788 22.6103
v 48.7233 42.465 21.9638
v 48.8677 42.0695 22.1772
v 48.5664 41.831 22.2023
v 48.3153 41.6301 22.3655
v 48.4032 41.1656 22.3906
v 48.5036 40.7388 22.422
v 48.2651 40.5567 22.5601
v 48.4534 40.2178 22.8991
v 48.4722 39.6905 22.8175
v 48.648 39.8223 22.5601
v 48.8049 39.4457 22.5538
v 48.5789 39.2762 22.7673
v 48.7861 38.9561 22.7359
v 48.5036 38.7364 22.7924
v 48.2149 38.5104 22.8363
v 48.2588 38.1337 22.7798
v 48.535 37.8889 22.6103
v 48.8238 37.6379 22.2776
v 48.8238 37.1733 22.1082
v 49.0686 36.9725 22.0266
v 49.0435 36.464 22.0454
v 48.761 36.2443 22.1082
v 48.4597 36.0121 22.1709
v 48.1395 35.761 22.1772
v 47.8947 35.5664 22.2714
v 48.0956 35.2839 22.1144
v 48.2651 34.9952 22.0203
v 48.5036 34.8006 21.832
v 48.6668 34.4867 21.7755
v 48.8426 34.198 21.4742
v 49.0058 33.8653 21.3423
v 48.6794 33.6079 21.3863
v 48.3467 33.3506 21.3675
v 48.5789 33.1246 21.2231
v 48.7861 32.817 20.9908
v 48.466 32.5659 20.9783
v 48.6166 32.1893 20.6644
v 48.3153 31.9507 20.6958
v 48.3969 31.5616 20.3568
v 48.5538 31.2603 20.2125
v 48.5224 30.6953 19.6098
v 48.1835 30.4317 19.5345
v 47.7504 30.0927 19.3399
v 47.6311 29.4775 19.1642
v 47.7504 29.0821 18.957
v 48.0768 28.9 18.5427
v 48.6982 28.4293 18.3607
v 48.8363 28.0589 18.1975
v 48.7359 27.5881 17.5698
v 48.7547 27.1299 17.2685
v 48.4095 26.8662 17.2245
v 48.1521 26.6591 17.325
v 48.5162 26.4771 17.1053
v 48.8238 26.2448 16.8981
v 49.0937 26.4582 16.8165
v 49.3699 26.6717 16.6847
v 49.5017 26.339 16.6345
v 49.7842 26.0565 16.4211
v 50.142 25.8682 16.1888
v 50.4746 25.661 15.9314
v 50.7257 25.4476 15.7431
v 51.0333 25.2467 15.5046
v 51.3283 25.4727 15.4606
v 51.6673 25.7426 15.5297
v 52 26 15.492
v 52.3452 26.2636 15.5046
v 52.6403 26.4959 15.4983
v 52.9667 26.747 15.4858
v 53.2743 26.9918 15.4355
v 53.5693 27.2178 15.4544
v 53.8706 27.4563 15.4104
v 54.197 27.7074 15.4481
v 54.4732 27.9271 15.4355
v 54.7996 28.1782 15.4042
v 55.17 28.4669 15.4481
v 55.465 28.6992 15.4355
v 55.7726 28.9377 15.3916
v 56.0801 28.7306 15.1719
v 56.3689 28.9565 15.1719
v 56.733 29.239 15.2409
v 57.1096 29.5278 15.3414
v 57.4862 29.3771 15.1593
v 57.9507 29.7412 15.4795
v 58.3085 30.0174 15.5171
v 58.6412 30.281 15.5736
v 58.9614 30.5321 15.5799
v 59.2878 30.7832 15.5674
v 59.6142 31.0343 15.5987
v 59.9218 31.2728 15.605
v 60.2168 31.5051 15.5799
v 60.5307 31.7499 15.5862
v 60.4365 32.1202 15.7368
v 60.7504 32.365 15.718
v 61.0391 32.591 15.6301
v 61.309 32.8044 15.5297
v 61.5789 33.0116 15.4355
v 61.8677 33.2376 15.3477
v 62.1188 33.4322 15.2535
v 62.3824 33.6393 15.1656
v 62.6837 33.8716 15.1531
v 63.0917 34.1917 15.3602
v 63.4181 34.4491 15.3539
v 63.7069 34.675 15.2723
v 64.0208 34.9198 15.2661
v 64.3095 35.1458 15.2033
v 64.6485 35.4095 15.2598
v 64.9749 35.6605 15.31
v 65.2636 35.8865 15.2723
v 65.5838 36.1313 15.2974
v 65.8725 36.3573 15.2849
v 66.1989 36.6147 15.2912
v 66.5065 36.8532 15.2158
v 66.7827 37.0666 15.128
v 67.1656 36.9223 14.9396
v 67.4355 37.1294 14.8015
v 67.7117 37.3428 14.6823
v 67.9628 37.5374 14.5505
v 68.2202 37.7446 14.3873
v 68.0884 38.0898 14.5379
v 68.3394 38.2844 14.4186
v 68.5717 38.4664 14.2554
v 68.8291 38.661 14.0922
v 68.534 38.887 14.3056
v 68.4713 39.2825 14.4751
v 68.4587 39.6779 14.5065
v 68.2327 39.5022 14.6948
v 68.17 39.9227 14.8015
v 67.9252 39.7281 14.9522
v 67.8624 40.1487 15.2472
v 67.5422 39.8976 15.2849
v 67.3225 39.7281 15.423
v 67.0777 40.042 15.7431
v 66.7388 39.7784 15.7117
v 65.9855 39.6277 15.6615
v 65.6277 39.8223 15.8498
v 65.4017 40.1173 16.3771
v 65.0314 40.2994 16.6031
v 64.7364 40.0671 16.6847
v 64.6108 40.3684 16.8291
v 64.1777 40.5065 16.9923
v 64.0647 40.8894 17.2685
v 63.6567 41.0589 17.4756
v 63.2549 41.1844 17.6639
v 62.8155 41.3288 17.846
v 62.4703 41.0589 17.7895
v 61.9556 41.1844 17.9778
v 61.5162 41.3853 18.1347
v 61.6103 40.9145 17.8711
v 62.1627 40.8267 17.7957
v 61.7108 40.4689 17.4631
v 61.24 40.6258 17.7518
v 61.4095 40.2303 17.4944
v 60.9387 40.3935 17.7393
v 61.1082 39.9981 17.5447
v 61.4973 39.8098 17.2496
v 61.1521 39.5461 17.1429
v 60.8759 39.3264 17.1869
v 61.3592 39.2699 17.1053
v 61.0454 39.0188 17.1618
v 60.7441 38.7866 17.2371
v 60.6123 39.1193 17.3312
v 60.3486 38.9184 17.4442
v 60.0913 38.2781 17.1743
v 59.8653 39.0251 17.5509
v 59.6519 38.3723 17.3124
v 59.4949 38.7364 17.4066
v 59.3003 39.113 17.6765
v 59.0241 38.8933 17.7455
v 58.9676 39.3955 18.0594
v 58.6852 39.1758 18.0845
v 58.5345 39.4771 18.3105
v 58.8358 39.7219 18.323
v 59.1434 39.9604 18.3419
v 58.9739 40.2805 18.4235
v 59.2627 40.5002 18.3732
v 58.7354 40.5881 18.5553
v 59.0241 40.8141 18.5365
v 59.564 40.7388 18.323
v 59.3066 41.0338 18.5427
v 59.6519 41.3037 18.5302
v 59.1246 41.3665 18.7436
v 59.4698 41.6364 18.7499
v 59.7837 41.8812 18.7875
v 60.5369 41.4983 18.4423
v 59.5389 42.0946 18.8754
v 59.043 42.17 18.9319
v 58.7856 42.3959 18.9759
v 58.591 42.6847 19.0575
v 58.2583 42.4273 19.07
v 57.9256 42.1637 19.0637
v 57.7059 42.3771 19.0951
v 57.3732 42.1197 19.0512
v 57.1912 42.3959 19.1893
v 56.8836 42.5968 19.1391
v 56.9025 43.099 19.1642
v 56.6451 43.2873 19.1642
v 56.2747 43.4693 19.2269
v 56.1931 43.8836 19.2834
v 55.8228 44.0531 19.2772
v 55.4964 43.802 19.2834
v 55.2453 44.0154 19.4655
v 54.9377 43.7706 19.4592
v 54.492 43.9025 19.7605
v 54.1907 43.6702 19.7856
v 53.8894 43.4317 19.7919
v 53.5379 43.6576 20.0179
v 52.9667 43.7518 20.3568
v 52.4645 43.8397 20.6079
v 52.2323 43.6639 20.8025
v 51.8556 43.8711 20.9783
v 51.6736 43.7267 21.2796
v 51.4099 43.5258 21.3675
v 51.14 43.3124 21.4867
v 50.8011 43.5823 21.5809
v 50.4872 43.3375 21.5244
v 50.1671 43.5949 21.7378
v 49.872 43.3689 21.7817
v 49.5456 43.4944 21.7064
v 49.2318 43.2496 21.7378
v 48.9116 42.9985 21.7629
v 48.6543 42.7977 21.8822
v 48.9807 42.6721 21.8006
v 49.1502 42.2892 22.1019
v 49.464 42.0005 21.9889
v 49.238 41.8184 22.1521
v 49.1251 41.2284 22.3279
v 48.8049 40.9773 22.3718
v 48.8551 40.5316 22.3404
v 48.5915 40.3308 22.4848
v 48.8991 40.0232 22.3279
v 48.9681 39.5775 22.2023
v 49.1878 39.2699 22.1458
v 49.0435 39.1569 22.5978
v 49.0623 38.7615 22.4597
v 48.8049 38.5606 22.6292
v 48.5413 38.3597 22.7547
v 48.7798 38.0835 22.5413
v 49.1062 37.8576 22.2211
v 49.1251 37.4056 22.0328
v 49.351 37.1922 21.9701
v 49.3573 36.7088 21.9701
v 49.4766 36.3636 21.7001
v 49.2129 36.1627 21.8131
v 48.9681 35.9681 21.9387
v 48.6919 35.7484 22.014
v 48.3781 35.5036 22.0642
v 48.5538 35.2211 21.9324
v 48.7673 35.0014 21.7755
v 48.943 34.7001 21.6688
v 49.1125 34.4114 21.4239
v 49.2945 34.0913 21.2796
v 49.3699 33.746 20.9594
v 49.1062 33.5389 21.0348
v 48.8426 33.3317 21.1729
v 49.056 33.0241 20.9092
v 49.2067 32.6475 20.6456
v 48.9116 32.4153 20.6644
v 49.0183 32.0512 20.3066
v 48.7547 31.8378 20.4384
v 48.9054 31.5365 20.3192
v 49.0183 31.0845 20.0304
v 49.2443 30.733 19.999
v 49.3385 30.3187 19.6726
v 48.6794 30.2936 19.4341
v 48.3153 30.0111 19.2772
v 47.9763 29.7475 19.2395
v 48.0956 29.3457 19.0072
v 48.5099 29.239 18.8754
v 48.422 29.6031 19.0323
v 49.0748 29.6784 19.3462
v 49.2004 29.2955 19.2332
v 49.2192 28.831 18.8064
v 49.5456 29.0884 18.8189
v 49.5205 28.5987 18.3419
v 49.1941 28.3414 18.3168
v 49.5205 28.2033 17.9025
v 49.8909 28.4858 18.0029
v 50.1608 28.2284 17.5823
v 49.759 27.9145 17.4003
v 49.3887 27.6258 17.3815
v 49.759 27.4437 16.986
v 49.0372 27.3559 17.2245
v 49.0497 26.8914 16.8416
v 48.761 26.6654 16.9044
v 49.351 27.1236 16.7788
v 49.6398 26.8788 16.5403
v 49.7653 26.5461 16.5905
v 50.0792 26.2887 16.3646
v 50.4433 26.1067 16.1637
v 50.8136 25.9309 15.9816
v 51.0647 25.7175 15.7055
v 51.3786 25.9623 15.7306
v 51.705 26.2134 15.7619
v 52.0314 26.4708 15.7368
v 52.3201 26.6968 15.7306
v 52.6089 26.9227 15.7117
v 52.9416 27.1801 15.6992
v 53.2178 27.3935 15.6741
v 53.5505 27.6509 15.6992
v 53.902 27.9271 15.6866
v 54.2096 28.1656 15.6866
v 54.5485 28.4355 15.7494
v 54.8875 28.6992 15.7306
v 55.1762 28.9252 15.7306
v 55.4713 29.1511 15.6929
v 55.7851 29.3959 15.6615
v 56.1115 29.2013 15.3979
v 56.4505 29.465 15.5046
v 56.7769 29.7224 15.5234
v 57.1661 30.0237 15.6803
v 57.5302 29.8605 15.5674
v 57.8817 30.1304 15.6552
v 58.2458 30.4128 15.7306
v 58.5785 30.6765 15.7808
v 58.8735 30.9025 15.7619
v 59.1999 31.1598 15.7933
v 59.5075 31.3984 15.7996
v 59.8088 31.6369 15.8122
v 60.1289 31.8817 15.7871
v 60.1352 32.3399 15.9691
v 60.3988 32.5408 15.9
v 60.6688 32.7542 15.7996
v 60.9387 32.9614 15.7055
v 61.2211 33.1811 15.6552
v 61.5476 33.4384 15.6113
v 61.8363 33.6644 15.536
v 62.1188 33.8841 15.4983
v 62.4954 34.1791 15.5925
v 62.8093 34.4239 15.5862
v 63.1043 34.6499 15.6113
v 63.3868 34.8696 15.5171
v 63.6943 35.1144 15.492
v 63.9705 35.3279 15.492
v 64.2467 35.5413 15.3539
v 64.6359 35.8426 15.4795
v 64.9309 36.0748 15.4606
v 65.2636 36.3322 15.4669
v 65.5838 36.5833 15.4669
v 65.86 36.7967 15.4167
v 66.1487 37.0227 15.3351
v 66.4061 37.2236 15.2158
v 66.6446 37.4056 15.1091
v 67.0275 37.2612 14.9647
v 67.3163 37.4809 14.8831
v 67.5674 37.6818 14.7513
v 67.8435 37.8952 14.676
v 67.8059 38.3158 14.8141
v 68.0758 38.5229 14.7011
v 68.3143 38.7112 14.5505
v 68.2453 39.1067 14.6823
v 67.9879 39.3076 14.8769
v 67.6992 39.5524 15.1405
v 67.4481 39.3578 15.2786
v 67.0652 39.5273 15.5422
v 66.7513 39.2825 15.5422
v 66.4186 39.5273 15.718
v 66.0671 39.2511 15.6176
v 65.6905 39.3955 15.6992
v 65.3452 39.5963 15.8624
v 65.0251 39.8223 16.3143
v 64.7426 39.6026 16.3834
v 64.4413 39.8411 16.7098
v 64.3283 40.1487 16.8918
v 63.8576 40.2554 16.9985
v 63.7948 40.6823 17.325
v 63.3679 40.8329 17.4693
v 62.8971 40.902 17.5823
v 62.5519 40.6321 17.5321
v 62.1439 40.3182 17.3187
v 61.8112 40.0608 17.2496
v 61.9681 39.7407 17.0927
v 61.648 39.4959 17.0927
v 61.7547 39.0942 17.0048
v 61.4597 38.8619 17.0362
v 61.1709 38.6359 17.0927
v 60.8696 38.4037 17.0802
v 60.5934 38.184 17.1492
v 60.2356 37.9015 17.099
v 59.7774 38.0333 17.1555
v 59.3443 38.1275 17.3501
v 59.2062 38.5167 17.4568
v 58.7479 38.6799 17.7769
v 58.3462 38.9058 18.0594
v 58.2144 39.2323 18.2477
v 58.0323 39.5398 18.5051
v 58.3588 39.7972 18.5239
v 58.7103 40.0734 18.5741
v 58.4404 40.3559 18.6118
v 58.1328 40.5881 18.6808
v 58.4969 40.8769 18.7185
v 58.817 41.128 18.7436
v 58.6161 41.379 18.844
v 58.9425 41.6301 18.8817
v 59.2376 41.8624 18.8629
v 58.7731 41.9565 19.0512
v 58.4906 42.17 19.0575
v 58.1893 41.9314 19.07
v 57.8566 41.6678 18.9821
v 57.6181 41.9252 18.9884
v 57.2979 41.6741 18.9759
v 57.0343 41.8498 18.9947
v 56.8146 42.1009 19.0261
v 56.5447 42.3394 19.0888
v 56.6012 42.8605 19.1328
v 56.3375 43.0488 19.1516
v 55.9483 43.212 19.1767
v 55.8793 43.6388 19.2772
v 55.5654 43.394 19.2332
v 55.2013 43.5698 19.3085
v 54.8812 43.3187 19.365
v 54.6238 43.5258 19.4529
v 54.3225 43.2873 19.522
v 54.0715 43.099 19.704
v 53.8518 42.9232 19.9614
v 53.6823 43.2685 20.043
v 53.3119 43.4756 20.2376
v 53.0859 43.2999 20.3945
v 52.7407 43.576 20.564
v 52.5273 42.8667 20.564
v 52.0753 43.055 21.1038
v 52.0377 43.5133 21.1038
v 51.774 43.3061 21.2231
v 51.5229 43.1053 21.3988
v 51.1777 42.8353 21.3737
v 50.8262 43.0676 21.493
v 50.4935 42.804 21.4491
v 50.1796 43.0927 21.493
v 49.508 43.0802 21.675
v 49.2255 42.8667 21.7064
v 49.6084 42.647 21.6688
v 49.4138 42.4964 21.9073
v 49.8783 42.3269 21.5558
v 49.8093 41.7619 21.7064
v 49.6398 41.6301 22.0642
v 49.6335 41.1405 21.9889
v 49.351 40.9208 22.0391
v 49.1062 40.7325 22.2274
v 49.1439 40.2115 22.1458
v 49.2318 39.7846 22.1019
v 49.4577 39.4833 22.0328
v 49.6461 39.226 21.7315
v 49.4577 39.0753 22.0203
v 49.2757 38.9309 22.3153
v 49.351 38.5292 22.2902
v 49.056 38.297 22.3969
v 49.3196 38.027 22.0266
v 49.4075 37.6253 21.9387
v 49.6147 37.3993 21.9387
v 49.6335 36.9285 21.9073
v 49.8093 36.621 21.7629
v 49.9662 36.3259 21.5118
v 49.6774 36.0999 21.562
v 49.3824 35.8677 21.606
v 49.1439 35.6857 21.8069
v 48.8677 35.466 21.8947
v 49.0497 35.2274 21.7001
v 49.238 34.9324 21.6123
v 49.4013 34.6311 21.3675
v 49.577 34.311 21.198
v 49.6398 33.9532 20.8402
v 49.6021 33.451 20.6832
v 49.3636 33.2627 20.8276
v 49.4891 32.8672 20.5765
v 49.6272 32.522 20.2627
v 49.3134 32.2772 20.2627
v 49.4389 31.9507 20.0869
v 49.169 31.7436 20.1936
v 49.3448 31.3356 20.0179
v 49.5393 30.9652 19.8986
v 49.6837 30.5886 19.7354
v 49.8846 30.7455 19.478
v 49.7402 30.1994 19.4153
v 49.4264 29.9483 19.4215
v 48.9116 29.986 19.409
v 49.5205 29.5403 19.2521
v 49.9034 29.3646 18.9194
v 49.8658 28.8687 18.4737
v 50.2361 28.7557 18.1159
v 50.5249 28.5109 17.7016
v 50.7571 28.2221 17.168
v 50.4119 27.9522 17.099
v 50.0604 27.676 16.9609
v 50.2424 27.3559 16.4462
v 49.9223 27.1048 16.4462
v 50.0164 26.7407 16.4775
v 50.393 26.5273 16.3394
v 50.7822 26.3704 16.17
v 51.1212 26.1632 15.9565
v 51.4225 26.3955 15.9377
v 51.7364 26.6465 15.9565
v 52.0314 26.8725 15.944
v 52.3578 27.1299 15.944
v 52.6842 27.381 15.9189
v 53.0043 27.6321 15.9126
v 53.3119 27.8643 15.8938
v 53.6634 28.1405 15.944
v 53.9899 28.3979 15.9691
v 54.31 28.649 16.0005
v 54.6113 28.8812 15.9691
v 54.8938 29.1009 15.944
v 55.1762 29.3206 15.9
v 55.5278 29.5968 15.9252
v 55.8667 29.8605 15.944
v 56.1178 29.6533 15.7368
v 56.4379 29.8981 15.7933
v 56.8271 30.212 15.9
v 57.1787 30.4819 15.9691
v 57.5113 30.2936 15.8247
v 57.8691 30.5698 15.9189
v 58.2081 30.8334 15.944
v 58.5282 31.0845 15.9691
v 58.8735 31.3544 15.9754
v 59.2062 31.6118 15.9816
v 59.52 31.8566 16.0193
v 59.8339 32.1014 15.9942
v 59.7648 32.4969 16.1323
v 60.0473 32.7166 16.0821
v 60.3047 32.9174 15.9314
v 60.6562 33.1873 15.9377
v 60.9198 33.4008 15.8624
v 61.2086 33.6205 15.7871
v 61.535 33.8778 15.7808
v 61.8175 34.0975 15.7557
v 62.1313 34.3423 15.7933
v 62.4829 34.6123 15.8498
v 62.7842 34.8508 15.8749
v 63.0729 35.0768 15.8122
v 63.393 35.3279 15.7431
v 63.6881 35.5538 15.718
v 63.9768 35.7798 15.6678
v 64.297 36.0309 15.6176
v 64.592 36.2569 15.6239
v 64.9121 36.508 15.649
v 65.2197 36.7465 15.6113
v 65.4771 36.9474 15.5485
v 65.7533 37.1608 15.5046
v 66.0671 37.4056 15.4104
v 66.3245 37.6065 15.3037
v 66.5881 37.8136 15.1782
v 66.9145 37.619 15.0212
v 67.2158 37.8513 14.9334
v 67.4795 38.0584 14.8329
v 67.3916 38.4413 14.8518
v 67.7431 38.7175 14.8957
v 68.0005 38.9121 14.8267
v 67.718 39.1004 15.015
v 67.423 38.8682 15.084
v 67.128 39.1067 15.2849
v 66.8141 38.8619 15.2786
v 66.4312 39.0314 15.492
v 66.1487 38.8117 15.5548
v 65.747 39 15.6678
v 65.4457 39.2071 15.8875
v 65.0879 39.4017 15.9879
v 64.818 39.1883 16.0884
v 64.4037 39.339 16.2641
v 64.1149 39.5838 16.7035
v 64.027 39.9102 16.8793
v 63.5311 40.0043 17.0111
v 63.4621 40.4249 17.2622
v 63.0101 40.5567 17.3877
v 62.6021 40.2366 17.1429
v 62.2883 39.9918 17.0802
v 62.4201 39.6089 17.0927
v 62.0811 39.3452 17.1115
v 61.8928 38.7238 16.7475
v 61.6229 38.5104 16.8605
v 61.3279 38.2781 16.9169
v 61.0328 38.0521 16.9483
v 60.719 37.8073 16.986
v 60.4051 37.5625 17.0237
v 59.9469 37.6818 17.1366
v 59.5263 37.8324 17.212
v 59.043 37.8952 17.4128
v 58.9488 38.3158 17.576
v 58.4592 38.4539 17.8648
v 58.0512 38.6799 18.1724
v 57.9319 39.0063 18.3419
v 57.7373 39.3139 18.5302
v 57.5553 39.6717 18.7624
v 57.8691 39.9102 18.6871
v 58.1516 40.1299 18.6306
v 57.8378 40.3621 18.7059
v 57.6557 40.6258 18.8064
v 57.9821 40.8769 18.8252
v 58.3274 41.1468 18.8817
v 58.07 41.4104 18.9319
v 58.478 41.7306 19.1328
v 57.7624 41.1719 18.9068
v 57.5176 41.4041 18.9633
v 56.9841 41.4293 18.9633
v 56.7141 41.5987 19.0323
v 56.4944 41.8561 19.0386
v 56.2308 42.0884 19.0763
v 56.2873 42.6219 19.1328
v 56.0299 42.8102 19.1265
v 55.6533 42.986 19.2521
v 55.2955 43.1806 19.3085
v 55.0068 42.9546 19.4215
v 54.6176 43.1115 19.4466
v 54.3728 42.9232 19.5596
v 54.1405 42.7412 19.7479
v 53.8957 42.5529 19.9174
v 53.6258 42.7475 20.1183
v 53.45 43.0927 20.2627
v 53.155 42.8605 20.3254
v 52.816 43.0927 20.4698
v 52.86 42.6282 20.4008
v 52.5838 42.4085 20.5075
v 52.2825 42.1762 20.4887
v 52.113 42.534 21.0222
v 51.8493 42.8793 21.2859
v 51.4539 42.5717 21.1478
v 51.1086 42.3018 21.0473
v 50.8701 42.5968 21.3172
v 50.55 42.3457 21.2921
v 50.1482 42.534 21.4177
v 49.8595 42.8479 21.5369
v 50.2675 42.1197 21.3549
v 50.0164 41.9252 21.4742
v 50.029 41.4544 21.5307
v 49.8532 41.31 21.8445
v 49.9474 40.8392 21.8131
v 49.6712 40.6258 21.8947
v 49.4013 40.4124 22.0517
v 49.4577 39.9604 21.9324
v 49.6774 39.6528 21.8194
v 49.9285 39.4457 21.6876
v 50.0164 39.0502 21.6185
v 49.7465 38.8431 21.7629
v 49.5958 38.7175 22.1584
v 49.5707 38.2279 21.8947
v 49.69 37.845 21.8382
v 49.916 37.6379 21.8633
v 49.9034 37.1357 21.8257
v 50.1294 36.8783 21.832
v 50.3114 36.5958 21.5934
v 50.506 36.3636 21.4114
v 50.211 36.1313 21.4491
v 49.8783 35.874 21.4742
v 49.5582 35.6229 21.4867
v 49.3259 35.4408 21.606
v 49.5331 35.1584 21.5369
v 49.6712 34.8445 21.2921
v 49.8595 34.5307 21.1038
v 49.985 34.2294 20.8527
v 49.9034 33.6895 20.6895
v 50.0352 33.2941 20.338
v 49.7779 33.0932 20.5012
v 49.8971 32.7354 20.1748
v 49.7842 32.2207 20.1183
v 49.9223 31.7875 19.9802
v 49.621 31.5553 19.9551
v 49.7779 31.1535 19.7166
v 50.1608 30.959 19.4278
v 50.3114 30.6451 19.2646
v 50.0227 30.4191 19.2834
v 50.1043 29.9985 19.1767
v 49.803 29.7663 19.2583
v 50.2424 29.6282 18.957
v 50.2487 29.1637 18.5992
v 50.9517 29.3143 18.2979
v 50.8638 28.7745 17.6953
v 51.0835 28.4795 17.2183
v 51.0082 27.9522 16.7286
v 50.6379 27.6572 16.6156
v 50.6127 27.2052 16.3771
v 50.3114 26.973 16.4022
v 50.6943 26.7658 16.3018
v 51.0835 26.6026 16.1009
v 51.4162 26.86 16.1386
v 51.7175 27.0985 16.0758
v 52.0377 27.3433 16.0946
v 52.3515 27.5881 16.0821
v 52.6968 27.858 16.1574
v 52.9981 28.0903 16.1511
v 53.3182 28.3414 16.17
v 53.6321 28.5862 16.1951
v 53.9773 28.8561 16.2327
v 54.31 29.1135 16.2327
v 54.6238 29.3583 16.2076
v 54.9189 29.5905 16.1511
v 55.2704 29.8605 16.2076
v 55.578 30.1053 16.1951
v 55.8918 30.3501 16.2139
v 56.2434 30.1555 16.0884
v 56.576 30.4128 16.1072
v 56.9213 30.6828 16.17
v 57.2916 30.9715 16.2955
v 57.5741 30.7895 16.1574
v 57.9194 31.0594 16.1825
v 58.2207 31.2916 16.17
v 58.5471 31.549 16.2076
v 58.8735 31.8001 16.2014
v 59.156 32.0198 16.1951
v 59.4761 32.2709 16.2076
v 59.5075 32.6977 16.3081
v 59.7837 32.9112 16.2265
v 60.0661 33.1371 16.1574
v 60.3926 33.3882 16.1574
v 60.6625 33.5954 16.0758
v 60.9261 33.8025 15.9942
v 61.2149 34.0285 15.944
v 61.5099 34.2607 15.9503
v 61.8175 34.4993 15.9126
v 62.1815 34.7817 15.9754
v 62.508 35.0328 15.9691
v 62.8281 35.2902 16.0068
v 63.1357 35.5224 15.944
v 63.4181 35.7484 15.8938
v 63.7006 35.9681 15.8498
v 63.9894 36.1941 15.7871
v 64.253 36.4013 15.6992
v 64.5794 36.6523 15.7933
v 64.8933 36.8971 15.7368
v 65.2009 37.1357 15.6992
v 65.5022 37.3679 15.6427
v 65.7909 37.6002 15.5736
v 66.0734 37.8136 15.4858
v 66.3245 38.0145 15.3602
v 66.5944 38.2216 15.2598
v 66.8706 38.0333 15.0526
v 67.1342 38.2405 14.971
v 67.1028 38.6171 15.0338
v 66.8455 38.4162 15.128
v 66.5505 38.661 15.4104
v 66.2303 38.4099 15.4418
v 65.8537 38.5794 15.6552
v 65.5524 38.8493 15.9126
v 65.2197 39.0251 16.0884
v 64.9247 38.7929 16.1762
v 64.5731 38.9937 16.2516
v 64.1086 39.1067 16.3646
v 63.7822 39.3264 16.7286
v 63.7195 39.6717 16.8856
v 63.1796 39.7281 16.9358
v 63.098 40.1424 17.2057
v 62.7214 39.8474 17.055
v 62.9474 39.5461 17.0802
v 63.3805 39.408 16.8291
v 63.1294 38.818 16.6156
v 63.4307 39.0502 16.6156
v 63.6065 38.7112 16.5152
v 63.2675 38.4539 16.5215
v 62.9599 38.2091 16.534
v 62.5205 38.3409 16.6094
v 62.7026 38.0082 16.6219
v 62.2632 38.14 16.7161
v 62.0811 38.3911 16.76
v 61.7861 38.1651 16.8479
v 61.5162 37.9517 16.9232
v 61.2274 37.732 16.9546
v 60.9261 37.4935 16.9672
v 60.606 37.2424 16.9546
v 60.0975 37.3177 17.0362
v 59.6644 37.4621 17.2245
v 59.2187 37.5939 17.2685
v 58.9174 37.3617 17.3061
v 58.9049 37.7885 17.802
v 58.7668 38.1714 17.9025
v 58.591 38.027 18.2352
v 58.3274 38.3534 18.2289
v 57.9382 38.592 18.6243
v 57.7875 38.8996 18.7624
v 57.4988 39.1318 18.6683
v 57.2728 39.4457 18.7813
v 57.2854 39.9353 18.888
v 57.5804 40.1613 18.8001
v 57.367 40.3998 18.8629
v 57.1661 40.7011 18.9131
v 57.4486 40.9271 18.8943
v 57.1912 41.1468 18.957
v 56.689 41.197 18.9633
v 56.394 41.3477 19.0135
v 56.1931 41.6176 19.0449
v 55.9734 41.8875 19.1642
v 55.9609 42.3646 19.1579
v 55.76 42.5968 19.2144
v 55.3834 42.7726 19.3901
v 55.0758 42.534 19.4278
v 54.7243 42.7412 19.4655
v 54.4732 42.5403 19.6475
v 54.2033 42.3269 19.7982
v 53.9396 42.1197 19.8986
v 53.6697 42.3708 20.0681
v 53.3998 42.5717 20.2941
v 53.1236 42.352 20.338
v 52.8349 42.126 20.4008
v 52.5147 41.8812 20.3757
v 51.9623 41.9252 20.4573
v 51.6861 42.2013 20.8276
v 51.3786 41.9691 20.859
v 51.1337 41.7745 21.0159
v 50.8638 42.1072 21.2042
v 50.6441 41.9377 21.4804
v 50.3679 41.718 21.5558
v 50.8576 41.0589 21.5056
v 50.1796 41.0212 21.6562
v 50.3052 40.6258 21.7378
v 50.029 40.4061 21.8571
v 49.7402 40.1801 21.8696
v 49.9411 39.86 21.6876
v 50.2298 39.6779 21.5997
v 50.2926 39.2699 21.5872
v 50.3868 38.8619 21.5746
v 50.0604 38.6108 21.5683
v 49.8281 38.4225 21.8069
v 49.9787 38.071 21.788
v 50.1796 37.845 21.8006
v 50.2173 37.3868 21.7755
v 50.4119 37.098 21.7064
v 50.5939 36.8155 21.5307
v 50.7822 36.5833 21.2921
v 50.8764 36.2129 21.1101
v 50.6504 36.0372 21.2796
v 50.4056 35.8426 21.3675
v 50.1043 35.6103 21.4302
v 49.7904 35.3655 21.4239
v 49.9348 35.0517 21.1666
v 50.142 34.7566 21.0536
v 50.2612 34.4365 20.746
v 50.2236 33.9343 20.6707
v 50.3177 33.5138 20.225
v 50.393 33.1246 19.9112
v 50.1357 32.9237 20.0367
v 50.098 32.4717 20.0618
v 50.1985 32.001 19.8672
v 50.098 31.3984 19.7166
v 50.4746 31.21 19.4592
v 50.5876 30.8585 19.1704
v 50.6504 30.4254 19.0261
v 50.3679 30.2057 19.1077
v 50.55 29.873 18.9507
v 50.6127 29.4462 18.6369
v 50.9203 29.691 18.6118
v 51.2279 29.534 18.2728
v 51.2216 29.057 17.802
v 51.4225 28.7431 17.2559
v 51.3848 28.2409 16.8793
v 51.3848 27.8078 16.5905
v 50.9956 27.5002 16.4775
v 51.0082 27.0106 16.3081
v 51.3409 27.268 16.3143
v 51.6359 27.494 16.2767
v 51.9686 27.7576 16.3897
v 52.2762 28.0024 16.3834
v 52.634 28.2786 16.4399
v 52.9667 28.5297 16.4713
v 53.3119 28.7996 16.465
v 53.6321 29.0507 16.4587
v 53.9522 29.2955 16.4964
v 54.2786 29.5591 16.4964
v 54.605 29.8102 16.5278
v 54.9252 30.0613 16.6031
v 55.2327 30.2999 16.5717
v 55.534 30.5321 16.5466
v 55.8165 30.7581 16.5089
v 56.1994 30.5886 16.2076
v 56.5258 30.8397 16.2641
v 56.8397 31.0845 16.3018
v 57.2414 31.3984 16.465
v 57.6494 31.2477 16.4022
v 57.9507 31.4862 16.3959
v 58.2646 31.7248 16.4273
v 58.5659 31.9633 16.4148
v 58.8735 32.2018 16.3771
v 59.2062 32.4592 16.3771
v 59.1685 32.8986 16.4964
v 59.4447 33.1183 16.4211
v 59.7209 33.3317 16.3583
v 60.0034 33.5514 16.3206
v 60.311 33.79 16.2641
v 60.606 34.0222 16.1888
v 60.9073 34.2607 16.1449
v 61.2086 34.493 16.1072
v 61.4973 34.719 16.0381
v 61.8426 34.9826 16.1197
v 62.1627 35.2337 16.1197
v 62.4829 35.4848 16.17
v 62.7779 35.7108 16.1449
v 63.0478 35.9305 16.1009
v 63.3679 36.1753 16.0758
v 63.6755 36.4201 16.0256
v 63.9517 36.6272 15.9
v 64.2844 36.8909 15.9628
v 64.5857 37.1231 15.9063
v 64.8682 37.3491 15.8373
v 65.182 37.5876 15.8687
v 65.4519 37.8011 15.7933
v 65.7093 38.0019 15.6803
v 65.9478 38.1902 15.5548
v 65.6465 38.4162 15.8498
v 65.3327 38.6799 16.0758
v 65.0439 38.4539 16.1323
v 64.6296 38.5669 16.2453
v 64.3095 38.7866 16.3708
v 64.0082 38.5543 16.4211
v 63.8701 38.9247 16.4713
v 63.6943 38.3095 16.4462
v 63.3617 38.0521 16.4399
v 63.0855 37.8387 16.5027
v 62.8155 37.6253 16.5591
v 62.5017 37.3805 16.534
v 62.4201 37.7885 16.7788
v 61.987 37.9203 16.8479
v 61.6982 37.7006 16.8605
v 61.3718 37.4433 16.8542
v 61.0328 37.1796 16.8542
v 60.7378 36.9474 16.8793
v 60.3235 37.0227 16.9985
v 59.8339 37.1168 17.1304
v 59.3945 37.2487 17.4066
v 59.112 37.0227 17.438
v 58.8295 37.2863 17.7769
v 58.7605 37.6755 18.1724
v 58.6287 37.5751 18.5741
v 58.4341 37.914 18.6306
v 58.2269 38.2781 18.7122
v 57.6871 38.3974 18.7875
v 57.2226 38.4602 18.9319
v 56.9778 38.7175 18.8817
v 56.9841 39.2197 18.8566
v 56.9966 39.7093 18.888
v 57.0468 40.155 18.9005
v 56.8585 40.4689 18.9445
v 56.8899 40.9145 18.9633
v 56.4003 40.9773 19.0261
v 56.1115 41.128 19.0449
v 55.8856 41.379 19.0888
v 55.3897 41.4355 19.2834
v 55.7726 41.7368 19.3964
v 55.6972 42.1637 19.3023
v 55.5027 42.3959 19.3588
v 55.1825 42.1511 19.3023
v 54.8373 42.3457 19.5534
v 54.5736 42.1386 19.6538
v 54.2723 41.9063 19.6663
v 53.9773 41.6741 19.6852
v 53.6383 41.8875 19.9174
v 53.381 42.1511 20.156
v 53.0985 41.9252 20.2438
v 52.7972 41.6866 20.2501
v 52.4708 41.4355 20.2941
v 52.2197 41.6427 20.4322
v 51.8996 41.3979 20.4447
v 51.661 41.6929 20.4824
v 51.4099 41.492 20.5954
v 51.1777 41.31 20.7774
v 51.1463 41.2786 21.4365
v 51.0208 41.6803 21.4804
v 51.297 40.9208 21.3047
v 51.2907 40.5128 21.0975
v 51.1086 40.7764 21.5369
v 51.0459 40.3182 21.2733
v 50.8513 40.5756 21.6625
v 50.6316 40.8831 21.7253
v 50.5625 40.3496 21.6939
v 50.2424 40.0985 21.6499
v 50.5186 39.9039 21.4867
v 50.5249 39.452 21.3926
v 50.6441 39.0628 21.4365
v 50.7508 38.6799 21.4616
v 50.5249 38.4978 21.5934
v 50.2612 38.297 21.7441
v 50.4684 38.0647 21.7629
v 50.7257 37.7822 21.5809
v 50.4935 37.6002 21.719
v 50.6818 37.3114 21.5683
v 50.8387 37.0101 21.3926
v 50.9956 36.7465 21.0348
v 51.071 36.3636 20.8025
v 51.0333 35.9116 20.7146
v 50.7822 35.717 20.8716
v 50.5437 35.5224 21.0473
v 50.2675 35.309 21.1729
v 50.4119 34.9638 20.9343
v 50.5374 34.6562 20.6895
v 50.7006 34.311 20.4322
v 50.4684 34.1289 20.564
v 50.6127 33.746 20.1936
v 50.7195 33.3757 19.9112
v 50.8952 33.0869 19.6977
v 50.6253 32.8798 19.8421
v 50.3742 32.6852 20.0179
v 50.5123 32.252 19.9049
v 50.7257 31.8943 19.6852
v 50.4182 31.6557 19.7103
v 50.7885 31.4486 19.4278
v 50.8764 31.0845 19.07
v 50.9768 30.6765 18.9884
v 51.0898 30.2936 18.775
v 50.8199 30.0802 18.8817
v 51.2154 29.9169 18.5616
v 51.5041 29.7475 18.1787
v 51.4915 29.2641 17.7204
v 51.7552 29.0005 17.2496
v 51.7175 28.5046 16.9672
v 51.7175 28.0715 16.6784
v 52.0753 28.3414 16.7412
v 52.4394 28.6301 16.7977
v 52.7281 28.8561 16.7977
v 53.042 29.1009 16.8228
v 53.3433 29.3332 16.7726
v 53.6258 29.5591 16.7726
v 53.9459 29.804 16.76
v 54.3539 30.1241 16.873
v 54.6866 30.3815 16.9609
v 54.9942 30.62 16.9232
v 55.352 30.9025 16.9483
v 55.6345 31.1159 16.9358
v 56.1743 31.0343 16.5278
v 56.507 31.2916 16.5278
v 56.8209 31.5365 16.5717
v 57.1912 31.8252 16.6659
v 57.6243 31.6997 16.5843
v 57.9507 31.9507 16.6031
v 58.2834 32.2081 16.6282
v 58.591 32.4529 16.5968
v 58.8923 32.6852 16.5717
v 58.7605 33.0492 16.7788
v 59.0744 33.2941 16.7161
v 59.3757 33.5263 16.6282
v 59.6581 33.7523 16.5717
v 59.9594 33.9845 16.4964
v 60.2294 34.198 16.3959
v 60.5055 34.4114 16.3457
v 60.8069 34.6436 16.2704
v 61.0893 34.8633 16.2327
v 61.3718 35.083 16.2139
v 61.6919 35.3341 16.2265
v 62.0435 35.6041 16.2704
v 62.3448 35.8426 16.2767
v 62.6649 36.0937 16.2076
v 62.9913 36.351 16.2516
v 63.2675 36.5582 16.1825
v 63.5814 36.803 16.1449
v 63.8701 37.029 16.0884
v 64.14 37.2424 16.0633
v 64.4664 37.4935 16.0695
v 64.7301 37.7006 15.9816
v 65.0377 37.9454 16.0068
v 65.3766 38.2091 15.9816
v 64.7301 38.2091 16.1574
v 64.3472 38.3472 16.2767
v 64.0459 38.1149 16.283
v 63.7132 37.8513 16.2453
v 63.4558 37.6504 16.3394
v 63.1608 37.4182 16.3708
v 62.8469 37.1733 16.3897
v 62.5393 36.9348 16.4085
v 62.1941 37.142 16.5403
v 61.7547 37.2675 16.6972
v 61.4534 37.0352 16.7537
v 61.1709 36.8155 16.7726
v 60.8822 36.5896 16.7663
v 60.4365 36.7151 16.9609
v 60.0473 36.8093 17.1053
v 59.633 36.9536 17.3815
v 59.4196 36.7904 17.5949
v 58.9865 36.9285 17.846
v 58.409 36.9662 18.3544
v 58.7166 37.2047 18.3105
v 58.3839 37.3805 18.7373
v 58.183 37.7195 18.8126
v 58.0951 37.1545 18.7624
v 57.9319 37.5249 18.9821
v 57.7875 37.9329 19.1767
v 57.4423 38.2091 18.9319
v 58.0261 38.1212 19.0261
v 56.9276 38.2279 18.9759
v 56.6765 38.4853 18.9131
v 56.6514 38.9623 18.9194
v 56.3815 39.2323 18.9445
v 56.7204 39.4896 18.9382
v 56.733 39.9102 18.957
v 56.5635 40.2366 18.9821
v 56.5572 40.6572 19.0198
v 56.0927 40.7388 19.0826
v 55.8291 40.9145 19.1328
v 55.578 41.1405 19.1642
v 55.0695 41.1844 19.2144
v 55.0507 41.6552 19.2709
v 55.4462 41.9691 19.4655
v 54.8624 41.9 19.3148
v 54.5548 41.6615 19.3399
v 54.2849 41.4418 19.4215
v 53.9836 41.2096 19.5094
v 53.6697 41.4355 19.7166
v 53.3747 41.6803 20.0367
v 53.4124 41.2347 19.8421
v 53.2492 41.1028 20.1873
v 52.5147 41.0087 20.2062
v 52.1946 41.2221 20.4259
v 51.9058 40.9961 20.3882
v 51.592 41.1593 20.451
v 51.6485 40.789 20.5326
v 51.5167 40.6886 20.9469
v 51.5292 40.2366 20.8464
v 51.2844 40.0483 21.0661
v 50.7571 40.0922 21.3549
v 50.7948 39.6654 21.2859
v 50.8638 39.2323 21.1917
v 51.1526 38.9937 20.9657
v 51.2028 38.6422 21.2105
v 50.9831 38.4727 21.38
v 50.7195 38.2656 21.5244
v 50.9956 37.9957 21.4553
v 51.184 37.7006 21.2607
v 50.9392 37.5123 21.4491
v 51.0898 37.2047 21.2796
v 51.1714 36.8846 20.7837
v 51.253 36.508 20.5012
v 51.2342 36.0686 20.4447
v 51.1589 35.5476 20.5828
v 50.914 35.353 20.7021
v 50.663 35.1584 20.8025
v 50.845 34.8947 20.6016
v 50.9643 34.5181 20.2376
v 50.914 33.9845 20.1434
v 51.0145 33.6079 19.8547
v 51.1902 33.3192 19.7166
v 51.3283 32.886 19.5157
v 51.0584 32.6726 19.6224
v 50.7885 32.4655 19.817
v 50.9831 32.0951 19.5722
v 51.0459 31.6557 19.2646
v 51.1275 31.2791 18.9947
v 51.2781 30.915 18.9382
v 51.3786 30.5196 18.7499
v 51.4978 30.1366 18.4549
v 51.8305 30.0048 18.1598
v 51.8368 29.534 17.7455
v 52.1506 29.3143 17.4066
v 52.3892 29.0256 17.0802
v 52.0628 28.7745 17.0299
v 52.703 29.2704 17.0676
v 53.0294 29.5278 17.0362
v 53.3621 29.7851 17.0676
v 53.676 30.0299 17.055
v 53.9961 30.281 17.0488
v 54.3539 30.5572 17.1618
v 54.6866 30.8146 17.212
v 55.0005 31.0657 17.2183
v 55.3081 31.3042 17.212
v 55.6156 31.5427 17.2434
v 55.9546 31.367 16.9358
v 56.2936 31.6306 16.9923
v 56.5949 31.8629 17.0237
v 56.8962 32.1014 17.0362
v 57.2226 32.3588 16.9609
v 57.5302 32.0888 16.7161
v 57.8566 32.3399 16.7788
v 58.183 32.5973 16.8102
v 58.4843 32.8358 16.7663
v 58.478 33.3317 16.9421
v 58.7731 33.564 16.8856
v 59.0744 33.7962 16.8228
v 59.3317 33.9971 16.76
v 59.6079 34.2168 16.691
v 59.8841 34.4302 16.6031
v 60.1729 34.6562 16.5466
v 60.4804 34.8947 16.4838
v 60.7943 35.1395 16.4399
v 61.0642 35.353 16.3897
v 61.3906 35.6041 16.3771
v 61.7233 35.8614 16.3771
v 62.0058 36.0874 16.3708
v 62.3008 36.3134 16.352
v 62.6084 36.5519 16.3206
v 62.8783 36.7653 16.2955
v 63.1984 37.0164 16.2767
v 63.5311 37.2738 16.2453
v 63.7948 37.4809 16.1574
v 64.14 37.7508 16.2076
v 64.4602 37.9957 16.17
v 62.2318 36.6963 16.4336
v 61.8928 36.9034 16.5717
v 61.5978 36.6774 16.6408
v 61.2965 36.4389 16.6721
v 60.9952 36.2004 16.6972
v 60.5997 36.3699 16.8793
v 60.3423 36.1627 16.9797
v 60.2231 36.5456 17.1743
v 59.972 36.351 17.2559
v 59.6519 36.1062 17.2308
v 59.3694 35.8802 17.3312
v 59.4886 36.3761 18.0908
v 59.0492 36.508 18.1975
v 58.8358 36.8155 18.2916
v 58.6098 36.6398 18.4297
v 58.1077 36.7339 18.3607
v 57.7624 36.8971 18.7436
v 57.4297 37.1294 19.2144
v 57.7436 37.3742 19.2207
v 57.5302 37.732 19.296
v 57.2916 38.0898 19.2332
v 57.0406 37.8889 19.3901
v 56.7581 38.0961 19.3274
v 56.4128 38.2844 19.0449
v 56.0613 38.4978 18.9256
v 56.3501 38.7301 18.9256
v 56.0864 38.9937 18.9507
v 56.1178 39.4268 18.9068
v 56.4379 39.6779 18.9319
v 56.2496 39.9918 18.9759
v 56.3124 40.4689 19.1391
v 56.0425 40.2554 19.1893
v 55.4273 40.2178 19.0072
v 55.2327 40.8769 19.1202
v 54.9628 40.6634 19.1704
v 54.492 41.2158 19.3148
v 54.7682 41.4355 19.2834
v 54.1782 40.9773 19.3776
v 53.6509 40.9522 19.5094
v 53.4061 40.7639 19.6224
v 52.9792 40.8957 20.3066
v 53.0043 40.4437 20.0932
v 52.6465 40.6321 20.2941
v 52.2825 40.8267 20.3317
v 51.9749 40.5818 20.3757
v 51.7175 40.3872 20.5514
v 51.7489 39.9353 20.3757
v 51.6045 39.816 20.7335
v 51.366 39.6277 20.9029
v 51.0647 39.8725 21.2482
v 51.1212 39.4394 21.0599
v 51.3786 39.1695 20.7586
v 51.3786 38.7803 20.8339
v 51.4288 38.3346 21.0724
v 51.2028 38.1589 21.267
v 51.4162 37.8827 21.0661
v 51.297 37.3679 21.0222
v 51.5292 37.1671 20.8527
v 51.7301 37.3177 20.5891
v 51.6673 36.8344 20.7084
v 51.887 37.0039 20.4447
v 51.7803 36.4954 20.3066
v 51.4539 36.238 20.2438
v 51.6045 35.8991 20.0932
v 51.3911 35.7359 20.3568
v 51.3158 35.2651 20.3129
v 51.1024 35.1019 20.5075
v 51.3032 34.7817 20.269
v 51.4915 34.9324 19.9865
v 51.4351 34.3863 19.8986
v 51.1714 34.1791 19.999
v 51.3346 33.859 19.8421
v 51.4978 33.564 19.7103
v 51.6422 33.1371 19.5471
v 51.7426 32.6852 19.2207
v 51.5104 32.5094 19.365
v 51.2593 32.3085 19.4969
v 51.3723 31.9068 19.2583
v 51.3974 31.4925 18.9068
v 51.5543 31.1284 18.8754
v 51.6673 30.7393 18.6746
v 51.7991 30.3689 18.4297
v 52.1255 30.2371 18.141
v 52.1193 29.7537 17.7204
v 52.4708 29.5591 17.4066
v 52.7972 29.8165 17.4128
v 53.0922 30.0425 17.3501
v 53.4186 30.2936 17.4191
v 53.7325 30.5447 17.4317
v 54.0652 30.802 17.4819
v 54.3602 31.0343 17.4819
v 54.6929 31.2916 17.4756
v 55.0319 31.5553 17.4882
v 55.352 31.8064 17.5007
v 55.6721 32.0575 17.4882
v 55.9421 31.8001 17.2245
v 56.3061 32.0826 17.3124
v 56.6012 32.3085 17.2434
v 56.915 32.5471 17.2057
v 57.1724 32.7479 17.0802
v 57.5302 32.591 16.9421
v 57.8817 32.8672 17.0048
v 58.2144 33.1246 17.0111
v 58.1265 33.4949 17.1304
v 58.4027 33.7146 17.0739
v 58.6914 33.9343 17.0174
v 58.9865 34.1666 16.9672
v 59.5891 34.6374 16.8416
v 59.8778 34.8571 16.7977
v 60.1791 35.0956 16.7475
v 60.4742 35.3216 16.691
v 60.7378 35.535 16.6156
v 61.014 35.7484 16.5403
v 61.3216 35.987 16.534
v 61.6041 36.2067 16.5152
v 61.9054 36.4452 16.4587
v 60.7001 35.9744 16.7851
v 60.4239 35.761 16.9169
v 60.0661 35.9493 17.055
v 59.7648 35.717 17.168
v 59.5954 35.1144 17.8271
v 59.8653 35.3216 17.0111
v 59.2941 34.8822 17.1178
v 59.6016 34.6436 17.6514
v 59.0618 34.7001 18.0531
v 58.999 35.1207 18.3419
v 59.2941 35.353 18.3607
v 59.5891 35.5852 18.2289
v 59.7962 35.7422 17.9527
v 59.1748 35.7296 18.3168
v 59.6707 36.1188 18.0531
v 58.9488 35.9556 18.2665
v 58.7856 36.3008 18.323
v 58.3023 36.395 18.4046
v 57.9633 36.1376 18.4109
v 57.8001 36.4891 18.4674
v 57.4737 36.6712 18.8252
v 57.1661 36.9223 19.3085
v 57.21 37.4809 19.3211
v 56.7706 37.6818 19.4969
v 56.4631 37.8701 19.4215
v 56.1241 38.0521 19.1077
v 55.76 38.2656 18.9884
v 55.7914 38.7677 18.9759
v 55.8165 39.1946 18.9194
v 55.5968 39.4833 18.9696
v 55.9295 39.7407 18.9696
v 55.6533 39.9541 19.0261
v 55.3457 39.7093 19.0261
v 55.0946 39.9541 19.0323
v 54.9063 40.1927 19.1328
v 55.2327 40.45 19.1453
v 54.6678 40.4312 19.183
v 54.4481 40.7011 19.2772
v 54.1782 40.4877 19.3901
v 53.9334 40.7827 19.5031
v 53.6007 40.5253 19.4529
v 53.3056 40.2931 19.5471
v 53.042 40.0859 19.6475
v 52.7407 40.2366 20.1999
v 52.3139 40.3747 20.2878
v 51.9937 40.1236 20.2376
v 52.0314 39.6842 20.0241
v 51.8242 39.521 20.2627
v 51.6673 39.3955 20.6519
v 51.7991 39.1067 20.407
v 51.6171 38.9686 20.6644
v 51.7991 38.6234 20.3631
v 51.6485 38.5104 20.7711
v 51.6296 38.0521 20.8339
v 51.5606 37.5751 20.859
v 51.774 37.7383 20.6205
v 51.9435 37.4872 20.4196
v 52.0942 37.1671 20.2125
v 52 36.6712 20.0995
v 51.887 36.1188 20.0053
v 51.8933 35.7233 19.5471
v 51.7364 35.5915 19.8358
v 51.5167 35.422 20.0304
v 51.7615 35.1395 19.8421
v 51.6861 34.5872 19.7668
v 51.5857 34.0599 19.6915
v 51.7677 33.7711 19.6036
v 51.9435 33.3694 19.4529
v 52.0565 32.93 19.1956
v 52.2134 32.5659 19.0072
v 51.9184 32.3337 19.0512
v 51.6359 32.114 19.1391
v 51.705 31.731 18.8943
v 51.8619 31.367 18.8001
v 51.9874 30.9903 18.6432
v 52.113 30.62 18.4423
v 52.4457 30.4819 18.0845
v 52.4268 29.9923 17.7393
v 52.7156 30.2245 17.6828
v 53.0546 30.4819 17.7016
v 53.3872 30.7455 17.733
v 53.7262 31.0092 17.733
v 54.0463 31.2603 17.7518
v 54.3539 31.4988 17.733
v 54.6741 31.7499 17.7141
v 54.9754 31.9821 17.7204
v 55.2578 32.2018 17.6953
v 55.5717 32.4529 17.6702
v 55.9923 32.3085 17.5007
v 56.3124 32.5534 17.507
v 56.5823 32.7668 17.4128
v 56.8334 32.9551 17.2747
v 57.1159 33.1811 17.2308
v 57.4674 32.9802 17.0299
v 57.8252 33.2627 17.1304
v 57.775 33.6895 17.3061
v 58.0951 33.9406 17.2873
v 57.9884 34.3298 17.4066
v 57.6997 34.1038 17.4254
v 57.2477 34.2231 17.5196
v 57.5239 34.8382 17.8146
v 58.0449 34.8508 17.9715
v 58.522 34.7504 17.9025
v 58.7354 34.4491 18.0343
v 58.522 35.2211 18.2854
v 58.2646 35.422 18.1096
v 58.6538 35.7233 17.5635
v 58.1956 35.8363 17.6828
v 58.4717 36.056 18.3419
v 58.1328 35.7861 18.2791
v 57.7059 35.9367 18.4988
v 57.5678 36.3134 18.6118
v 57.21 36.464 18.9445
v 56.846 36.6712 19.2709
v 56.6514 37.0415 19.5094
v 56.9527 37.2801 19.4906
v 56.4693 37.4495 19.5031
v 56.212 37.6692 19.5157
v 55.8981 37.4244 19.4843
v 55.4775 37.55 19.1265
v 55.5403 38.0961 19.1391
v 55.4838 38.5229 19.0449
v 55.534 38.9749 18.9696
v 55.3018 39.2511 19.0512
v 55.1009 39.521 19.1265
v 54.831 39.747 19.114
v 54.5987 39.9541 19.1579
v 54.3728 40.1989 19.2081
v 53.8204 40.2052 19.3023
v 53.4877 39.9478 19.3148
v 53.2303 39.747 19.3776
v 52.9855 39.5524 19.5094
v 52.452 39.6214 19.8358
v 52.4143 39.9855 20.1622
v 52.2323 39.452 19.9676
v 51.9749 39.2448 20.0806
v 52.0125 38.7929 20.1622
v 51.9247 38.2844 20.0806
v 51.7991 38.184 20.5138
v 51.9937 37.914 20.3819
v 52.1695 37.6692 20.2313
v 52.2071 37.2612 19.7731
v 52.1444 36.7842 19.7542
v 52.1004 36.2883 19.7417
v 52.2134 35.9681 19.4969
v 52.1569 35.4471 19.3588
v 51.9247 35.2651 19.5031
v 51.9372 34.7817 19.6412
v 52.0942 34.4491 19.3776
v 51.8619 34.2733 19.5973
v 51.9937 33.9469 19.4592
v 52.2134 33.5765 19.3776
v 52.4017 33.1999 19.2269
v 52.5147 32.7982 18.9696
v 52.6152 32.4466 18.7122
v 52.295 32.1956 18.7687
v 52.0063 31.9633 18.8566
v 52.1255 31.5741 18.6746
v 52.2825 31.2226 18.5804
v 52.3892 30.8334 18.3607
v 52.7721 30.733 18.0719
v 53.0483 30.9527 18.0406
v 53.3747 31.2038 18.028
v 53.7137 31.4737 18.0657
v 53.9899 31.6871 18.0468
v 54.2974 31.9256 18.0217
v 54.5987 32.1642 18.0092
v 54.8812 32.3839 17.959
v 55.2516 32.6726 18.028
v 55.5529 32.9049 17.9276
v 55.8604 32.6726 17.6639
v 56.1869 32.93 17.6953
v 56.4693 33.156 17.5321
v 56.7518 33.3694 17.4505
v 57.0719 33.6142 17.4693
v 57.4297 33.4196 17.2434
v 57.3607 33.8402 17.3626
v 56.9464 33.9971 17.5698
v 56.8209 34.2921 17.6325
v 57.1159 34.5181 17.6074
v 57.1096 34.9889 18.1222
v 57.6118 35.3844 18.5992
v 58.1202 35.309 18.4549
v 57.8942 35.6041 18.4862
v 57.4235 35.717 18.5804
v 57.2854 36.0874 18.6181
v 56.9025 36.2255 18.9947
v 56.4819 36.3887 19.1642
v 56.3124 36.7779 19.478
v 56.168 37.211 19.5722
v 55.8291 36.9474 19.5471
v 55.5403 37.1482 19.3901
v 55.1762 37.3177 19.1956
v 54.8875 37.5876 19.1077
v 55.2516 37.8701 19.183
v 55.2202 38.3221 19.2144
v 54.9377 38.5041 19.07
v 55.2516 38.7489 19.0323
v 55.0256 39.0314 19.1516
v 54.5736 39.5524 19.2395
v 54.31 39.7219 19.2081
v 54.0903 39.9792 19.2458
v 53.7702 39.7281 19.2395
v 53.4689 39.4896 19.2897
v 53.1801 39.2699 19.3588
v 52.7093 39.339 19.5973
v 52.4833 39.1632 19.7793
v 52.2574 38.9874 19.9739
v 52.1946 38.4978 20.0304
v 52.2762 37.7508 19.7103
v 52.5273 37.506 19.7228
v 52.4268 36.9976 19.6475
v 52.3452 36.4766 19.5973
v 52.5775 36.2569 19.591
v 52.5147 35.7296 19.4027
v 52.7219 35.3906 19.2395
v 52.3892 35.1395 19.2646
v 52.113 34.9198 19.365
v 52.3515 34.6562 19.2772
v 52.2448 34.1478 19.3023
v 52.4959 33.7962 19.3274
v 52.6654 33.407 19.1014
v 52.8035 33.0304 18.957
v 52.8976 32.6663 18.6746
v 52.973 32.2395 18.5176
v 52.6779 32.0072 18.549
v 52.3955 31.7875 18.6306
v 52.5649 31.4423 18.5113
v 52.6654 31.0468 18.2979
v 52.9541 31.2791 18.2916
v 53.2617 31.5113 18.2226
v 53.5693 31.7562 18.1849
v 54.0589 32.1328 18.5616
v 54.0715 32.6224 18.3795
v 54.5297 32.5031 18.1912
v 54.8687 32.7668 18.2163
v 55.1135 32.9614 18.0782
v 55.3897 33.1748 18.0154
v 55.6721 33.4008 17.9527
v 55.8291 33.1246 17.9025
v 56.1366 33.3631 17.8271
v 56.4128 33.5765 17.733
v 56.6765 33.7837 17.6577
v 56.5258 34.0599 17.7204
v 56.3877 34.4302 17.8774
v 56.8397 34.7817 18.2038
v 56.9401 35.3404 18.957
v 57.3921 35.2086 18.7813
v 57.2226 35.5601 18.9131
v 56.7957 35.7045 18.957
v 56.6388 36.0183 19.1391
v 56.3815 35.8175 19.2207
v 56.2496 36.2067 19.365
v 55.9985 36.5393 19.4341
v 55.5027 36.69 19.5157
v 55.239 36.9097 19.3839
v 54.8875 37.0917 19.2018
v 54.5925 37.3491 19.114
v 54.5674 37.8073 19.1516
v 54.6364 38.2656 19.0763
v 54.9252 38.0898 19.2395
v 54.7117 38.7866 19.1077
v 54.2409 39.2887 19.2018
v 54.0024 39.4896 19.2395
v 53.676 39.2323 19.2521
v 53.3684 38.9937 19.2834
v 53.0985 38.7803 19.365
v 52.9165 39.0628 19.4969
v 52.6403 38.8431 19.591
v 52.7156 38.479 19.886
v 52.5649 37.9768 19.6726
v 52.8097 37.7257 19.6726
v 53.0357 37.4746 19.5408
v 52.7721 37.2675 19.6852
v 52.9604 36.9599 19.5534
v 52.6654 36.7277 19.5973
v 52.86 36.4703 19.5031
v 52.8286 35.9744 19.4466
v 53.0357 35.6417 19.2144
v 53.2868 35.3844 19.3274
v 52.6591 34.8947 19.2897
v 52.59 34.4177 19.2709
v 52.7909 34.0285 19.2646
v 53.0734 33.7272 19.2709
v 53.1613 33.3003 19.0575
v 53.3559 33.0179 18.9947
v 53.3056 32.4969 18.6306
v 53.1424 31.8943 18.3419
v 52.8537 31.6683 18.4109
v 53.5505 32.2144 18.5867
v 53.7576 32.8484 18.8943
v 54.2409 33.225 18.5302
v 54.3539 32.8358 18.3419
v 54.6741 33.0869 18.3356
v 54.944 33.3003 18.1787
v 55.2139 33.5138 18.0782
v 55.5027 33.7397 18.0092
v 55.9609 33.6205 17.9338
v 56.2245 33.8276 17.8083
v 56.0801 34.1917 17.8774
v 56.0299 34.6248 18.3419
v 56.0613 35.1333 18.7059
v 56.5949 35.0642 18.9194
v 56.5133 35.4848 18.9759
v 56.0801 35.5852 19.2395
v 55.9797 35.9932 19.478
v 55.7412 36.3322 19.5031
v 55.1762 36.4389 19.5722
v 54.9189 36.6586 19.3588
v 54.5674 36.8344 19.1516
v 54.2849 37.1168 19.1265
v 54.2723 37.5814 19.1642
v 54.31 38.0145 19.0763
v 54.1091 38.3158 19.1202
v 54.4104 38.5543 19.1202
v 54.1593 38.7803 19.1642
v 53.9585 39.0628 19.183
v 53.6509 38.8305 19.2144
v 53.3559 38.592 19.2834
v 53.0859 38.3848 19.3399
v 52.8286 38.5669 19.4341
v 52.9918 37.8701 19.4404
v 53.2366 37.6379 19.2897
v 53.1613 37.1168 19.3399
v 53.1048 36.6649 19.296
v 53.0859 36.1753 19.3588
v 53.3308 35.874 19.1893
v 53.5567 35.5978 19.2207
v 53.9208 35.4534 19.4529
v 53.3684 35.0266 19.6475
v 53.9396 34.9261 19.7605
v 53.6007 34.6625 19.7856
v 53.3684 34.4804 19.9112
v 53.9522 33.9218 19.4529
v 54.1907 34.5997 19.704
v 54.2849 34.1791 19.4404
v 54.3979 33.8339 19.2521
v 54.0966 33.6016 19.2646
v 53.6823 33.2752 18.9884
v 54.6427 34.0222 19.07
v 54.8687 34.6374 19.3274
v 54.8247 34.1666 18.844
v 54.7808 33.6519 18.2791
v 55.1825 33.9657 18.5113
v 55.3834 34.1164 18.2038
v 55.7977 33.972 17.9401
v 55.7788 34.4302 18.4235
v 55.7726 34.9073 18.775
v 55.7851 35.353 19.2521
v 55.7035 35.7798 19.591
v 55.465 36.1188 19.6475
v 54.831 36.169 19.4529
v 54.536 36.3636 19.2458
v 54.2535 36.5958 19.1516
v 53.9459 36.8469 19.1453
v 53.9836 37.3554 19.1579
v 53.9961 37.7697 19.1077
v 53.8141 38.0898 19.1579
v 53.8266 38.5229 19.2081
v 53.5253 38.2907 19.2458
v 53.2554 38.0773 19.3023
v 53.5128 37.8513 19.183
v 53.6823 37.5249 19.1265
v 53.4061 37.3052 19.2018
v 53.3621 36.872 19.1956
v 53.3119 36.3573 19.1579
v 53.6446 36.1188 19.1642
v 53.8894 35.8551 19.2081
v 54.2096 35.6794 19.409
v 54.2535 35.1709 19.7291
v 54.5109 34.8508 19.7417
v 54.6678 34.4804 19.5973
v 54.8122 35.083 19.7166
v 55.1637 34.8696 19.2646
v 55.1323 34.4114 18.8126
v 55.465 34.6688 18.7813
v 55.465 35.1019 19.2458
v 55.3269 35.4848 19.4592
v 54.8687 35.6543 19.6726
v 54.5297 35.9305 19.4027
v 54.2409 36.1313 19.2709
v 53.9522 36.3573 19.1516
v 53.6258 36.5958 19.1453
v 53.6572 37.098 19.183
v 54.5485 35.3969 19.6977
v 55.057 35.2714 19.5847
v 62.3008 39.0377 17.7141
v 62.8281 39.452 17.5384
v 45.6977 43.733 22.2086
v 45.4153 44.0217 22.309
v 45.0888 44.2916 22.4597
v 44.662 44.48 22.466
v 44.3293 44.7562 22.6668
v 43.9966 44.4988 22.6417
v 43.6953 44.2603 22.5852
v 44.0343 43.9841 22.3969
v 44.3481 44.2289 22.4408
v 44.7436 44.0217 22.3906
v 45.1077 43.7832 22.2902
v 63.9643 44.6745 19.0951
v 66.0985 45.3901 16.2139
v 66.3684 45.6036 16.1323
v 60.8947 47.085 19.8609
v 49.4891 18.5176 10.5331
v 49.0372 18.1661 10.2255
v 48.9681 18.5804 10.6335
v 48.5476 16.5466 8.53066
v 48.6794 16.1951 8.01593
v 48.7924 15.8624 7.77112
v 49.1816 16.1637 7.93433
v 82.6576 46.7397 10.9788
v 83.367 46.7711 10.7591
v 83.1159 46.5765 10.8469
v 83.5992 46.4447 10.69
v 83.3607 46.2627 10.8532
v 83.2854 45.6914 10.8595
v 83.0782 47.0661 11.2926
v 84.6412 47.2545 10.9662
v 84.5533 46.2501 11.3491
v 85.8025 45.8609 12.0333
v 85.5765 46.5703 12.3786
v 85.1057 46.2062 12.0584
v 80.8812 44.8378 10.0623
v 80.5987 44.6181 10.0497
v 21.9261 31.5427 17.8397
v 21.5746 31.2665 17.7204
v 21.5056 30.7016 17.4944
v 21.8696 30.9841 17.5886
v 22.5099 30.6012 16.7161
v 22.3844 30.1241 16.534
v 22.1584 30.325 16.6282
v 22.0203 29.8353 16.3834
v 22.0391 29.5027 16.3206
v 21.945 29.0884 16.1762
v 21.9952 28.6552 15.9754
v 22.1082 28.2723 15.8624
v 22.4911 28.0903 15.831
v 22.5727 27.7199 15.718
v 22.9556 27.4814 15.6741
v 23.3448 27.2617 15.5736
v 23.6586 26.9855 15.4042
v 23.9223 26.6842 15.2786
v 24.2236 26.3515 15.1845
v 24.4809 26.0628 15.0715
v 24.7822 25.8368 15.0338
v 25.0208 25.6296 14.9083
v 25.1526 26.1255 15.1154
v 25.5292 26.4206 15.2598
v 25.1965 26.6277 15.2786
v 24.9705 26.9416 15.3853
v 24.9894 27.5191 15.5799
v 24.8136 27.8894 15.7557
v 24.4621 28.1342 15.9754
v 24.0855 28.3602 16.0758
v 23.7779 28.6615 16.2076
v 23.2255 28.6678 16.0507
v 23.2255 29.1511 16.1637
v 22.7296 29.2327 16.1762
v 22.6982 29.6784 16.4085
v 22.8049 30.1115 16.6345
v 22.4157 29.804 16.465
v 22.3028 29.3708 16.239
v 22.353 28.944 16.0633
v 22.4785 28.5611 15.9503
v 22.8677 28.3853 15.9628
v 22.9556 28.015 15.8373
v 23.3071 27.7513 15.7933
v 23.7088 27.5442 15.6866
v 24.0541 27.2994 15.5171
v 24.2675 26.9541 15.4104
v 24.5751 26.6277 15.2661
v 24.8262 26.3327 15.1342
v 24.6441 27.2492 15.5234
v 24.4307 27.5944 15.6176
v 24.0666 27.8204 15.7557
v 23.6837 28.0464 15.9628
v 23.3322 28.3163 15.9879
v 22.8551 28.8624 16.0444
v 76.0039 51.14 14.7576
v 75.5393 50.7697 15.0777
v 75.9097 50.1357 15.1091
v 75.3322 50.1733 14.8706
v 74.6417 50.5688 14.9647
v 75.3071 51.0835 15.0966
v 76.1733 49.8595 15.197
v 84.8233 44.731 10.6712
v 78.226 35.9493 9.66683
v 24.9517 47.5181 24.9266
v 24.4182 47.7127 25.0459
v 87.0517 48.6229 12.5104
v 88.5519 48.4283 12.3723
v 88.69 48.1082 12.2907
v 88.3385 43.7895 11.5374
v 88.5017 43.4505 11.6002
v 89.1545 43.0739 11.7885
v 89.1859 42.7161 11.8011
v 89.4998 42.4775 11.6567
v 89.0729 42.1449 11.4495
v 88.8281 42.4399 10.9223
v 88.1062 41.8812 11.3617
v 88.351 42.0695 11.2298
v 88.7653 42.7726 10.8344
v 88.5707 42.239 10.3008
v 88.5582 42.2265 11.0227
v 89.324 42.3457 10.5017
v 23.8093 46.6267 23.7465
v 92.337 47.8508 12.8368
v 78.0188 33.5828 8.82569
v 93.4418 45.0826 13.0816
v 87.3655 38.1589 10.0811
v 83.2791 42.647 10.7465
v 83.5364 42.8479 10.6021
v 52.4017 11.5186 3.67842
v 52.86 11.437 3.57798
v 53.0546 11.1985 2.94399
v 30.9527 52.2197 26.4331
v 31.4235 51.9749 26.2448
v 32.5659 52.2699 26.2385
v 32.1704 51.9561 26.0565
v 32.4717 51.6924 26.1255
v 32.1893 51.4727 26.1632
v 31.8566 51.7112 26.069
v 31.8503 51.2091 26.1758
v 32.5847 52.8788 26.7219
v 32.3148 53.2805 26.7093
v 32.3839 53.9396 27.3873
v 32.1014 54.2535 27.8643
v 32.4341 54.5171 27.9271
v 32.8421 54.2974 27.7576
v 32.7417 54.7557 27.971
v 33.1434 54.536 27.7388
v 31.957 54.6552 28.1154
v 85.8339 51.9058 13.8976
v 86.041 51.6171 13.9541
v 83.3167 34.6374 8.9324
v 84.0386 34.6939 9.56639
v 39.6654 54.6929 26.5838
v 39.4708 54.5422 26.8725
v 39.6214 55.7161 26.1569
v 41.5674 55.0695 26.8662
v 41.9691 54.8749 26.4896
v 84.8923 54.3602 15.6741
v 71.9174 24.437 7.43216
v 71.6224 23.8218 7.30034
v 71.3588 23.621 7.40077
v 72.1057 24.1922 7.63303
v 31.6181 28.0338 17.3501
v 31.2979 27.7827 17.3375
v 31.4486 27.3998 17.4317
v 31.662 27.0859 17.1743
v 31.6557 26.5336 16.9734
v 31.6746 27.5756 18.6494
v 14.4563 37.0227 22.3028
v 18.1535 44.775 24.2612
v 18.5804 45.1077 24.4935
v 18.7624 44.7813 23.8218
v 12.2028 38.1526 22.5287
v 12.7991 38.0082 22.5852
v 12.297 38.2279 22.1082
v 12.5167 38.3974 21.9198
v 28.4795 31.2791 18.4988
v 28.718 31.4737 18.3544
v 28.8122 31.0217 18.2854
v 29.1197 31.2665 18.2603
v 29.6847 31.1975 19.001
v 30.1115 30.9652 19.07
v 29.6282 30.5823 18.6683
v 30.168 31.5741 19.365
v 30.1618 30.5133 18.4988
v 29.7349 30.1806 18.2728
v 29.0319 29.6282 17.3626
v 29.3081 29.8479 17.3124
v 29.6847 29.6784 17.4191
v 29.3834 29.0507 17.5321
v 48.943 43.0237 22.5601
v 49.1439 42.283 22.8112
v 49.3134 42.4148 23.2004
v 49.0937 42.239 23.4201
v 49.2255 41.8059 23.5519
v 48.7798 41.4606 23.2632
v 48.4973 41.7745 23.464
v 48.1458 41.4983 23.3197
v 48.4785 41.2221 23.2945
v 49.4389 41.4732 23.0686
v 49.1816 41.2723 23.2443
v 49.5707 42.0758 22.9242
v 49.6837 41.6678 22.9054
v 49.4389 41.4732 22.3279
v 30.3501 26.0565 16.3394
v 30.846 25.8996 16.6533
v 30.325 25.4915 16.1951
v 30.9338 25.4727 16.5529
v 30.4631 25.1024 16.2014
v 29.7914 25.071 15.7368
v 30.1869 24.4056 15.7933
v 30.7518 24.8513 16.3081
v 31.323 25.297 16.8605
v 31.1284 25.1463 17.1555
v 31.3921 25.8305 16.8667
v 31.2728 26.2323 16.8291
v 31.7059 26.0753 16.8856
v 30.8083 26.4143 16.6282
v 29.8793 23.3008 15.6929
v 30.2308 23.577 15.6803
v 29.9985 22.9116 15.6427
v 30.4442 22.8049 15.718
v 30.099 22.5287 15.718
v 30.394 22.3718 15.7557
v 30.055 22.1144 15.718
v 30.4756 21.9575 15.9942
v 30.0111 21.5934 15.7682
v 29.6972 21.832 15.6929
v 29.6847 21.3361 15.718
v 29.3834 21.5809 15.6741
v 29.2453 21.8571 15.2221
v 29.0256 21.3047 15.6113
v 29.3332 21.0661 15.649
v 29.0005 20.8025 15.6301
v 28.6239 20.9908 15.5109
v 28.6866 20.5577 15.5862
v 28.2974 20.7335 15.4732
v 28.3037 20.2564 15.4167
v 28.5799 20.0367 15.536
v 28.1405 19.6915 15.31
v 27.8769 19.9237 15.2472
v 27.7702 19.4027 15.1782
v 28.1656 19.2897 15.4355
v 28.4858 19.5408 15.4606
v 28.7933 19.3964 15.536
v 28.5548 19.2081 15.6866
v 28.8561 19.0072 15.8812
v 28.8749 19.8421 15.6176
v 28.9377 20.3129 15.5987
v 29.283 20.5828 15.6364
v 29.6345 20.859 15.6741
v 30.394 21.4491 16.647
v 30.4317 23.2569 15.8875
v 71.6161 55.465 18.844
v 71.93 55.7098 18.8315
v 71.7793 55.1197 18.2791
v 72.3757 55.1951 18.3419
v 72.564 55.7349 18.5992
v 72.7397 55.4838 18.4486
v 72.8716 55.1009 17.9715
v 72.9657 55.6596 18.2665
v 73.5369 55.6219 18.141
v 26.408 19.6412 13.9165
v 26.7595 19.5345 13.4833
v 26.7407 19.0323 13.4017
v 26.0251 19.3399 13.0753
v 26.6214 19.8107 13.6528
v 29.6408 20.859 17.1492
v 29.8479 20.6016 17.0739
v 29.5529 20.3757 17.1304
v 30.1869 20.8653 17.1555
v 30.3375 20.6016 16.8165
v 29.804 20.1873 17.0362
v 29.4022 19.8672 16.873
v 29.8981 19.8233 16.8542
v 30.0488 19.5157 16.465
v 29.7788 19.3085 16.6031
v 29.1825 19.2646 16.6094
v 29.9107 18.9507 16.4399
v 30.2622 19.2207 16.5403
v 30.1869 18.7624 16.4399
v 30.576 19.9237 16.9232
v 30.5321 20.3129 16.8165
v 30.846 20.1371 16.8291
v 30.8334 20.5514 16.7726
v 30.4505 21.0724 17.0048
v 60.5244 42.4587 20.5326
v 60.832 42.2265 20.5765
v 60.8006 42.6784 20.4949
v 61.1395 42.465 20.5577
v 60.5055 41.9691 20.5389
v 61.6166 42.8353 22.422
v 62.0811 42.6972 22.8049
v 61.6857 42.3897 22.5852
v 61.9618 42.6094 21.8131
v 62.2632 42.8479 21.8194
v 61.9493 43.099 21.6813
v 62.3259 43.394 21.8571
v 62.5519 43.5635 21.6813
v 62.2004 42.3457 21.7504
v 62.1125 41.8498 21.7755
v 62.3071 42.421 22.7359
v 62.0058 42.1888 22.7673
v 61.2651 41.6113 22.5413
v 60.9889 41.8498 22.4346
v 60.9889 41.3979 22.6731
v 61.2965 41.2096 22.761
v 62.351 42.0319 23.0874
v 62.5268 41.6301 22.9932
v 62.2067 41.9189 23.4766
v 61.9179 41.1468 22.987
v 61.9807 41.197 22.3906
v 62.5142 41.6176 22.1521
v 62.6084 41.1656 21.832
v 62.916 41.4104 21.8131
v 62.5958 41.6866 21.6499
v 62.6272 42.2516 21.562
v 62.7842 41.831 21.4114
v 62.8846 42.4524 21.3737
v 62.8783 42.873 21.8947
v 62.5393 42.6094 21.8131
v 62.3385 42.0256 21.6562
v 62.1251 40.789 22.1647
v 62.872 40.8769 21.8885
v 62.5268 40.6132 21.832
v 62.1502 40.3119 22.4032
v 62.0686 40.2554 21.4742
v 62.282 40.9083 21.8382
v 61.9054 40.6195 22.3467
v 61.6794 40.4375 22.535
v 61.5789 40.8831 23.0246
v 61.9367 42.1323 23.3636
v 61.7296 41.9691 23.6335
v 61.6229 42.3394 23.1627
v 60.5934 41.0903 21.7441
v 60.5934 40.6634 21.8885
v 60.8633 40.8706 21.7378
v 62.1941 41.9126 20.5514
v 62.6586 41.7306 20.3443
v 62.4452 42.1135 20.338
v 62.4201 41.5485 20.5514
v 62.6586 41.2096 20.451
v 62.7653 41.2912 19.9551
v 62.9662 40.9585 19.9739
v 62.6774 40.7325 20.0367
v 62.4264 41.0275 20.6644
v 62.4452 40.5505 20.1873
v 62.1815 40.8329 20.8339
v 62.1941 41.3728 20.7021
v 62.6272 39.295 17.7706
v 63.0917 39.182 17.6325
v 63.0039 38.7175 17.7393
v 63.2298 39.295 17.2183
v 63.2612 38.9184 17.6828
v 63.4809 39.0879 17.438
v 62.5456 38.7552 17.8522
v 60.0913 35.9744 17.9464
v 60.6185 36.3824 17.6325
v 60.2921 36.1251 17.5886
v 86.5558 55.6596 17.576
v 87.1144 55.6533 17.8648
v 87.4032 55.3708 17.6451
v 86.5997 55.6972 16.1825
v 86.8382 54.9314 16.2453
v 86.4491 55.1386 16.2139
v 71.8547 43.2559 15.7557
v 72.112 43.4631 15.649
v 72.2376 43.5572 15.2409
v 87.0077 54.5987 16.1951
v 87.3404 54.8561 16.283
v 87.3341 54.379 15.9628
v 87.7421 54.6992 16.2265
v 87.9242 54.4355 15.8938
v 88.1188 54.9942 16.3959
v 88.4389 54.8373 16.352
v 88.7277 54.605 16.0319
v 88.4075 55.2139 16.3394
v 89.1545 54.944 16.3708
v 87.6668 55.1135 16.3708
v 89.098 55.7537 18.0594
v 89.7132 55.3708 17.7455
v 89.1922 55.4148 17.4003
v 88.7716 55.5027 17.2496
v 90.2028 55.7475 18.21
v 90.7552 55.7349 18.48
v 90.8682 55.3708 18.323
v 91.4268 55.421 18.6181
v 90.1526 55.2641 17.7455
v 79.3056 46.8213 11.5563
v 79.4877 46.52 11.5249
v 79.155 46.2564 11.4621
v 79.7325 46.3317 11.7885
v 80.3477 46.3192 11.4307
v 92.0294 55.4085 18.8943
v 92.7639 55.4713 19.3525
v 92.8078 55.057 19.0135
v 92.2931 54.6552 18.5113
v 92.9082 54.7055 18.7562
v 92.3872 54.2974 18.2854
v 92.971 54.2284 18.5553
v 93.5548 54.6803 19.1893
v 93.4293 55.5403 19.8609
v 94.0821 55.6156 20.1811
v 93.6427 55.2704 19.7856
v 94.0946 55.1009 19.8421
v 94.3457 54.7871 19.7417
v 94.8228 55.1574 20.1999
v 95.0174 54.8059 20.0869
v 94.5278 54.423 19.6036
v 95.0362 54.3916 19.7919
v 94.5843 54.0401 19.3901
v 94.8542 53.7764 19.3337
v 95.3375 54.1531 19.7793
v 95.3877 53.7325 19.4843
v 95.0048 53.4312 19.2583
v 95.5823 53.45 19.4278
v 95.0864 53.0671 18.9884
v 95.7267 53.1927 19.3399
v 95.6451 52.6717 18.9194
v 96.1912 53.0922 19.4718
v 96.3607 52.7972 19.4027
v 96.254 52.295 18.8315
v 96.8566 52.3327 19.3211
v 96.9382 52.8286 19.7793
v 96.9194 53.2303 20.0555
v 97.4592 52.7972 20.0367
v 97.5094 53.268 20.5012
v 96.2791 53.6195 19.9112
v 96.0908 53.8455 19.9739
v 95.6325 54.8498 20.5765
v 94.5905 55.4838 20.338
v 93.2284 53.9271 18.4674
v 93.8561 53.4689 18.367
v 93.31 53.4751 18.1598
v 94.057 53.1613 18.1535
v 93.8624 53.9083 18.731
v 74.3153 38.2907 11.4433
v 74.8802 38.2593 11.4244
v 74.6543 38.0835 11.619
v 92.6509 52.069 16.2014
v 93.3288 51.705 16.1449
v 92.8141 51.7364 16.0444
v 93.4732 51.4476 16.057
v 93.9314 51.3409 16.126
v 94.0068 50.9705 15.9
v 93.423 50.9454 15.6803
v 93.4732 52.703 17.4442
v 94.2076 52.3892 17.576
v 93.6427 52.3829 17.3689
v 94.2829 52.0753 17.2999
v 94.9169 52.1004 17.802
v 94.8291 51.6108 17.168
v 95.5384 51.7426 17.7706
v 95.3689 51.184 17.1178
v 94.9609 51.297 17.0802
v 94.9358 52.5775 18.21
v 94.17 52.7846 17.9213
v 95.9589 54.6364 20.6205
v 96.6557 54.718 21.1226
v 96.7373 54.3477 20.859
v 97.2458 55.6345 22.309
v 97.8798 55.239 22.2337
v 97.3776 55.283 22.1521
v 97.8484 55.647 22.5664
v 98.3443 55.5968 22.6354
v 98.5263 55.3708 22.535
v 98.1057 55.0381 22.1772
v 98.4447 54.8435 22.1333
v 97.9049 54.4293 21.5746
v 98.5765 54.5171 21.9198
v 98.5075 54.0463 21.4177
v 98.0367 54.1028 21.311
v 97.5031 54.5736 21.4616
v 97.3839 54.0212 21.0097
v 97.5471 53.7199 20.8339
v 98.0744 53.7074 21.1415
v 98.0241 53.2429 20.7837
v 98.4824 53.6007 21.1666
v 98.4886 53.1048 20.7837
v 98.9532 53.4626 21.0975
v 98.8402 52.8851 20.6581
v 99.3423 53.2805 21.1164
v 99.3486 52.7658 20.6832
v 98.7962 52.3327 20.0618
v 99.8445 53.1487 21.1917
v 99.7692 52.6528 20.746
v 99.7252 52.1506 20.3631
v 100.409 52.2197 20.859
v 100.278 51.6924 20.3631
v 99.7817 51.7301 20.0806
v 99.0787 52.113 19.8923
v 100.673 51.6108 20.4008
v 100.786 52.0816 20.8653
v 101.175 52 20.8464
v 100.937 51.3409 20.3066
v 101.521 51.7928 20.9092
v 101.715 51.4915 20.6644
v 101.169 51.0647 20.0367
v 101.765 51.0898 20.0869
v 101.326 50.7508 19.7856
v 102.224 51.027 20.156
v 102.311 51.5167 20.7209
v 102.625 51.3346 20.4196
v 102.958 51.1086 19.8923
v 102.563 50.8073 19.6601
v 103.077 50.7571 19.5973
v 102.669 50.4433 19.3901
v 102.098 50.4495 19.1956
v 102.669 49.9976 18.9696
v 102.173 50.0604 18.9005
v 101.634 50.0855 18.7813
v 101.759 49.7402 18.6369
v 101.251 49.7904 18.6055
v 101.087 50.142 18.8754
v 100.623 50.2047 18.7938
v 100.504 50.55 19.114
v 99.9826 50.142 18.5553
v 99.7943 50.4495 18.9256
v 99.9198 51.027 19.2332
v 99.5055 50.7006 18.9507
v 99.5683 51.1337 19.3085
v 99.1477 50.8136 18.9759
v 99.154 51.2405 19.2646
v 99.0473 51.6234 19.409
v 98.6079 51.2844 19.0072
v 98.4761 51.6485 19.1391
v 98.6707 50.8701 18.8503
v 98.5954 50.3805 18.3419
v 100.535 49.7151 18.1849
v 100.064 49.7716 18.1598
v 99.4365 49.7214 17.959
v 100.158 49.4201 17.9778
v 100.679 49.351 17.8962
v 100.284 49.0435 17.6953
v 100.717 48.9367 17.6577
v 100.786 48.5413 17.1931
v 101.213 48.874 17.5321
v 101.276 48.5287 17.2245
v 101.684 48.8426 17.507
v 102.085 48.648 17.3752
v 102.5 48.9744 17.6577
v 102.293 48.3404 17.168
v 102.814 48.3404 17.4066
v 102.443 48.0517 17.281
v 102.519 47.7127 17.0237
v 102.117 47.8006 16.4587
v 102.054 47.3612 16.6784
v 101.79 47.5495 16.4273
v 101.646 47.041 16.4399
v 101.602 47.4051 15.9565
v 101.332 46.8025 15.6678
v 101.169 47.4742 15.8938
v 101.583 47.7943 16.1511
v 101.426 48.1395 16.4462
v 101.087 47.8822 16.3206
v 100.899 48.24 16.283
v 100.472 47.9073 16.0695
v 100.397 48.2463 16.239
v 100.077 47.9952 16.2076
v 99.7064 48.1521 15.8498
v 100.617 47.5181 15.9565
v 100.209 47.7064 16.2139
v 100.378 47.3298 16.0758
v 100.014 47.0473 15.9377
v 99.7817 47.7629 16.2516
v 99.3674 47.8947 15.7808
v 99.1917 48.196 15.7808
v 99.0975 48.6041 16.1386
v 98.8213 48.3906 16.1574
v 98.928 48.8928 16.1574
v 98.3129 48.8551 15.9565
v 98.2941 48.4032 16.0821
v 98.0116 48.6229 15.944
v 98.0304 49.0874 16.0068
v 97.5722 48.7359 15.6113
v 97.5471 49.1878 15.6427
v 97.2897 49.3761 15.8687
v 97.0323 48.7924 15.1342
v 98.5263 48.1584 16.1762
v 99.0599 47.6562 15.7306
v 99.0159 48.0642 16.0758
v 98.7146 47.832 16.1574
v 99.2293 47.3423 15.6364
v 100.353 46.8402 16.2139
v 99.8633 46.4635 15.8059
v 99.3423 47.0348 15.5171
v 100.504 46.5514 16.1951
v 100.61 46.2376 16.1888
v 100.064 45.8233 15.5925
v 100.843 46.8151 16.2767
v 101.056 46.5891 16.4838
v 100.692 47.1038 16.2704
v 102.939 48.0391 17.4254
v 103.322 48.3341 17.6137
v 102.807 48.7421 17.7204
v 103.31 48.717 17.8522
v 103.674 48.6103 17.7204
v 103.73 49.0435 18.1598
v 104.063 48.9116 17.9715
v 104.144 49.3636 18.3984
v 104.433 49.2004 18.0719
v 104.427 49.5896 18.3481
v 104.728 49.4264 17.9841
v 104.684 49.7842 18.254
v 104.96 49.6084 17.8585
v 104.948 49.985 18.1598
v 105.255 49.8344 17.8083
v 104.829 50.3052 18.1661
v 105.237 50.211 18.1222
v 105.488 50.4056 18.0468
v 105.626 50.1168 17.915
v 105.896 50.3303 17.9025
v 105.795 50.6441 18.028
v 106.203 50.5688 17.9338
v 106.134 50.9078 18.0531
v 106.536 50.8262 17.9652
v 106.448 51.1526 18.0845
v 106.856 51.071 18.1096
v 106.806 51.4288 18.2038
v 107.183 51.3221 18.1222
v 107.503 51.5731 18.0908
v 106.235 51.3911 18.662
v 106.574 51.6548 18.7562
v 106.128 51.7803 19.1077
v 105.475 51.2718 18.9821
v 105.827 52.0502 19.4278
v 105.588 51.8682 19.6224
v 105.337 51.6673 19.7856
v 105.193 51.9561 19.8421
v 104.496 51.4162 19.5973
v 104.339 51.7364 19.7793
v 104.986 51.7991 20.0932
v 104.038 51.9498 20.2187
v 104.107 51.5543 19.9488
v 103.812 51.3283 19.9614
v 103.78 51.7552 20.407
v 103.523 51.5543 20.52
v 103.542 52.0439 21.085
v 103.209 51.7866 21.041
v 103.14 52.1506 21.2859
v 103.41 52.3641 21.2607
v 102.92 52.4206 21.3737
v 103.404 52.7972 21.8069
v 103.906 52.747 21.7692
v 103.956 53.224 22.422
v 104.521 52.8035 22.0328
v 104.822 52.5587 21.4365
v 105.136 52.8035 22.2211
v 104.502 53.2052 22.4346
v 105.098 53.2429 22.717
v 105.594 53.155 22.6229
v 105.827 52.8914 22.0077
v 106.392 53.3245 22.6103
v 106.059 53.5128 22.9744
v 106.781 53.6258 22.8175
v 106.963 53.3308 22.0893
v 106.549 53.0043 21.7629
v 107.07 53.0106 21.8257
v 106.674 52.7093 21.5683
v 106.097 52.6528 21.3675
v 105.538 52.6717 21.2859
v 105.751 52.3892 21.2482
v 105.199 52.408 21.2545
v 104.829 52.1193 21.0159
v 106.241 52.3703 21.267
v 107.509 53.3496 22.1395
v 107.553 52.8851 21.9261
v 107.917 53.1613 21.9889
v 108.049 52.7972 21.7378
v 108.3 52.9918 21.6436
v 108.394 52.6591 21.4114
v 108.815 52.9792 21.7315
v 108.909 52.6654 20.9281
v 108.199 53.381 21.945
v 108.055 53.7764 22.7296
v 107.534 53.7702 22.717
v 107.54 54.2158 23.1878
v 108.099 54.2033 23.3385
v 108.482 54.1028 23.1376
v 108.859 53.8957 22.8677
v 108.476 54.4983 23.5142
v 108.105 54.6552 23.872
v 108.494 54.9565 24.0729
v 109.041 54.536 23.7842
v 109.003 54.9 24.0666
v 109.43 54.8435 24.0039
v 109.511 54.3916 23.6586
v 110.057 54.3477 23.6837
v 109.995 53.8957 23.2004
v 109.43 53.8643 22.8614
v 110.183 53.6446 22.5162
v 109.398 53.4312 22.4534
v 110.641 53.9961 22.9556
v 110.321 54.1468 23.2945
v 110.98 54.2598 23.0435
v 109.499 55.2892 24.5563
v 108.482 55.3897 24.5249
v 108.011 55.0256 24.1985
v 107.904 55.4148 24.4495
v 107.697 55.6847 24.3617
v 107.49 55.1009 24.1608
v 107.352 55.4148 24.2424
v 107.17 55.7098 24.4182
v 106.787 55.421 24.2549
v 106.592 55.7224 24.4621
v 106.454 55.1574 24.2173
v 106.297 55.4901 24.55
v 105.977 55.239 24.4746
v 105.764 55.5529 24.7383
v 105.394 55.2641 24.5311
v 105.431 55.6784 24.8889
v 105.055 55.3897 24.6316
v 104.659 55.5089 24.6504
v 104.653 55.0821 24.437
v 104.301 55.2327 24.5374
v 104.176 55.6031 24.6316
v 103.849 55.3457 24.55
v 103.743 55.7349 24.7508
v 103.31 55.3959 24.3428
v 102.952 55.5529 24.3617
v 102.908 55.0884 24.0666
v 102.544 55.239 24.0917
v 102.424 55.6596 24.1796
v 102.01 55.3457 23.916
v 102.927 54.6301 23.7779
v 103.429 55.0193 24.2047
v 103.429 54.5611 23.9285
v 103.316 54.0463 23.3071
v 103.9 54.492 23.985
v 104.151 54.3037 23.7214
v 104.314 54.8122 24.2675
v 104.615 54.6678 24.1357
v 104.81 54.3351 23.8658
v 105.011 54.0401 23.5456
v 105.394 54.3351 23.7214
v 105.576 54.0401 23.5519
v 105.055 53.6383 23.0309
v 104.559 53.6886 23.1376
v 103.812 53.563 22.8551
v 103.335 53.1927 22.4095
v 103.008 53.4186 22.4346
v 103.548 53.8392 23.0372
v 102.726 53.5881 22.6041
v 102.167 53.5818 22.2776
v 102.224 54.084 22.7924
v 101.646 54.1091 22.4157
v 102.173 54.5109 22.9995
v 101.809 54.6678 23.056
v 101.263 54.2472 22.4785
v 101.414 54.8812 23.169
v 100.918 54.4983 22.7045
v 100.968 55.0256 23.1941
v 101.458 55.4022 23.7214
v 101.056 55.5905 23.7402
v 100.598 55.6721 23.5833
v 100.541 55.1888 23.169
v 100.052 55.6659 23.3887
v 100.102 55.283 23.0686
v 99.4679 55.6345 23.1062
v 99.493 55.2265 22.7108
v 99.0159 55.7475 23.0121
v 98.8778 55.1825 22.4597
v 98.972 54.8247 22.1709
v 99.0473 54.4669 21.9763
v 98.9657 53.971 21.606
v 99.4804 53.8769 21.6939
v 99.8696 53.6823 21.6374
v 100.315 53.5128 21.6311
v 100.246 53.0232 21.2105
v 100.303 52.6026 21.0285
v 100.861 52.5712 21.2356
v 101.257 52.452 21.267
v 101.596 52.3264 21.1854
v 101.954 52.1255 21.2356
v 102.173 51.8431 21.1101
v 102.776 51.8745 21.1352
v 102.563 52.1444 21.2859
v 102.638 52.6591 21.38
v 102.293 52.3892 21.3612
v 101.941 52.5963 21.3361
v 102.393 52.9478 21.7127
v 102.085 53.0922 21.7441
v 101.59 53.5944 21.9261
v 101.182 53.745 21.9575
v 100.849 53.9208 22.2086
v 100.403 54.0966 22.1772
v 100.441 54.6176 22.5915
v 99.9261 54.718 22.466
v 99.493 54.8122 22.3404
v 99.449 54.3477 22.0768
v 99.9701 54.2535 22.196
v 100.661 53.3496 21.5056
v 100.698 52.9102 21.3423
v 101.257 52.8788 21.4867
v 101.64 52.747 21.4553
v 101.646 53.1801 21.7001
v 101.125 53.2366 21.6185
v 105.576 53.6195 23.2255
v 106.002 53.9459 23.508
v 106.454 53.8204 23.2255
v 106.749 54.0526 23.2757
v 107.157 53.9208 23.0058
v 107.057 54.2912 23.282
v 107.478 54.6113 23.5896
v 107.038 54.7494 23.803
v 107.013 55.1511 24.1231
v 106.63 54.8561 23.9097
v 106.153 54.9252 24.1859
v 105.569 54.9252 24.2361
v 104.967 54.9377 24.2612
v 103.906 54.9314 24.3366
v 105.117 54.5736 23.9536
v 105.789 54.6427 23.9788
v 105.94 54.3225 23.69
v 106.348 54.2158 23.6461
v 106.643 54.4418 23.6335
v 106.316 54.6113 23.8846
v 103.379 50.9894 19.6224
v 103.46 50.6127 19.3337
v 103.159 50.3805 19.4027
v 103.184 50.0039 18.9696
v 102.851 49.7465 18.8315
v 102.261 49.6837 18.6306
v 101.765 49.3008 18.1849
v 101.175 49.2883 17.9966
v 102.406 49.4013 18.5239
v 102.914 49.2883 18.6746
v 103.278 49.5707 18.8126
v 103.692 49.4264 18.4549
v 103.63 49.8407 18.9068
v 104.063 49.7088 18.6306
v 104.339 49.9223 18.5302
v 104.559 50.0917 18.3042
v 104.314 50.3742 18.2854
v 104.59 50.5876 18.1787
v 104.86 50.8011 18.1222
v 105.117 50.5311 18.1284
v 105.4 50.7446 18.0845
v 105.764 51.027 18.2038
v 104.019 50.6504 18.8315
v 104.132 50.2361 18.5867
v 103.937 50.0792 18.844
v 103.856 50.5249 19.1077
v 103.718 50.8136 19.2081
v 104.031 51.0521 19.2207
v 103.617 50.3365 19.2646
v 105.243 51.0898 19.0763
v 86.5244 46.4196 12.253
v 86.8696 46.3192 11.8952
v 86.6374 46.1434 12.0521
v 90.1777 48.4346 12.9372
v 90.5794 48.7421 13.2071
v 90.5167 48.2651 13.295
v 90.5669 47.8885 13.069
v 91.0439 48.6794 13.0628
v 91.2385 47.9826 13.0314
v 90.8368 47.6688 12.7301
v 94.239 50.3052 15.1091
v 94.5215 50.029 14.7011
v 94.17 49.759 14.6195
v 94.578 49.5833 14.5065
v 94.9295 49.8595 14.6007
v 95.0362 49.4201 14.563
v 95.4191 49.282 14.4563
v 95.2559 49.1564 14.8769
v 94.9107 49.3196 15.0526
v 95.7079 50.9454 16.9546
v 96.2289 50.8576 17.0864
v 96.1347 50.2675 16.4901
v 96.888 51.3723 17.959
v 97.409 51.2593 18.0971
v 97.2144 50.6692 17.4819
v 97.7793 51.1086 18.1159
v 96.4046 50.0478 16.1888
v 96.6934 50.2675 16.2014
v 96.8064 49.8909 16.1072
v 95.5258 50.3177 16.0821
v 96.2791 49.4766 15.5109
v 96.9319 49.5205 16.1009
v 97.1955 49.7277 15.9565
v 109.888 55.5905 24.8073
v 110.315 55.5215 24.6504
v 110.001 55.2767 24.7006
v 109.417 55.6659 24.9392
v 110.428 55.1072 24.5311
v 110.848 55.4336 24.8136
v 111.037 55.1072 24.5939
v 110.516 54.6992 24.0666
v 111.602 55.5403 25.2718
v 72.2564 25.5732 6.2395
v 72.6267 25.8556 6.31482
v 72.3757 25.1965 5.85031
v 70.4988 23.7402 5.98841
v 70.7373 23.9285 5.8252
v 70.888 23.6398 5.78754
v 73.154 25.7991 6.20183
v 73.6248 25.7615 6.27088
v 73.2984 25.5041 6.23322
v 107.132 52.0879 20.1685
v 107.572 52.4268 20.5389
v 107.854 52.2448 20.0492
v 111.394 54.9754 23.6963
v 111.972 55.0256 23.3259
v 111.608 54.7431 23.1564
v 111.275 54.492 23.0183
v 27.0043 19.2395 13.3013
v 27.1989 18.9507 13.8976
v 26.9604 19.6915 13.182
v 31.1033 23.7842 17.3877
v 31.141 22.9556 16.7537
v 31.2414 22.5538 16.9797
v 31.0782 24.2424 17.576
v 31.4109 24.958 17.7518
v 71.5533 24.1608 5.15355
v 92.2303 51.2844 14.5881
v 92.0483 51.6045 14.7137
v 90.1149 54.4104 16.1135
v 89.6692 54.8875 16.5466
v 91.1695 54.7368 17.5572
v 91.2887 53.8769 16.7412
v 92.3056 53.2052 16.9546
v 92.4249 52.7972 16.7224
v 93.2158 52.9792 17.507
v 92.5316 52.4457 16.5529
v 95.1492 50.5123 16.2641
v 96.6997 48.9179 15.1782
v 95.9841 51.661 17.9087
v 96.3983 51.479 17.8774
v 97.773 50.1796 17.394
v 98.2438 50.1106 17.4756
v 99.38 49.2443 17.2747
v 99.5558 48.9556 17.281
v 99.085 49.9034 17.9338
v 98.7774 50.142 17.959
v 98.1434 51.8242 19.1767
v 98.2752 52.4394 19.9551
v 87.874 55.2704 17.6074
v 74.1584 55.6596 18.2854
v 16.7475 43.6765 24.0792
v 17.0927 43.9464 24.0792
v 17.4631 44.2351 24.1482
v 17.7769 44.48 24.1859
v 17.4317 44.6369 25.2091
v 80.8812 46.2376 11.2989
v 80.6176 46.5326 11.2989
v 26.6842 19.4718 13.9604
v 97.3148 54.7996 21.5432
v 96.5616 55.1072 21.3298
v 96.2603 55.3457 21.3737
v 95.7204 55.352 21.0348
v 108.086 52.0188 19.5534
v 111.941 55.3959 25.0647
v 112.87 55.7224 24.776
v 78.6089 47.5872 12.027
f 1 2 3
f 2 4 3
f 4 5 3
f 4 6 5
f 6 7 5
f 6 8 7
f 8 9 7
f 9 10 7
f 9 11 10
f 11 12 10
f 11 13 12
f 11 14 13
f 14 15 13
f 15 16 13
f 16 17 13
f 16 18 17
f 18 19 17
f 18 20 19
f 18 21 20
f 21 22 20
f 22 23 20
f 22 24 23
f 24 25 23
f 24 26 25
f 26 27 25
f 26 28 27
f 26 29 28
f 29 30 28
f 29 31 30
f 31 32 30
f 32 33 30
f 32 34 33
f 32 35 34
f 35 36 34
f 36 37 34
f 36 38 37
f 36 39 38
f 39 40 38
f 40 41 38
f 40 42 41
f 42 43 41
f 42 44 43
f 42 45 44
f 45 46 44
f 46 47 44
f 46 48 47
f 48 49 47
f 48 50 49
f 50 51 49
f 50 52 51
f 52 53 51
f 52 54 53
f 52 55 54
f 55 56 54
f 56 57 54
f 56 58 57
f 58 59 57
f 58 60 59
f 60 61 59
f 60 62 61
f 62 63 61
f 62 64 63
f 62 65 64
f 65 66 64
f 66 67 64
f 66 68 67
f 68 69 67
f 68 70 69
f 70 71 69
f 70 72 71
f 72 73 71
f 72 74 73
f 74 75 73
f 75 76 73
f 75 77 76
f 75 78 77
f 78 79 77
f 79 80 77
f 79 81 80
f 79 82 81
f 82 83 81
f 82 84 83
f 84 85 83
f 85 86 83
f 85 87 86
f 87 88 86
f 88 89 86
f 88 90 89
f 88 91 90
f 91 92 90
f 92 93 90
f 92 94 93
f 94 95 93
f 94 96 95
f 94 97 96
f 97 98 96
f 97 99 98
f 99 100 98
f 100 101 98
f 100 102 101
f 97 103 99
f 103 104 99
f 103 105 104
f 105 106 104
f 106 107 104
f 106 108 107
f 108 109 107
f 109 110 107
f 110 111 107
f 110 112 111
f 112 113 111
f 112 114 113
f 114 115 113
f 115 116 113
f 116 117 113
f 117 118 113
f 117 119 118
f 119 120 118
f 120 102 118
f 120 119 102
f 117 121 119
f 121 122 119
f 122 123 119
f 122 124 123
f 122 125 124
f 125 126 124
f 125 127 126
f 127 128 126
f 128 129 126
f 129 130 126
f 129 131 130
f 128 132 129
f 128 133 132
f 133 134 132
f 133 135 134
f 135 136 134
f 135 137 136
f 137 138 136
f 138 139 136
f 138 140 139
f 138 137 140
f 137 141 140
f 141 142 140
f 142 143 140
f 142 144 143
f 144 145 143
f 145 146 143
f 145 147 146
f 147 148 146
f 148 149 146
f 149 150 146
f 149 151 150
f 151 152 150
f 152 139 150
f 152 153 139
f 152 154 153
f 154 155 153
f 155 156 153
f 155 157 156
f 157 158 156
f 158 159 156
f 158 160 159
f 158 161 160
f 161 162 160
f 162 163 160
f 162 164 163
f 164 165 163
f 165 166 163
f 162 167 164
f 162 161 167
f 161 168 167
f 168 169 167
f 168 170 169
f 170 171 169
f 170 172 171
f 172 173 171
f 172 174 173
f 174 175 173
f 174 176 175
f 176 177 175
f 176 178 177
f 176 179 178
f 179 180 178
f 179 181 180
f 181 182 180
f 181 183 182
f 181 184 183
f 184 185 183
f 185 186 183
f 186 187 183
f 187 188 183
f 188 189 183
f 189 190 183
f 188 191 189
f 191 192 189
f 191 193 192
f 191 194 193
f 194 195 193
f 194 196 195
f 194 197 196
f 194 198 197
f 198 199 197
f 199 200 197
f 200 201 197
f 199 200 202
f 202 199 203
f 203 204 202
f 204 205 202
f 205 206 202
f 205 207 206
f 207 208 206
f 208 196 206
f 208 209 196
f 209 210 196
f 209 195 210
f 208 211 209
f 211 212 209
f 211 213 212
f 213 214 212
f 213 215 214
f 213 216 215
f 216 217 215
f 217 218 215
f 217 219 218
f 219 220 218
f 339 340 338
f 339 341 340
f 341 342 340
f 342 343 340
f 342 344 343
f 344 345 343
f 345 346 343
f 345 347 346
f 347 348 346
f 347 349 348
f 349 350 348
f 349 351 350
f 351 352 350
f 352 353 350
f 353 354 350
f 353 355 354
f 353 352 355
f 352 356 355
f 356 357 355
f 357 358 355
f 357 356 358
f 356 359 358
f 359 360 358
f 360 361 358
f 359 362 360
f 362 363 360
f 362 364 363
f 364 365 363
f 365 366 363
f 365 367 366
f 367 368 366
f 368 369 366
f 369 370 366
f 370 371 366
f 370 372 371
f 372 373 371
f 373 374 371
f 374 375 371
f 374 361 375
f 374 373 361
f 372 376 373
f 376 377 373
f 376 378 377
f 376 379 378
f 379 380 378
f 379 381 380
f 381 382 380
f 382 383 380
f 382 384 383
f 382 385 384
f 385 386 384
f 385 387 386
f 387 388 386
f 388 389 386
f 388 390 389
f 390 391 389
f 391 392 389
f 391 393 392
f 391 394 393
f 394 395 393
f 395 396 393
f 396 397 393
f 396 398 397
f 398 399 397
f 399 400 397
f 400 401 397
f 400 402 401
f 402 403 401
f 403 404 401
f 403 405 404
f 405 406 404
f 406 407 404
f 406 408 407
f 408 409 407
f 409 410 407
f 409 411 410
f 409 412 411
f 412 413 411
f 413 414 411
f 412 415 413
f 415 416 413
f 416 417 413
f 417 418 413
f 417 419 418
f 417 420 419
f 420 421 419
f 421 422 419
f 421 423 422
f 423 424 422
f 423 425 424
f 425 426 424
f 426 427 424
f 427 428 424
f 427 429 428
f 429 430 428
f 425 431 426
f 425 432 431
f 425 433 432
f 433 434 432
f 434 435 432
f 434 436 435
f 436 437 435
f 437 438 435
f 437 439 438
f 439 440 438
f 440 441 438
f 440 442 441
f 442 443 441
f 443 444 441
f 444 445 441
f 444 446 445
f 446 447 445
f 446 448 447
f 448 449 447
f 448 450 449
f 450 451 449
f 451 452 449
f 451 453 452
f 453 454 452
f 454 455 452
f 455 456 452
f 455 457 456
f 457 458 456
f 458 456 459
f 459 460 458
f 455 461 457
f 461 462 457
f 462 463 457
f 463 459 457
f 473 474 471
f 473 475 474
f 475 476 474
f 476 477 474
f 476 478 477
f 476 454 478
f 454 479 478
f 454 453 479
f 453 480 479
f 480 481 479
f 481 482 479
f 481 483 482
f 483 484 482
f 483 485 484
f 485 486 484
f 486 487 484
f 486 488 487
f 488 489 487
f 489 490 487
f 490 491 487
f 490 492 491
f 492 493 491
f 492 494 493
f 494 495 493
f 494 496 495
f 496 497 495
f 497 498 495
f 497 499 498
f 499 500 498
f 499 501 500
f 1510 1511 1509
f 1511 1512 1509
f 1511 1513 1512
f 1513 1514 1512
f 1514 1515 1512
f 1514 1516 1515
f 1516 1517 1515
f 1516 1518 1517
f 1518 1519 1517
f 1518 1520 1519
f 1520 1521 1519
f 1521 1522 1519
f 1521 1523 1522
f 1523 1524 1522
f 1524 1525 1522
f 1524 1526 1525
f 1526 1527 1525
f 1527 1528 1525
f 1527 1529 1528
f 1527 1530 1529
f 1530 1531 1529
f 1531 1532 1529
f 1531 1533 1532
f 1533 1534 1532
f 1534 1535 1532
f 1534 1536 1535
f 1536 1537 1535
f 1536 1538 1537
f 1538 1539 1537
f 1539 1540 1537
f 1539 1541 1540
f 1541 1542 1540
f 1541 1543 1542
f 1543 1544 1542
f 1544 1545 1542
f 1544 1546 1545
f 1546 1547 1545
f 1546 1548 1547
f 1548 1549 1547
f 1548 1550 1549
f 1550 1551 1549
f 1551 1552 1549
f 1551 1553 1552
f 1553 1554 1552
f 1553 1555 1554
f 1553 1556 1555
f 1556 1557 1555
f 1557 1558 1555
f 1557 1559 1558
f 1559 1560 1558
f 1559 1561 1560
f 1561 1562 1560
f 1562 1563 1560
f 1562 1564 1563
f 1564 1565 1563
f 1565 1566 1563
f 1565 1567 1566
f 1567 1568 1566
f 1568 1569 1566
f 1568 1570 1569
f 1570 1571 1569
f 1570 1572 1571
f 1572 1573 1571
f 1573 1574 1571
f 1573 1575 1574
f 1575 1576 1574
f 1576 1577 1574
f 1576 1578 1577
f 1578 1579 1577
f 1578 1580 1579
f 1580 1581 1579
f 1580 1582 1581
f 1582 1583 1581
f 1583 1584 1581
f 1584 1585 1581
f 1584 1585 1586
f 1585 1587 1586
f 1587 1588 1586
f 1588 1589 1586
f 1589 1590 1586
f 1589 1591 1590
f 1589 1592 1591
f 1592 1591 1593
f 1593 1594 1592
f 1594 1595 1592
f 1593 1596 1594
f 1596 1597 1594
f 1597 1598 1594
f 1598 1594 1599
f 1599 1600 1598
f 1600 1601 1598
f 1599 1602 1600
f 1602 1603 1600
f 1602 1604 1603
f 1602 1605 1604
f 1602 1599 1605
f 1599 1606 1605
f 1606 1607 1605
f 1607 1608 1605
f 1607 1609 1608
f 1609 1610 1608
f 1609 1611 1610
f 1609 1607 1611
f 1606 1612 1607
f 1612 1613 1607
f 1612 1614 1613
f 1612 1615 1614
f 1615 1616 1614
f 1616 1617 1614
f 1616 1618 1617
f 1618 1619 1617
f 1619 1620 1617
f 1619 1621 1620
f 1621 1622 1620
f 1622 1623 1620
f 1623 1624 1620
f 1623 1625 1624
f 1625 1611 1624
f 1623 1626 1625
f 1623 1627 1626
f 1619 1628 1621
f 1628 1629 1621
f 1629 1630 1621
f 1630 1631 1621
f 1630 1632 1631
f 1632 1633 1631
f 1633 1634 1631
f 1634 1627 1631
f 1634 1635 1627
f 1635 1636 1627
f 1635 1637 1636
f 1637 1638 1636
f 1638 1639 1636
f 1638 1640 1639
f 1640 1641 1639
f 1641 1642 1639
f 1642 1643 1639
f 1642 1644 1643
f 1644 1645 1643
f 1645 1646 1643
f 1646 1647 1643
f 1646 1648 1647
f 1648 1649 1647
f 1648 1650 1649
f 1650 1651 1649
f 1651 1652 1649
f 1651 1653 1652
f 1653 1627 1652
f 1651 1654 1653
f 1654 1626 1653
f 1651 1650 1654
f 1648 1655 1650
f 1648 1656 1655
f 1656 1657 1655
f 1657 1658 1655
f 1657 1659 1658
f 1659 1660 1658
f 1660 1661 1658
f 1661 1662 1658
f 1661 1663 1662
f 1663 1664 1662
f 1664 1665 1662
f 1664 1666 1665
f 1666 1667 1665
f 1666 1610 1667
f 1666 1668 1610
f 1666 1664 1668
f 1664 1669 1668
f 1669 1670 1668
f 1669 1671 1670
f 1671 1672 1670
f 1672 1673 1670
f 1672 1674 1673
f 1671 1675 1672
f 1675 1676 1672
f 1675 1677 1676
f 1675 1671 1677
f 1671 1678 1677
f 1678 1661 1677
f 1661 1660 1677
f 1660 1679 1677
f 1660 1680 1679
f 1660 1681 1680
f 1681 1682 1680
f 1681 1683 1682
f 1683 1684 1682
f 1683 1684 1685
f 1684 1686 1685
f 1686 1687 1685
f 1687 1688 1685
f 1687 1689 1688
f 1689 1690 1688
f 1689 1691 1690
f 1691 1692 1690
f 1691 1693 1692
f 1693 1694 1692
f 1694 1695 1692
f 1694 1696 1695
f 1696 1697 1695
f 1696 1698 1697
f 1698 1699 1697
f 1698 1700 1699
f 1698 1701 1700
f 1701 1702 1700
f 1702 1703 1700
f 1701 1704 1702
f 1704 1705 1702
f 1704 1706 1705
f 1706 1707 1705
f 1706 1708 1707
f 1708 1709 1707
f 1709 1710 1707
f 1709 1711 1710
f 1711 1712 1710
f 1712 1713 1710
f 1713 1714 1710
f 1713 1715 1714
f 1715 1716 1714
f 1716 1703 1714
f 1716 1717 1703
f 1716 1718 1717
f 1718 1719 1717
f 1719 1720 1717
f 1719 1721 1720
f 1721 1722 1720
f 1722 1723 1720
f 1722 1724 1723
f 1722 1725 1724
f 1725 1726 1724
f 1725 1727 1726
f 1727 1726 1728
f 1728 1729 1727
f 1729 1730 1727
f 1730 1731 1727
f 1731 1732 1727
f 1731 1733 1732
f 1733 1734 1732
f 1733 1735 1734
f 1735 1736 1734
f 1736 1737 1734
f 1737 1738 1734
f 1737 1739 1738
f 1737 1740 1739
f 1740 1741 1739
f 1741 1742 1739
f 1741 1743 1742
f 1743 1744 1742
f 1743 1745 1744
f 1745 1746 1744
f 1746 1747 1744
f 1746 1748 1747
f 1748 1749 1747
f 1748 1750 1749
f 1750 1751 1749
f 1750 1752 1751
f 1752 1753 1751
f 1752 1754 1753
f 1754 1755 1753
f 1755 1756 1753
f 1756 1757 1753
f 1756 1758 1757
f 1758 1759 1757
f 1758 1760 1759
f 1760 1761 1759
f 1761 1762 1759
f 1761 1763 1762
f 1763 1764 1762
f 1763 1765 1764
f 1765 1766 1764
f 1765 1767 1766
f 1765 1768 1767
f 1768 1769 1767
f 1769 1770 1767
f 1769 1771 1770
f 1771 1772 1770
f 1771 1773 1772
f 1773 1774 1772
f 1773 1775 1774
f 1775 1776 1774
f 1775 1777 1776
f 1777 1778 1776
f 1778 1779 1776
f 1778 1780 1779
f 1780 1781 1779
f 1780 1782 1781
f 1780 1783 1782
f 1783 1784 1782
f 1784 1785 1782
f 1784 1786 1785
f 1784 1787 1786
f 1787 1788 1786
f 1788 1789 1786
f 1788 1790 1789
f 1790 1791 1789
f 1790 1792 1791
f 1792 1793 1791
f 1793 1794 1791
f 1793 1795 1794
f 1795 1796 1794
f 1795 1797 1796
f 1797 1798 1796
f 1798 1799 1796
f 1798 1800 1799
f 1800 1801 1799
f 1801 1802 1799
f 1801 1803 1802
f 1803 1804 1802
f 1803 1805 1804
f 1805 1806 1804
f 1805 1807 1806
f 1807 1808 1806
f 1807 1809 1808
f 1809 1810 1808
f 1810 1811 1808
f 1810 1812 1811
f 1812 1813 1811
f 1813 1814 1811
f 1813 1815 1814
f 1815 1816 1814
f 1815 1817 1816
f 1817 1818 1816
f 1817 1819 1818
f 1819 1820 1818
f 1819 1821 1820
f 1821 1822 1820
f 1822 1823 1820
f 1822 1824 1823
f 1824 1825 1823
f 1824 1826 1825
f 1826 1827 1825
f 1826 1828 1827
f 1826 1829 1828
f 1829 1830 1828
f 1830 1831 1828
f 1830 1832 1831
f 1832 1833 1831
f 1832 1834 1833
f 1832 1835 1834
f 1835 1836 1834
f 1836 1837 1834
f 1836 1838 1837
f 1838 1839 1837
f 1838 1840 1839
f 1840 1841 1839
f 1841 1842 1839
f 1841 1843 1842
f 1843 1844 1842
f 1843 8 1844
f 8 4 1844
f 4 2 1844
f 8 6 4
f 1843 1845 8
f 1843 1841 1845
f 1841 1846 1845
f 1846 9 1845
f 1846 1840 9
f 1840 1847 9
f 1847 14 9
f 14 11 9
f 1847 15 14
f 1847 1848 15
f 1848 1849 15
f 1849 16 15
f 1849 1850 16
f 1850 18 16
f 1850 21 18
f 1850 1851 21
f 1851 1852 21
f 1852 22 21
f 1852 1853 22
f 1853 24 22
f 1853 1854 24
f 1854 26 24
f 1854 29 26
f 1854 1855 29
f 1855 31 29
f 1855 1856 31
f 1856 1857 31
f 1857 32 31
f 1857 35 32
f 1857 1858 35
f 1858 1859 35
f 1859 36 35
f 1859 39 36
f 1859 1860 39
f 1860 40 39
f 1860 1861 40
f 1861 1862 40
f 1862 42 40
f 1862 45 42
f 1862 1863 45
f 1863 1864 45
f 1864 46 45
f 1864 1865 46
f 1865 48 46
f 1865 50 48
f 1865 1866 50
f 1866 1867 50
f 1867 52 50
f 1867 55 52
f 1867 1868 55
f 1868 1869 55
f 1869 56 55
f 1869 1870 56
f 1870 58 56
f 1870 1871 58
f 1871 60 58
f 1871 1872 60
f 1872 62 60
f 1872 65 62
f 1872 1873 65
f 1873 1874 65
f 1874 66 65
f 1874 1875 66
f 1875 68 66
f 1875 1876 68
f 1876 70 68
f 1876 72 70
f 1876 1877 72
f 1877 1878 72
f 1878 74 72
f 1878 1879 74
f 1879 75 74
f 1879 78 75
f 1879 1880 78
f 1880 1881 78
f 1881 1882 78
f 1882 1883 78
f 1883 79 78
f 1883 1882 79
f 1882 82 79
f 1882 1884 82
f 1884 1885 82
f 1885 1886 82
f 1886 84 82
f 1886 1887 84
f 1887 85 84
f 1887 87 85
f 1887 1888 87
f 1888 1889 87
f 1889 88 87
f 1889 91 88
f 1889 1890 91
f 1890 1891 91
f 1891 92 91
f 1891 1892 92
f 1892 94 92
f 1892 97 94
f 1892 103 97
f 1892 1893 103
f 1893 105 103
f 1893 1894 105
f 1894 108 105
f 108 106 105
f 1894 1895 108
f 1895 1896 108
f 1896 109 108
f 1896 1897 109
f 1897 1898 109
f 1898 110 109
f 1898 112 110
f 1898 1899 112
f 1899 1900 112
f 1900 114 112
f 1900 1901 114
f 1901 115 114
f 1901 1902 115
f 1902 1903 115
f 1903 116 115
f 1903 1904 116
f 1904 117 116
f 1904 121 117
f 1904 1905 121
f 1905 1906 121
f 1906 122 121
f 1906 125 122
f 1906 127 125
f 1906 1907 127
f 1907 137 127
f 1907 1908 137
f 1908 141 137
f 1908 1909 141
f 1909 1910 141
f 1910 1911 141
f 1911 142 141
f 1911 1912 142
f 1912 1913 142
f 1913 144 142
f 1913 1914 144
f 1914 145 144
f 1912 1915 1913
f 1915 1916 1913
f 1916 147 1913
f 147 145 1913
f 1916 1917 147
f 1917 1918 147
f 1918 148 147
f 1918 1919 148
f 1919 1920 148
f 1920 149 148
f 1920 1921 149
f 1921 151 149
f 1921 1922 151
f 1922 154 151
f 154 152 151
f 1922 1923 154
f 1923 155 154
f 1923 1924 155
f 1924 157 155
f 1924 1925 157
f 1925 1926 157
f 1926 158 157
f 1926 161 158
f 1926 168 161
f 1926 1927 168
f 1927 170 168
f 1927 1928 170
f 1928 172 170
f 1928 1929 172
f 1929 174 172
f 1929 1930 174
f 1930 176 174
f 1930 179 176
f 1930 1931 179
f 1931 1932 179
f 1932 181 179
f 1932 184 181
f 1932 1933 184
f 1933 1934 184
f 1934 186 184
f 186 185 184
f 1934 1935 186
f 1935 187 186
f 1935 1936 187
f 1936 1937 187
f 1937 198 187
f 198 188 187
f 198 191 188
f 198 194 191
f 1937 199 198
f 1936 1938 1937
f 1938 1939 1937
f 1939 1940 1937
f 1939 1941 1940
f 1941 1942 1940
f 1942 203 1940
f 1942 1943 203
f 1943 204 203
f 1943 1944 204
f 1944 205 204
f 1944 1945 205
f 1945 207 205
f 1945 1946 207
f 1946 213 207
f 213 211 207
f 211 208 207
f 1946 216 213
f 1946 1947 216
f 1947 217 216
f 1947 1948 217
f 1948 220 217
f 1948 1949 220
f 1949 1950 220
f 2004 341 339
f 2004 2005 341
f 2005 2006 341
f 2006 342 341
f 2006 2007 342
f 2007 344 342
f 2007 2008 344
f 2008 347 344
f 347 345 344
f 2008 349 347
f 2008 2009 349
f 2009 2010 349
f 2010 351 349
f 2010 2011 351
f 2011 352 351
f 2011 2012 352
f 2012 356 352
f 2012 359 356
f 2012 2013 359
f 2013 362 359
f 2013 2014 362
f 2014 364 362
f 2014 2015 364
f 2015 2016 364
f 2016 365 364
f 2016 367 365
f 2016 2017 367
f 2017 2018 367
f 2018 368 367
f 2018 2019 368
f 2019 369 368
f 2019 2020 369
f 2020 2021 369
f 2021 2022 369
f 2022 376 369
f 376 370 369
f 376 372 370
f 2022 379 376
f 2022 2023 379
f 2023 381 379
f 2023 2024 381
f 2024 2025 381
f 2025 382 381
f 2025 385 382
f 2025 2026 385
f 2026 387 385
f 2026 2027 387
f 2027 2028 387
f 2028 388 387
f 2028 390 388
f 2028 2029 390
f 2029 2030 390
f 2030 391 390
f 2030 394 391
f 2030 2031 394
f 2031 395 394
f 2031 2032 395
f 2032 2033 395
f 2033 396 395
f 2033 398 396
f 2033 2034 398
f 2034 2035 398
f 2035 399 398
f 2035 2036 399
f 2036 2037 399
f 2037 400 399
f 2037 2038 400
f 2038 402 400
f 2038 2039 402
f 2039 2040 402
f 2040 403 402
f 2040 405 403
f 2040 2041 405
f 2041 2042 405
f 2042 406 405
f 2042 2043 406
f 2043 408 406
f 2043 2044 408
f 2044 2045 408
f 2045 409 408
f 2045 2046 409
f 2046 2047 409
f 2047 412 409
f 2047 2048 412
f 2048 415 412
f 2048 416 415
f 2048 2049 416
f 2049 420 416
f 420 417 416
f 2049 2050 420
f 2050 421 420
f 2050 2051 421
f 2051 423 421
f 2051 2052 423
f 2052 433 423
f 433 425 423
f 2052 2053 433
f 2053 434 433
f 2053 2054 434
f 2054 436 434
f 2054 2055 436
f 2055 2056 436
f 2056 437 436
f 2056 439 437
f 2056 2057 439
f 2057 2058 439
f 2058 440 439
f 2058 442 440
f 2058 443 442
f 2058 2059 443
f 2059 2060 443
f 2060 2061 443
f 2061 444 443
f 2061 446 444
f 2061 2062 446
f 2062 448 446
f 2062 450 448
f 2062 2063 450
f 2063 451 450
f 2063 2064 451
f 2064 453 451
f 2064 480 453
f 2064 2065 480
f 2065 2066 480
f 2066 481 480
f 2066 483 481
f 2066 485 483
f 2066 2067 485
f 2067 2068 485
f 2068 486 485
f 2068 2069 486
f 2069 488 486
f 2069 2070 488
f 2070 489 488
f 2069 2071 2070
f 2071 2072 2070
f 2072 2073 2070
f 2072 2074 2073
f 2074 2075 2073
f 2075 2076 2073
f 2076 2077 2073
f 2076 2078 2077
f 2078 2079 2077
f 2079 2080 2077
f 2080 2081 2077
f 2078 2082 2079
f 2078 2083 2082
f 2083 2084 2082
f 2083 2085 2084
f 2085 2086 2084
f 2086 2087 2084
f 2087 2088 2084
f 2087 2088 489
f 2088 490 489
f 2088 2089 490
f 2089 492 490
f 2089 494 492
f 2089 2090 494
f 2090 2091 494
f 2091 496 494
f 2091 2092 496
f 2092 2093 496
f 2093 497 496
f 2093 2094 497
f 2094 499 497
f 2094 501 499
f 2884 1511 1510
f 2884 1513 1511
f 2884 2885 1513
f 2885 2886 1513
f 2886 1514 1513
f 2886 2887 1514
f 2887 1516 1514
f 2887 2888 1516
f 2888 1518 1516
f 2888 1520 1518
f 2888 2889 1520
f 2889 2890 1520
f 2890 1521 1520
f 2890 1523 1521
f 2890 2891 1523
f 2891 2892 1523
f 2892 1524 1523
f 2892 1526 1524
f 2892 2893 1526
f 2893 2894 1526
f 2894 1527 1526
f 2894 1530 1527
f 2894 2895 1530
f 2895 2896 1530
f 2896 1531 1530
f 2896 1533 1531
f 2896 2897 1533
f 2897 2898 1533
f 2898 1534 1533
f 2898 2899 1534
f 2899 1536 1534
f 2899 1538 1536
f 2899 2900 1538
f 2900 2901 1538
f 2901 1539 1538
f 2901 2902 1539
f 2902 1541 1539
f 2902 2903 1541
f 2903 1543 1541
f 2903 2904 1543
f 2904 2905 1543
f 2905 1544 1543
f 2905 2906 1544
f 2906 1546 1544
f 2906 1548 1546
f 2906 2907 1548
f 2907 1550 1548
f 2907 2908 1550
f 2908 2909 1550
f 2909 1551 1550
f 2909 2910 1551
f 2910 1553 1551
f 2910 1556 1553
f 2910 2911 1556
f 2911 2912 1556
f 2912 2913 1556
f 2913 1557 1556
f 2913 2914 1557
f 2914 1559 1557
f 2914 1561 1559
f 2914 2915 1561
f 2915 2916 1561
f 2916 1564 1561
f 1564 1562 1561
f 2916 2917 1564
f 2917 1565 1564
f 2917 1567 1565
f 2917 2918 1567
f 2918 2919 1567
f 2919 1570 1567
f 1570 1568 1567
f 2919 2920 1570
f 2920 1572 1570
f 2920 2921 1572
f 2921 2922 1572
f 2922 1575 1572
f 1575 1573 1572
f 2922 2923 1575
f 2922 2924 2923
f 2924 2925 2923
f 2924 2926 2925
f 2926 2927 2925
f 2927 2928 2925
f 2927 2929 2928
f 2929 2930 2928
f 2929 2931 2930
f 2931 2932 2930
f 2932 2933 2930
f 2932 2934 2933
f 2932 2935 2934
f 2935 2936 2934
f 2935 2937 2936
f 2937 2938 2936
f 2937 2939 2938
f 2939 2940 2938
f 2940 2941 2938
f 2940 1606 2941
f 1606 1599 2941
f 1599 2942 2941
f 1599 1597 2942
f 1597 1596 2942
f 2940 2943 1606
f 2943 1612 1606
f 2943 2944 1612
f 2944 1615 1612
f 2944 2945 1615
f 2945 1616 1615
f 2945 2946 1616
f 2946 1618 1616
f 2946 2947 1618
f 2947 2948 1618
f 2948 1628 1618
f 1628 1619 1618
f 2948 2949 1628
f 2949 1629 1628
f 2949 2950 1629
f 2950 2951 1629
f 2951 1630 1629
f 2951 1632 1630
f 2951 2952 1632
f 2952 2953 1632
f 2953 1633 1632
f 2953 2954 1633
f 2954 2955 1633
f 2955 1634 1633
f 2955 1635 1634
f 2955 1637 1635
f 2955 2956 1637
f 2956 2957 1637
f 2957 1640 1637
f 1640 1638 1637
f 2957 2958 1640
f 2958 1641 1640
f 2958 2959 1641
f 2959 2960 1641
f 2960 2961 1641
f 2961 1642 1641
f 2961 2962 1642
f 2962 1644 1642
f 2962 2963 1644
f 2963 2964 1644
f 2964 1645 1644
f 2964 2965 1645
f 2965 1656 1645
f 2965 2966 1656
f 2966 2967 1656
f 2967 1657 1656
f 2967 1659 1657
f 2967 2968 1659
f 2968 1681 1659
f 1681 1660 1659
f 2968 1683 1681
f 2967 1686 2968
f 1686 1684 2968
f 2967 2969 1686
f 2969 1687 1686
f 2969 2970 1687
f 2970 1689 1687
f 2970 2971 1689
f 2971 1691 1689
f 2971 1693 1691
f 2971 2972 1693
f 2972 2973 1693
f 2973 1694 1693
f 2973 2974 1694
f 2974 1696 1694
f 2974 1698 1696
f 2974 1701 1698
f 2974 2975 1701
f 2975 1704 1701
f 2975 2976 1704
f 2976 1706 1704
f 2976 2977 1706
f 2977 1708 1706
f 2977 2978 1708
f 2978 2979 1708
f 2979 1709 1708
f 2979 2980 1709
f 2980 1711 1709
f 2979 2981 2980
f 2979 2982 2981
f 2982 2983 2981
f 2983 2984 2981
f 2984 2985 2981
f 2985 2986 2981
f 2985 2987 2986
f 2987 1711 2986
f 2987 1712 1711
f 2987 2988 1712
f 2988 2989 1712
f 2989 2990 1712
f 2990 1713 1712
f 2990 1715 1713
f 2990 2991 1715
f 2991 1716 1715
f 2991 2992 1716
f 2992 2993 1716
f 2993 1718 1716
f 2993 2994 1718
f 2994 1719 1718
f 2994 2995 1719
f 2995 1721 1719
f 2995 2996 1721
f 2996 1722 1721
f 2996 1725 1722
f 2995 2997 2996
f 2997 2998 2996
f 2997 1729 2998
f 1729 1728 2998
f 1728 1725 2998
f 2997 2999 1729
f 2999 3000 1729
f 3000 1730 1729
f 3000 3001 1730
f 3001 1731 1730
f 3001 3002 1731
f 3002 3003 1731
f 3003 1733 1731
f 3003 3004 1733
f 3004 1735 1733
f 3004 3005 1735
f 3005 1736 1735
f 3005 3006 1736
f 3006 1740 1736
f 1740 1737 1736
f 3006 3007 1740
f 3007 1741 1740
f 3007 3008 1741
f 3008 1743 1741
f 3008 3009 1743
f 3009 1745 1743
f 3009 3010 1745
f 3010 3011 1745
f 3011 1746 1745
f 3011 3012 1746
f 3012 1748 1746
f 3012 3013 1748
f 3013 1750 1748
f 3013 3014 1750
f 3014 1752 1750
f 3014 3015 1752
f 3015 1754 1752
f 3015 3016 1754
f 3016 1755 1754
f 3016 3017 1755
f 3017 3018 1755
f 3018 1756 1755
f 3018 1758 1756
f 3018 1760 1758
f 3018 3019 1760
f 3019 3020 1760
f 3020 1763 1760
f 1763 1761 1760
f 3020 3021 1763
f 3021 1765 1763
f 3021 1768 1765
f 3021 3022 1768
f 3022 3023 1768
f 3023 1769 1768
f 3023 3024 1769
f 3024 3025 1769
f 3025 1771 1769
f 3025 3026 1771
f 3026 1773 1771
f 3026 1775 1773
f 3026 3027 1775
f 3027 1777 1775
f 3027 3028 1777
f 3028 3029 1777
f 3029 1778 1777
f 3029 3030 1778
f 3030 1780 1778
f 3030 1783 1780
f 3030 3031 1783
f 3031 3032 1783
f 3032 1784 1783
f 3032 1787 1784
f 3032 3033 1787
f 3033 3034 1787
f 3034 1788 1787
f 3034 3035 1788
f 3035 1790 1788
f 3035 1792 1790
f 3035 3036 1792
f 3036 3037 1792
f 3037 1793 1792
f 3037 3038 1793
f 3038 1795 1793
f 3038 1797 1795
f 3038 3039 1797
f 3039 3040 1797
f 3040 1800 1797
f 1800 1798 1797
f 3040 3041 1800
f 3041 1801 1800
f 3041 3042 1801
f 3042 1803 1801
f 3042 1805 1803
f 3042 3043 1805
f 3043 3044 1805
f 3044 1807 1805
f 3044 3045 1807
f 3045 1809 1807
f 3045 3046 1809
f 3046 3047 1809
f 3047 1812 1809
f 1812 1810 1809
f 3047 3048 1812
f 3048 3049 1812
f 3049 1813 1812
f 3049 3050 1813
f 3050 1815 1813
f 3050 3051 1815
f 3051 1817 1815
f 3051 3052 1817
f 3052 3053 1817
f 3053 1819 1817
f 3053 1821 1819
f 3053 3054 1821
f 3054 3055 1821
f 3055 1822 1821
f 3055 3056 1822
f 3056 1824 1822
f 3056 3057 1824
f 3057 1826 1824
f 3057 1829 1826
f 3057 3058 1829
f 3058 3059 1829
f 3059 1830 1829
f 3059 3060 1830
f 3060 1832 1830
f 3060 1835 1832
f 3060 3061 1835
f 3061 3062 1835
f 3062 1836 1835
f 3062 3063 1836
f 3063 3064 1836
f 3064 1838 1836
f 3064 1840 1838
f 3064 1847 1840
f 3064 1848 1847
f 3064 3063 1848
f 3063 3065 1848
f 3065 1849 1848
f 3065 3066 1849
f 3066 1850 1849
f 3066 1851 1850
f 3066 3067 1851
f 3067 3068 1851
f 3068 1852 1851
f 3068 3069 1852
f 3069 1853 1852
f 3069 3070 1853
f 3070 1854 1853
f 3070 1855 1854
f 3070 3071 1855
f 3071 1856 1855
f 3071 3072 1856
f 3072 3073 1856
f 3073 3074 1856
f 3074 1857 1856
f 3074 1858 1857
f 3074 3075 1858
f 3075 3076 1858
f 3076 1859 1858
f 3076 1860 1859
f 3076 3077 1860
f 3077 3078 1860
f 3078 1861 1860
f 3078 3079 1861
f 3079 1862 1861
f 3079 1863 1862
f 3079 3080 1863
f 3080 3081 1863
f 3081 1864 1863
f 3081 3082 1864
f 3082 1865 1864
f 3082 1866 1865
f 3082 3083 1866
f 3083 3084 1866
f 3084 1867 1866
f 3084 1868 1867
f 3084 3085 1868
f 3085 3086 1868
f 3086 1869 1868
f 3086 3087 1869
f 3087 1870 1869
f 3087 3088 1870
f 3088 1871 1870
f 3088 3089 1871
f 3089 1872 1871
f 3089 1873 1872
f 3089 3090 1873
f 3090 3091 1873
f 3091 1874 1873
f 3091 3092 1874
f 3092 1875 1874
f 3092 3093 1875
f 3093 1876 1875
f 3093 1877 1876
f 3093 3094 1877
f 3094 3095 1877
f 3095 1878 1877
f 3095 1880 1878
f 1880 1879 1878
f 3095 3096 1880
f 3096 3097 1880
f 3097 1881 1880
f 3097 1882 1881
f 3097 3098 1882
f 3098 1885 1882
f 1885 1884 1882
f 3098 3099 1885
f 3099 3100 1885
f 3100 3101 1885
f 3101 1886 1885
f 3101 3102 1886
f 3102 1887 1886
f 3102 1888 1887
f 3102 3103 1888
f 3103 3104 1888
f 3104 3105 1888
f 3105 1889 1888
f 3105 1890 1889
f 3105 3106 1890
f 3106 1891 1890
f 3106 1894 1891
f 1894 1893 1891
f 1893 1892 1891
f 3106 3107 1894
f 3107 1895 1894
f 3107 3108 1895
f 3108 3109 1895
f 3109 3110 1895
f 3110 3111 1895
f 3111 1896 1895
f 3111 3110 1896
f 3109 3112 3110
f 3112 3113 3110
f 3113 3114 3110
f 3114 3115 3110
f 3114 3116 3115
f 3116 3117 3115
f 3117 3118 3115
f 3118 1897 3115
f 3118 1898 1897
f 3118 3119 1898
f 3119 1899 1898
f 3119 3120 1899
f 3120 3121 1899
f 3121 3122 1899
f 3122 1900 1899
f 3122 3123 1900
f 3123 1901 1900
f 3123 1902 1901
f 3123 3124 1902
f 3124 3125 1902
f 3125 1903 1902
f 3125 3126 1903
f 3126 3127 1903
f 3127 1904 1903
f 3127 3128 1904
f 3128 1905 1904
f 3128 3129 1905
f 3129 3130 1905
f 3130 1906 1905
f 3130 1908 1906
f 1908 1907 1906
f 3130 1909 1908
f 3130 1910 1909
f 3130 3129 1910
f 3129 3131 1910
f 3131 1915 1910
f 1915 1912 1910
f 1912 1911 1910
f 3131 3132 1915
f 3132 1916 1915
f 3132 3133 1916
f 3133 3134 1916
f 3134 3135 1916
f 3135 1917 1916
f 3135 3136 1917
f 3136 1918 1917
f 3136 3137 1918
f 3137 1919 1918
f 3137 3138 1919
f 3138 1920 1919
f 3138 3139 1920
f 3139 1921 1920
f 3139 3140 1921
f 3140 1922 1921
f 3140 3141 1922
f 3141 1923 1922
f 3141 3142 1923
f 3142 1924 1923
f 3142 3143 1924
f 3143 1925 1924
f 3143 3144 1925
f 3144 1927 1925
f 1927 1926 1925
f 3144 1928 1927
f 3144 3145 1928
f 3145 1929 1928
f 3145 3146 1929
f 3146 1930 1929
f 3146 1931 1930
f 3145 3147 3146
f 3145 3148 3147
f 3148 3149 3147
f 3149 3150 3147
f 3150 3151 3147
f 3150 3152 3151
f 3152 3153 3151
f 3153 3154 3151
f 3154 1933 3151
f 1933 1931 3151
f 1933 1932 1931
f 3154 1934 1933
f 3154 1935 1934
f 3154 3155 1935
f 3154 3153 3155
f 3152 3156 3153
f 3152 3157 3156
f 3157 3158 3156
f 3158 3159 3156
f 3159 3160 3156
f 3160 3161 3156
f 3158 3162 3159
f 3162 3163 3159
f 3162 3164 3163
f 3164 3165 3163
f 3158 3166 3162
f 3166 3167 3162
f 3167 3168 3162
f 3168 3165 3162
f 3168 3169 3165
f 3169 3170 3165
f 3170 3171 3165
f 3171 3172 3165
f 3172 3173 3165
f 3172 3174 3173
f 3174 3175 3173
f 3175 3176 3173
f 3175 3177 3176
f 3177 3178 3176
f 3178 3179 3176
f 3179 3160 3176
f 3178 3180 3179
f 3180 3181 3179
f 3181 3155 3179
f 3180 1938 3181
f 3180 3182 1938
f 3182 1939 1938
f 3182 1941 1939
f 3182 3183 1941
f 3183 3184 1941
f 3184 1942 1941
f 3184 3185 1942
f 3185 1943 1942
f 3185 3186 1943
f 3186 1944 1943
f 3186 3187 1944
f 3187 3188 1944
f 3188 1947 1944
f 1947 1945 1944
f 1947 1946 1945
f 3187 3189 3188
f 3187 3190 3189
f 3190 3191 3189
f 3191 3192 3189
f 3192 3193 3189
f 3192 3194 3193
f 3194 1949 3193
f 1949 1948 3193
f 3194 1950 1949
f 3194 1951 1950
f 3194 3195 1951
f 3195 3196 1951
f 3196 1952 1951
f 3196 3197 1952
f 3248 2006 2005
f 3248 2007 2006
f 3248 3249 2007
f 3249 3250 2007
f 3250 2008 2007
f 3250 3251 2008
f 3251 2009 2008
f 3251 3252 2009
f 3252 2010 2009
f 3252 3253 2010
f 3253 2011 2010
f 3253 2012 2011
f 3253 3254 2012
f 3254 2013 2012
f 3254 3255 2013
f 3255 2014 2013
f 3255 3256 2014
f 3256 2015 2014
f 3256 3257 2015
f 3257 3258 2015
f 3258 2016 2015
f 3258 2017 2016
f 3258 3259 2017
f 3259 3260 2017
f 3260 2018 2017
f 3260 3261 2018
f 3261 2019 2018
f 3261 3262 2019
f 3262 3263 2019
f 3263 2020 2019
f 3263 3264 2020
f 3264 3265 2020
f 3265 3266 2020
f 3266 2021 2020
f 3266 2022 2021
f 3266 2023 2022
f 3266 3267 2023
f 3267 2024 2023
f 3267 3268 2024
f 3268 3269 2024
f 3269 2025 2024
f 3269 2026 2025
f 3269 3270 2026
f 3270 2027 2026
f 3270 3271 2027
f 3271 3272 2027
f 3272 2028 2027
f 3272 2029 2028
f 3272 3273 2029
f 3273 3274 2029
f 3274 2030 2029
f 3274 2031 2030
f 3274 3275 2031
f 3275 3276 2031
f 3276 2032 2031
f 3276 3277 2032
f 3277 3278 2032
f 3278 2033 2032
f 3278 2034 2033
f 3278 3279 2034
f 3279 3280 2034
f 3280 2035 2034
f 3280 3281 2035
f 3281 2036 2035
f 3281 3282 2036
f 3282 3283 2036
f 3283 2037 2036
f 3283 3284 2037
f 3284 2038 2037
f 3284 3285 2038
f 3285 2039 2038
f 3285 3286 2039
f 3286 3287 2039
f 3287 2040 2039
f 3287 2041 2040
f 3287 3288 2041
f 3288 3289 2041
f 3289 2042 2041
f 3289 3290 2042
f 3290 2043 2042
f 3290 3291 2043
f 3291 2044 2043
f 3291 3292 2044
f 3292 3293 2044
f 3293 2045 2044
f 3293 2046 2045
f 3293 3294 2046
f 3294 3295 2046
f 3295 2048 2046
f 2048 2047 2046
f 3295 2049 2048
f 3295 3296 2049
f 3296 2050 2049
f 3296 3297 2050
f 3297 2051 2050
f 3297 2052 2051
f 3297 3298 2052
f 3298 2053 2052
f 3298 3299 2053
f 3299 2054 2053
f 3299 3300 2054
f 3300 2055 2054
f 3300 3301 2055
f 3301 3302 2055
f 3302 2056 2055
f 3302 3303 2056
f 3303 2057 2056
f 3303 3304 2057
f 3304 2058 2057
f 3304 2059 2058
f 3304 3305 2059
f 3305 3306 2059
f 3306 2060 2059
f 3306 3307 2060
f 3307 3308 2060
f 3308 2061 2060
f 3308 2062 2061
f 3308 2063 2062
f 3308 3309 2063
f 3309 2064 2063
f 3309 2065 2064
f 3309 3310 2065
f 3310 2067 2065
f 2067 2066 2065
f 3310 3311 2067
f 3311 2068 2067
f 3311 3312 2068
f 3312 2069 2068
f 3312 2071 2069
f 3312 3313 2071
f 3313 2072 2071
f 3313 3314 2072
f 3314 3315 2072
f 3315 2074 2072
f 3315 3316 2074
f 3316 3317 2074
f 3317 3318 2074
f 3318 2075 2074
f 3318 3319 2075
f 3319 3320 2075
f 3320 3321 2075
f 3321 2076 2075
f 3321 3322 2076
f 3322 2078 2076
f 3322 3323 2078
f 3323 2083 2078
f 3323 3324 2083
f 3324 3325 2083
f 3325 2085 2083
f 3325 2086 2085
f 3325 3326 2086
f 3326 3327 2086
f 3327 3328 2086
f 3328 2087 2086
f 3328 3329 2087
f 3328 3330 3329
f 3330 3331 3329
f 3331 3332 3329
f 3332 2088 3329
f 3332 2089 2088
f 3332 3333 2089
f 3333 2090 2089
f 3333 3334 2090
f 3334 2091 2090
f 3334 3335 2091
f 3335 2092 2091
f 3335 3336 2092
f 3336 3337 2092
f 3337 2093 2092
f 3337 3338 2093
f 3338 2094 2093
f 3338 3339 2094
f 4064 2884 2883
f 4064 2885 2884
f 4064 4065 2885
f 4065 4066 2885
f 4066 2886 2885
f 4066 4067 2886
f 4067 2887 2886
f 4067 4068 2887
f 4068 2888 2887
f 4068 2889 2888
f 4068 4069 2889
f 4069 4070 2889
f 4070 2890 2889
f 4070 2891 2890
f 4070 4071 2891
f 4071 4072 2891
f 4072 2892 2891
f 4072 2893 2892
f 4072 4073 2893
f 4073 4074 2893
f 4074 2894 2893
f 4074 2895 2894
f 4074 4075 2895
f 4075 4076 2895
f 4076 2896 2895
f 4076 2897 2896
f 4076 4077 2897
f 4077 4078 2897
f 4078 2898 2897
f 4078 4079 2898
f 4079 2899 2898
f 4079 2900 2899
f 4079 4080 2900
f 4080 4081 2900
f 4081 2901 2900
f 4081 4082 2901
f 4082 2902 2901
f 4082 2903 2902
f 4082 4083 2903
f 4083 2904 2903
f 4083 4084 2904
f 4084 4085 2904
f 4085 2905 2904
f 4085 4086 2905
f 4086 2906 2905
f 4086 2907 2906
f 4086 4087 2907
f 4087 2908 2907
f 4087 4088 2908
f 4088 4089 2908
f 4089 2909 2908
f 4089 4090 2909
f 4090 2910 2909
f 4090 2911 2910
f 4090 4091 2911
f 4091 2912 2911
f 4091 4092 2912
f 4092 4093 2912
f 4093 2913 2912
f 4093 4094 2913
f 4094 2914 2913
f 4094 2915 2914
f 4094 4095 2915
f 4095 4096 2915
f 4096 2916 2915
f 4096 4097 2916
f 4097 2917 2916
f 4097 2918 2917
f 4097 4098 2918
f 4098 4099 2918
f 4099 2919 2918
f 4099 4100 2919
f 4100 2920 2919
f 4100 2921 2920
f 4100 4101 2921
f 4101 4102 2921
f 4102 2924 2921
f 2924 2922 2921
f 4102 4103 2924
f 4103 2926 2924
f 4103 2927 2926
f 4103 4104 2927
f 4104 4105 2927
f 4105 2929 2927
f 4105 2931 2929
f 4105 4106 2931
f 4106 4107 2931
f 4107 2932 2931
f 4107 2935 2932
f 4107 2937 2935
f 4107 4108 2937
f 4108 4109 2937
f 4109 2939 2937
f 4109 4110 2939
f 4110 4111 2939
f 4111 2940 2939
f 4111 2943 2940
f 4111 2944 2943
f 4111 4110 2944
f 4110 4112 2944
f 4112 2945 2944
f 4112 4113 2945
f 4113 4114 2945
f 4114 4115 2945
f 4115 2946 2945
f 4115 2947 2946
f 4115 4116 2947
f 4116 2948 2947
f 4116 4117 2948
f 4117 2949 2948
f 4117 4118 2949
f 4118 2950 2949
f 4118 4119 2950
f 4119 4120 2950
f 4120 2951 2950
f 4120 2952 2951
f 4120 4121 2952
f 4121 2953 2952
f 4121 4122 2953
f 4122 2954 2953
f 4122 4123 2954
f 4123 2956 2954
f 2956 2955 2954
f 4123 4124 2956
f 4124 2957 2956
f 4124 2958 2957
f 4124 4125 2958
f 4124 4126 4125
f 4126 4127 4125
f 4127 4128 4125
f 4127 4129 4128
f 4129 4130 4128
f 4129 4131 4130
f 4131 4132 4130
f 4132 4133 4130
f 4132 4134 4133
f 4134 4135 4133
f 4135 4136 4133
f 4135 4137 4136
f 4135 4138 4137
f 4138 4139 4137
f 4139 4140 4137
f 4140 4141 4137
f 4140 4142 4141
f 4142 4143 4141
f 4142 4144 4143
f 4142 4145 4144
f 4145 4146 4144
f 4146 2988 4144
f 4146 4147 2988
f 4147 2989 2988
f 4147 2990 2989
f 4147 4146 2990
f 4142 4148 4145
f 4148 4149 4145
f 4149 4150 4145
f 4149 4151 4150
f 4151 4152 4150
f 4151 4153 4152
f 4153 4154 4152
f 4154 4155 4152
f 4155 4156 4152
f 4156 4157 4152
f 4157 4158 4152
f 4157 4159 4158
f 4157 4160 4159
f 4157 4156 4160
f 4156 4155 4160
f 4155 4161 4160
f 4161 2990 4160
f 4161 2991 2990
f 4161 2992 2991
f 4161 4162 2992
f 4162 2993 2992
f 4162 4163 2993
f 4163 4164 2993
f 4164 4165 2993
f 4165 2994 2993
f 4165 4166 2994
f 4166 2995 2994
f 4166 2997 2995
f 4166 2999 2997
f 4166 4167 2999
f 4167 4168 2999
f 4168 4169 2999
f 4169 3000 2999
f 4169 3001 3000
f 4169 3002 3001
f 4169 4168 3002
f 4167 4170 4168
f 4170 4171 4168
f 4170 4172 4171
f 4172 4173 4171
f 4173 4174 4171
f 4174 3004 4171
f 4174 4175 3004
f 4175 3005 3004
f 4175 4176 3005
f 4176 3006 3005
f 4176 4177 3006
f 4177 3007 3006
f 4177 4178 3007
f 4178 3008 3007
f 4178 3009 3008
f 4178 4179 3009
f 4179 3010 3009
f 4179 4180 3010
f 4180 4181 3010
f 4181 3011 3010
f 4181 4182 3011
f 4182 3012 3011
f 4182 4183 3012
f 4183 3013 3012
f 4183 3014 3013
f 4183 4184 3014
f 4184 4185 3014
f 4185 3015 3014
f 4185 4186 3015
f 4186 3016 3015
f 4186 3017 3016
f 4186 4187 3017
f 4187 4188 3017
f 4188 3018 3017
f 4188 3019 3018
f 4188 4189 3019
f 4189 4190 3019
f 4190 3020 3019
f 4190 4191 3020
f 4191 3021 3020
f 4191 3022 3021
f 4191 4192 3022
f 4192 4193 3022
f 4193 3023 3022
f 4193 3024 3023
f 4193 4194 3024
f 4194 4195 3024
f 4195 4196 3024
f 4196 3025 3024
f 4196 3026 3025
f 4196 3027 3026
f 4196 4197 3027
f 4197 3028 3027
f 4197 4198 3028
f 4198 4199 3028
f 4199 4200 3028
f 4200 3029 3028
f 4200 4201 3029
f 4201 4202 3029
f 4202 3031 3029
f 3031 3030 3029
f 4202 4203 3031
f 4203 3032 3031
f 4203 3033 3032
f 4203 4204 3033
f 4204 4205 3033
f 4205 3034 3033
f 4205 4206 3034
f 4206 3035 3034
f 4206 3036 3035
f 4206 4207 3036
f 4207 4208 3036
f 4208 3037 3036
f 4208 4209 3037
f 4209 3038 3037
f 4209 3039 3038
f 4209 4210 3039
f 4210 4211 3039
f 4211 3040 3039
f 4211 4212 3040
f 4212 3041 3040
f 4212 4213 3041
f 4213 3042 3041
f 4213 3043 3042
f 4213 4214 3043
f 4214 4215 3043
f 4215 3044 3043
f 4215 4216 3044
f 4216 3045 3044
f 4216 3046 3045
f 4216 4217 3046
f 4217 4218 3046
f 4218 3048 3046
f 3048 3047 3046
f 4218 4219 3048
f 4219 4220 3048
f 4220 4221 3048
f 4221 3049 3048
f 4221 3050 3049
f 4221 3051 3050
f 4221 4222 3051
f 4222 3052 3051
f 4222 4223 3052
f 4223 4224 3052
f 4224 3053 3052
f 4224 3054 3053
f 4224 4225 3054
f 4225 4226 3054
f 4226 3055 3054
f 4226 4227 3055
f 4227 4228 3055
f 4228 3056 3055
f 4228 3057 3056
f 4228 3058 3057
f 4228 4229 3058
f 4229 4230 3058
f 4230 3059 3058
f 4230 4231 3059
f 4231 3060 3059
f 4231 3061 3060
f 4231 4232 3061
f 4232 4233 3061
f 4233 3062 3061
f 4233 3063 3062
f 4233 3065 3063
f 4233 4234 3065
f 4234 3066 3065
f 4234 3067 3066
f 4234 4235 3067
f 4235 4236 3067
f 4236 3068 3067
f 4236 4237 3068
f 4237 3069 3068
f 4237 3070 3069
f 4237 4238 3070
f 4238 3071 3070
f 4238 4239 3071
f 4239 3072 3071
f 4239 4240 3072
f 4240 4241 3072
f 4241 3073 3072
f 4241 4242 3073
f 4242 3075 3073
f 3075 3074 3073
f 4242 4243 3075
f 4243 3076 3075
f 4243 3077 3076
f 4243 4244 3077
f 4244 3078 3077
f 4244 4245 3078
f 4245 4246 3078
f 4246 3079 3078
f 4246 3080 3079
f 4246 4247 3080
f 4247 4248 3080
f 4248 3081 3080
f 4248 4249 3081
f 4249 3082 3081
f 4249 4250 3082
f 4250 3083 3082
f 4250 4251 3083
f 4251 3084 3083
f 4251 3085 3084
f 4251 4252 3085
f 4252 4253 3085
f 4253 3086 3085
f 4253 3087 3086
f 4253 4254 3087
f 4254 4255 3087
f 4255 3088 3087
f 4255 4256 3088
f 4256 3089 3088
f 4256 3090 3089
f 4256 4257 3090
f 4257 4258 3090
f 4258 3091 3090
f 4258 4259 3091
f 4259 3092 3091
f 4259 4260 3092
f 4260 3093 3092
f 4260 3094 3093
f 4260 4261 3094
f 4261 4262 3094
f 4262 3095 3094
f 4262 3096 3095
f 4262 4263 3096
f 4263 4264 3096
f 4264 3097 3096
f 4264 3098 3097
f 4264 4265 3098
f 4265 3099 3098
f 4265 4266 3099
f 4266 4267 3099
f 4267 3100 3099
f 4267 4268 3100
f 4268 4269 3100
f 4269 3101 3100
f 4269 3102 3101
f 4269 4270 3102
f 4270 3103 3102
f 4270 3104 3103
f 4270 4271 3104
f 4271 3105 3104
f 4271 4272 3105
f 4272 3106 3105
f 4272 3108 3106
f 3108 3107 3106
f 4272 3109 3108
f 4272 4271 3109
f 4271 3112 3109
f 4271 4273 3112
f 4273 3113 3112
f 4273 4274 3113
f 4274 4275 3113
f 4275 4276 3113
f 4276 3114 3113
f 4276 4277 3114
f 4277 4278 3114
f 4278 3116 3114
f 4278 4279 3116
f 4279 4280 3116
f 4280 3117 3116
f 4280 4281 3117
f 4281 4282 3117
f 4282 3120 3117
f 3120 3118 3117
f 3120 3119 3118
f 4282 3121 3120
f 4282 4283 3121
f 4283 4284 3121
f 4284 3122 3121
f 4284 4285 3122
f 4285 3123 3122
f 4285 4286 3123
f 4286 3124 3123
f 4286 3125 3124
f 4286 4287 3125
f 4287 4288 3125
f 4288 4289 3125
f 4289 4290 3125
f 4290 3126 3125
f 4290 3127 3126
f 4290 4291 3127
f 4291 3129 3127
f 3129 3128 3127
f 4291 3131 3129
f 4291 4290 3131
f 4290 4289 3131
f 4288 4292 4289
f 4288 4293 4292
f 4293 4294 4292
f 4294 3132 4292
f 4294 3133 3132
f 4294 4295 3133
f 4295 4296 3133
f 4296 3134 3133
f 4296 3135 3134
f 4296 4297 3135
f 4297 4298 3135
f 4298 3136 3135
f 4298 4299 3136
f 4299 3137 3136
f 4299 4300 3137
f 4300 4301 3137
f 4301 3138 3137
f 4301 4302 3138
f 4302 4303 3138
f 4303 3139 3138
f 4303 4304 3139
f 4304 3140 3139
f 4304 4305 3140
f 4305 3141 3140
f 4305 4306 3141
f 4306 3142 3141
f 4306 4307 3142
f 4307 3143 3142
f 4307 3148 3143
f 3148 3144 3143
f 3148 3145 3144
f 4307 3149 3148
f 4307 4308 3149
f 4308 4309 3149
f 4309 3150 3149
f 4309 3152 3150
f 4309 3157 3152
f 4309 4310 3157
f 4310 4311 3157
f 4311 3166 3157
f 3166 3158 3157
f 4311 4312 3166
f 4312 3167 3166
f 4312 4313 3167
f 4313 4314 3167
f 4314 3168 3167
f 4314 4315 3168
f 4315 4316 3168
f 4316 3170 3168
f 3170 3169 3168
f 4316 4317 3170
f 4317 3171 3170
f 4317 4318 3171
f 4318 4319 3171
f 4319 3172 3171
f 4319 4320 3172
f 4320 3174 3172
f 4320 4321 3174
f 4321 4322 3174
f 4322 3175 3174
f 4322 4323 3175
f 4323 3177 3175
f 4323 4324 3177
f 4324 4325 3177
f 4325 3178 3177
f 4325 3180 3178
f 4325 3182 3180
f 4325 3183 3182
f 4325 4324 3183
f 4324 3184 3183
f 4324 4326 3184
f 4326 4327 3184
f 4327 3185 3184
f 4327 4328 3185
f 4328 4329 3185
f 4329 3186 3185
f 4329 4330 3186
f 4330 3190 3186
f 3190 3187 3186
f 4330 4331 3190
f 4331 3191 3190
f 4331 4332 3191
f 4332 4333 3191
f 4333 3192 3191
f 4333 3195 3192
f 3195 3194 3192
f 4333 4334 3195
f 4334 4335 3195
f 4335 3196 3195
f 4335 3197 3196
f 4335 4336 3197
f 4336 4337 3197
f 4337 4338 3197
f 4382 4383 3249
f 4383 3250 3249
f 4383 4384 3250
f 4384 3251 3250
f 4384 4385 3251
f 4385 3252 3251
f 4385 4386 3252
f 4386 3253 3252
f 4386 3254 3253
f 4386 4387 3254
f 4387 3255 3254
f 4387 4388 3255
f 4388 3256 3255
f 4388 4389 3256
f 4389 3257 3256
f 4389 4390 3257
f 4390 4391 3257
f 4391 3258 3257
f 4391 3259 3258
f 4391 4392 3259
f 4392 4393 3259
f 4393 3260 3259
f 4393 4394 3260
f 4394 3261 3260
f 4394 3262 3261
f 4394 4395 3262
f 4395 4396 3262
f 4396 4397 3262
f 4397 4398 3262
f 4398 3263 3262
f 4398 3264 3263
f 4398 4399 3264
f 4399 4400 3264
f 4400 3265 3264
f 4400 4401 3265
f 4401 3267 3265
f 3267 3266 3265
f 4401 3268 3267
f 4401 4402 3268
f 4402 3269 3268
f 4402 4403 3269
f 4403 3270 3269
f 4403 3271 3270
f 4403 4404 3271
f 4404 3272 3271
f 4404 3273 3272
f 4404 4405 3273
f 4405 4406 3273
f 4406 3274 3273
f 4406 3275 3274
f 4406 4407 3275
f 4407 4408 3275
f 4408 3276 3275
f 4408 3277 3276
f 4408 4409 3277
f 4409 4410 3277
f 4410 3278 3277
f 4410 3279 3278
f 4410 4411 3279
f 4411 3280 3279
f 4411 4412 3280
f 4412 4413 3280
f 4413 3281 3280
f 4413 3282 3281
f 4413 4414 3282
f 4414 4415 3282
f 4415 3283 3282
f 4415 4416 3283
f 4416 3284 3283
f 4416 4417 3284
f 4417 3285 3284
f 4417 4418 3285
f 4418 3286 3285
f 4418 4419 3286
f 4419 4420 3286
f 4420 3287 3286
f 4420 3288 3287
f 4420 4421 3288
f 4421 4422 3288
f 4422 3289 3288
f 4422 4423 3289
f 4423 3290 3289
f 4423 4424 3290
f 4424 3291 3290
f 4424 4425 3291
f 4425 3292 3291
f 4425 4426 3292
f 4426 4427 3292
f 4427 3293 3292
f 4427 3294 3293
f 4427 4428 3294
f 4428 4429 3294
f 4429 3295 3294
f 4429 3296 3295
f 4429 4430 3296
f 4430 3297 3296
f 4430 3298 3297
f 4430 4431 3298
f 4431 3299 3298
f 4431 4432 3299
f 4432 3300 3299
f 4432 4433 3300
f 4433 3301 3300
f 4433 4434 3301
f 4434 4435 3301
f 4435 3302 3301
f 4435 3303 3302
f 4435 4436 3303
f 4436 4437 3303
f 4437 3304 3303
f 4437 4438 3304
f 4438 3305 3304
f 4438 4439 3305
f 4439 3306 3305
f 4439 4440 3306
f 4440 3307 3306
f 4440 3310 3307
f 3310 3309 3307
f 3309 3308 3307
f 4440 3311 3310
f 4440 4441 3311
f 4441 3312 3311
f 4441 3313 3312
f 4441 3314 3313
f 4441 4442 3314
f 4442 4443 3314
f 4443 3316 3314
f 3316 3315 3314
f 4443 4444 3316
f 4444 4445 3316
f 4445 4446 3316
f 4446 3317 3316
f 4446 4447 3317
f 4447 3318 3317
f 4447 4448 3318
f 4448 3319 3318
f 4448 4449 3319
f 4449 4450 3319
f 4450 3320 3319
f 4450 4451 3320
f 4451 3321 3320
f 4451 4452 3321
f 4452 4453 3321
f 4452 4454 4453
f 4454 4455 4453
f 4455 4456 4453
f 4456 4457 4453
f 4457 4458 4453
f 4457 3322 4458
f 4457 3323 3322
f 4457 4459 3323
f 4459 4460 3323
f 4460 3324 3323
f 4460 3325 3324
f 4460 4461 3325
f 4461 4462 3325
f 4462 4463 3325
f 4463 3326 3325
f 4463 3327 3326
f 4463 4464 3327
f 4464 4465 3327
f 4465 4466 3327
f 4466 3328 3327
f 4466 3330 3328
f 4466 4467 3330
f 4467 4468 3330
f 4468 4469 3330
f 4469 3331 3330
f 4469 3333 3331
f 3333 3332 3331
f 4469 3334 3333
f 4469 4470 3334
f 4470 3335 3334
f 4470 4471 3335
f 4471 3336 3335
f 4471 4472 3336
f 4472 4473 3336
f 4473 3337 3336
f 4473 4474 3337
f 4474 3338 3337
f 4474 4475 3338
f 4475 3339 3338
f 5034 4064 4063
f 5034 4065 4064
f 5034 5035 4065
f 5035 5036 4065
f 5036 4066 4065
f 5036 5037 4066
f 5037 4067 4066
f 5037 5038 4067
f 5038 4068 4067
f 5038 4069 4068
f 5038 5039 4069
f 5039 5040 4069
f 5040 4070 4069
f 5040 4071 4070
f 5040 5041 4071
f 5041 5042 4071
f 5042 4072 4071
f 5042 4073 4072
f 5042 5043 4073
f 5043 5044 4073
f 5044 4074 4073
f 5044 4075 4074
f 5044 5045 4075
f 5045 5046 4075
f 5046 4076 4075
f 5046 4077 4076
f 5046 5047 4077
f 5047 4078 4077
f 5047 5048 4078
f 5048 4079 4078
f 5048 4079 5047
f 5046 5049 5047
f 5049 5050 5047
f 5050 5051 5047
f 5051 4080 5047
f 5051 5052 4080
f 5052 5053 4080
f 5053 5054 4080
f 5054 4081 4080
f 5054 4082 4081
f 5054 4083 4082
f 5054 5055 4083
f 5055 4084 4083
f 5055 5056 4084
f 5056 5057 4084
f 5057 4085 4084
f 5057 5058 4085
f 5058 4086 4085
f 5058 4087 4086
f 5058 5059 4087
f 5059 4088 4087
f 5059 5060 4088
f 5060 5061 4088
f 5061 4089 4088
f 5061 5062 4089
f 5062 4090 4089
f 5062 4091 4090
f 5062 5063 4091
f 5063 4092 4091
f 5063 5064 4092
f 5064 5065 4092
f 5065 4093 4092
f 5065 5066 4093
f 5066 4095 4093
f 4095 4094 4093
f 5066 5067 4095
f 5067 4096 4095
f 5067 5068 4096
f 5068 4097 4096
f 5068 4098 4097
f 5068 5069 4098
f 5069 5070 4098
f 5070 4099 4098
f 5070 5071 4099
f 5071 4100 4099
f 5071 4101 4100
f 5071 5072 4101
f 5072 5073 4101
f 5073 4102 4101
f 5073 4103 4102
f 5073 5074 4103
f 5074 4104 4103
f 5074 5075 4104
f 5075 5076 4104
f 5076 5077 4104
f 5077 4105 4104
f 5077 4106 4105
f 5077 5078 4106
f 5078 5079 4106
f 5079 5080 4106
f 5080 4107 4106
f 5080 4108 4107
f 5080 5081 4108
f 5081 4109 4108
f 5081 5082 4109
f 5082 4110 4109
f 5082 5083 4110
f 5083 4112 4110
f 5083 4113 4112
f 5083 5084 4113
f 5084 5085 4113
f 5085 4114 4113
f 5085 5086 4114
f 5086 4115 4114
f 5086 4116 4115
f 5086 5087 4116
f 5087 4117 4116
f 5087 5088 4117
f 5088 4118 4117
f 5088 5089 4118
f 5089 5090 4118
f 5090 4119 4118
f 5090 5091 4119
f 5091 5092 4119
f 5092 4120 4119
f 5092 5093 4120
f 5093 4121 4120
f 5093 5094 4121
f 5094 4122 4121
f 5094 5095 4122
f 5095 4123 4122
f 5095 4126 4123
f 4126 4124 4123
f 5095 5096 4126
f 5096 4127 4126
f 5096 5097 4127
f 5097 4129 4127
f 5097 5098 4129
f 5098 4131 4129
f 5098 5099 4131
f 5099 5100 4131
f 5100 4132 4131
f 5100 5101 4132
f 5101 4134 4132
f 5101 5102 4134
f 5102 4138 4134
f 4138 4135 4134
f 5102 5103 4138
f 5103 5104 4138
f 5104 4140 4138
f 4140 4139 4138
f 5104 5105 4140
f 5105 4142 4140
f 5105 4148 4142
f 5105 5106 4148
f 5106 5107 4148
f 5107 4149 4148
f 5107 5108 4149
f 5108 4151 4149
f 5108 5109 4151
f 5109 5110 4151
f 5110 4153 4151
f 5110 5111 4153
f 5111 5112 4153
f 5112 5113 4153
f 5113 4154 4153
f 5113 5114 4154
f 5114 5115 4154
f 5115 4155 4154
f 5115 5116 4155
f 5116 5117 4155
f 5117 4161 4155
f 5117 5118 4161
f 5118 4162 4161
f 5118 5119 4162
f 5119 4163 4162
f 5119 4164 4163
f 5119 5120 4164
f 5120 4170 4164
f 4170 4167 4164
f 4167 4165 4164
f 4167 4166 4165
f 5120 4172 4170
f 5120 5121 4172
f 5121 4173 4172
f 5121 5122 4173
f 5122 5123 4173
f 5123 4174 4173
f 5123 5124 4174
f 5124 4175 4174
f 5124 4176 4175
f 5124 5125 4176
f 5125 4177 4176
f 5125 5126 4177
f 5126 5127 4177
f 5127 4178 4177
f 5127 4179 4178
f 5127 5128 4179
f 5128 4180 4179
f 5128 5129 4180
f 5129 5130 4180
f 5130 4181 4180
f 5130 5131 4181
f 5131 4182 4181
f 5131 5132 4182
f 5132 4183 4182
f 5132 4184 4183
f 5132 5133 4184
f 5133 4185 4184
f 5133 5134 4185
f 5134 4186 4185
f 5134 5135 4186
f 5135 4187 4186
f 5135 5136 4187
f 5136 5137 4187
f 5137 4188 4187
f 5137 4189 4188
f 5137 5138 4189
f 5138 5139 4189
f 5139 5140 4189
f 5140 4190 4189
f 5140 4191 4190
f 5140 4192 4191
f 5140 5141 4192
f 5141 5142 4192
f 5142 4193 4192
f 5142 4194 4193
f 5142 5143 4194
f 5143 5144 4194
f 5144 4195 4194
f 5144 5145 4195
f 5145 4197 4195
f 4197 4196 4195
f 5145 4198 4197
f 5145 5146 4198
f 5146 4199 4198
f 5146 5147 4199
f 5147 5148 4199
f 5148 4201 4199
f 4201 4200 4199
f 5148 5149 4201
f 5149 4202 4201
f 5149 5150 4202
f 5150 4203 4202
f 5150 4204 4203
f 5150 5151 4204
f 5151 5152 4204
f 5152 4205 4204
f 5152 5153 4205
f 5153 4206 4205
f 5153 4207 4206
f 5153 5154 4207
f 5154 5155 4207
f 5155 5156 4207
f 5156 4208 4207
f 5156 5157 4208
f 5157 4209 4208
f 5157 4210 4209
f 5157 5158 4210
f 5158 5159 4210
f 5159 4211 4210
f 5159 5160 4211
f 5160 4212 4211
f 5160 5161 4212
f 5161 4213 4212
f 5161 5162 4213
f 5162 4214 4213
f 5162 5163 4214
f 5163 5164 4214
f 5164 4215 4214
f 5164 4216 4215
f 5164 5165 4216
f 5165 4217 4216
f 5165 5166 4217
f 5166 5167 4217
f 5167 4218 4217
f 5167 4219 4218
f 5167 5168 4219
f 5168 5169 4219
f 5169 4220 4219
f 5169 5170 4220
f 5170 4222 4220
f 4222 4221 4220
f 5170 4223 4222
f 5170 5171 4223
f 5171 5172 4223
f 5172 4224 4223
f 5172 4225 4224
f 5172 5173 4225
f 5173 5174 4225
f 5174 4226 4225
f 5174 5175 4226
f 5175 4227 4226
f 5175 5176 4227
f 5176 5177 4227
f 5177 4228 4227
f 5177 4229 4228
f 5177 5178 4229
f 5178 5179 4229
f 5179 4230 4229
f 5179 5180 4230
f 5180 4231 4230
f 5180 4232 4231
f 5180 4235 4232
f 4235 4234 4232
f 4234 4233 4232
f 5180 5181 4235
f 5181 4236 4235
f 5181 5182 4236
f 5182 4237 4236
f 5182 4238 4237
f 5182 5183 4238
f 5183 4239 4238
f 5183 5184 4239
f 5184 4240 4239
f 5184 5185 4240
f 5185 4241 4240
f 5185 5186 4241
f 5186 5187 4241
f 5187 5188 4241
f 5188 4242 4241
f 5188 5189 4242
f 5189 4243 4242
f 5189 4244 4243
f 5189 5190 4244
f 5190 4245 4244
f 5190 5191 4245
f 5191 5192 4245
f 5192 4246 4245
f 5192 4247 4246
f 5192 5193 4247
f 5193 5194 4247
f 5194 4248 4247
f 5194 5195 4248
f 5195 4249 4248
f 5195 4250 4249
f 5195 5196 4250
f 5196 5197 4250
f 5197 4251 4250
f 5197 4252 4251
f 5197 5198 4252
f 5198 5199 4252
f 5199 4253 4252
f 5199 5200 4253
f 5200 4254 4253
f 5200 5201 4254
f 5201 4255 4254
f 5201 5202 4255
f 5202 4256 4255
f 5202 4257 4256
f 5202 5203 4257
f 5203 5204 4257
f 5204 4258 4257
f 5204 5205 4258
f 5205 4259 4258
f 5205 5206 4259
f 5206 4260 4259
f 5206 5207 4260
f 5207 4261 4260
f 5207 5208 4261
f 5208 4262 4261
f 5208 4263 4262
f 5208 5209 4263
f 5209 5210 4263
f 5210 4264 4263
f 5210 4265 4264
f 5210 5211 4265
f 5211 4266 4265
f 5211 5212 4266
f 5212 5213 4266
f 5213 4267 4266
f 5213 5214 4267
f 5214 4268 4267
f 5214 5215 4268
f 5215 4270 4268
f 4270 4269 4268
f 5215 4273 4270
f 4273 4271 4270
f 5215 4274 4273
f 5215 5216 4274
f 5216 4275 4274
f 5216 5217 4275
f 5217 5218 4275
f 5218 4276 4275
f 5218 4277 4276
f 5216 5219 5217
f 5216 5220 5219
f 5220 5221 5219
f 5221 5222 5219
f 5222 5223 5219
f 5222 5224 5223
f 5224 5225 5223
f 5225 5226 5223
f 5225 5227 5226
f 5227 5228 5226
f 5227 5229 5228
f 5229 5230 5228
f 5230 5231 5228
f 5230 5232 5231
f 5230 5229 5232
f 5229 5233 5232
f 5233 5234 5232
f 5234 5235 5232
f 5234 5236 5235
f 5234 5237 5236
f 5237 5238 5236
f 5238 5239 5236
f 5238 5240 5239
f 5240 5241 5239
f 5241 5242 5239
f 5241 5243 5242
f 5243 5244 5242
f 5243 5245 5244
f 5245 5246 5244
f 5245 5247 5246
f 5247 5248 5246
f 5248 5249 5246
f 5248 5250 5249
f 5248 5251 5250
f 5251 5252 5250
f 5251 5253 5252
f 5253 5254 5252
f 5254 5255 5252
f 5254 5256 5255
f 5256 5257 5255
f 5257 5258 5255
f 5257 5256 5258
f 5256 5259 5258
f 5259 5260 5258
f 5259 5261 5260
f 5261 5262 5260
f 5262 5263 5260
f 5263 5264 5260
f 5263 5265 5264
f 5265 5266 5264
f 5266 5267 5264
f 5266 5268 5267
f 5268 5269 5267
f 5268 5270 5269
f 5263 5271 5265
f 5271 5272 5265
f 5272 5273 5265
f 5271 5274 5272
f 5274 5275 5272
f 5275 5272 5276
f 5272 5277 5276
f 5277 5276 5275
f 5271 5278 5274
f 5263 5262 5271
f 5261 5279 5262
f 5279 5280 5262
f 5279 5281 5280
f 5281 5282 5280
f 5282 5283 5280
f 5281 5284 5282
f 5284 5285 5282
f 5285 5286 5282
f 5286 5287 5282
f 5286 5288 5287
f 5288 5289 5287
f 5289 5290 5287
f 5289 5291 5290
f 5291 5292 5290
f 5292 5293 5290
f 5293 5294 5290
f 5293 5295 5294
f 5295 5296 5294
f 5296 5297 5294
f 5297 5283 5294
f 5297 5296 5283
f 5296 5278 5283
f 5295 5277 5296
f 5277 5274 5296
f 5295 5298 5277
f 5295 5299 5298
f 5295 5300 5299
f 5300 5301 5299
f 5301 5302 5299
f 5302 5303 5299
f 5300 5304 5301
f 5304 5305 5301
f 5304 5306 5305
f 5304 5307 5306
f 5307 5308 5306
f 5308 5309 5306
f 5309 5310 5306
f 5309 5311 5310
f 5309 5312 5311
f 5309 5313 5312
f 5313 5312 5306
f 5309 5308 5313
f 5308 5314 5313
f 5314 5315 5313
f 5315 5316 5313
f 5315 5317 5316
f 5317 5318 5316
f 5318 5319 5316
f 5319 5312 5316
f 5319 5320 5312
f 5319 5321 5320
f 5321 5322 5320
f 5322 5323 5320
f 5322 5324 5323
f 5324 5325 5323
f 5325 5326 5323
f 5325 5327 5326
f 5327 5328 5326
f 5328 5329 5326
f 5327 5330 5328
f 5330 5331 5328
f 5330 5332 5331
f 5332 5333 5331
f 5330 5334 5332
f 5334 5335 5332
f 5334 5336 5335
f 5336 5337 5335
f 5337 5338 5335
f 5337 5339 5338
f 5339 5340 5338
f 5339 5341 5340
f 5341 5342 5340
f 5342 5343 5340
f 5342 5344 5343
f 5344 5345 5343
f 5344 5346 5345
f 5346 5347 5345
f 5347 5348 5345
f 5348 5349 5345
f 5349 5350 5345
f 5349 5351 5350
f 5351 5352 5350
f 5352 5353 5350
f 5352 5354 5353
f 5354 5355 5353
f 5355 5356 5353
f 5355 5333 5356
f 5333 5357 5356
f 5333 5358 5357
f 5358 5359 5357
f 5359 5331 5357
f 5359 5331 5358
f 5333 5355 5358
f 5355 5360 5358
f 5360 5361 5358
f 5361 5362 5358
f 5362 5303 5358
f 5362 5300 5303
f 5362 5298 5300
f 5362 5361 5298
f 5352 5351 5354
f 5351 5363 5354
f 5363 5364 5354
f 5363 5365 5364
f 5365 5366 5364
f 5366 5275 5364
f 5363 5367 5365
f 5367 5368 5365
f 5367 5369 5368
f 5367 5370 5369
f 5370 5348 5369
f 5348 5371 5369
f 5348 5347 5371
f 5347 5372 5371
f 5347 5373 5372
f 5373 5374 5372
f 5373 5375 5374
f 5373 5376 5375
f 5376 5377 5375
f 5376 5378 5377
f 5378 5379 5377
f 5379 5380 5377
f 5379 5381 5380
f 5381 5382 5380
f 5382 5383 5380
f 5382 5384 5383
f 5384 5385 5383
f 5384 5386 5385
f 5386 5387 5385
f 5384 5388 5386
f 5388 5389 5386
f 5389 5390 5386
f 5389 5391 5390
f 5389 5392 5391
f 5392 5393 5391
f 5392 5394 5393
f 5394 4280 5393
f 4280 4279 5393
f 5394 4281 4280
f 5394 4282 4281
f 5394 5395 4282
f 5395 5396 4282
f 5396 4283 4282
f 5396 5397 4283
f 5397 4284 4283
f 5397 5398 4284
f 5397 5396 5398
f 5396 5399 5398
f 5399 5400 5398
f 5399 5401 5400
f 5401 5402 5400
f 5402 5403 5400
f 5402 5404 5403
f 5404 5405 5403
f 5405 5406 5403
f 5406 5407 5403
f 5406 5408 5407
f 5408 5409 5407
f 5409 5410 5407
f 5409 4285 5410
f 4285 4284 5410
f 5409 5411 4285
f 5411 4286 4285
f 5411 4287 4286
f 5411 5412 4287
f 5412 4293 4287
f 4293 4288 4287
f 5412 5413 4293
f 5413 5414 4293
f 5414 4294 4293
f 5414 4295 4294
f 5414 5415 4295
f 5415 5416 4295
f 5416 5417 4295
f 5417 4296 4295
f 5417 5418 4296
f 5418 4297 4296
f 5418 5419 4297
f 5419 4298 4297
f 5419 5420 4298
f 5420 4299 4298
f 5420 4300 4299
f 5420 5421 4300
f 5421 5422 4300
f 5422 4302 4300
f 4302 4301 4300
f 5422 5423 4302
f 5423 5424 4302
f 5424 5425 4302
f 5425 4303 4302
f 5425 5426 4303
f 5426 4304 4303
f 5426 5427 4304
f 5427 4305 4304
f 5427 4310 4305
f 4310 4306 4305
f 4310 4308 4306
f 4308 4307 4306
f 4310 4309 4308
f 5427 4312 4310
f 4312 4311 4310
f 5427 4313 4312
f 5427 5426 4313
f 5426 5428 4313
f 5428 4314 4313
f 5428 4315 4314
f 5428 5429 4315
f 5429 5430 4315
f 5430 5431 4315
f 5431 4316 4315
f 5431 4317 4316
f 5431 5432 4317
f 5432 5433 4317
f 5433 4318 4317
f 5433 5434 4318
f 5434 4319 4318
f 5434 5435 4319
f 5435 4320 4319
f 5435 5436 4320
f 5436 4321 4320
f 5436 5437 4321
f 5437 5438 4321
f 5438 4322 4321
f 5438 5439 4322
f 5439 4323 4322
f 5439 5440 4323
f 5440 4326 4323
f 4326 4324 4323
f 5440 5441 4326
f 5441 4327 4326
f 5441 5442 4327
f 5442 4328 4327
f 5442 5443 4328
f 5443 4330 4328
f 4330 4329 4328
f 5443 5444 4330
f 5444 4331 4330
f 5444 5445 4331
f 5445 4332 4331
f 5445 5446 4332
f 5446 4334 4332
f 4334 4333 4332
f 5446 5447 4334
f 5447 5448 4334
f 5448 4335 4334
f 5448 4336 4335
f 5448 5449 4336
f 5449 5450 4336
f 5450 5451 4336
f 5451 4337 4336
f 5489 4383 4382
f 5489 5490 4383
f 5490 4384 4383
f 5490 5491 4384
f 5491 4385 4384
f 5491 5492 4385
f 5492 4386 4385
f 5492 4387 4386
f 5492 5493 4387
f 5493 4388 4387
f 5493 5494 4388
f 5494 4389 4388
f 5494 5495 4389
f 5495 4390 4389
f 5495 5496 4390
f 5496 5497 4390
f 5497 4391 4390
f 5497 4392 4391
f 5497 5498 4392
f 5498 5499 4392
f 5499 4393 4392
f 5499 5500 4393
f 5500 4394 4393
f 5500 4395 4394
f 5500 5501 4395
f 5501 5502 4395
f 5502 4396 4395
f 5502 5503 4396
f 5503 5504 4396
f 5504 4397 4396
f 5504 5505 4397
f 5505 4398 4397
f 5505 4399 4398
f 5505 5506 4399
f 5506 5507 4399
f 5507 4400 4399
f 5507 5508 4400
f 5508 4401 4400
f 5508 4402 4401
f 5508 5509 4402
f 5509 5510 4402
f 5510 4403 4402
f 5510 5511 4403
f 5511 4404 4403
f 5511 5512 4404
f 5512 4405 4404
f 5512 5513 4405
f 5513 5514 4405
f 5514 4406 4405
f 5514 4407 4406
f 5514 5515 4407
f 5515 5516 4407
f 5516 4408 4407
f 5516 4409 4408
f 5516 5517 4409
f 5517 5518 4409
f 5518 4410 4409
f 5518 5519 4410
f 5519 4411 4410
f 5519 5520 4411
f 5520 5521 4411
f 5521 4412 4411
f 5521 5522 4412
f 5522 4413 4412
f 5522 5523 4413
f 5523 4414 4413
f 5523 5524 4414
f 5524 5525 4414
f 5525 4415 4414
f 5525 5526 4415
f 5526 4416 4415
f 5526 5527 4416
f 5527 4417 4416
f 5527 5528 4417
f 5528 4418 4417
f 5528 5529 4418
f 5529 4419 4418
f 5529 5530 4419
f 5530 5531 4419
f 5531 4420 4419
f 5531 4421 4420
f 5531 5532 4421
f 5532 5533 4421
f 5533 4422 4421
f 5533 5534 4422
f 5534 4423 4422
f 5534 5535 4423
f 5535 4424 4423
f 5535 5536 4424
f 5536 4425 4424
f 5536 5537 4425
f 5537 4426 4425
f 5537 5538 4426
f 5538 5539 4426
f 5539 4427 4426
f 5539 4428 4427
f 5539 5540 4428
f 5540 5541 4428
f 5541 4429 4428
f 5541 4430 4429
f 5541 4431 4430
f 5541 5542 4431
f 5542 4432 4431
f 5542 5543 4432
f 5543 4433 4432
f 5543 5544 4433
f 5544 4434 4433
f 5544 5545 4434
f 5545 5546 4434
f 5546 4435 4434
f 5546 4436 4435
f 5546 5547 4436
f 5547 4444 4436
f 4444 4437 4436
f 4444 4438 4437
f 4444 4443 4438
f 4443 4442 4438
f 4442 4439 4438
f 4442 4441 4439
f 4441 4440 4439
f 5547 4445 4444
f 5547 5548 4445
f 5548 4446 4445
f 5548 4447 4446
f 5548 5549 4447
f 5549 5550 4447
f 5550 4448 4447
f 5550 5551 4448
f 5551 4449 4448
f 5551 5552 4449
f 5552 5553 4449
f 5553 4450 4449
f 5553 5554 4450
f 5554 4451 4450
f 5554 5555 4451
f 5555 5556 4451
f 5556 4452 4451
f 5556 4454 4452
f 5556 5557 4454
f 5557 5558 4454
f 5558 5559 4454
f 5559 4455 4454
f 5559 5560 4455
f 5560 4461 4455
f 4461 4460 4455
f 5560 4462 4461
f 5560 4463 4462
f 5560 5561 4463
f 5561 4464 4463
f 5561 5562 4464
f 5562 4465 4464
f 5562 5563 4465
f 5563 5564 4465
f 5564 5565 4465
f 5565 4466 4465
f 5565 4467 4466
f 5565 5566 4467
f 5566 5567 4467
f 5567 4468 4467
f 5567 5568 4468
f 5568 4469 4468
f 5568 4470 4469
f 5568 4471 4470
f 5568 5569 4471
f 5569 5570 4471
f 5570 4472 4471
f 5570 5571 4472
f 5571 5572 4472
f 5572 4473 4472
f 5572 5573 4473
f 5573 4474 4473
f 6156 5034 5033
f 6156 5035 5034
f 6156 6157 5035
f 6157 5036 5035
f 6157 6158 5036
f 6158 6159 5036
f 6159 5037 5036
f 6159 5038 5037
f 6159 5039 5038
f 6159 6160 5039
f 6160 6161 5039
f 6161 5040 5039
f 6161 5041 5040
f 6161 6162 5041
f 6162 6163 5041
f 6163 5042 5041
f 6163 5043 5042
f 6163 6164 5043
f 6164 6165 5043
f 6165 5044 5043
f 6165 5045 5044
f 6165 6166 5045
f 6166 6167 5045
f 6167 5046 5045
f 6167 5049 5046
f 6167 6168 5049
f 6168 5050 5049
f 6168 6169 5050
f 6169 6170 5050
f 6170 5051 5050
f 6170 6171 5051
f 6171 5052 5051
f 6171 6172 5052
f 6172 5053 5052
f 6172 6173 5053
f 6173 5054 5053
f 6173 5055 5054
f 6173 6174 5055
f 6174 5056 5055
f 6174 6175 5056
f 6175 6176 5056
f 6176 5057 5056
f 6176 6177 5057
f 6177 5058 5057
f 6177 5059 5058
f 6177 6178 5059
f 6178 5060 5059
f 6178 6179 5060
f 6179 6180 5060
f 6180 5061 5060
f 6180 6181 5061
f 6181 5062 5061
f 6181 5063 5062
f 6181 6182 5063
f 6182 5064 5063
f 6182 6183 5064
f 6183 6184 5064
f 6184 5065 5064
f 6184 6185 5065
f 6185 5066 5065
f 6185 6186 5066
f 6186 5067 5066
f 6186 6187 5067
f 6187 5068 5067
f 6187 5069 5068
f 6187 6188 5069
f 6188 6189 5069
f 6189 5070 5069
f 6189 6190 5070
f 6190 5071 5070
f 6190 5072 5071
f 6190 6191 5072
f 6191 6192 5072
f 6192 5073 5072
f 6192 5074 5073
f 6192 6193 5074
f 6193 5075 5074
f 6193 6194 5075
f 6194 5076 5075
f 6194 6195 5076
f 6195 6196 5076
f 6196 5077 5076
f 6196 5078 5077
f 6196 6197 5078
f 6197 5079 5078
f 6197 6198 5079
f 6198 5080 5079
f 6198 5081 5080
f 6198 6199 5081
f 6199 5082 5081
f 6199 5083 5082
f 6199 6200 5083
f 6200 5084 5083
f 6200 6201 5084
f 6201 6202 5084
f 6202 5085 5084
f 6202 6203 5085
f 6203 5086 5085
f 6203 6204 5086
f 6204 6205 5086
f 6205 5087 5086
f 6205 6206 5087
f 6206 5088 5087
f 6206 6207 5088
f 6207 5089 5088
f 6207 6208 5089
f 6208 5090 5089
f 6208 6209 5090
f 6209 5091 5090
f 6209 6210 5091
f 6210 5092 5091
f 6210 6211 5092
f 6211 5093 5092
f 6211 6212 5093
f 6212 5094 5093
f 6212 6213 5094
f 6213 5095 5094
f 6213 5096 5095
f 6213 6214 5096
f 6214 5097 5096
f 6214 6215 5097
f 6215 5098 5097
f 6215 6216 5098
f 6216 5099 5098
f 6216 6217 5099
f 6217 6218 5099
f 6218 5100 5099
f 6218 6219 5100
f 6219 5101 5100
f 6219 6220 5101
f 6220 5102 5101
f 6220 6221 5102
f 6221 5103 5102
f 6221 6222 5103
f 6222 5104 5103
f 6222 6223 5104
f 6223 5105 5104
f 6223 5106 5105
f 6223 6224 5106
f 6224 5107 5106
f 6224 5108 5107
f 6224 6225 5108
f 6225 5109 5108
f 6225 6226 5109
f 6226 6227 5109
f 6227 5110 5109
f 6227 5111 5110
f 6227 6228 5111
f 6228 5112 5111
f 6228 6229 5112
f 6229 6230 5112
f 6230 5113 5112
f 6230 6231 5113
f 6231 5114 5113
f 6231 6232 5114
f 6232 6233 5114
f 6233 5115 5114
f 6233 6234 5115
f 6234 5116 5115
f 6234 6235 5116
f 6235 5118 5116
f 5118 5117 5116
f 6235 5119 5118
f 6235 5120 5119
f 6235 6236 5120
f 6236 6237 5120
f 6237 5121 5120
f 6237 6238 5121
f 6238 5122 5121
f 6238 6239 5122
f 6239 6240 5122
f 6240 5123 5122
f 6240 5124 5123
f 6240 6241 5124
f 6241 5125 5124
f 6241 5126 5125
f 6241 6242 5126
f 6242 5128 5126
f 5128 5127 5126
f 6242 5129 5128
f 6242 6243 5129
f 6243 6244 5129
f 6244 5130 5129
f 6244 6245 5130
f 6245 5131 5130
f 6245 6246 5131
f 6246 5132 5131
f 6246 5133 5132
f 6246 5134 5133
f 6246 6247 5134
f 6247 6248 5134
f 6248 5135 5134
f 6248 5136 5135
f 6248 6249 5136
f 6249 6250 5136
f 6250 5137 5136
f 6250 5138 5137
f 6250 6251 5138
f 6251 6252 5138
f 6252 5139 5138
f 6252 6253 5139
f 6253 5141 5139
f 5141 5140 5139
f 6253 6254 5141
f 6254 5142 5141
f 6254 5143 5142
f 6254 6255 5143
f 6255 5144 5143
f 6255 6256 5144
f 6256 5145 5144
f 6256 5146 5145
f 6256 6257 5146
f 6257 5147 5146
f 6257 6258 5147
f 6258 6259 5147
f 6259 5148 5147
f 6259 6260 5148
f 6260 5149 5148
f 6260 6261 5149
f 6261 5150 5149
f 6261 5151 5150
f 6261 6262 5151
f 6262 6263 5151
f 6263 5152 5151
f 6263 6264 5152
f 6264 5153 5152
f 6264 5154 5153
f 6264 6265 5154
f 6265 5155 5154
f 6265 6266 5155
f 6266 6267 5155
f 6267 5156 5155
f 6267 6268 5156
f 6268 5157 5156
f 6268 5158 5157
f 6268 6269 5158
f 6269 6270 5158
f 6270 5159 5158
f 6270 6271 5159
f 6271 5160 5159
f 6271 6272 5160
f 6272 5161 5160
f 6272 5162 5161
f 6272 6273 5162
f 6273 5163 5162
f 6273 6274 5163
f 6274 6275 5163
f 6275 5164 5163
f 6275 5165 5164
f 6275 5166 5165
f 6275 6276 5166
f 6276 6277 5166
f 6277 6278 5166
f 6278 5167 5166
f 6278 5168 5167
f 6278 6279 5168
f 6279 6280 5168
f 6280 5169 5168
f 6280 6281 5169
f 6281 5170 5169
f 6281 5171 5170
f 6281 6282 5171
f 6282 6283 5171
f 6283 5172 5171
f 6283 5173 5172
f 6283 6284 5173
f 6284 6285 5173
f 6285 6286 5173
f 6286 5174 5173
f 6286 6287 5174
f 6287 5175 5174
f 6287 5176 5175
f 6287 6288 5176
f 6288 6289 5176
f 6289 5177 5176
f 6289 5178 5177
f 6289 6290 5178
f 6290 6291 5178
f 6291 5179 5178
f 6291 5181 5179
f 5181 5180 5179
f 6291 5182 5181
f 6291 5183 5182
f 6291 6290 5183
f 6290 5184 5183
f 6290 6292 5184
f 6292 5185 5184
f 6292 6293 5185
f 6293 6294 5185
f 6294 5186 5185
f 6294 6295 5186
f 6295 5187 5186
f 6295 6296 5187
f 6296 6297 5187
f 6297 5189 5187
f 5189 5188 5187
f 6297 6298 5189
f 6298 5190 5189
f 6298 6299 5190
f 6299 5191 5190
f 6299 6300 5191
f 6300 5192 5191
f 6300 5193 5192
f 6300 6301 5193
f 6301 6302 5193
f 6302 5194 5193
f 6302 6303 5194
f 6303 5195 5194
f 6303 5196 5195
f 6303 6304 5196
f 6304 6305 5196
f 6305 5197 5196
f 6305 5198 5197
f 6305 6306 5198
f 6306 5199 5198
f 6306 6307 5199
f 6307 6308 5199
f 6308 5200 5199
f 6308 6309 5200
f 6309 5201 5200
f 6309 6310 5201
f 6310 5202 5201
f 6310 5203 5202
f 6310 6311 5203
f 6311 6312 5203
f 6312 5204 5203
f 6312 6313 5204
f 6313 5205 5204
f 6313 6314 5205
f 6314 5206 5205
f 6314 5207 5206
f 6314 6315 5207
f 6315 6316 5207
f 6316 5208 5207
f 6316 5209 5208
f 6316 6317 5209
f 6317 6318 5209
f 6318 5210 5209
f 6318 5211 5210
f 6318 6319 5211
f 6319 5212 5211
f 6319 6320 5212
f 6320 6321 5212
f 6321 5213 5212
f 6321 6322 5213
f 6322 5214 5213
f 6322 5215 5214
f 6322 5216 5215
f 6322 5220 5216
f 6322 6321 5220
f 6321 6323 5220
f 6323 5221 5220
f 6323 6324 5221
f 6324 6325 5221
f 6325 5222 5221
f 6325 5224 5222
f 6325 6326 5224
f 6326 6327 5224
f 6327 5225 5224
f 6327 5227 5225
f 6327 6328 5227
f 6328 5229 5227
f 6328 6329 5229
f 6329 5233 5229
f 6329 6330 5233
f 6330 5234 5233
f 6330 5237 5234
f 6330 6331 5237
f 6331 6332 5237
f 6332 5238 5237
f 6332 6333 5238
f 6333 5240 5238
f 6333 6334 5240
f 6334 6335 5240
f 6335 5241 5240
f 6335 5243 5241
f 6335 6336 5243
f 6336 5245 5243
f 6336 6337 5245
f 6337 5247 5245
f 6337 6338 5247
f 6338 6339 5247
f 6339 5251 5247
f 5251 5248 5247
f 6339 5253 5251
f 6339 6340 5253
f 6340 6341 5253
f 6341 6342 5253
f 6342 5254 5253
f 6342 5256 5254
f 6342 6343 5256
f 6343 6344 5256
f 6344 6345 5256
f 6345 6346 5256
f 6346 5259 5256
f 6346 6347 5259
f 6347 5261 5259
f 6347 6348 5261
f 6348 6349 5261
f 6349 5279 5261
f 6349 5281 5279
f 6349 5284 5281
f 6348 6350 6349
f 6348 6347 6350
f 6347 6351 6350
f 6351 6352 6350
f 6352 6353 6350
f 6353 6354 6350
f 6353 6355 6354
f 6355 6356 6354
f 6356 6357 6354
f 6356 6358 6357
f 6358 6359 6357
f 6358 6360 6359
f 6358 6360 6361
f 6361 6362 6358
f 6362 6363 6358
f 6362 6364 6363
f 6364 6365 6363
f 6365 6366 6363
f 6366 6360 6363
f 6366 6367 6360
f 6367 6368 6360
f 6367 6369 6368
f 6369 6370 6368
f 6370 6371 6368
f 6371 6357 6368
f 6371 6372 6357
f 6370 6373 6371
f 6373 6374 6371
f 6374 6375 6371
f 6374 6376 6375
f 6374 6373 6376
f 6373 6377 6376
f 6377 6378 6376
f 6377 6379 6378
f 6379 6380 6378
f 6380 6381 6378
f 6380 6382 6381
f 6382 6383 6381
f 6383 6384 6381
f 6384 6385 6381
f 6384 5289 6385
f 5289 5288 6385
f 6384 5291 5289
f 6384 6386 5291
f 6384 6383 6386
f 6383 6387 6386
f 6383 6388 6387
f 6388 6389 6387
f 6389 6390 6387
f 6390 6391 6387
f 6391 6392 6387
f 6391 5314 6392
f 5314 5308 6392
f 6391 6393 5314
f 6393 5315 5314
f 6393 6394 5315
f 6394 5317 5315
f 6394 6395 5317
f 6395 6396 5317
f 6396 5318 5317
f 6396 6397 5318
f 6397 6398 5318
f 6398 5319 5318
f 6398 5321 5319
f 6398 6399 5321
f 6399 5322 5321
f 6399 6400 5322
f 6400 5324 5322
f 6400 6401 5324
f 6401 5325 5324
f 6401 6402 5325
f 6402 6403 5325
f 6403 5327 5325
f 6403 6404 5327
f 6404 5330 5327
f 6404 5334 5330
f 6404 6405 5334
f 6405 5336 5334
f 6405 6406 5336
f 6406 6407 5336
f 6407 6408 5336
f 6408 5337 5336
f 6408 6409 5337
f 6409 5339 5337
f 6409 6410 5339
f 6410 5341 5339
f 6410 6411 5341
f 6409 6412 6410
f 6409 6408 6412
f 6408 6413 6412
f 6413 6414 6412
f 6413 6415 6414
f 6415 6416 6414
f 6416 6417 6414
f 6416 6418 6417
f 6418 6419 6417
f 6418 6420 6419
f 6420 6421 6419
f 6421 6422 6419
f 6422 6423 6419
f 6422 6424 6423
f 6424 6425 6423
f 6425 6426 6423
f 6426 6427 6423
f 6427 6428 6423
f 6427 6411 6428
f 6427 6429 6411
f 6429 5342 6411
f 6429 5344 5342
f 6429 6427 5344
f 6427 6430 5344
f 6430 6431 5344
f 6431 5346 5344
f 6431 6432 5346
f 6432 5347 5346
f 6432 5373 5347
f 6432 6433 5373
f 6433 5376 5373
f 6433 5378 5376
f 6433 6434 5378
f 6434 5379 5378
f 6434 6435 5379
f 6435 6436 5379
f 6436 5381 5379
f 6436 6437 5381
f 6437 6438 5381
f 6438 5384 5381
f 5384 5382 5381
f 6438 6439 5384
f 6439 5388 5384
f 6439 5389 5388
f 6439 6440 5389
f 6440 5392 5389
f 6440 6441 5392
f 6441 5395 5392
f 5395 5394 5392
f 6441 5399 5395
f 5399 5396 5395
f 6441 6440 5399
f 6440 5401 5399
f 6440 6442 5401
f 6442 5402 5401
f 6442 6443 5402
f 6443 5404 5402
f 6443 6444 5404
f 6444 6445 5404
f 6445 6446 5404
f 6446 5405 5404
f 6446 6447 5405
f 6447 6448 5405
f 6448 5406 5405
f 6448 5408 5406
f 6448 6449 5408
f 6449 6450 5408
f 6450 5412 5408
f 5412 5411 5408
f 5411 5409 5408
f 6450 5413 5412
f 6450 6449 5413
f 6449 6451 5413
f 6451 5414 5413
f 6451 6452 5414
f 6452 5415 5414
f 6452 6453 5415
f 6453 5416 5415
f 6453 6454 5416
f 6454 5417 5416
f 6454 6455 5417
f 6455 6456 5417
f 6456 5418 5417
f 6456 6457 5418
f 6457 5419 5418
f 6457 6458 5419
f 6458 5420 5419
f 6458 6459 5420
f 6459 5421 5420
f 6459 6460 5421
f 6460 5422 5421
f 6460 6461 5422
f 6461 6462 5422
f 6462 5423 5422
f 6462 6463 5423
f 6463 5429 5423
f 5429 5424 5423
f 5429 5425 5424
f 5429 5428 5425
f 5428 5426 5425
f 6463 5430 5429
f 6463 6462 5430
f 6462 6464 5430
f 6464 6465 5430
f 6465 5431 5430
f 6465 5432 5431
f 6465 6466 5432
f 6466 6467 5432
f 6467 5433 5432
f 6467 6468 5433
f 6468 5434 5433
f 6468 6469 5434
f 6469 5435 5434
f 6469 6470 5435
f 6470 5436 5435
f 6470 6471 5436
f 6471 5437 5436
f 6471 6472 5437
f 6472 6473 5437
f 6473 6474 5437
f 6474 5438 5437
f 6474 6475 5438
f 6475 5439 5438
f 6475 6476 5439
f 6476 5440 5439
f 6476 5441 5440
f 6476 6477 5441
f 6477 5442 5441
f 6477 6478 5442
f 6478 5443 5442
f 6478 6479 5443
f 6479 5444 5443
f 6479 6480 5444
f 6480 5445 5444
f 6480 5446 5445
f 6480 6481 5446
f 6481 6482 5446
f 6482 5447 5446
f 6482 6483 5447
f 6483 5449 5447
f 5449 5448 5447
f 6483 6484 5449
f 6484 6485 5449
f 6485 5450 5449
f 6485 5451 5450
f 6485 6486 5451
f 6519 6520 5489
f 6520 5490 5489
f 6520 6521 5490
f 6521 5491 5490
f 6521 6522 5491
f 6522 5492 5491
f 6522 5493 5492
f 6522 6523 5493
f 6523 5494 5493
f 6523 6524 5494
f 6524 5495 5494
f 6524 6525 5495
f 6525 5496 5495
f 6525 6526 5496
f 6526 6527 5496
f 6527 5497 5496
f 6527 5498 5497
f 6527 6528 5498
f 6528 6529 5498
f 6529 5499 5498
f 6529 6530 5499
f 6530 5500 5499
f 6530 5501 5500
f 6530 6531 5501
f 6531 6532 5501
f 6532 5502 5501
f 6532 5503 5502
f 6532 6533 5503
f 6533 6534 5503
f 6534 5504 5503
f 6534 6535 5504
f 6535 5505 5504
f 6535 6536 5505
f 6536 5506 5505
f 6536 6537 5506
f 6537 6538 5506
f 6538 5507 5506
f 6538 5508 5507
f 6538 5509 5508
f 6538 6539 5509
f 6539 6540 5509
f 6540 5510 5509
f 6540 5511 5510
f 6540 6541 5511
f 6541 5512 5511
f 6541 6542 5512
f 6542 5513 5512
f 6542 6543 5513
f 6543 6544 5513
f 6544 5514 5513
f 6544 5515 5514
f 6544 6545 5515
f 6545 6546 5515
f 6546 5517 5515
f 5517 5516 5515
f 6546 6547 5517
f 6547 6548 5517
f 6548 5518 5517
f 6548 6549 5518
f 6549 5519 5518
f 6549 5520 5519
f 6549 6550 5520
f 6550 6551 5520
f 6551 5521 5520
f 6551 6552 5521
f 6552 5522 5521
f 6552 6553 5522
f 6553 5523 5522
f 6553 6554 5523
f 6554 5524 5523
f 6554 6555 5524
f 6555 6556 5524
f 6556 5525 5524
f 6556 6557 5525
f 6557 5526 5525
f 6557 6558 5526
f 6558 5527 5526
f 6558 6559 5527
f 6559 5528 5527
f 6559 6560 5528
f 6560 5529 5528
f 6560 6561 5529
f 6561 5530 5529
f 6561 6562 5530
f 6562 6563 5530
f 6563 5531 5530
f 6563 5532 5531
f 6563 6564 5532
f 6564 6565 5532
f 6565 5533 5532
f 6565 6566 5533
f 6566 5534 5533
f 6566 6567 5534
f 6567 5535 5534
f 6567 6568 5535
f 6568 5536 5535
f 6568 6569 5536
f 6569 5537 5536
f 6569 6570 5537
f 6570 5538 5537
f 6570 6571 5538
f 6571 6572 5538
f 6572 5539 5538
f 6572 5540 5539
f 6572 6573 5540
f 6573 5542 5540
f 5542 5541 5540
f 6573 5543 5542
f 6573 6574 5543
f 6574 5544 5543
f 6574 6575 5544
f 6575 5545 5544
f 6575 6576 5545
f 6576 6577 5545
f 6577 5546 5545
f 6577 5547 5546
f 6577 5548 5547
f 6577 6578 5548
f 6578 5549 5548
f 6578 6579 5549
f 6579 5550 5549
f 6579 6580 5550
f 6580 5551 5550
f 6580 6581 5551
f 6581 5552 5551
f 6581 6582 5552
f 6582 6583 5552
f 6583 5553 5552
f 6583 6584 5553
f 6584 5554 5553
f 6584 6585 5554
f 6585 5555 5554
f 6585 6586 5555
f 6586 5557 5555
f 5557 5556 5555
f 6586 6587 5557
f 6587 6588 5557
f 6588 5558 5557
f 6587 6589 6588
f 6589 6590 6588
f 6589 6591 6590
f 6591 6592 6590
f 6592 6593 6590
f 6593 6594 6590
f 6594 6595 6590
f 6594 6596 6595
f 6596 6597 6595
f 6597 6598 6595
f 6597 6599 6598
f 6599 6600 6598
f 6600 6601 6598
f 6600 5561 6601
f 5561 6602 6601
f 6602 5560 6601
f 5560 5559 6601
f 6602 5561 5560
f 6600 6603 5561
f 6603 5562 5561
f 6603 5563 5562
f 6603 6604 5563
f 6604 5564 5563
f 6604 6605 5564
f 6605 6606 5564
f 6606 6607 5564
f 6607 6608 5564
f 6608 5565 5564
f 6608 5566 5565
f 6608 6609 5566
f 6609 6610 5566
f 6610 6611 5566
f 6611 5567 5566
f 6611 5569 5567
f 5569 5568 5567
f 6611 6612 5569
f 6612 6613 5569
f 6613 5570 5569
f 6613 5571 5570
f 6613 6614 5571
f 6614 6615 5571
f 6615 5572 5571
f 7217 6156 6155
f 7217 7218 6156
f 7218 6157 6156
f 7218 7219 6157
f 7219 6158 6157
f 7219 7220 6158
f 7220 6160 6158
f 6160 6159 6158
f 7220 7221 6160
f 7221 7222 6160
f 7222 6161 6160
f 7222 6162 6161
f 7222 7223 6162
f 7223 7224 6162
f 7224 6163 6162
f 7224 6164 6163
f 7224 7225 6164
f 7225 7226 6164
f 7226 6165 6164
f 7226 6166 6165
f 7226 7227 6166
f 7227 7228 6166
f 7228 6167 6166
f 7228 6168 6167
f 7228 7229 6168
f 7229 6169 6168
f 7229 7230 6169
f 7230 7231 6169
f 7231 6170 6169
f 7231 7232 6170
f 7232 6171 6170
f 7232 7233 6171
f 7233 7234 6171
f 7234 6173 6171
f 6173 6172 6171
f 7234 6174 6173
f 7234 7235 6174
f 7235 7236 6174
f 7236 6175 6174
f 7236 7237 6175
f 7237 7238 6175
f 7238 6176 6175
f 7238 7239 6176
f 7239 6177 6176
f 7239 6178 6177
f 7239 7240 6178
f 7240 6179 6178
f 7240 7241 6179
f 7241 7242 6179
f 7242 6180 6179
f 7242 7243 6180
f 7243 6181 6180
f 7243 6182 6181
f 7243 7244 6182
f 7244 6183 6182
f 7244 7245 6183
f 7245 7246 6183
f 7246 6184 6183
f 7246 7247 6184
f 7247 6185 6184
f 7247 7248 6185
f 7248 6186 6185
f 7248 7249 6186
f 7249 6187 6186
f 7249 6188 6187
f 7249 7250 6188
f 7250 7251 6188
f 7251 6189 6188
f 7251 7252 6189
f 7252 6190 6189
f 7252 6191 6190
f 7252 7253 6191
f 7253 7254 6191
f 7254 6192 6191
f 7254 6193 6192
f 7254 7255 6193
f 7255 6194 6193
f 7255 7256 6194
f 7256 6195 6194
f 7256 7257 6195
f 7257 7258 6195
f 7258 6196 6195
f 7258 6197 6196
f 7258 7259 6197
f 7259 7260 6197
f 7260 6198 6197
f 7260 6199 6198
f 7260 7261 6199
f 7261 6200 6199
f 7261 6201 6200
f 7261 7262 6201
f 7262 7263 6201
f 7263 6202 6201
f 7263 7264 6202
f 7264 6203 6202
f 7264 7265 6203
f 7265 6204 6203
f 7265 7266 6204
f 7266 6205 6204
f 7266 7267 6205
f 7267 6206 6205
f 7267 7268 6206
f 7268 6207 6206
f 7268 7269 6207
f 7269 6208 6207
f 7269 7270 6208
f 7270 6209 6208
f 7270 7271 6209
f 7271 7272 6209
f 7272 7273 6209
f 7273 6210 6209
f 7273 7274 6210
f 7274 6211 6210
f 7274 7275 6211
f 7275 6212 6211
f 7275 7276 6212
f 7276 6213 6212
f 7276 6214 6213
f 7276 7277 6214
f 7277 6215 6214
f 7277 7278 6215
f 7278 7279 6215
f 7279 6216 6215
f 7279 6217 6216
f 7279 7280 6217
f 7280 7281 6217
f 7281 7282 6217
f 7282 6218 6217
f 7282 7283 6218
f 7283 6219 6218
f 7283 7284 6219
f 7284 6220 6219
f 7284 7285 6220
f 7285 6221 6220
f 7285 7286 6221
f 7286 6222 6221
f 7286 7287 6222
f 7287 6223 6222
f 7287 7288 6223
f 7288 7289 6223
f 7289 6224 6223
f 7289 7290 6224
f 7290 7291 6224
f 7291 6225 6224
f 7291 7292 6225
f 7292 6226 6225
f 7292 7293 6226
f 7293 7294 6226
f 7294 7295 6226
f 7294 7296 7295
f 7296 7297 7295
f 7297 7298 7295
f 7298 7299 7295
f 7299 7300 7295
f 7299 7301 7300
f 7301 6228 7300
f 6228 7302 7300
f 7302 6227 7300
f 7302 6228 6227
f 7301 6229 6228
f 7301 7303 6229
f 7303 6230 6229
f 7303 7304 6230
f 7304 7305 6230
f 7305 7306 6230
f 7306 6231 6230
f 7306 7307 6231
f 7307 7308 6231
f 7308 6232 6231
f 7308 7309 6232
f 7309 7310 6232
f 7310 6233 6232
f 7310 6236 6233
f 6236 6234 6233
f 6236 6235 6234
f 7310 6237 6236
f 7310 7311 6237
f 7311 6238 6237
f 7311 7312 6238
f 7312 6239 6238
f 7312 7313 6239
f 7313 7314 6239
f 7314 6240 6239
f 7314 6241 6240
f 7314 7315 6241
f 7315 6242 6241
f 7315 6243 6242
f 7315 7316 6243
f 7316 7317 6243
f 7317 6244 6243
f 7317 7318 6244
f 7318 6245 6244
f 7318 7319 6245
f 7319 6246 6245
f 7319 6247 6246
f 7319 7320 6247
f 7320 6248 6247
f 7320 7321 6248
f 7321 6249 6248
f 7321 7322 6249
f 7322 7323 6249
f 7323 6250 6249
f 7323 6251 6250
f 7323 7324 6251
f 7324 7325 6251
f 7325 7326 6251
f 7326 6252 6251
f 7326 6253 6252
f 7326 7327 6253
f 7327 6254 6253
f 7327 7328 6254
f 7328 6255 6254
f 7328 7329 6255
f 7329 6256 6255
f 7329 6257 6256
f 7329 6258 6257
f 7329 7330 6258
f 7330 7331 6258
f 7331 7332 6258
f 7332 6259 6258
f 7332 7333 6259
f 7333 6260 6259
f 7333 7334 6260
f 7334 6261 6260
f 7334 6262 6261
f 7334 7335 6262
f 7335 7336 6262
f 7336 7337 6262
f 7337 6263 6262
f 7337 6264 6263
f 7337 6265 6264
f 7337 7338 6265
f 7338 6266 6265
f 7338 7339 6266
f 7339 7340 6266
f 7340 6267 6266
f 7340 7341 6267
f 7341 6269 6267
f 6269 6268 6267
f 7341 7342 6269
f 7342 6270 6269
f 7342 7343 6270
f 7343 6271 6270
f 7343 7344 6271
f 7344 6272 6271
f 7344 6273 6272
f 7344 7345 6273
f 7345 6274 6273
f 7345 7346 6274
f 7346 7347 6274
f 7347 6275 6274
f 7347 6276 6275
f 7347 7348 6276
f 7348 6277 6276
f 7348 7349 6277
f 7349 7350 6277
f 7350 6279 6277
f 6279 6278 6277
f 7350 7351 6279
f 7351 7352 6279
f 7352 6280 6279
f 7352 7353 6280
f 7353 6281 6280
f 7353 6282 6281
f 7353 7354 6282
f 7354 7355 6282
f 7355 6283 6282
f 7355 6284 6283
f 7355 7356 6284
f 7356 6285 6284
f 7356 7357 6285
f 7357 7358 6285
f 7358 6286 6285
f 7358 7359 6286
f 7359 6287 6286
f 7359 6288 6287
f 7359 6293 6288
f 6293 6292 6288
f 6292 6289 6288
f 6292 6290 6289
f 7359 6294 6293
f 7359 7358 6294
f 7358 6295 6294
f 7358 7357 6295
f 7357 7360 6295
f 7360 6296 6295
f 7360 7361 6296
f 7361 6298 6296
f 6298 6297 6296
f 7361 7362 6298
f 7362 6299 6298
f 7362 7363 6299
f 7363 6300 6299
f 7363 7364 6300
f 7364 6301 6300
f 7364 7365 6301
f 7365 6302 6301
f 7365 7366 6302
f 7366 6303 6302
f 7366 7367 6303
f 7367 6304 6303
f 7367 7368 6304
f 7368 6305 6304
f 7368 6306 6305
f 7368 7369 6306
f 7369 7370 6306
f 7370 6307 6306
f 7370 7371 6307
f 7371 6308 6307
f 7371 7372 6308
f 7372 6309 6308
f 7372 7373 6309
f 7373 6310 6309
f 7373 6311 6310
f 7373 7374 6311
f 7374 7375 6311
f 7375 6312 6311
f 7375 7376 6312
f 7376 6313 6312
f 7376 7377 6313
f 7377 6314 6313
f 7377 6315 6314
f 7377 7378 6315
f 7378 7379 6315
f 7379 6316 6315
f 7379 6317 6316
f 7379 7380 6317
f 7380 7381 6317
f 7381 6318 6317
f 7381 6319 6318
f 7381 7382 6319
f 7382 6320 6319
f 7382 7383 6320
f 7383 6323 6320
f 6323 6321 6320
f 7383 6324 6323
f 7383 7384 6324
f 7384 7385 6324
f 7385 6325 6324
f 7385 6326 6325
f 7385 7386 6326
f 7386 7387 6326
f 7387 6327 6326
f 7387 6328 6327
f 7387 7388 6328
f 7388 6329 6328
f 7388 7389 6329
f 7389 6330 6329
f 7389 6331 6330
f 7389 7390 6331
f 7390 7391 6331
f 7391 6332 6331
f 7391 7392 6332
f 7392 6333 6332
f 7392 7393 6333
f 7393 6334 6333
f 7393 7394 6334
f 7394 7395 6334
f 7395 6335 6334
f 7395 6336 6335
f 7395 7396 6336
f 7396 6337 6336
f 7396 7397 6337
f 7397 6338 6337
f 7397 7398 6338
f 7398 7399 6338
f 7399 6339 6338
f 7399 6340 6339
f 7399 7400 6340
f 7400 6341 6340
f 7400 7401 6341
f 7401 7402 6341
f 7402 6342 6341
f 7402 6343 6342
f 7402 7403 6343
f 7403 6344 6343
f 7403 6345 6344
f 7402 7404 7403
f 7404 7405 7403
f 7404 7406 7405
f 7406 7407 7405
f 7407 7408 7405
f 7408 7409 7405
f 7409 7410 7405
f 7409 7411 7410
f 7411 7412 7410
f 7412 7413 7410
f 7413 7414 7410
f 7413 7412 7414
f 7412 7415 7414
f 7415 7416 7414
f 7416 7417 7414
f 7417 7418 7414
f 7418 6362 7414
f 6362 7419 7414
f 6362 6355 7419
f 6355 7420 7419
f 6355 6353 7420
f 6353 6352 7420
f 6352 7421 7420
f 7421 7422 7420
f 7421 6345 7422
f 7421 6351 6345
f 6351 6346 6345
f 6351 6347 6346
f 7421 6352 6351
f 6362 6361 6355
f 6361 6356 6355
f 7418 7417 6362
f 7417 7423 6362
f 7423 6364 6362
f 7423 6365 6364
f 7423 7424 6365
f 7424 7425 6365
f 7425 7426 6365
f 7425 7427 7426
f 7427 7428 7426
f 7427 7429 7428
f 7429 7430 7428
f 7430 7431 7428
f 7431 7432 7428
f 7430 7433 7431
f 7433 7434 7431
f 7434 7435 7431
f 7434 7433 7435
f 7430 7429 7433
f 7429 7436 7433
f 7436 7437 7433
f 7436 7438 7437
f 7438 7439 7437
f 7439 7440 7437
f 7440 7441 7437
f 7440 7442 7441
f 7442 7443 7441
f 7443 7444 7441
f 7443 7445 7444
f 7445 7446 7444
f 7446 7447 7444
f 7447 7448 7444
f 7448 7449 7444
f 7448 7450 7449
f 7450 7435 7449
f 7450 7451 7435
f 7451 7452 7435
f 7451 7453 7452
f 7453 7454 7452
f 7454 7455 7452
f 7455 7456 7452
f 7455 7457 7456
f 7457 7458 7456
f 7457 6367 7458
f 6367 6366 7458
f 7457 6369 6367
f 7457 7459 6369
f 7459 6370 6369
f 7459 6373 6370
f 7459 7460 6373
f 7460 6379 6373
f 6379 6377 6373
f 7460 7461 6379
f 7461 6380 6379
f 7461 7462 6380
f 7462 6382 6380
f 7462 7463 6382
f 7462 7464 7463
f 7464 7465 7463
f 7464 7466 7465
f 7466 7467 7465
f 7467 7468 7465
f 7468 7469 7465
f 7469 7470 7465
f 7469 7471 7470
f 7471 7472 7470
f 7472 6388 7470
f 7472 6389 6388
f 7472 7473 6389
f 7473 6390 6389
f 7473 7474 6390
f 7474 7475 6390
f 7475 6391 6390
f 7475 6393 6391
f 7475 6394 6393
f 7475 7476 6394
f 7476 7477 6394
f 7477 6395 6394
f 7477 7478 6395
f 7478 7479 6395
f 7479 6396 6395
f 7479 7480 6396
f 7480 6397 6396
f 7480 7481 6397
f 7481 7482 6397
f 7482 6398 6397
f 7482 6399 6398
f 7482 7483 6399
f 7483 6400 6399
f 7483 7484 6400
f 7484 6401 6400
f 7484 7485 6401
f 7485 7486 6401
f 7486 6402 6401
f 7486 7487 6402
f 7487 7488 6402
f 7488 6403 6402
f 7488 6404 6403
f 7488 6405 6404
f 7488 7489 6405
f 7489 6406 6405
f 7489 7490 6406
f 7490 6407 6406
f 7490 7491 6407
f 7491 6413 6407
f 6413 6408 6407
f 7491 7492 6413
f 7492 6415 6413
f 7492 7493 6415
f 7493 6416 6415
f 7493 7494 6416
f 7494 7495 6416
f 7495 6418 6416
f 7495 6420 6418
f 7495 7496 6420
f 7496 6421 6420
f 7496 7497 6421
f 7497 7498 6421
f 7498 7499 6421
f 7499 6422 6421
f 7499 6424 6422
f 7499 7500 6424
f 7500 7501 6424
f 7501 6425 6424
f 7501 6445 6425
f 6445 7502 6425
f 7502 7503 6425
f 7503 6426 6425
f 7503 6427 6426
f 7503 6430 6427
f 7503 6431 6430
f 7503 7504 6431
f 7504 6434 6431
f 6434 6433 6431
f 6433 6432 6431
f 7504 6435 6434
f 7504 7505 6435
f 7505 6436 6435
f 7505 6444 6436
f 6444 6437 6436
f 6444 6443 6437
f 6443 6442 6437
f 6442 6438 6437
f 6442 6439 6438
f 6442 6440 6439
f 7505 6445 6444
f 7505 7502 6445
f 7505 7503 7502
f 7505 7504 7503
f 7501 6446 6445
f 7501 7500 6446
f 7500 6447 6446
f 7500 7506 6447
f 7506 7507 6447
f 7507 6452 6447
f 6452 6448 6447
f 6452 6451 6448
f 6451 6449 6448
f 7507 7508 6452
f 7508 6453 6452
f 7508 7509 6453
f 7509 6454 6453
f 7509 7510 6454
f 7510 6455 6454
f 7510 6456 6455
f 7510 7511 6456
f 7511 7512 6456
f 7512 6457 6456
f 7512 7513 6457
f 7513 6458 6457
f 7513 6459 6458
f 7513 7514 6459
f 7514 7515 6459
f 7515 6460 6459
f 7515 7516 6460
f 7516 6461 6460
f 7516 7517 6461
f 7517 6462 6461
f 7517 6464 6462
f 7517 7518 6464
f 7518 6465 6464
f 7518 7519 6465
f 7519 6466 6465
f 7519 7520 6466
f 7520 7521 6466
f 7521 6467 6466
f 7521 7522 6467
f 7522 6468 6467
f 7522 7523 6468
f 7523 6469 6468
f 7523 7524 6469
f 7524 6470 6469
f 7524 7525 6470
f 7525 6471 6470
f 7525 7526 6471
f 7526 6472 6471
f 7526 7527 6472
f 7527 7528 6472
f 7528 6473 6472
f 7528 7529 6473
f 7529 6474 6473
f 7529 7530 6474
f 7530 6475 6474
f 7530 7531 6475
f 7531 6476 6475
f 7531 6477 6476
f 7531 7532 6477
f 7532 7533 6477
f 7533 6478 6477
f 7533 7534 6478
f 7534 6479 6478
f 7534 7535 6479
f 7535 6480 6479
f 7535 7536 6480
f 7536 6481 6480
f 7536 7537 6481
f 7537 6482 6481
f 7537 7538 6482
f 7538 6483 6482
f 7538 7539 6483
f 7539 7540 6483
f 7540 6484 6483
f 7540 6485 6484
f 7540 7541 6485
f 7541 6486 6485
f 7569 7570 6520
f 7570 6521 6520
f 7570 7571 6521
f 7571 6522 6521
f 7571 6523 6522
f 7571 7572 6523
f 7572 6524 6523
f 7572 7573 6524
f 7573 6525 6524
f 7573 7574 6525
f 7574 6526 6525
f 7574 7575 6526
f 7575 7576 6526
f 7576 6527 6526
f 7576 6528 6527
f 7576 7577 6528
f 7577 7578 6528
f 7578 6529 6528
f 7578 7579 6529
f 7579 6530 6529
f 7579 6531 6530
f 7579 7580 6531
f 7580 7581 6531
f 7581 6532 6531
f 7581 7582 6532
f 7582 6533 6532
f 7582 7583 6533
f 7583 6534 6533
f 7583 7584 6534
f 7584 6535 6534
f 7584 7585 6535
f 7585 6536 6535
f 7585 7586 6536
f 7586 7587 6536
f 7587 6537 6536
f 7587 7588 6537
f 7588 6538 6537
f 7588 7589 6538
f 7589 6539 6538
f 7589 7590 6539
f 7590 6540 6539
f 7590 6541 6540
f 7590 7591 6541
f 7591 6542 6541
f 7591 7592 6542
f 7592 6543 6542
f 7592 7593 6543
f 7593 7594 6543
f 7594 6544 6543
f 7594 6545 6544
f 7594 7595 6545
f 7595 7596 6545
f 7596 6546 6545
f 7596 6547 6546
f 7596 7597 6547
f 7597 7598 6547
f 7598 6548 6547
f 7598 7599 6548
f 7599 6549 6548
f 7599 6550 6549
f 7599 7600 6550
f 7600 7601 6550
f 7601 6551 6550
f 7601 7602 6551
f 7602 6552 6551
f 7602 7603 6552
f 7603 6553 6552
f 7603 7604 6553
f 7604 6554 6553
f 7604 7605 6554
f 7605 6555 6554
f 7605 7606 6555
f 7606 7607 6555
f 7607 6556 6555
f 7607 7608 6556
f 7608 6557 6556
f 7608 7609 6557
f 7609 6558 6557
f 7609 7610 6558
f 7610 7611 6558
f 7611 6559 6558
f 7611 7612 6559
f 7612 6560 6559
f 7612 7613 6560
f 7613 6561 6560
f 7613 7614 6561
f 7614 6562 6561
f 7614 7615 6562
f 7615 7616 6562
f 7616 6563 6562
f 7616 6564 6563
f 7616 7617 6564
f 7617 7618 6564
f 7618 6565 6564
f 7618 7619 6565
f 7619 6566 6565
f 7619 7620 6566
f 7620 6567 6566
f 7620 7621 6567
f 7621 6568 6567
f 7621 7622 6568
f 7622 6569 6568
f 7622 7623 6569
f 7623 6570 6569
f 7623 7624 6570
f 7624 6571 6570
f 7624 7625 6571
f 7625 7626 6571
f 7626 6572 6571
f 7626 6573 6572
f 7626 6574 6573
f 7626 7627 6574
f 7627 6575 6574
f 7627 7628 6575
f 7628 6576 6575
f 7628 7629 6576
f 7629 6578 6576
f 6578 6577 6576
f 7629 6579 6578
f 7629 7630 6579
f 7630 6580 6579
f 7630 7631 6580
f 7631 6581 6580
f 7631 7632 6581
f 7632 6582 6581
f 7632 7633 6582
f 7633 7634 6582
f 7634 6583 6582
f 7634 7635 6583
f 7635 6584 6583
f 7635 7636 6584
f 7636 6585 6584
f 7636 7637 6585
f 7637 6586 6585
f 7637 6587 6586
f 7637 7638 6587
f 7638 6589 6587
f 7638 7639 6589
f 7639 6591 6589
f 7639 7640 6591
f 7640 7641 6591
f 7641 7642 6591
f 7642 6592 6591
f 7642 6593 6592
f 7642 7643 6593
f 7643 7644 6593
f 7644 6594 6593
f 7644 6596 6594
f 7644 7645 6596
f 7645 6597 6596
f 7645 6599 6597
f 7645 7646 6599
f 7645 7647 7646
f 7647 7648 7646
f 7648 7649 7646
f 7649 7650 7646
f 7649 7651 7650
f 7651 7652 7650
f 7652 7653 7650
f 7652 7654 7653
f 7654 7655 7653
f 7655 7656 7653
f 7656 6599 7653
f 7656 6600 6599
f 7656 7655 6600
f 7655 6603 6600
f 7655 6604 6603
f 7655 7654 6604
f 7654 6605 6604
f 7654 7657 6605
f 7657 7658 6605
f 7658 6606 6605
f 7658 7659 6606
f 7659 7660 6606
f 7660 6607 6606
f 7660 7661 6607
f 7661 7662 6607
f 7662 6608 6607
f 7662 6609 6608
f 7662 7663 6609
f 7663 6610 6609
f 7663 7664 6610
f 7664 6612 6610
f 6612 6611 6610
f 7664 6613 6612
f 7664 7665 6613
f 7665 7666 6613
f 7665 7667 7666
f 7667 7668 7666
f 7668 7669 7666
f 7669 7670 7666
f 7670 6614 7666
f 8193 7217 7216
f 8193 8194 7217
f 8194 7218 7217
f 8194 8195 7218
f 8195 7219 7218
f 8195 8196 7219
f 8196 7220 7219
f 8196 7221 7220
f 8196 8197 7221
f 8197 8198 7221
f 8198 7222 7221
f 8198 7223 7222
f 8198 8199 7223
f 8199 8200 7223
f 8200 7224 7223
f 8200 7225 7224
f 8200 8201 7225
f 8201 8202 7225
f 8202 7226 7225
f 8202 7227 7226
f 8202 8203 7227
f 8203 8204 7227
f 8204 7228 7227
f 8204 7229 7228
f 8204 8205 7229
f 8205 7230 7229
f 8205 8206 7230
f 8206 8207 7230
f 8207 7231 7230
f 8207 8208 7231
f 8208 7232 7231
f 8208 8209 7232
f 8209 7233 7232
f 8209 7235 7233
f 7235 7234 7233
f 8209 8210 7235
f 8210 8211 7235
f 8211 7236 7235
f 8211 7237 7236
f 8211 8212 7237
f 8212 8213 7237
f 8213 7238 7237
f 8213 8214 7238
f 8214 7239 7238
f 8214 7240 7239
f 8214 8215 7240
f 8215 7241 7240
f 8215 8216 7241
f 8216 7242 7241
f 8216 8217 7242
f 8217 7243 7242
f 8217 7244 7243
f 8217 8218 7244
f 8218 7245 7244
f 8218 8219 7245
f 8219 8220 7245
f 8220 7246 7245
f 8220 8221 7246
f 8221 7247 7246
f 8221 8222 7247
f 8222 7248 7247
f 8222 8223 7248
f 8223 7249 7248
f 8223 7250 7249
f 8223 8224 7250
f 8224 8225 7250
f 8225 7251 7250
f 8225 8226 7251
f 8226 8227 7251
f 8227 7252 7251
f 8227 7253 7252
f 8227 8228 7253
f 8228 8229 7253
f 8229 7254 7253
f 8229 8230 7254
f 8230 7255 7254
f 8230 7256 7255
f 8230 8231 7256
f 8231 8232 7256
f 8232 7257 7256
f 8232 8233 7257
f 8233 7258 7257
f 8233 8234 7258
f 8234 7259 7258
f 8234 8235 7259
f 8235 7260 7259
f 8235 7261 7260
f 8235 7262 7261
f 8235 8236 7262
f 8236 7263 7262
f 8236 8237 7263
f 8237 7264 7263
f 8237 8238 7264
f 8238 7265 7264
f 8238 8239 7265
f 8239 7266 7265
f 8239 8240 7266
f 8240 7267 7266
f 8240 8241 7267
f 8241 7268 7267
f 8241 8242 7268
f 8242 7269 7268
f 8242 8243 7269
f 8243 7270 7269
f 8243 8244 7270
f 8244 7271 7270
f 8244 8245 7271
f 8245 7272 7271
f 8245 8246 7272
f 8246 8247 7272
f 8247 8248 7272
f 8248 7273 7272
f 8248 7274 7273
f 8248 8249 7274
f 8249 7275 7274
f 8249 8250 7275
f 8250 7276 7275
f 8250 7277 7276
f 8250 8251 7277
f 8251 7278 7277
f 8251 8252 7278
f 8252 7279 7278
f 8252 8253 7279
f 8253 7280 7279
f 8253 8254 7280
f 8254 7281 7280
f 8254 8255 7281
f 8255 8256 7281
f 8256 7282 7281
f 8256 8257 7282
f 8257 7283 7282
f 8257 8258 7283
f 8258 7284 7283
f 8258 8259 7284
f 8259 7285 7284
f 8259 8260 7285
f 8260 7286 7285
f 8260 8261 7286
f 8261 7287 7286
f 8261 7288 7287
f 8261 8262 7288
f 8262 8263 7288
f 8263 7290 7288
f 7290 7289 7288
f 8263 8264 7290
f 8264 7292 7290
f 7292 7291 7290
f 8264 8265 7292
f 8265 7293 7292
f 8265 8266 7293
f 8266 8267 7293
f 8267 7294 7293
f 8267 7296 7294
f 8267 8268 7296
f 8268 8269 7296
f 8269 7297 7296
f 8269 8270 7297
f 8270 7447 7297
f 7447 7298 7297
f 7447 7446 7298
f 7446 7303 7298
f 7303 7301 7298
f 7301 7299 7298
f 7446 7445 7303
f 7445 7304 7303
f 7445 8271 7304
f 8271 7305 7304
f 8271 7307 7305
f 7307 7306 7305
f 8271 8272 7307
f 8272 8273 7307
f 8273 7308 7307
f 8273 7309 7308
f 8273 8274 7309
f 8274 8275 7309
f 8275 7312 7309
f 7312 7311 7309
f 7311 7310 7309
f 8275 7313 7312
f 8275 8276 7313
f 8276 8277 7313
f 8277 7314 7313
f 8277 7315 7314
f 8277 7316 7315
f 8277 8278 7316
f 8278 8279 7316
f 8279 7317 7316
f 8279 8280 7317
f 8280 8281 7317
f 8281 7318 7317
f 8281 8282 7318
f 8282 7319 7318
f 8282 7320 7319
f 8282 8283 7320
f 8283 7321 7320
f 8283 8284 7321
f 8284 7322 7321
f 8284 8285 7322
f 8285 8286 7322
f 8286 7323 7322
f 8286 7324 7323
f 8286 8287 7324
f 8287 8288 7324
f 8288 7325 7324
f 8288 8289 7325
f 8289 7326 7325
f 8289 8290 7326
f 8290 7327 7326
f 8290 8291 7327
f 8291 7328 7327
f 8291 8292 7328
f 8292 7329 7328
f 8292 7330 7329
f 8292 8293 7330
f 8293 8294 7330
f 8294 7331 7330
f 8294 8295 7331
f 8295 8296 7331
f 8296 7332 7331
f 8296 8297 7332
f 8297 7333 7332
f 8297 8298 7333
f 8298 7334 7333
f 8298 7335 7334
f 8298 8299 7335
f 8299 8300 7335
f 8300 7336 7335
f 8300 8301 7336
f 8301 7338 7336
f 7338 7337 7336
f 8301 7339 7338
f 8301 8302 7339
f 8302 8303 7339
f 8303 7340 7339
f 8303 8304 7340
f 8304 7341 7340
f 8304 8305 7341
f 8305 7342 7341
f 8305 8306 7342
f 8306 7343 7342
f 8306 8307 7343
f 8307 7344 7343
f 8307 7345 7344
f 8307 8308 7345
f 8308 7346 7345
f 8308 8309 7346
f 8309 8310 7346
f 8310 7347 7346
f 8310 7348 7347
f 8310 8311 7348
f 8311 7349 7348
f 8311 8312 7349
f 8312 8313 7349
f 8313 7350 7349
f 8313 7351 7350
f 8313 8314 7351
f 8314 8315 7351
f 8315 8316 7351
f 8316 7352 7351
f 8316 7353 7352
f 8316 7354 7353
f 8316 8317 7354
f 8317 8318 7354
f 8318 7355 7354
f 8318 7356 7355
f 8318 8319 7356
f 8319 7357 7356
f 8319 7360 7357
f 8319 8320 7360
f 8320 7361 7360
f 8320 8321 7361
f 8321 7362 7361
f 8321 8322 7362
f 8322 7363 7362
f 8322 8323 7363
f 8323 7364 7363
f 8323 8324 7364
f 8324 7365 7364
f 8324 8325 7365
f 8325 7366 7365
f 8325 7367 7366
f 8325 8326 7367
f 8326 7368 7367
f 8326 8327 7368
f 8327 7369 7368
f 8327 8328 7369
f 8328 8329 7369
f 8329 7370 7369
f 8329 8330 7370
f 8330 7371 7370
f 8330 8331 7371
f 8331 7372 7371
f 8331 8332 7372
f 8332 7373 7372
f 8332 7374 7373
f 8332 8333 7374
f 8333 8334 7374
f 8334 7375 7374
f 8334 8335 7375
f 8335 7376 7375
f 8335 8336 7376
f 8336 7377 7376
f 8336 7378 7377
f 8336 8337 7378
f 8337 8338 7378
f 8338 7379 7378
f 8338 7380 7379
f 8338 8339 7380
f 8339 8340 7380
f 8340 7381 7380
f 8340 7382 7381
f 8340 8341 7382
f 8341 7383 7382
f 8341 7384 7383
f 8341 8342 7384
f 8342 8343 7384
f 8343 7385 7384
f 8343 7386 7385
f 8343 8344 7386
f 8344 8345 7386
f 8345 8346 7386
f 8346 7387 7386
f 8346 7388 7387
f 8346 8347 7388
f 8347 7389 7388
f 8347 7390 7389
f 8347 8348 7390
f 8348 7391 7390
f 8348 8349 7391
f 8349 7392 7391
f 8349 8350 7392
f 8350 8351 7392
f 8351 7393 7392
f 8351 7394 7393
f 8351 8352 7394
f 8352 8353 7394
f 8353 8354 7394
f 8354 7395 7394
f 8354 7396 7395
f 8354 8355 7396
f 8355 7397 7396
f 8355 8356 7397
f 8356 7398 7397
f 8356 8357 7398
f 8357 7399 7398
f 8357 7400 7399
f 8357 7401 7400
f 8357 8358 7401
f 8358 7404 7401
f 7404 7402 7401
f 8358 7406 7404
f 8358 8359 7406
f 8359 7407 7406
f 8359 8360 7407
f 8360 8361 7407
f 8361 8362 7407
f 8362 7408 7407
f 8362 8363 7408
f 8363 8364 7408
f 8364 7409 7408
f 8364 8365 7409
f 8365 7411 7409
f 8365 7412 7411
f 8365 8366 7412
f 8366 7415 7412
f 8366 8367 7415
f 8367 8368 7415
f 8368 8369 7415
f 8369 8370 7415
f 8370 7416 7415
f 8370 7417 7416
f 8370 8371 7417
f 8371 7423 7417
f 8371 8372 7423
f 8372 7424 7423
f 8372 8373 7424
f 8373 8374 7424
f 8374 7425 7424
f 8374 8375 7425
f 8375 7427 7425
f 8375 7429 7427
f 8375 8376 7429
f 8376 7438 7429
f 7438 7436 7429
f 8376 8377 7438
f 8377 8378 7438
f 8378 7439 7438
f 8378 8379 7439
f 8379 8380 7439
f 8380 7440 7439
f 8380 7442 7440
f 8380 8381 7442
f 8381 8382 7442
f 8382 7443 7442
f 8382 8383 7443
f 8383 7445 7443
f 8383 8382 7445
f 8382 8271 7445
f 8382 8272 8271
f 8382 8381 8272
f 8381 8384 8272
f 8384 8385 8272
f 8385 8386 8272
f 8386 8273 8272
f 8386 8274 8273
f 8386 8385 8274
f 8385 8387 8274
f 8387 8388 8274
f 8388 8275 8274
f 8388 8276 8275
f 8388 8389 8276
f 8389 8278 8276
f 8278 8277 8276
f 8389 8390 8278
f 8390 8279 8278
f 8390 8280 8279
f 8390 8391 8280
f 8391 8392 8280
f 8392 8281 8280
f 8392 8393 8281
f 8393 8282 8281
f 8393 8283 8282
f 8393 8394 8283
f 8394 8284 8283
f 8394 8395 8284
f 8395 8285 8284
f 8395 8396 8285
f 8396 8397 8285
f 8397 8398 8285
f 8398 8286 8285
f 8398 8287 8286
f 8398 8399 8287
f 8399 8400 8287
f 8400 8288 8287
f 8400 8401 8288
f 8401 8289 8288
f 8401 8402 8289
f 8402 8290 8289
f 8402 8403 8290
f 8403 8291 8290
f 8403 8404 8291
f 8404 8292 8291
f 8404 8405 8292
f 8405 8293 8292
f 8405 8406 8293
f 8406 8294 8293
f 8406 8295 8294
f 8406 8407 8295
f 8407 8408 8295
f 8408 8296 8295
f 8408 8409 8296
f 8409 8297 8296
f 8409 8410 8297
f 8410 8298 8297
f 8410 8299 8298
f 8410 8411 8299
f 8411 8412 8299
f 8412 8300 8299
f 8412 8413 8300
f 8413 8301 8300
f 8413 8302 8301
f 8413 8414 8302
f 8414 8415 8302
f 8415 8303 8302
f 8415 8416 8303
f 8416 8304 8303
f 8416 8417 8304
f 8417 8305 8304
f 8417 8418 8305
f 8418 8306 8305
f 8418 8419 8306
f 8419 8307 8306
f 8419 8308 8307
f 8419 8420 8308
f 8420 8309 8308
f 8420 8421 8309
f 8421 8422 8309
f 8422 8310 8309
f 8422 8311 8310
f 8422 8423 8311
f 8423 8312 8311
f 8423 8424 8312
f 8424 8425 8312
f 8425 8313 8312
f 8425 8314 8313
f 8425 8426 8314
f 8426 8427 8314
f 8427 8315 8314
f 8427 8428 8315
f 8428 8317 8315
f 8317 8316 8315
f 8428 8429 8317
f 8429 8318 8317
f 8429 8319 8318
f 8429 8320 8319
f 8429 8430 8320
f 8430 8321 8320
f 8430 8431 8321
f 8431 8322 8321
f 8431 8432 8322
f 8432 8323 8322
f 8432 8433 8323
f 8433 8324 8323
f 8433 8434 8324
f 8434 8325 8324
f 8434 8435 8325
f 8435 8326 8325
f 8435 8327 8326
f 8435 8436 8327
f 8436 8328 8327
f 8436 8437 8328
f 8437 8438 8328
f 8438 8329 8328
f 8438 8439 8329
f 8439 8330 8329
f 8439 8440 8330
f 8440 8331 8330
f 8440 8441 8331
f 8441 8332 8331
f 8441 8333 8332
f 8441 8442 8333
f 8442 8443 8333
f 8443 8444 8333
f 8444 8334 8333
f 8444 8335 8334
f 8444 8445 8335
f 8445 8446 8335
f 8446 8336 8335
f 8446 8337 8336
f 8446 8447 8337
f 8447 8448 8337
f 8448 8338 8337
f 8448 8339 8338
f 8448 8449 8339
f 8449 8450 8339
f 8450 8340 8339
f 8450 8341 8340
f 8450 8342 8341
f 8450 8451 8342
f 8451 8452 8342
f 8452 8453 8342
f 8453 8343 8342
f 8453 8344 8343
f 8453 8454 8344
f 8454 8345 8344
f 8454 8455 8345
f 8455 8456 8345
f 8456 8346 8345
f 8456 8347 8346
f 8456 8348 8347
f 8456 8457 8348
f 8457 8458 8348
f 8458 8349 8348
f 8458 8459 8349
f 8459 8350 8349
f 8459 8351 8350
f 8459 8460 8351
f 8460 8461 8351
f 8461 8462 8351
f 8462 8463 8351
f 8463 8352 8351
f 8463 8462 8352
f 8462 8464 8352
f 8464 8353 8352
f 8464 8465 8353
f 8465 8466 8353
f 8466 8355 8353
f 8355 8354 8353
f 8466 8356 8355
f 8466 8467 8356
f 8467 8468 8356
f 8468 8357 8356
f 8468 8358 8357
f 8468 8469 8358
f 8469 8359 8358
f 8469 8470 8359
f 8470 8471 8359
f 8471 8360 8359
f 8471 8472 8360
f 8472 8361 8360
f 8472 8473 8361
f 8473 8362 8361
f 8473 8474 8362
f 8474 8475 8362
f 8475 8363 8362
f 8475 8476 8363
f 8476 8365 8363
f 8365 8364 8363
f 8476 8366 8365
f 8476 8367 8366
f 8476 8477 8367
f 8477 8478 8367
f 8478 8368 8367
f 8478 8479 8368
f 8479 8480 8368
f 8480 8369 8368
f 8480 8481 8369
f 8481 8371 8369
f 8371 8370 8369
f 8481 8482 8371
f 8482 8483 8371
f 8483 8372 8371
f 8483 8373 8372
f 8483 8484 8373
f 8484 8485 8373
f 8485 8374 8373
f 8485 8486 8374
f 8486 8375 8374
f 8486 8376 8375
f 8486 8377 8376
f 8486 8487 8377
f 8487 8488 8377
f 8488 8378 8377
f 8488 8489 8378
f 8489 8379 8378
f 8489 8490 8379
f 8490 8491 8379
f 8491 8380 8379
f 8491 8381 8380
f 8491 8384 8381
f 8491 8492 8384
f 8492 8387 8384
f 8387 8385 8384
f 8492 8493 8387
f 8493 8388 8387
f 8493 8389 8388
f 8493 8494 8389
f 8494 8391 8389
f 8391 8390 8389
f 8494 8495 8391
f 8495 8496 8391
f 8496 8392 8391
f 8496 8497 8392
f 8497 8393 8392
f 8497 8394 8393
f 8497 8498 8394
f 8498 8395 8394
f 8498 8499 8395
f 8499 8396 8395
f 8499 8500 8396
f 8500 8397 8396
f 8500 8501 8397
f 8501 8502 8397
f 8502 8399 8397
f 8399 8398 8397
f 8502 8503 8399
f 8503 8400 8399
f 8503 8504 8400
f 8504 8401 8400
f 8504 8505 8401
f 8505 8402 8401
f 8505 8506 8402
f 8506 8403 8402
f 8506 8507 8403
f 8507 8404 8403
f 8507 8405 8404
f 8507 8508 8405
f 8508 8406 8405
f 8508 8509 8406
f 8509 8407 8406
f 8509 8510 8407
f 8510 8511 8407
f 8511 8408 8407
f 8511 8512 8408
f 8512 8409 8408
f 8512 8513 8409
f 8513 8410 8409
f 8513 8411 8410
f 8513 8514 8411
f 8514 8515 8411
f 8515 8412 8411
f 8515 8516 8412
f 8516 8413 8412
f 8516 8414 8413
f 8516 8517 8414
f 8517 8518 8414
f 8518 8415 8414
f 8518 8519 8415
f 8519 8416 8415
f 8519 8520 8416
f 8520 8417 8416
f 8520 8521 8417
f 8521 8418 8417
f 8521 8522 8418
f 8522 8419 8418
f 8522 8420 8419
f 8522 8523 8420
f 8523 8524 8420
f 8524 8421 8420
f 8524 8525 8421
f 8525 8526 8421
f 8526 8422 8421
f 8526 8423 8422
f 8526 8527 8423
f 8527 8424 8423
f 8527 8528 8424
f 8528 8529 8424
f 8529 8425 8424
f 8529 8426 8425
f 8529 8530 8426
f 8530 8531 8426
f 8531 8427 8426
f 8531 8532 8427
f 8532 8428 8427
f 8532 8430 8428
f 8430 8429 8428
f 8532 8431 8430
f 8532 8432 8431
f 8532 8531 8432
f 8531 8533 8432
f 8533 8433 8432
f 8533 8534 8433
f 8534 8434 8433
f 8534 8535 8434
f 8535 8435 8434
f 8535 8436 8435
f 8535 8536 8436
f 8536 8437 8436
f 8536 8537 8437
f 8537 8538 8437
f 8538 8438 8437
f 8538 8539 8438
f 8539 8439 8438
f 8539 8540 8439
f 8540 8440 8439
f 8540 8541 8440
f 8541 8441 8440
f 8541 8442 8441
f 8541 8542 8442
f 8542 8443 8442
f 8542 8543 8443
f 8543 8544 8443
f 8544 8444 8443
f 8544 8445 8444
f 8544 8545 8445
f 8545 8446 8445
f 8545 8447 8446
f 8545 8546 8447
f 8546 8547 8447
f 8547 8448 8447
f 8547 8449 8448
f 8547 8548 8449
f 8548 8451 8449
f 8451 8450 8449
f 8548 8452 8451
f 8548 8549 8452
f 8549 8550 8452
f 8550 8454 8452
f 8454 8453 8452
f 8550 8455 8454
f 8550 8551 8455
f 8551 8552 8455
f 8552 8457 8455
f 8457 8456 8455
f 8552 8458 8457
f 8552 8553 8458
f 8553 8459 8458
f 8553 8460 8459
f 8553 8554 8460
f 8554 8555 8460
f 8555 8461 8460
f 8555 8462 8461
f 8555 8556 8462
f 8556 8464 8462
f 8556 8557 8464
f 8557 8465 8464
f 8557 8558 8465
f 8558 8559 8465
f 8559 8466 8465
f 8559 8467 8466
f 8559 8560 8467
f 8560 8561 8467
f 8561 8468 8467
f 8561 8469 8468
f 8561 8470 8469
f 8561 8562 8470
f 8562 8563 8470
f 8563 8471 8470
f 8563 8564 8471
f 8564 8472 8471
f 8564 8565 8472
f 8565 8473 8472
f 8565 8566 8473
f 8566 8474 8473
f 8566 8567 8474
f 8567 8475 8474
f 8567 8568 8475
f 8568 8477 8475
f 8477 8476 8475
f 8568 8569 8477
f 8569 8478 8477
f 8569 8570 8478
f 8570 8479 8478
f 8570 8571 8479
f 8571 8572 8479
f 8572 8480 8479
f 8572 8573 8480
f 8573 8481 8480
f 8573 8482 8481
f 8573 8574 8482
f 8574 8575 8482
f 8575 8483 8482
f 8575 8484 8483
f 8575 8576 8484
f 8576 8577 8484
f 8577 8485 8484
f 8577 8487 8485
f 8487 8486 8485
f 8577 8578 8487
f 8578 8488 8487
f 8578 8579 8488
f 8579 8489 8488
f 8579 8580 8489
f 8580 8490 8489
f 8580 8581 8490
f 8581 8492 8490
f 8492 8491 8490
f 8581 8493 8492
f 8581 8494 8493
f 8581 8495 8494
f 8581 8580 8495
f 8580 8582 8495
f 8582 8496 8495
f 8582 8583 8496
f 8583 8497 8496
f 8583 8498 8497
f 8583 8584 8498
f 8584 8499 8498
f 8584 8585 8499
f 8585 8500 8499
f 8585 8586 8500
f 8586 8501 8500
f 8586 8574 8501
f 8574 8587 8501
f 8587 8502 8501
f 8587 8588 8502
f 8588 8503 8502
f 8588 8589 8503
f 8589 8504 8503
f 8589 8590 8504
f 8590 8505 8504
f 8590 8591 8505
f 8591 8506 8505
f 8591 8592 8506
f 8592 8507 8506
f 8592 8508 8507
f 8592 8593 8508
f 8593 8509 8508
f 8593 8594 8509
f 8594 8510 8509
f 8594 8595 8510
f 8595 8596 8510
f 8596 8511 8510
f 8596 8597 8511
f 8597 8598 8511
f 8598 8512 8511
f 8598 8599 8512
f 8599 8513 8512
f 8599 8600 8513
f 8600 8514 8513
f 8600 8601 8514
f 8601 8515 8514
f 8601 8602 8515
f 8602 8516 8515
f 8602 8517 8516
f 8602 8603 8517
f 8603 8604 8517
f 8604 8518 8517
f 8604 8605 8518
f 8605 8519 8518
f 8605 8606 8519
f 8606 8520 8519
f 8606 8607 8520
f 8607 8608 8520
f 8608 8521 8520
f 8608 8609 8521
f 8609 8610 8521
f 8610 8522 8521
f 8610 8523 8522
f 8610 8611 8523
f 8611 8524 8523
f 8611 8612 8524
f 8612 8525 8524
f 8612 8613 8525
f 8613 8614 8525
f 8614 8526 8525
f 8614 8527 8526
f 8614 8615 8527
f 8615 8528 8527
f 8615 8616 8528
f 8616 8617 8528
f 8617 8529 8528
f 8617 8530 8529
f 8617 8618 8530
f 8618 8533 8530
f 8533 8531 8530
f 8618 8534 8533
f 8618 8619 8534
f 8619 8535 8534
f 8619 8620 8535
f 8620 8536 8535
f 8620 8537 8536
f 8620 8621 8537
f 8621 8622 8537
f 8622 8538 8537
f 8622 8623 8538
f 8623 8539 8538
f 8623 8624 8539
f 8624 8540 8539
f 8624 8625 8540
f 8625 8541 8540
f 8625 8542 8541
f 8625 8626 8542
f 8626 8543 8542
f 8626 8627 8543
f 8627 8628 8543
f 8628 8629 8543
f 8629 8544 8543
f 8629 8630 8544
f 8630 8545 8544
f 8630 8546 8545
f 8630 8631 8546
f 8631 8632 8546
f 8632 8547 8546
f 8632 8548 8547
f 8632 8549 8548
f 8632 8633 8549
f 8633 8634 8549
f 8634 8550 8549
f 8634 8551 8550
f 8634 8635 8551
f 8635 8552 8551
f 8635 8636 8552
f 8636 8553 8552
f 8636 8637 8553
f 8637 8554 8553
f 8637 8638 8554
f 8638 8639 8554
f 8639 8640 8554
f 8640 8555 8554
f 8640 8556 8555
f 8640 8641 8556
f 8641 8557 8556
f 8641 8642 8557
f 8642 8558 8557
f 8642 8643 8558
f 8643 8644 8558
f 8644 8559 8558
f 8644 8560 8559
f 8644 8645 8560
f 8645 8562 8560
f 8562 8561 8560
f 8645 8646 8562
f 8646 8563 8562
f 8646 8647 8563
f 8647 8564 8563
f 8647 8648 8564
f 8648 8565 8564
f 8648 8649 8565
f 8649 8566 8565
f 8649 8650 8566
f 8650 8567 8566
f 8650 8651 8567
f 8651 8568 8567
f 8651 8652 8568
f 8652 8569 8568
f 8652 8653 8569
f 8653 8570 8569
f 8653 8654 8570
f 8654 8571 8570
f 8654 8589 8571
f 8589 8588 8571
f 8588 8572 8571
f 8588 8587 8572
f 8587 8573 8572
f 8587 8574 8573
f 8654 8590 8589
f 8654 8655 8590
f 8655 8591 8590
f 8655 8656 8591
f 8656 8592 8591
f 8656 8593 8592
f 8656 8657 8593
f 8657 8594 8593
f 8657 8658 8594
f 8658 8595 8594
f 8658 8659 8595
f 8659 8660 8595
f 8660 8661 8595
f 8661 8596 8595
f 8661 8597 8596
f 8661 8662 8597
f 8662 8663 8597
f 8663 8599 8597
f 8599 8598 8597
f 8663 8600 8599
f 8663 8664 8600
f 8664 8665 8600
f 8665 8601 8600
f 8665 8666 8601
f 8666 8602 8601
f 8666 8603 8602
f 8666 8667 8603
f 8667 8668 8603
f 8668 8604 8603
f 8668 8669 8604
f 8669 8605 8604
f 8669 8670 8605
f 8670 8606 8605
f 8670 8607 8606
f 8670 8671 8607
f 8671 8672 8607
f 8672 8608 8607
f 8672 8609 8608
f 8672 8673 8609
f 8673 8611 8609
f 8611 8610 8609
f 8673 8612 8611
f 8673 8674 8612
f 8674 8613 8612
f 8674 8675 8613
f 8675 8676 8613
f 8676 8614 8613
f 8676 8615 8614
f 8676 8677 8615
f 8677 8616 8615
f 8677 8678 8616
f 8678 8619 8616
f 8619 8617 8616
f 8619 8618 8617
f 8678 8620 8619
f 8678 8621 8620
f 8678 8679 8621
f 8679 8680 8621
f 8680 8622 8621
f 8679 8681 8680
f 8681 8682 8680
f 8682 8683 8680
f 8681 8684 8682
f 8684 8685 8682
f 8684 8686 8685
f 8686 8687 8685
f 8687 8688 8685
f 8687 8689 8688
f 8689 8690 8688
f 8690 8691 8688
f 8691 8692 8688
f 8691 8693 8692
f 8693 8694 8692
f 8693 8695 8694
f 8695 8683 8694
f 8693 8623 8695
f 8623 8622 8695
f 8693 8624 8623
f 8693 8696 8624
f 8696 8625 8624
f 8696 8626 8625
f 8696 8697 8626
f 8697 8627 8626
f 8697 8698 8627
f 8698 8699 8627
f 8699 8628 8627
f 8699 8700 8628
f 8700 8701 8628
f 8701 8629 8628
f 8701 8630 8629
f 8701 8631 8630
f 8701 8702 8631
f 8702 8633 8631
f 8633 8632 8631
f 8702 8703 8633
f 8703 8634 8633
f 8703 8635 8634
f 8703 8704 8635
f 8704 8636 8635
f 8704 8705 8636
f 8705 8637 8636
f 8705 8638 8637
f 8705 8706 8638
f 8706 8707 8638
f 8706 8708 8707
f 8708 8709 8707
f 8709 8710 8707
f 8710 8639 8707
f 8710 8711 8639
f 8711 8640 8639
f 8711 8641 8640
f 8711 8712 8641
f 8712 8642 8641
f 8712 8713 8642
f 8713 8643 8642
f 8713 8714 8643
f 8714 8715 8643
f 8715 8644 8643
f 8715 8645 8644
f 8715 8716 8645
f 8716 8646 8645
f 8716 8717 8646
f 8717 8647 8646
f 8717 8718 8647
f 8718 8648 8647
f 8718 8719 8648
f 8719 8649 8648
f 8719 8720 8649
f 8720 8650 8649
f 8720 8721 8650
f 8721 8651 8650
f 8721 8722 8651
f 8722 8723 8651
f 8723 8652 8651
f 8723 8653 8652
f 8723 8655 8653
f 8655 8654 8653
f 8723 8656 8655
f 8723 8657 8656
f 8723 8722 8657
f 8722 8658 8657
f 8722 8721 8658
f 8721 8659 8658
f 8721 8720 8659
f 8720 8660 8659
f 8720 8719 8660
f 8719 8724 8660
f 8724 8725 8660
f 8719 8718 8724
f 8718 8726 8724
f 8718 8717 8726
f 8717 8727 8726
f 8727 8728 8726
f 8727 8729 8728
f 8729 8730 8728
f 8730 8662 8728
f 8662 8731 8728
f 8662 8732 8731
f 8662 8661 8732
f 8661 8725 8732
f 8730 8663 8662
f 8730 8664 8663
f 8730 8733 8664
f 8733 8734 8664
f 8734 8665 8664
f 8734 8666 8665
f 8734 8667 8666
f 8734 8735 8667
f 8735 8736 8667
f 8736 8668 8667
f 8736 8737 8668
f 8737 8669 8668
f 8737 8738 8669
f 8738 8670 8669
f 8738 8671 8670
f 8738 8739 8671
f 8739 8740 8671
f 8740 8672 8671
f 8740 8741 8672
f 8741 8673 8672
f 8741 8674 8673
f 8741 8742 8674
f 8742 8675 8674
f 8742 8743 8675
f 8743 8681 8675
f 8681 8744 8675
f 8744 8676 8675
f 8744 8677 8676
f 8744 8679 8677
f 8679 8678 8677
f 8744 8681 8679
f 8743 8684 8681
f 8743 8745 8684
f 8745 8686 8684
f 8745 8746 8686
f 8746 8747 8686
f 8747 8687 8686
f 8747 8748 8687
f 8748 8689 8687
f 8748 8749 8689
f 8749 8750 8689
f 8750 8690 8689
f 8750 8698 8690
f 8698 8697 8690
f 8697 8691 8690
f 8697 8696 8691
f 8696 8693 8691
f 8750 8751 8698
f 8751 8699 8698
f 8751 8752 8699
f 8752 8700 8699
f 8752 8753 8700
f 8753 8702 8700
f 8702 8701 8700
f 8753 8703 8702
f 8753 8704 8703
f 8753 8754 8704
f 8754 8705 8704
f 8754 8706 8705
f 8754 8755 8706
f 8755 8708 8706
f 8755 8756 8708
f 8756 8757 8708
f 8757 8709 8708
f 8757 8758 8709
f 8758 8759 8709
f 8759 8710 8709
f 8759 8760 8710
f 8760 8711 8710
f 8760 8712 8711
f 8760 8761 8712
f 8761 8713 8712
f 8761 8762 8713
f 8762 8714 8713
f 8762 8763 8714
f 8763 8764 8714
f 8764 8715 8714
f 8764 8716 8715
f 8764 8727 8716
f 8727 8717 8716
f 8764 8729 8727
f 8764 8763 8729
f 8763 8765 8729
f 8765 8730 8729
f 8765 8733 8730
f 8765 8766 8733
f 8766 8734 8733
f 8766 8735 8734
f 8766 8767 8735
f 8767 8736 8735
f 8767 8768 8736
f 8768 8737 8736
f 8768 8769 8737
f 8769 8738 8737
f 8769 8739 8738
f 8769 8770 8739
f 8770 8771 8739
f 8771 8740 8739
f 8771 8772 8740
f 8772 8741 8740
f 8772 8742 8741
f 8772 8745 8742
f 8745 8743 8742
f 8772 8746 8745
f 8772 8771 8746
f 8771 8773 8746
f 8773 8747 8746
f 8773 8774 8747
f 8774 8748 8747
f 8774 8775 8748
f 8775 8749 8748
f 8775 8757 8749
f 8757 8756 8749
f 8756 8750 8749
f 8756 8751 8750
f 8756 8755 8751
f 8755 8752 8751
f 8755 8754 8752
f 8754 8753 8752
f 8775 8758 8757
f 8775 8776 8758
f 8776 8777 8758
f 8777 8759 8758
f 8777 8778 8759
f 8778 8760 8759
f 8778 8761 8760
f 8778 8779 8761
f 8779 8762 8761
f 8779 8780 8762
f 8780 8763 8762
f 8780 8765 8763
f 8780 8766 8765
f 8780 8781 8766
f 8781 8767 8766
f 8781 8782 8767
f 8782 8768 8767
f 8782 8783 8768
f 8783 8769 8768
f 8783 8770 8769
f 8783 8784 8770
f 8784 8773 8770
f 8773 8771 8770
f 8784 8774 8773
f 8784 8776 8774
f 8776 8775 8774
f 8784 8785 8776
f 8785 8777 8776
f 8785 8782 8777
f 8782 8786 8777
f 8786 8778 8777
f 8786 8781 8778
f 8781 8779 8778
f 8781 8780 8779
f 8786 8782 8781
f 8785 8783 8782
f 8785 8784 8783
f 8586 8575 8574
f 8586 8576 8575
f 8586 8585 8576
f 8585 8787 8576
f 8787 8577 8576
f 8787 8578 8577
f 8787 8579 8578
f 8787 8788 8579
f 8788 8582 8579
f 8582 8580 8579
f 8788 8583 8582
f 8788 8584 8583
f 8788 8787 8584
f 8787 8585 8584
f 8270 8789 7447
f 8789 7448 7447
f 8789 8790 7448
f 8790 8791 7448
f 8791 8792 7448
f 8792 7450 7448
f 8792 7451 7450
f 8792 8791 7451
f 8791 7453 7451
f 8791 8793 7453
f 8793 8794 7453
f 8794 7454 7453
f 8794 8795 7454
f 8795 8796 7454
f 8795 8797 8796
f 8795 8798 8797
f 8798 7462 8797
f 7462 7461 8797
f 7461 8799 8797
f 7461 7460 8799
f 8798 7464 7462
f 8798 8795 7464
f 8795 7466 7464
f 8795 8794 7466
f 8794 8800 7466
f 8800 8801 7466
f 8801 7467 7466
f 8801 7468 7467
f 8801 8802 7468
f 8802 8803 7468
f 8803 8804 7468
f 8804 7469 7468
f 8804 7471 7469
f 8804 8805 7471
f 8804 8806 8805
f 8806 8807 8805
f 8807 8808 8805
f 8808 8809 8805
f 8809 7472 8805
f 8809 7473 7472
f 8809 8810 7473
f 8810 7474 7473
f 8810 8811 7474
f 8811 8812 7474
f 8812 7476 7474
f 7476 7475 7474
f 8812 8813 7476
f 8813 7477 7476
f 8813 8814 7477
f 8814 7478 7477
f 8814 8815 7478
f 8815 8816 7478
f 8816 7479 7478
f 8816 8817 7479
f 8817 7480 7479
f 8817 8818 7480
f 8818 7481 7480
f 8818 8819 7481
f 8819 8820 7481
f 8820 7483 7481
f 7483 7482 7481
f 8820 7484 7483
f 8820 8821 7484
f 8821 7485 7484
f 8821 8822 7485
f 8822 8823 7485
f 8823 8824 7485
f 8824 7486 7485
f 8824 8825 7486
f 8825 7487 7486
f 8825 8826 7487
f 8826 7489 7487
f 7489 7488 7487
f 8826 7490 7489
f 8826 8827 7490
f 8827 7491 7490
f 8827 8828 7491
f 8828 8829 7491
f 8829 8830 7491
f 8830 7492 7491
f 8830 7493 7492
f 8830 8831 7493
f 8831 7494 7493
f 8831 8832 7494
f 8832 8833 7494
f 8833 8834 7494
f 8834 7495 7494
f 8834 7496 7495
f 8834 8835 7496
f 8835 7497 7496
f 8835 8836 7497
f 8836 8837 7497
f 8837 7498 7497
f 8837 7508 7498
f 7508 7506 7498
f 7506 7499 7498
f 7506 7500 7499
f 7508 7507 7506
f 8837 7509 7508
f 8837 8838 7509
f 8838 7510 7509
f 8838 8839 7510
f 8839 7511 7510
f 8839 8840 7511
f 8840 7512 7511
f 8840 8841 7512
f 8841 7513 7512
f 8841 7514 7513
f 8841 8842 7514
f 8842 8843 7514
f 8843 7515 7514
f 8843 8844 7515
f 8844 7516 7515
f 8844 8845 7516
f 8845 7517 7516
f 8845 7518 7517
f 8845 8846 7518
f 8846 7519 7518
f 8846 8847 7519
f 8847 7520 7519
f 8847 8848 7520
f 8848 8849 7520
f 8849 7521 7520
f 8849 8850 7521
f 8850 7522 7521
f 8850 8851 7522
f 8851 7523 7522
f 8851 8852 7523
f 8852 7524 7523
f 8852 8853 7524
f 8853 7525 7524
f 8853 7526 7525
f 8853 8854 7526
f 8854 8855 7526
f 8855 7527 7526
f 8855 8856 7527
f 8856 8857 7527
f 8857 7528 7527
f 8857 8858 7528
f 8858 7529 7528
f 8858 8859 7529
f 8859 7530 7529
f 8859 8860 7530
f 8860 7531 7530
f 8860 7532 7531
f 8860 8861 7532
f 8861 7534 7532
f 7534 7533 7532
f 8861 8862 7534
f 8862 7535 7534
f 8862 7536 7535
f 8862 8863 7536
f 8863 8864 7536
f 8864 7537 7536
f 8864 8865 7537
f 8865 7538 7537
f 8865 8866 7538
f 8866 7539 7538
f 8866 8867 7539
f 8867 7540 7539
f 8867 8868 7540
f 8868 7541 7540
f 8868 8869 7541
f 8869 7542 7541
f 8891 8892 7570
f 8892 7571 7570
f 8892 7572 7571
f 8892 8893 7572
f 8893 7573 7572
f 8893 8894 7573
f 8894 7574 7573
f 8894 8895 7574
f 8895 7575 7574
f 8895 8896 7575
f 8896 8897 7575
f 8897 7576 7575
f 8897 7577 7576
f 8897 8898 7577
f 8898 8899 7577
f 8899 7578 7577
f 8899 8900 7578
f 8900 7580 7578
f 7580 7579 7578
f 8900 8901 7580
f 8901 8902 7580
f 8902 7581 7580
f 8902 8903 7581
f 8903 7582 7581
f 8903 8904 7582
f 8904 8905 7582
f 8905 8906 7582
f 8906 7583 7582
f 8906 8907 7583
f 8907 7584 7583
f 8907 8857 7584
f 8857 8856 7584
f 8856 7585 7584
f 8856 7586 7585
f 8856 8855 7586
f 8855 8908 7586
f 8908 8909 7586
f 8909 7587 7586
f 8909 8910 7587
f 8910 7588 7587
f 8910 8911 7588
f 8911 7589 7588
f 8911 7590 7589
f 8911 8912 7590
f 8912 7591 7590
f 8912 8913 7591
f 8913 7592 7591
f 8913 8914 7592
f 8914 7593 7592
f 8914 8915 7593
f 8915 8916 7593
f 8916 7594 7593
f 8916 7595 7594
f 8916 8917 7595
f 8917 8918 7595
f 8918 7596 7595
f 8918 7597 7596
f 8918 8919 7597
f 8919 8920 7597
f 8920 8921 7597
f 8921 7598 7597
f 8921 7600 7598
f 7600 7599 7598
f 8921 8922 7600
f 8922 8923 7600
f 8923 7601 7600
f 8923 8924 7601
f 8924 7602 7601
f 8924 8925 7602
f 8925 7603 7602
f 8925 8926 7603
f 8926 7604 7603
f 8926 8927 7604
f 8927 7605 7604
f 8927 8928 7605
f 8928 7606 7605
f 8928 8929 7606
f 8929 8930 7606
f 8930 7607 7606
f 8930 8931 7607
f 8931 7608 7607
f 8931 8932 7608
f 8932 7609 7608
f 8932 7610 7609
f 8932 8933 7610
f 8933 8934 7610
f 8934 7611 7610
f 8934 7612 7611
f 8934 8935 7612
f 8935 8936 7612
f 8936 7613 7612
f 8936 8937 7613
f 8937 8938 7613
f 8938 7614 7613
f 8938 8939 7614
f 8939 7615 7614
f 8939 8940 7615
f 8940 8941 7615
f 8941 7616 7615
f 8941 7617 7616
f 8941 8942 7617
f 8942 8943 7617
f 8943 7618 7617
f 8943 8944 7618
f 8944 7619 7618
f 8944 8945 7619
f 8945 7620 7619
f 8945 8946 7620
f 8946 7621 7620
f 8946 8947 7621
f 8947 7622 7621
f 8947 8948 7622
f 8948 7623 7622
f 8948 8949 7623
f 8949 7624 7623
f 8949 7625 7624
f 8949 8950 7625
f 8950 8951 7625
f 8951 7627 7625
f 7627 7626 7625
f 8951 7628 7627
f 8951 8952 7628
f 8952 7629 7628
f 8952 7630 7629
f 8952 8953 7630
f 8953 7631 7630
f 8953 8954 7631
f 8954 7632 7631
f 8954 8955 7632
f 8955 7633 7632
f 8955 8956 7633
f 8956 8957 7633
f 8957 7634 7633
f 8957 8958 7634
f 8958 7635 7634
f 8958 8959 7635
f 8959 7636 7635
f 8959 8960 7636
f 8960 7638 7636
f 7638 7637 7636
f 8960 8961 7638
f 8961 7639 7638
f 8961 8962 7639
f 8962 7640 7639
f 8962 8963 7640
f 8963 8964 7640
f 8964 7641 7640
f 8964 8965 7641
f 8965 7642 7641
f 8965 8966 7642
f 8966 7643 7642
f 8966 8967 7643
f 8966 8968 8967
f 8968 8969 8967
f 8969 8970 8967
f 8969 8971 8970
f 8971 8972 8970
f 8972 8973 8970
f 8973 8974 8970
f 8973 8975 8974
f 8975 8976 8974
f 8976 8977 8974
f 8976 8978 8977
f 8978 8979 8977
f 8979 8980 8977
f 8979 8981 8980
f 8978 8982 8979
f 8978 8983 8982
f 8983 8984 8982
f 8984 8985 8982
f 8984 8986 8985
f 8986 8987 8985
f 8986 8988 8987
f 8988 8989 8987
f 8989 8990 8987
f 8990 8991 8987
f 8991 8992 8987
f 8991 7648 8992
f 7648 8993 8992
f 8991 8994 7648
f 8994 7649 7648
f 8994 8995 7649
f 8995 7651 7649
f 8995 8996 7651
f 8996 8997 7651
f 8997 7652 7651
f 8997 7657 7652
f 7657 7654 7652
f 8997 8998 7657
f 8998 7658 7657
f 8998 8999 7658
f 8999 7659 7658
f 8999 9000 7659
f 9000 9001 7659
f 9001 7660 7659
f 9001 7661 7660
f 9001 9002 7661
f 9002 9003 7661
f 9003 7662 7661
f 9003 7663 7662
f 9003 9004 7663
f 9004 9005 7663
f 9005 7664 7663
f 9005 7667 7664
f 7667 7665 7664
f 9005 9006 7667
f 9006 9007 7667
f 9007 7668 7667
f 9007 9008 7668
f 9008 9009 7668
f 9009 7669 7668
f 9455 9456 8193
f 9456 8194 8193
f 9456 9457 8194
f 9457 8195 8194
f 9457 9458 8195
f 9458 8196 8195
f 9458 8197 8196
f 9458 9459 8197
f 9459 9460 8197
f 9460 9461 8197
f 9461 8198 8197
f 9461 8199 8198
f 9461 9462 8199
f 9462 9463 8199
f 9463 8200 8199
f 9463 8201 8200
f 9463 9464 8201
f 9464 9465 8201
f 9465 8202 8201
f 9465 8203 8202
f 9465 9466 8203
f 9466 9467 8203
f 9467 8204 8203
f 9467 8205 8204
f 9467 9468 8205
f 9468 8206 8205
f 9468 9469 8206
f 9469 9470 8206
f 9470 8207 8206
f 9470 9471 8207
f 9471 8208 8207
f 9471 9472 8208
f 9472 8209 8208
f 9472 8210 8209
f 9472 9473 8210
f 9473 9474 8210
f 9474 8211 8210
f 9474 8212 8211
f 9474 9475 8212
f 9475 9476 8212
f 9476 8213 8212
f 9476 9477 8213
f 9477 8214 8213
f 9477 8215 8214
f 9477 9478 8215
f 9478 9479 8215
f 9479 8216 8215
f 9479 9480 8216
f 9480 9481 8216
f 9481 8217 8216
f 9481 8218 8217
f 9481 9482 8218
f 9482 8219 8218
f 9482 9483 8219
f 9483 9484 8219
f 9484 8220 8219
f 9484 9485 8220
f 9485 8221 8220
f 9485 9486 8221
f 9486 8222 8221
f 9486 9487 8222
f 9487 8223 8222
f 9487 8224 8223
f 9487 9488 8224
f 9488 9489 8224
f 9489 8225 8224
f 9489 8226 8225
f 9489 9490 8226
f 9490 9491 8226
f 9491 8228 8226
f 8228 8227 8226
f 9491 9492 8228
f 9492 8229 8228
f 9492 8230 8229
f 9492 9493 8230
f 9493 8231 8230
f 9493 9494 8231
f 9494 8232 8231
f 9494 9495 8232
f 9495 9496 8232
f 9496 8233 8232
f 9496 8234 8233
f 9496 9497 8234
f 9497 9498 8234
f 9498 9499 8234
f 9499 8235 8234
f 9499 8236 8235
f 9499 9498 8236
f 9498 9500 8236
f 9500 9501 8236
f 9501 8237 8236
f 9501 9502 8237
f 9502 8238 8237
f 9502 9503 8238
f 9503 8239 8238
f 9503 9504 8239
f 9504 8240 8239
f 9504 8241 8240
f 9504 9505 8241
f 9505 8242 8241
f 9505 9506 8242
f 9506 8243 8242
f 9506 9507 8243
f 9507 8244 8243
f 9507 9508 8244
f 9508 8245 8244
f 9508 9509 8245
f 9509 8246 8245
f 9509 9510 8246
f 9510 9511 8246
f 9511 8247 8246
f 9511 9512 8247
f 9512 9513 8247
f 9513 8248 8247
f 9513 8249 8248
f 9513 9514 8249
f 9514 8251 8249
f 8251 8250 8249
f 9514 8252 8251
f 9514 9515 8252
f 9515 8253 8252
f 9515 9516 8253
f 9516 8254 8253
f 9516 9517 8254
f 9517 8255 8254
f 9517 9518 8255
f 9518 9519 8255
f 9519 8256 8255
f 9519 9520 8256
f 9520 8257 8256
f 9520 9521 8257
f 9521 8258 8257
f 9521 9522 8258
f 9522 8259 8258
f 9522 9523 8259
f 9523 8260 8259
f 9523 9524 8260
f 9524 8261 8260
f 9524 8262 8261
f 9524 9525 8262
f 9525 8263 8262
f 9525 9526 8263
f 9526 9527 8263
f 9527 8264 8263
f 9527 8265 8264
f 9527 9528 8265
f 9528 8266 8265
f 9528 9529 8266
f 9529 9530 8266
f 9530 8267 8266
f 9530 8268 8267
f 9530 9531 8268
f 9531 8269 8268
f 9531 9532 8269
f 9532 8270 8269
f 9532 8789 8270
f 9532 9533 8789
f 9533 8790 8789
f 9533 9534 8790
f 9534 8791 8790
f 9534 8793 8791
f 9534 9535 8793
f 9535 8800 8793
f 8800 8794 8793
f 9535 9536 8800
f 9536 8801 8800
f 9536 8802 8801
f 9536 9537 8802
f 9537 9538 8802
f 9538 8803 8802
f 9538 9539 8803
f 9539 8806 8803
f 8806 8804 8803
f 9539 9540 8806
f 9540 8807 8806
f 9540 9541 8807
f 9541 9542 8807
f 9542 8808 8807
f 9542 9543 8808
f 9543 8810 8808
f 8810 8809 8808
f 9543 8811 8810
f 9543 9544 8811
f 9544 9545 8811
f 9545 8812 8811
f 9545 8813 8812
f 9545 9546 8813
f 9546 8814 8813
f 9546 9547 8814
f 9547 8815 8814
f 9547 9548 8815
f 9548 9549 8815
f 9549 8816 8815
f 9549 9550 8816
f 9550 8817 8816
f 9550 9551 8817
f 9551 8818 8817
f 9551 9552 8818
f 9552 9553 8818
f 9553 8819 8818
f 9553 9554 8819
f 9554 9555 8819
f 9555 8820 8819
f 9555 8821 8820
f 9555 9556 8821
f 9556 8822 8821
f 9556 9557 8822
f 9557 8823 8822
f 9557 9558 8823
f 9558 9559 8823
f 9559 8824 8823
f 9559 9560 8824
f 9560 8825 8824
f 9560 9561 8825
f 9561 8826 8825
f 9561 8828 8826
f 8828 8827 8826
f 9561 9562 8828
f 9562 9563 8828
f 9563 8829 8828
f 9563 9564 8829
f 9564 9565 8829
f 9565 8830 8829
f 9565 9566 8830
f 9566 9567 8830
f 9567 8831 8830
f 9567 9568 8831
f 9568 8832 8831
f 9568 8833 8832
f 9568 9569 8833
f 9569 9570 8833
f 9570 8834 8833
f 9570 8835 8834
f 9570 8836 8835
f 9570 9571 8836
f 9571 8838 8836
f 8838 8837 8836
f 9571 8839 8838
f 9571 9572 8839
f 9572 8840 8839
f 9572 9573 8840
f 9573 8841 8840
f 9573 8842 8841
f 9573 9574 8842
f 9574 8843 8842
f 9574 9575 8843
f 9575 9576 8843
f 9576 8844 8843
f 9576 9577 8844
f 9577 8845 8844
f 9577 8846 8845
f 9577 9578 8846
f 9578 9579 8846
f 9579 8847 8846
f 9579 9580 8847
f 9580 8848 8847
f 9580 9581 8848
f 9581 9582 8848
f 9582 8849 8848
f 9582 9583 8849
f 9583 8850 8849
f 9583 9584 8850
f 9584 8851 8850
f 9584 9585 8851
f 9585 8852 8851
f 9585 9586 8852
f 9586 8853 8852
f 9586 8854 8853
f 9586 9587 8854
f 9587 8908 8854
f 8908 8855 8854
f 9587 8909 8908
f 9587 9588 8909
f 9588 8910 8909
f 9588 9589 8910
f 9589 8911 8910
f 9589 8912 8911
f 9589 9590 8912
f 9590 8913 8912
f 9590 9591 8913
f 9591 8914 8913
f 9591 9592 8914
f 9592 8915 8914
f 9592 9593 8915
f 9593 9594 8915
f 9594 8916 8915
f 9594 8917 8916
f 9594 9595 8917
f 9595 9596 8917
f 9596 8918 8917
f 9596 8919 8918
f 9596 9597 8919
f 9597 9598 8919
f 9598 8920 8919
f 9598 9599 8920
f 9599 8921 8920
f 9599 8922 8921
f 9599 9600 8922
f 9600 9601 8922
f 9601 8923 8922
f 9601 9602 8923
f 9602 8924 8923
f 9602 9603 8924
f 9603 8925 8924
f 9603 9604 8925
f 9604 8926 8925
f 9604 9605 8926
f 9605 8927 8926
f 9605 9606 8927
f 9606 8928 8927
f 9606 9607 8928
f 9607 8929 8928
f 9607 9608 8929
f 9608 9609 8929
f 9609 8930 8929
f 9609 9610 8930
f 9610 8931 8930
f 9610 9611 8931
f 9611 8932 8931
f 9611 8933 8932
f 9611 9612 8933
f 9612 9613 8933
f 9613 8934 8933
f 9613 9614 8934
f 9614 8935 8934
f 9614 9615 8935
f 9615 9616 8935
f 9616 8937 8935
f 8937 8936 8935
f 9616 9617 8937
f 9617 9618 8937
f 9618 8938 8937
f 9618 8939 8938
f 9618 9619 8939
f 9619 8940 8939
f 9619 9620 8940
f 9620 9621 8940
f 9621 8941 8940
f 9621 8942 8941
f 9621 9622 8942
f 9622 9623 8942
f 9623 8943 8942
f 9623 9624 8943
f 9624 8944 8943
f 9624 9625 8944
f 9625 8945 8944
f 9625 9626 8945
f 9626 9627 8945
f 9627 8946 8945
f 9627 8947 8946
f 9627 9628 8947
f 9628 8948 8947
f 9628 9629 8948
f 9629 8949 8948
f 9629 9630 8949
f 9630 8950 8949
f 9630 9631 8950
f 9631 8951 8950
f 9631 8952 8951
f 9631 8953 8952
f 9631 9632 8953
f 9632 8954 8953
f 9632 8955 8954
f 9632 9633 8955
f 9633 8956 8955
f 9633 9634 8956
f 9634 9635 8956
f 9635 9636 8956
f 9636 8957 8956
f 9636 9637 8957
f 9637 8958 8957
f 9637 9638 8958
f 9638 8959 8958
f 9638 9639 8959
f 9639 8960 8959
f 9639 8961 8960
f 9639 9640 8961
f 9640 8962 8961
f 9640 8963 8962
f 9640 9641 8963
f 9641 9642 8963
f 9642 9643 8963
f 9643 8964 8963
f 9643 9644 8964
f 9644 8965 8964
f 9644 8968 8965
f 8968 8966 8965
f 9644 8969 8968
f 9644 9645 8969
f 9645 8971 8969
f 9645 9646 8971
f 9646 9647 8971
f 9647 8972 8971
f 9647 9648 8972
f 9648 9649 8972
f 9649 8973 8972
f 9649 9650 8973
f 9650 8975 8973
f 9650 9651 8975
f 9651 9652 8975
f 9652 9653 8975
f 9653 8976 8975
f 9653 8978 8976
f 9653 9654 8978
f 9654 8983 8978
f 9654 9655 8983
f 9655 9656 8983
f 9656 8984 8983
f 9656 8986 8984
f 9656 9657 8986
f 9657 9658 8986
f 9658 8988 8986
f 9658 9659 8988
f 9659 8989 8988
f 9659 9660 8989
f 9660 8990 8989
f 9660 9661 8990
f 9661 9662 8990
f 9662 9663 8990
f 9663 9664 8990
f 9664 8991 8990
f 9664 8994 8991
f 9664 9665 8994
f 9665 8995 8994
f 9665 9666 8995
f 9666 9667 8995
f 9667 8996 8995
f 9667 9668 8996
f 9668 9669 8996
f 9669 8997 8996
f 9669 8998 8997
f 9669 9670 8998
f 9670 8999 8998
f 9670 9671 8999
f 9671 9000 8999
f 9671 9672 9000
f 9672 9673 9000
f 9673 9001 9000
f 9673 9002 9001
f 9673 9674 9002
f 9674 9675 9002
f 9675 9676 9002
f 9676 9003 9002
f 9676 9004 9003
f 9676 9677 9004
f 9677 9006 9004
f 9006 9005 9004
f 9677 9678 9006
f 9678 9007 9006
f 9678 9679 9007
f 9679 9008 9007
f 9679 9680 9008
f 10096 10097 9455
f 10097 9456 9455
f 10097 10098 9456
f 10098 9457 9456
f 10098 10099 9457
f 10099 9458 9457
f 10099 9459 9458
f 10099 10100 9459
f 10100 9460 9459
f 10100 10101 9460
f 10101 10102 9460
f 10102 9461 9460
f 10102 9462 9461
f 10102 10103 9462
f 10103 10104 9462
f 10104 9463 9462
f 10104 9464 9463
f 10104 10105 9464
f 10105 10106 9464
f 10106 9465 9464
f 10106 9466 9465
f 10106 10107 9466
f 10107 10108 9466
f 10108 9467 9466
f 10108 9468 9467
f 10108 10109 9468
f 10109 9469 9468
f 10109 10110 9469
f 10110 10111 9469
f 10111 9470 9469
f 10111 10112 9470
f 10112 9471 9470
f 10112 10113 9471
f 10113 9472 9471
f 10113 9473 9472
f 10113 10114 9473
f 10114 10115 9473
f 10115 9474 9473
f 10115 9475 9474
f 10115 10116 9475
f 10116 10117 9475
f 10117 10118 9475
f 10118 9476 9475
f 10118 9477 9476
f 10118 9478 9477
f 10118 10119 9478
f 10119 9479 9478
f 10119 9480 9479
f 10119 10120 9480
f 10120 10121 9480
f 10121 9481 9480
f 10121 9482 9481
f 10121 10122 9482
f 10122 9483 9482
f 10122 10123 9483
f 10123 10124 9483
f 10124 9484 9483
f 10124 10125 9484
f 10125 9485 9484
f 10125 10126 9485
f 10126 9486 9485
f 10126 10127 9486
f 10127 9487 9486
f 10127 9488 9487
f 10127 10128 9488
f 10128 10129 9488
f 10129 10130 9488
f 10130 9489 9488
f 10130 9490 9489
f 10130 10131 9490
f 10131 10132 9490
f 10132 9491 9490
f 10132 10133 9491
f 10133 9492 9491
f 10133 9493 9492
f 10133 10134 9493
f 10134 9494 9493
f 10134 10135 9494
f 10135 9495 9494
f 10135 10136 9495
f 10136 10137 9495
f 10137 10138 9495
f 10138 9496 9495
f 10138 9497 9496
f 10138 10139 9497
f 10139 9498 9497
f 10139 10140 9498
f 10140 9500 9498
f 10140 10141 9500
f 10141 9501 9500
f 10141 10142 9501
f 10142 9502 9501
f 10142 10143 9502
f 10143 9503 9502
f 10143 10144 9503
f 10144 9504 9503
f 10144 10145 9504
f 10145 9505 9504
f 10145 10146 9505
f 10146 9506 9505
f 10146 10147 9506
f 10147 9507 9506
f 10147 10148 9507
f 10148 9508 9507
f 10148 10149 9508
f 10149 9509 9508
f 10149 10150 9509
f 10150 9510 9509
f 10150 10151 9510
f 10151 10152 9510
f 10152 9511 9510
f 10152 10153 9511
f 10153 9512 9511
f 10153 10154 9512
f 10154 10155 9512
f 10155 9513 9512
f 10155 9514 9513
f 10155 9515 9514
f 10155 10156 9515
f 10156 9516 9515
f 10156 10157 9516
f 10157 9517 9516
f 10157 10158 9517
f 10158 9518 9517
f 10158 10159 9518
f 10159 10160 9518
f 10160 9519 9518
f 10160 10161 9519
f 10161 9520 9519
f 10161 10162 9520
f 10162 9521 9520
f 10162 10163 9521
f 10163 9522 9521
f 10163 10164 9522
f 10164 9523 9522
f 10164 10165 9523
f 10165 9524 9523
f 10165 10166 9524
f 10166 9525 9524
f 10166 9526 9525
f 10166 10167 9526
f 10167 10168 9526
f 10168 9527 9526
f 10168 9528 9527
f 10168 10169 9528
f 10169 9529 9528
f 10169 10170 9529
f 10170 10171 9529
f 10171 9530 9529
f 10171 10172 9530
f 10172 9531 9530
f 10172 10173 9531
f 10173 10174 9531
f 10174 9532 9531
f 10174 9533 9532
f 10174 10175 9533
f 10175 9534 9533
f 10175 9535 9534
f 10175 10176 9535
f 10176 9536 9535
f 10176 9537 9536
f 10176 10177 9537
f 10177 10178 9537
f 10178 9538 9537
f 10178 10179 9538
f 10179 9539 9538
f 10179 10180 9539
f 10180 9540 9539
f 10180 10181 9540
f 10181 9541 9540
f 10181 10182 9541
f 10182 10183 9541
f 10183 9542 9541
f 10183 10184 9542
f 10184 9543 9542
f 10184 9544 9543
f 10184 10185 9544
f 10185 10186 9544
f 10186 9545 9544
f 10186 10187 9545
f 10187 9546 9545
f 10187 10188 9546
f 10188 9547 9546
f 10188 10189 9547
f 10189 9548 9547
f 10189 10190 9548
f 10190 10191 9548
f 10191 9549 9548
f 10191 10192 9549
f 10192 9550 9549
f 10192 10193 9550
f 10193 9551 9550
f 10193 10194 9551
f 10194 9552 9551
f 10194 9553 9552
f 10194 10195 9553
f 10195 9554 9553
f 10195 10196 9554
f 10196 10197 9554
f 10197 9555 9554
f 10197 9556 9555
f 10197 10198 9556
f 10198 9557 9556
f 10198 10199 9557
f 10199 9558 9557
f 10199 10200 9558
f 10200 10201 9558
f 10201 9559 9558
f 10201 10202 9559
f 10202 9560 9559
f 10202 9562 9560
f 9562 9561 9560
f 10202 10203 9562
f 10203 9563 9562
f 10203 10204 9563
f 10204 9564 9563
f 10204 10205 9564
f 10205 10206 9564
f 10206 9565 9564
f 10206 9566 9565
f 10206 10207 9566
f 10206 10205 10207
f 10205 10208 10207
f 10205 10209 10208
f 10209 10210 10208
f 10209 10210 10211
f 10210 10212 10211
f 10212 10213 10211
f 10213 9568 10211
f 9568 9567 10211
f 9567 9566 10211
f 10213 9569 9568
f 10213 10214 9569
f 10214 10215 9569
f 10215 9570 9569
f 10215 9571 9570
f 10215 9572 9571
f 10215 10216 9572
f 10216 9573 9572
f 10216 9574 9573
f 10216 10217 9574
f 10217 10218 9574
f 10218 9575 9574
f 10218 9576 9575
f 10218 10219 9576
f 10219 9578 9576
f 9578 9577 9576
f 10219 10220 9578
f 10220 10221 9578
f 10221 9579 9578
f 10221 10222 9579
f 10222 9580 9579
f 10222 9581 9580
f 10222 10223 9581
f 10223 10224 9581
f 10224 9582 9581
f 10224 10225 9582
f 10225 9583 9582
f 10225 10226 9583
f 10226 9584 9583
f 10226 10227 9584
f 10227 9585 9584
f 10227 10228 9585
f 10228 9586 9585
f 10228 9587 9586
f 10228 9588 9587
f 10228 10229 9588
f 10229 9589 9588
f 10229 9590 9589
f 10229 10230 9590
f 10230 9591 9590
f 10230 10231 9591
f 10231 9592 9591
f 10231 10232 9592
f 10232 9593 9592
f 10232 10233 9593
f 10233 10234 9593
f 10234 9594 9593
f 10234 9595 9594
f 10234 10235 9595
f 10235 10236 9595
f 10236 9596 9595
f 10236 9597 9596
f 10236 10237 9597
f 10237 10238 9597
f 10238 9598 9597
f 10238 10239 9598
f 10239 9599 9598
f 10239 9600 9599
f 10239 10240 9600
f 10240 10241 9600
f 10241 10242 9600
f 10242 9601 9600
f 10242 9602 9601
f 10242 10243 9602
f 10243 9603 9602
f 10243 10244 9603
f 10244 9604 9603
f 10244 10245 9604
f 10245 9605 9604
f 10245 10246 9605
f 10246 9606 9605
f 10246 10247 9606
f 10247 9607 9606
f 10247 10248 9607
f 10248 9608 9607
f 10248 10249 9608
f 10249 10250 9608
f 10250 10251 9608
f 10251 9609 9608
f 10251 10252 9609
f 10252 9610 9609
f 10252 10253 9610
f 10253 9611 9610
f 10253 9612 9611
f 10253 10254 9612
f 10254 10255 9612
f 10255 9613 9612
f 10255 10256 9613
f 10256 9614 9613
f 10256 9615 9614
f 10256 10257 9615
f 10257 10258 9615
f 10258 10259 9615
f 10259 9616 9615
f 10259 9617 9616
f 10259 10260 9617
f 10260 10261 9617
f 10261 9618 9617
f 10261 9619 9618
f 10261 10262 9619
f 10262 9620 9619
f 10262 10263 9620
f 10263 10264 9620
f 10264 9621 9620
f 10264 9622 9621
f 10264 10265 9622
f 10265 10266 9622
f 10266 10267 9622
f 10267 9623 9622
f 10267 9624 9623
f 10267 10268 9624
f 10268 9625 9624
f 10268 10269 9625
f 10269 10270 9625
f 10270 10271 9625
f 10271 9626 9625
f 10271 9627 9626
f 10271 10272 9627
f 10272 9628 9627
f 10272 10273 9628
f 10273 9629 9628
f 10273 10274 9629
f 10274 9630 9629
f 10274 9632 9630
f 9632 9631 9630
f 10274 9633 9632
f 10274 10275 9633
f 10275 9634 9633
f 10275 10276 9634
f 10276 9635 9634
f 10276 10277 9635
f 10277 10278 9635
f 10278 9636 9635
f 10278 10279 9636
f 10279 9637 9636
f 10279 10280 9637
f 10280 9638 9637
f 10280 10281 9638
f 10281 9639 9638
f 10281 9640 9639
f 10281 10282 9640
f 10282 9641 9640
f 10282 9642 9641
f 10282 10283 9642
f 10283 10284 9642
f 10284 9646 9642
f 9646 9645 9642
f 9645 9643 9642
f 9645 9644 9643
f 10284 10285 9646
f 10285 9647 9646
f 10285 9648 9647
f 10285 10286 9648
f 10286 10287 9648
f 10287 10288 9648
f 10288 9649 9648
f 10288 10289 9649
f 10289 10290 9649
f 10290 10291 9649
f 10290 10292 10291
f 10292 9651 10291
f 10292 9652 9651
f 10292 10293 9652
f 10293 10294 9652
f 10294 10295 9652
f 10295 10296 9652
f 10296 9653 9652
f 10296 10297 9653
f 10297 10298 9653
f 10298 9654 9653
f 10298 9655 9654
f 10298 10299 9655
f 10299 9656 9655
f 10299 10300 9656
f 10300 9657 9656
f 10300 10301 9657
f 10301 10302 9657
f 10302 9658 9657
f 10302 10303 9658
f 10303 9659 9658
f 10303 10304 9659
f 10304 9660 9659
f 10304 10305 9660
f 10305 10306 9660
f 10306 9661 9660
f 10306 10307 9661
f 10307 10308 9661
f 10308 10309 9661
f 10309 9662 9661
f 10309 9663 9662
f 10309 10310 9663
f 10310 9666 9663
f 9666 9665 9663
f 9665 9664 9663
f 10310 10311 9666
f 10311 9667 9666
f 10311 9668 9667
f 10311 10312 9668
f 10312 10313 9668
f 10313 9669 9668
f 10313 9670 9669
f 10313 10314 9670
f 10314 9671 9670
f 10314 10315 9671
f 10315 9672 9671
f 10315 10316 9672
f 10316 9674 9672
f 9674 9673 9672
f 10316 10317 9674
f 10317 10318 9674
f 10318 9675 9674
f 10318 9676 9675
f 10318 10319 9676
f 10319 9677 9676
f 10319 9678 9677
f 10319 10320 9678
f 10320 10321 9678
f 10321 10322 9678
f 10322 9679 9678
f 10322 10323 9679
f 10323 10324 9679
f 10324 9680 9679
f 10688 10689 10096
f 10689 10097 10096
f 10689 10690 10097
f 10690 10098 10097
f 10690 10691 10098
f 10691 10692 10098
f 10692 10099 10098
f 10692 10100 10099
f 10692 10693 10100
f 10693 10101 10100
f 10693 10694 10101
f 10694 10695 10101
f 10695 10102 10101
f 10695 10103 10102
f 10695 10696 10103
f 10696 10697 10103
f 10697 10104 10103
f 10697 10105 10104
f 10697 10698 10105
f 10698 10699 10105
f 10699 10106 10105
f 10699 10107 10106
f 10699 10700 10107
f 10700 10701 10107
f 10701 10108 10107
f 10701 10109 10108
f 10701 10702 10109
f 10702 10110 10109
f 10702 10703 10110
f 10703 10704 10110
f 10704 10111 10110
f 10704 10705 10111
f 10705 10112 10111
f 10705 10706 10112
f 10706 10113 10112
f 10706 10114 10113
f 10706 10707 10114
f 10707 10708 10114
f 10708 10115 10114
f 10708 10116 10115
f 10708 10709 10116
f 10709 10710 10116
f 10710 10117 10116
f 10710 10711 10117
f 10711 10712 10117
f 10712 10118 10117
f 10712 10119 10118
f 10712 10713 10119
f 10713 10120 10119
f 10713 10714 10120
f 10714 10121 10120
f 10714 10122 10121
f 10714 10715 10122
f 10715 10123 10122
f 10715 10716 10123
f 10716 10717 10123
f 10717 10124 10123
f 10717 10718 10124
f 10718 10719 10124
f 10719 10125 10124
f 10719 10126 10125
f 10719 10720 10126
f 10720 10127 10126
f 10720 10128 10127
f 10720 10721 10128
f 10721 10129 10128
f 10721 10722 10129
f 10722 10723 10129
f 10723 10131 10129
f 10131 10130 10129
f 10723 10724 10131
f 10724 10132 10131
f 10724 10725 10132
f 10725 10133 10132
f 10725 10134 10133
f 10725 10726 10134
f 10726 10135 10134
f 10726 10727 10135
f 10727 10136 10135
f 10727 10728 10136
f 10728 10137 10136
f 10728 10729 10137
f 10729 10730 10137
f 10730 10138 10137
f 10730 10139 10138
f 10730 10140 10139
f 10730 10731 10140
f 10731 10141 10140
f 10731 10732 10141
f 10732 10142 10141
f 10732 10733 10142
f 10733 10143 10142
f 10733 10734 10143
f 10734 10144 10143
f 10734 10735 10144
f 10735 10145 10144
f 10735 10736 10145
f 10736 10146 10145
f 10736 10737 10146
f 10737 10147 10146
f 10737 10738 10147
f 10738 10739 10147
f 10739 10740 10147
f 10740 10148 10147
f 10740 10149 10148
f 10740 10741 10149
f 10741 10742 10149
f 10742 10150 10149
f 10742 10151 10150
f 10742 10743 10151
f 10743 10744 10151
f 10744 10152 10151
f 10744 10745 10152
f 10745 10746 10152
f 10746 10153 10152
f 10746 10747 10153
f 10747 10748 10153
f 10748 10154 10153
f 10748 10749 10154
f 10749 10156 10154
f 10156 10155 10154
f 10749 10157 10156
f 10749 10750 10157
f 10750 10158 10157
f 10750 10751 10158
f 10751 10159 10158
f 10751 10752 10159
f 10752 10753 10159
f 10753 10160 10159
f 10753 10754 10160
f 10754 10161 10160
f 10754 10755 10161
f 10755 10162 10161
f 10755 10756 10162
f 10756 10757 10162
f 10757 10163 10162
f 10757 10164 10163
f 10757 10758 10164
f 10758 10165 10164
f 10758 10759 10165
f 10759 10166 10165
f 10759 10167 10166
f 10759 10760 10167
f 10760 10761 10167
f 10761 10168 10167
f 10761 10169 10168
f 10761 10762 10169
f 10762 10170 10169
f 10762 10763 10170
f 10763 10764 10170
f 10764 10171 10170
f 10764 10765 10171
f 10765 10766 10171
f 10766 10173 10171
f 10173 10172 10171
f 10766 10177 10173
f 10177 10176 10173
f 10176 10175 10173
f 10175 10174 10173
f 10766 10178 10177
f 10766 10765 10178
f 10765 10767 10178
f 10767 10768 10178
f 10768 10179 10178
f 10768 10769 10179
f 10769 10180 10179
f 10769 10770 10180
f 10770 10181 10180
f 10770 10771 10181
f 10771 10182 10181
f 10771 10772 10182
f 10772 10183 10182
f 10772 10773 10183
f 10773 10184 10183
f 10773 10185 10184
f 10773 10774 10185
f 10774 10775 10185
f 10775 10186 10185
f 10775 10776 10186
f 10776 10187 10186
f 10776 10188 10187
f 10776 10777 10188
f 10777 10189 10188
f 10777 10778 10189
f 10778 10190 10189
f 10778 10779 10190
f 10779 10780 10190
f 10780 10191 10190
f 10780 10781 10191
f 10781 10192 10191
f 10781 10250 10192
f 10250 10193 10192
f 10250 10249 10193
f 10249 10194 10193
f 10249 10248 10194
f 10248 10195 10194
f 10248 10247 10195
f 10247 10196 10195
f 10247 10246 10196
f 10246 10782 10196
f 10782 10197 10196
f 10782 10783 10197
f 10783 10198 10197
f 10783 10784 10198
f 10784 10199 10198
f 10784 10785 10199
f 10785 10200 10199
f 10785 10786 10200
f 10786 10787 10200
f 10787 10201 10200
f 10787 10788 10201
f 10788 10202 10201
f 10788 10203 10202
f 10788 10789 10203
f 10789 10204 10203
f 10789 10790 10204
f 10790 10209 10204
f 10209 10205 10204
f 10790 10791 10209
f 10791 10792 10209
f 10791 10793 10792
f 10793 10794 10792
f 10794 10795 10792
f 10795 10210 10792
f 10795 10796 10210
f 10796 10212 10210
f 10796 10797 10212
f 10797 10798 10212
f 10798 10214 10212
f 10214 10213 10212
f 10798 10217 10214
f 10217 10216 10214
f 10216 10215 10214
f 10798 10797 10217
f 10797 10218 10217
f 10797 10219 10218
f 10797 10799 10219
f 10799 10800 10219
f 10800 10220 10219
f 10800 10801 10220
f 10801 10221 10220
f 10801 10802 10221
f 10802 10222 10221
f 10802 10223 10222
f 10802 10803 10223
f 10803 10233 10223
f 10233 10224 10223
f 10233 10232 10224
f 10232 10225 10224
f 10232 10231 10225
f 10231 10226 10225
f 10231 10230 10226
f 10230 10227 10226
f 10230 10228 10227
f 10230 10229 10228
f 10803 10234 10233
f 10803 10235 10234
f 10803 10804 10235
f 10804 10805 10235
f 10805 10236 10235
f 10805 10237 10236
f 10805 10806 10237
f 10806 10807 10237
f 10807 10238 10237
f 10807 10808 10238
f 10808 10239 10238
f 10808 10240 10239
f 10808 10809 10240
f 10809 10810 10240
f 10810 10241 10240
f 10810 10786 10241
f 10786 10242 10241
f 10786 10785 10242
f 10785 10243 10242
f 10785 10784 10243
f 10784 10244 10243
f 10784 10783 10244
f 10783 10245 10244
f 10783 10782 10245
f 10782 10246 10245
f 10810 10787 10786
f 10810 10811 10787
f 10811 10789 10787
f 10789 10788 10787
f 10811 10812 10789
f 10812 10790 10789
f 10812 10791 10790
f 10812 10793 10791
f 10812 10809 10793
f 10809 10808 10793
f 10808 10807 10793
f 10807 10794 10793
f 10807 10806 10794
f 10806 10813 10794
f 10813 10795 10794
f 10813 10799 10795
f 10799 10796 10795
f 10799 10797 10796
f 10813 10800 10799
f 10813 10814 10800
f 10814 10801 10800
f 10814 10804 10801
f 10804 10802 10801
f 10804 10803 10802
f 10814 10805 10804
f 10814 10806 10805
f 10814 10813 10806
f 10812 10811 10809
f 10811 10810 10809
f 10781 10251 10250
f 10781 10815 10251
f 10815 10252 10251
f 10815 10816 10252
f 10816 10253 10252
f 10816 10254 10253
f 10816 10817 10254
f 10817 10818 10254
f 10818 10255 10254
f 10818 10819 10255
f 10819 10256 10255
f 10819 10257 10256
f 10819 10820 10257
f 10820 10821 10257
f 10821 10258 10257
f 10821 10822 10258
f 10822 10823 10258
f 10823 10824 10258
f 10824 10259 10258
f 10824 10260 10259
f 10824 10825 10260
f 10825 10826 10260
f 10826 10261 10260
f 10826 10262 10261
f 10826 10827 10262
f 10827 10263 10262
f 10827 10828 10263
f 10828 10829 10263
f 10829 10264 10263
f 10829 10265 10264
f 10829 10830 10265
f 10830 10831 10265
f 10831 10266 10265
f 10831 10832 10266
f 10832 10267 10266
f 10832 10833 10267
f 10833 10268 10267
f 10833 10269 10268
f 10833 10834 10269
f 10834 10835 10269
f 10835 10270 10269
f 10835 10836 10270
f 10836 10837 10270
f 10837 10271 10270
f 10837 10272 10271
f 10837 10838 10272
f 10838 10273 10272
f 10838 10275 10273
f 10275 10274 10273
f 10838 10276 10275
f 10838 10839 10276
f 10839 10277 10276
f 10839 10840 10277
f 10840 10841 10277
f 10841 10278 10277
f 10841 10842 10278
f 10842 10279 10278
f 10842 10843 10279
f 10843 10280 10279
f 10843 10844 10280
f 10844 10281 10280
f 10844 10845 10281
f 10845 10282 10281
f 10845 10283 10282
f 10845 10846 10283
f 10846 10284 10283
f 10846 10847 10284
f 10847 10285 10284
f 10847 10848 10285
f 10848 10286 10285
f 10848 10849 10286
f 10849 10287 10286
f 10849 10850 10287
f 10850 10851 10287
f 10851 10289 10287
f 10289 10288 10287
f 10851 10852 10289
f 10852 10290 10289
f 10852 10853 10290
f 10853 10854 10290
f 10854 10293 10290
f 10293 9651 10290
f 10293 10855 9651
f 10855 10856 9651
f 10293 10854 10855
f 10854 10857 10855
f 10857 10858 10855
f 10858 10294 10855
f 10857 10859 10858
f 10859 10860 10858
f 10860 10861 10858
f 10861 10862 10858
f 10862 10863 10858
f 10863 10864 10858
f 10863 10294 10864
f 10863 10865 10294
f 10865 10295 10294
f 10865 10296 10295
f 10865 10297 10296
f 10865 10866 10297
f 10866 10867 10297
f 10867 10298 10297
f 10867 10299 10298
f 10867 10868 10299
f 10868 10300 10299
f 10868 10869 10300
f 10869 10301 10300
f 10869 10870 10301
f 10870 10871 10301
f 10871 10302 10301
f 10871 10872 10302
f 10872 10303 10302
f 10872 10873 10303
f 10873 10304 10303
f 10873 10874 10304
f 10874 10305 10304
f 10874 10875 10305
f 10875 10307 10305
f 10307 10306 10305
f 10875 10876 10307
f 10876 10877 10307
f 10877 10878 10307
f 10878 10309 10307
f 10309 10308 10307
f 10878 10310 10309
f 10878 10879 10310
f 10879 10311 10310
f 10879 10312 10311
f 10879 10880 10312
f 10880 10881 10312
f 10881 10313 10312
f 10881 10314 10313
f 10881 10882 10314
f 10882 10315 10314
f 10882 10883 10315
f 10883 10316 10315
f 10883 10884 10316
f 10884 10317 10316
f 10884 10885 10317
f 10885 10886 10317
f 10886 10318 10317
f 10886 10887 10318
f 10887 10321 10318
f 10321 10320 10318
f 10320 10319 10318
f 10887 10888 10321
f 10888 10889 10321
f 10889 10322 10321
f 10889 10323 10322
f 10889 10890 10323
f 10890 10891 10323
f 10891 10324 10323
f 10891 10325 10324
f 11217 10689 10688
f 11217 11218 10689
f 11218 11219 10689
f 11219 10691 10689
f 10691 10690 10689
f 11219 11220 10691
f 11220 11221 10691
f 11221 10692 10691
f 11221 10693 10692
f 11221 10694 10693
f 11221 11222 10694
f 11222 11223 10694
f 11223 10695 10694
f 11223 10696 10695
f 11223 11224 10696
f 11224 11225 10696
f 11225 10697 10696
f 11225 10698 10697
f 11225 11226 10698
f 11226 11227 10698
f 11227 10699 10698
f 11227 10700 10699
f 11227 11228 10700
f 11228 11229 10700
f 11229 10701 10700
f 11229 10702 10701
f 11229 11230 10702
f 11230 10703 10702
f 11230 11231 10703
f 11231 11232 10703
f 11232 10704 10703
f 11232 11233 10704
f 11233 10705 10704
f 11233 11234 10705
f 11234 10706 10705
f 11234 10707 10706
f 11234 11235 10707
f 11235 11236 10707
f 11236 10708 10707
f 11236 10709 10708
f 11236 11237 10709
f 11237 11238 10709
f 11238 10710 10709
f 11238 11239 10710
f 11239 10711 10710
f 11239 11240 10711
f 11240 10712 10711
f 11240 10713 10712
f 11240 11241 10713
f 11241 11242 10713
f 11242 10714 10713
f 11242 10715 10714
f 11242 11243 10715
f 11243 11244 10715
f 11244 10716 10715
f 11244 11245 10716
f 11245 11246 10716
f 11246 10717 10716
f 11246 11247 10717
f 11247 10718 10717
f 11247 11248 10718
f 11248 11249 10718
f 11249 10719 10718
f 11249 10720 10719
f 11249 10721 10720
f 11249 11250 10721
f 11250 10722 10721
f 11250 11251 10722
f 11251 11252 10722
f 11252 10723 10722
f 11252 11253 10723
f 11253 10724 10723
f 11253 11254 10724
f 11254 10725 10724
f 11254 10726 10725
f 11254 11255 10726
f 11255 11256 10726
f 11256 10727 10726
f 11256 10728 10727
f 11256 11257 10728
f 11257 10729 10728
f 11257 11258 10729
f 11258 11259 10729
f 11259 10730 10729
f 11259 10731 10730
f 11259 11260 10731
f 11260 10732 10731
f 11260 11261 10732
f 11261 10733 10732
f 11261 11262 10733
f 11262 10734 10733
f 11262 11263 10734
f 11263 10735 10734
f 11263 11264 10735
f 11264 10736 10735
f 11264 11265 10736
f 11265 10737 10736
f 11265 11266 10737
f 11266 10738 10737
f 11266 10739 10738
f 11266 11267 10739
f 11267 11268 10739
f 11268 11269 10739
f 11269 10740 10739
f 11269 10741 10740
f 11269 11270 10741
f 11270 10742 10741
f 11270 11271 10742
f 11271 10743 10742
f 11271 11272 10743
f 11272 11273 10743
f 11273 10744 10743
f 11273 10745 10744
f 11273 11274 10745
f 11274 11275 10745
f 11275 10747 10745
f 10747 10746 10745
f 11275 11276 10747
f 11276 11277 10747
f 11277 10748 10747
f 11277 10749 10748
f 11277 10750 10749
f 11277 11278 10750
f 11278 10751 10750
f 11278 11279 10751
f 11279 10752 10751
f 11279 11280 10752
f 11280 11281 10752
f 11281 10753 10752
f 11281 11282 10753
f 11282 10754 10753
f 11282 11283 10754
f 11283 10755 10754
f 11283 11284 10755
f 11284 10756 10755
f 11284 11285 10756
f 11285 10757 10756
f 11285 11286 10757
f 11286 10758 10757
f 11286 11287 10758
f 11287 10759 10758
f 11287 10760 10759
f 11287 11288 10760
f 11288 11289 10760
f 11289 10761 10760
f 11289 10762 10761
f 11289 11290 10762
f 11290 10763 10762
f 11290 11291 10763
f 11291 10767 10763
f 10767 10764 10763
f 10767 10765 10764
f 11291 11292 10767
f 11292 10768 10767
f 11292 10769 10768
f 11292 11293 10769
f 11293 10770 10769
f 11293 11294 10770
f 11294 10771 10770
f 11294 11295 10771
f 11295 11296 10771
f 11296 10772 10771
f 11296 11297 10772
f 11297 11298 10772
f 11298 10773 10772
f 11298 10774 10773
f 11298 11299 10774
f 11299 10775 10774
f 11299 11300 10775
f 11300 10776 10775
f 11300 10777 10776
f 11300 11301 10777
f 11301 11302 10777
f 11302 10778 10777
f 11302 11303 10778
f 11303 10779 10778
f 11303 11304 10779
f 11304 11305 10779
f 11305 10780 10779
f 11305 11306 10780
f 11306 10781 10780
f 11306 10815 10781
f 11306 10816 10815
f 11306 10817 10816
f 11306 11305 10817
f 11305 11307 10817
f 11307 10818 10817
f 11307 11308 10818
f 11308 10819 10818
f 11308 10820 10819
f 11308 11309 10820
f 11309 11310 10820
f 11310 10821 10820
f 11310 10822 10821
f 11310 11311 10822
f 11311 11312 10822
f 11312 11313 10822
f 11313 10823 10822
f 11313 10824 10823
f 11313 11314 10824
f 11314 10825 10824
f 11314 11315 10825
f 11315 11316 10825
f 11316 10826 10825
f 11316 10827 10826
f 11316 11317 10827
f 11317 10828 10827
f 11317 11318 10828
f 11318 11319 10828
f 11319 10829 10828
f 11319 10830 10829
f 11319 11320 10830
f 11320 11321 10830
f 11321 11322 10830
f 11322 10831 10830
f 11322 10832 10831
f 11322 11323 10832
f 11323 10833 10832
f 11323 10834 10833
f 11323 11324 10834
f 11324 11325 10834
f 11325 10835 10834
f 11325 11326 10835
f 11326 10836 10835
f 11326 10840 10836
f 10840 10839 10836
f 10839 10837 10836
f 10839 10838 10837
f 11326 11327 10840
f 11327 10841 10840
f 11327 11328 10841
f 11328 10842 10841
f 11328 11329 10842
f 11329 10843 10842
f 11329 11330 10843
f 11330 10844 10843
f 11330 10845 10844
f 11330 11331 10845
f 11331 10846 10845
f 11331 11332 10846
f 11332 10847 10846
f 11332 11333 10847
f 11333 10848 10847
f 11333 11334 10848
f 11334 10849 10848
f 11334 11335 10849
f 11335 10850 10849
f 11335 11336 10850
f 11336 11337 10850
f 11337 10851 10850
f 11337 11338 10851
f 11338 10852 10851
f 11338 11339 10852
f 11339 10853 10852
f 11339 11340 10853
f 11340 11341 10853
f 11341 10854 10853
f 11341 11342 10854
f 11342 10857 10854
f 11342 11343 10857
f 11343 10859 10857
f 11343 11344 10859
f 11343 11342 11344
f 11342 11345 11344
f 11345 11346 11344
f 11346 11347 11344
f 11347 11348 11344
f 11347 11349 11348
f 11349 11350 11348
f 11350 11351 11348
f 11351 11352 11348
f 11352 10859 11348
f 11352 10860 10859
f 11352 10861 10860
f 11352 11353 10861
f 11353 11354 10861
f 11354 11355 10861
f 11355 10862 10861
f 11355 11356 10862
f 11356 11357 10862
f 11357 10863 10862
f 11357 10866 10863
f 10866 10865 10863
f 11357 11356 10866
f 11356 11358 10866
f 11358 10867 10866
f 11358 10868 10867
f 11358 11359 10868
f 11359 10869 10868
f 11359 11360 10869
f 11360 10870 10869
f 11360 11361 10870
f 11361 11362 10870
f 11362 10871 10870
f 11362 11363 10871
f 11363 10872 10871
f 11363 11364 10872
f 11364 10873 10872
f 11364 11365 10873
f 11365 10874 10873
f 11365 11366 10874
f 11366 11367 10874
f 11367 11368 10874
f 11368 10875 10874
f 11368 11369 10875
f 11369 11370 10875
f 11370 10876 10875
f 11370 11371 10876
f 11371 10877 10876
f 11371 11372 10877
f 11372 11373 10877
f 11373 10878 10877
f 11373 10879 10878
f 11373 10880 10879
f 11373 11374 10880
f 11374 11375 10880
f 11375 10881 10880
f 11375 10882 10881
f 11375 11376 10882
f 11376 10883 10882
f 11376 11377 10883
f 11377 10884 10883
f 11377 11378 10884
f 11378 10885 10884
f 11378 11379 10885
f 11379 10886 10885
f 11379 10887 10886
f 11379 11380 10887
f 11380 10888 10887
f 11380 11381 10888
f 11381 11382 10888
f 11382 10889 10888
f 11382 10890 10889
f 11382 11383 10890
f 11383 11384 10890
f 11384 10891 10890
f 11384 10892 10891
f 11710 11218 11216
f 11218 11217 11216
f 11710 11711 11218
f 11711 11219 11218
f 11711 11220 11219
f 11711 11712 11220
f 11712 11713 11220
f 11713 11222 11220
f 11222 11221 11220
f 11713 11714 11222
f 11714 11223 11222
f 11714 11224 11223
f 11714 11715 11224
f 11715 11716 11224
f 11716 11225 11224
f 11716 11226 11225
f 11716 11717 11226
f 11717 11718 11226
f 11718 11227 11226
f 11718 11228 11227
f 11718 11719 11228
f 11719 11720 11228
f 11720 11230 11228
f 11230 11229 11228
f 11720 11721 11230
f 11721 11231 11230
f 11721 11722 11231
f 11722 11723 11231
f 11723 11232 11231
f 11723 11724 11232
f 11724 11233 11232
f 11724 11725 11233
f 11725 11234 11233
f 11725 11235 11234
f 11725 11726 11235
f 11726 11727 11235
f 11727 11236 11235
f 11727 11237 11236
f 11727 11728 11237
f 11728 11729 11237
f 11729 11238 11237
f 11729 11730 11238
f 11730 11239 11238
f 11730 11731 11239
f 11731 11240 11239
f 11731 11241 11240
f 11731 11732 11241
f 11732 11733 11241
f 11733 11242 11241
f 11733 11243 11242
f 11733 11734 11243
f 11734 11244 11243
f 11734 11735 11244
f 11735 11245 11244
f 11735 11736 11245
f 11736 11737 11245
f 11737 11246 11245
f 11737 11738 11246
f 11738 11247 11246
f 11738 11739 11247
f 11739 11248 11247
f 11739 11740 11248
f 11740 11249 11248
f 11740 11250 11249
f 11740 11741 11250
f 11741 11251 11250
f 11741 11742 11251
f 11742 11743 11251
f 11743 11252 11251
f 11743 11744 11252
f 11744 11253 11252
f 11744 11745 11253
f 11745 11254 11253
f 11745 11255 11254
f 11745 11746 11255
f 11746 11256 11255
f 11746 11747 11256
f 11747 11257 11256
f 11747 11748 11257
f 11748 11258 11257
f 11748 11749 11258
f 11749 11750 11258
f 11750 11259 11258
f 11750 11260 11259
f 11750 11751 11260
f 11751 11261 11260
f 11751 11752 11261
f 11752 11262 11261
f 11752 11753 11262
f 11753 11263 11262
f 11753 11754 11263
f 11754 11264 11263
f 11754 11755 11264
f 11755 11265 11264
f 11755 11756 11265
f 11756 11266 11265
f 11756 11267 11266
f 11756 11757 11267
f 11757 11758 11267
f 11758 11268 11267
f 11758 11759 11268
f 11759 11760 11268
f 11760 11269 11268
f 11760 11761 11269
f 11761 11270 11269
f 11761 11271 11270
f 11761 11762 11271
f 11762 11272 11271
f 11762 11763 11272
f 11763 11764 11272
f 11764 11273 11272
f 11764 11274 11273
f 11764 11765 11274
f 11765 11766 11274
f 11766 11275 11274
f 11766 11767 11275
f 11767 11768 11275
f 11768 11276 11275
f 11768 11769 11276
f 11769 11278 11276
f 11278 11277 11276
f 11769 11279 11278
f 11769 11770 11279
f 11770 11280 11279
f 11770 11771 11280
f 11771 11772 11280
f 11772 11281 11280
f 11772 11773 11281
f 11773 11282 11281
f 11773 11774 11282
f 11774 11283 11282
f 11774 11775 11283
f 11775 11284 11283
f 11775 11776 11284
f 11776 11285 11284
f 11776 11777 11285
f 11777 11778 11285
f 11778 11286 11285
f 11778 11287 11286
f 11778 11288 11287
f 11778 11779 11288
f 11779 11780 11288
f 11780 11289 11288
f 11780 11290 11289
f 11780 11781 11290
f 11781 11291 11290
f 11781 11782 11291
f 11782 11292 11291
f 11782 11293 11292
f 11782 11783 11293
f 11783 11294 11293
f 11783 11295 11294
f 11783 11784 11295
f 11784 11785 11295
f 11785 11786 11295
f 11786 11296 11295
f 11786 11297 11296
f 11786 11787 11297
f 11787 11788 11297
f 11788 11298 11297
f 11788 11789 11298
f 11789 11299 11298
f 11789 11790 11299
f 11790 11791 11299
f 11791 11300 11299
f 11791 11301 11300
f 11791 11792 11301
f 11792 11793 11301
f 11793 11302 11301
f 11793 11303 11302
f 11793 11794 11303
f 11794 11304 11303
f 11794 11795 11304
f 11795 11307 11304
f 11307 11305 11304
f 11795 11308 11307
f 11795 11309 11308
f 11795 11796 11309
f 11796 11797 11309
f 11797 11310 11309
f 11797 11798 11310
f 11798 11311 11310
f 11798 11799 11311
f 11799 11800 11311
f 11800 11312 11311
f 11800 11801 11312
f 11801 11802 11312
f 11802 11313 11312
f 11802 11803 11313
f 11803 11314 11313
f 11803 11315 11314
f 11803 11804 11315
f 11804 11805 11315
f 11805 11316 11315
f 11805 11317 11316
f 11805 11806 11317
f 11806 11318 11317
f 11806 11807 11318
f 11807 11808 11318
f 11808 11319 11318
f 11808 11320 11319
f 11808 11809 11320
f 11809 11810 11320
f 11810 11321 11320
f 11810 11811 11321
f 11811 11322 11321
f 11811 11812 11322
f 11812 11323 11322
f 11812 11324 11323
f 11812 11813 11324
f 11813 11814 11324
f 11814 11325 11324
f 11814 11815 11325
f 11815 11326 11325
f 11815 11327 11326
f 11815 11816 11327
f 11816 11328 11327
f 11816 11817 11328
f 11817 11329 11328
f 11817 11818 11329
f 11818 11330 11329
f 11818 11331 11330
f 11818 11819 11331
f 11819 11332 11331
f 11819 11820 11332
f 11820 11333 11332
f 11820 11821 11333
f 11821 11334 11333
f 11821 11822 11334
f 11822 11335 11334
f 11822 11823 11335
f 11823 11336 11335
f 11823 11824 11336
f 11824 11825 11336
f 11825 11337 11336
f 11825 11338 11337
f 11825 11826 11338
f 11826 11827 11338
f 11827 11339 11338
f 11827 11828 11339
f 11828 11340 11339
f 11828 11829 11340
f 11829 11345 11340
f 11345 11341 11340
f 11345 11342 11341
f 11829 11346 11345
f 11829 11830 11346
f 11830 11349 11346
f 11349 11347 11346
f 11830 11831 11349
f 11831 11832 11349
f 11832 11833 11349
f 11833 11834 11349
f 11834 11350 11349
f 11834 11835 11350
f 11835 11351 11350
f 11835 11836 11351
f 11836 11837 11351
f 11837 11352 11351
f 11835 11834 11836
f 11834 11838 11836
f 11838 11839 11836
f 11839 11840 11836
f 11840 11841 11836
f 11841 11842 11836
f 11842 11352 11836
f 11842 11353 11352
f 11842 11843 11353
f 11843 11354 11353
f 11843 11844 11354
f 11844 11845 11354
f 11845 11846 11354
f 11846 11355 11354
f 11846 11847 11355
f 11847 11356 11355
f 11847 11359 11356
f 11359 11358 11356
f 11847 11360 11359
f 11847 11848 11360
f 11848 11361 11360
f 11848 11849 11361
f 11849 11850 11361
f 11850 11362 11361
f 11850 11851 11362
f 11851 11363 11362
f 11851 11852 11363
f 11852 11364 11363
f 11852 11365 11364
f 11852 11853 11365
f 11853 11366 11365
f 11853 11854 11366
f 11854 11855 11366
f 11855 11367 11366
f 11855 11368 11367
f 11855 11369 11368
f 11855 11856 11369
f 11856 11857 11369
f 11857 11858 11369
f 11858 11370 11369
f 11858 11859 11370
f 11859 11371 11370
f 11859 11860 11371
f 11860 11372 11371
f 11860 11861 11372
f 11861 11374 11372
f 11374 11373 11372
f 11861 11862 11374
f 11862 11375 11374
f 11862 11376 11375
f 11862 11863 11376
f 11863 11377 11376
f 11863 11864 11377
f 11864 11865 11377
f 11865 11378 11377
f 11865 11866 11378
f 11866 11867 11378
f 11867 11379 11378
f 11867 11868 11379
f 11868 11380 11379
f 11868 11869 11380
f 11869 11381 11380
f 11869 11870 11381
f 11870 11871 11381
f 11871 11382 11381
f 11871 11383 11382
f 11871 11872 11383
f 11872 11873 11383
f 11873 11384 11383
f 12183 12184 11709
f 12184 12185 11709
f 12185 11710 11709
f 12185 11711 11710
f 12185 11712 11711
f 12185 12186 11712
f 12186 12187 11712
f 12187 12188 11712
f 12188 11713 11712
f 12188 11714 11713
f 12188 12189 11714
f 12189 11715 11714
f 12189 12190 11715
f 12190 12191 11715
f 12191 11716 11715
f 12191 11717 11716
f 12191 12192 11717
f 12192 12193 11717
f 12193 11718 11717
f 12193 11719 11718
f 12193 12194 11719
f 12194 12195 11719
f 12195 11720 11719
f 12195 11721 11720
f 12195 12196 11721
f 12196 11722 11721
f 12196 12197 11722
f 12197 12198 11722
f 12198 11723 11722
f 12198 12199 11723
f 12199 11724 11723
f 12199 12200 11724
f 12200 11725 11724
f 12200 11726 11725
f 12200 12201 11726
f 12201 12202 11726
f 12202 11727 11726
f 12202 11728 11727
f 12202 12203 11728
f 12203 12204 11728
f 12204 11729 11728
f 12204 12205 11729
f 12205 11730 11729
f 12205 12206 11730
f 12206 11731 11730
f 12206 11732 11731
f 12206 12207 11732
f 12207 12208 11732
f 12208 11733 11732
f 12208 11734 11733
f 12208 12209 11734
f 12209 11735 11734
f 12209 12210 11735
f 12210 11736 11735
f 12210 12211 11736
f 12211 12212 11736
f 12212 11737 11736
f 12212 12213 11737
f 12213 11738 11737
f 12213 12214 11738
f 12214 11739 11738
f 12214 12215 11739
f 12215 11740 11739
f 12215 11741 11740
f 12215 11742 11741
f 12215 12216 11742
f 12216 12217 11742
f 12217 11743 11742
f 12217 12218 11743
f 12218 11744 11743
f 12218 12219 11744
f 12219 11745 11744
f 12219 11746 11745
f 12219 12220 11746
f 12220 11747 11746
f 12220 12221 11747
f 12221 11748 11747
f 12221 12222 11748
f 12222 11749 11748
f 12222 12223 11749
f 12223 12224 11749
f 12224 11750 11749
f 12224 11751 11750
f 12224 12225 11751
f 12225 11752 11751
f 12225 12226 11752
f 12226 11753 11752
f 12226 12227 11753
f 12227 11754 11753
f 12227 12228 11754
f 12228 11755 11754
f 12228 12229 11755
f 12229 11756 11755
f 12229 11757 11756
f 12229 12230 11757
f 12230 12231 11757
f 12231 11758 11757
f 12231 12232 11758
f 12232 11759 11758
f 12232 12233 11759
f 12233 12234 11759
f 12234 11760 11759
f 12234 11761 11760
f 12234 12235 11761
f 12235 11762 11761
f 12235 12236 11762
f 12236 11763 11762
f 12236 12237 11763
f 12237 12238 11763
f 12238 11764 11763
f 12238 11765 11764
f 12238 12239 11765
f 12239 12240 11765
f 12240 11766 11765
f 12240 11767 11766
f 12240 12241 11767
f 12241 12242 11767
f 12242 11768 11767
f 12242 12243 11768
f 12243 11769 11768
f 12243 11770 11769
f 12243 12244 11770
f 12244 11771 11770
f 12244 12245 11771
f 12245 12246 11771
f 12246 11772 11771
f 12246 12247 11772
f 12247 11773 11772
f 12247 12248 11773
f 12248 11774 11773
f 12248 12249 11774
f 12249 11775 11774
f 12249 12250 11775
f 12250 11776 11775
f 12250 12251 11776
f 12251 11777 11776
f 12251 12252 11777
f 12252 11779 11777
f 11779 11778 11777
f 12252 12253 11779
f 12253 11780 11779
f 12253 11781 11780
f 12253 12254 11781
f 12254 11782 11781
f 12254 11783 11782
f 12254 11784 11783
f 12254 12255 11784
f 12255 12256 11784
f 12256 11785 11784
f 12256 12257 11785
f 12257 12258 11785
f 12258 11786 11785
f 12258 11787 11786
f 12258 12259 11787
f 12259 12260 11787
f 12260 11788 11787
f 12260 12261 11788
f 12261 11789 11788
f 12261 11790 11789
f 12261 12262 11790
f 12262 12263 11790
f 12263 11791 11790
f 12263 11792 11791
f 12263 12264 11792
f 12264 12265 11792
f 12265 11793 11792
f 12265 11794 11793
f 12265 11796 11794
f 11796 11795 11794
f 12265 12266 11796
f 12266 11797 11796
f 12266 11798 11797
f 12266 12267 11798
f 12267 11799 11798
f 12267 12268 11799
f 12268 12269 11799
f 12269 12270 11799
f 12270 11800 11799
f 12270 11801 11800
f 12270 12271 11801
f 12271 11802 11801
f 12271 12272 11802
f 12272 12273 11802
f 12273 11803 11802
f 12273 11804 11803
f 12273 12274 11804
f 12274 12275 11804
f 12275 11805 11804
f 12275 11806 11805
f 12275 12276 11806
f 12276 11807 11806
f 12276 12277 11807
f 12277 12278 11807
f 12278 11808 11807
f 12278 11809 11808
f 12278 12279 11809
f 12279 12280 11809
f 12280 11810 11809
f 12280 12281 11810
f 12281 11811 11810
f 12281 12282 11811
f 12282 11812 11811
f 12282 11813 11812
f 12282 12283 11813
f 12283 12284 11813
f 12284 11814 11813
f 12284 12285 11814
f 12285 11815 11814
f 12285 11816 11815
f 12285 12286 11816
f 12286 11817 11816
f 12286 12287 11817
f 12287 11818 11817
f 12287 11819 11818
f 12287 12288 11819
f 12288 11820 11819
f 12288 12289 11820
f 12289 11821 11820
f 12289 12290 11821
f 12290 11822 11821
f 12290 12291 11822
f 12291 11823 11822
f 12291 12292 11823
f 12292 11824 11823
f 12292 12293 11824
f 12293 12294 11824
f 12294 11825 11824
f 12294 11826 11825
f 12294 12295 11826
f 12295 12296 11826
f 12296 11827 11826
f 12296 11828 11827
f 12296 12297 11828
f 12297 12298 11828
f 12298 11829 11828
f 12298 11830 11829
f 12298 12299 11830
f 12299 11831 11830
f 12299 12300 11831
f 12300 11832 11831
f 12300 12301 11832
f 12301 12302 11832
f 12302 11833 11832
f 12302 12303 11833
f 12303 12304 11833
f 12304 11834 11833
f 12304 11838 11834
f 12304 12305 11838
f 12305 12306 11838
f 12306 11839 11838
f 12306 12307 11839
f 12307 11840 11839
f 12307 12308 11840
f 12308 12309 11840
f 12309 12310 11840
f 12310 11841 11840
f 12310 11843 11841
f 11843 11842 11841
f 12310 12311 11843
f 12311 11844 11843
f 12311 12312 11844
f 12312 11845 11844
f 12312 11849 11845
f 11849 11848 11845
f 11848 11846 11845
f 11848 11847 11846
f 12312 12313 11849
f 12313 12314 11849
f 12314 11850 11849
f 12314 12315 11850
f 12315 11851 11850
f 12315 12316 11851
f 12316 11852 11851
f 12316 12317 11852
f 12317 12318 11852
f 12318 12319 11852
f 12319 11853 11852
f 12319 12318 11853
f 12318 11854 11853
f 12318 12320 11854
f 12320 12321 11854
f 12321 12322 11854
f 12322 11855 11854
f 12322 12323 11855
f 12323 11856 11855
f 12323 11857 11856
f 12323 12324 11857
f 12324 12325 11857
f 12325 11858 11857
f 12325 12326 11858
f 12326 11859 11858
f 12326 12327 11859
f 12327 11860 11859
f 12327 12328 11860
f 12328 11861 11860
f 12328 12329 11861
f 12329 11862 11861
f 12329 11863 11862
f 12329 12330 11863
f 12330 11864 11863
f 12330 12331 11864
f 12331 11866 11864
f 11866 11865 11864
f 12331 12332 11866
f 12332 12333 11866
f 12333 11867 11866
f 12333 11868 11867
f 12333 12334 11868
f 12334 11869 11868
f 12334 11870 11869
f 12334 12335 11870
f 12335 12336 11870
f 12336 12337 11870
f 12337 11871 11870
f 12337 11872 11871
f 12337 12338 11872
f 12338 12339 11872
f 12339 11873 11872
f 12590 12591 12183
f 12591 12592 12183
f 12592 12184 12183
f 12592 12185 12184
f 12592 12186 12185
f 12592 12593 12186
f 12593 12594 12186
f 12594 12187 12186
f 12594 12595 12187
f 12595 12188 12187
f 12595 12189 12188
f 12595 12190 12189
f 12595 12596 12190
f 12596 12597 12190
f 12597 12191 12190
f 12597 12192 12191
f 12597 12598 12192
f 12598 12599 12192
f 12599 12193 12192
f 12599 12194 12193
f 12599 12600 12194
f 12600 12601 12194
f 12601 12195 12194
f 12601 12196 12195
f 12601 12602 12196
f 12602 12197 12196
f 12602 12603 12197
f 12603 12604 12197
f 12604 12198 12197
f 12604 12605 12198
f 12605 12199 12198
f 12605 12606 12199
f 12606 12200 12199
f 12606 12201 12200
f 12606 12607 12201
f 12607 12608 12201
f 12608 12202 12201
f 12608 12203 12202
f 12608 12609 12203
f 12609 12610 12203
f 12610 12204 12203
f 12610 12611 12204
f 12611 12205 12204
f 12611 12612 12205
f 12612 12206 12205
f 12612 12207 12206
f 12612 12613 12207
f 12613 12614 12207
f 12614 12208 12207
f 12614 12209 12208
f 12614 12615 12209
f 12615 12210 12209
f 12615 12616 12210
f 12616 12211 12210
f 12616 12617 12211
f 12617 12618 12211
f 12618 12212 12211
f 12618 12619 12212
f 12619 12213 12212
f 12619 12620 12213
f 12620 12214 12213
f 12620 12621 12214
f 12621 12215 12214
f 12621 12216 12215
f 12621 12622 12216
f 12622 12623 12216
f 12623 12217 12216
f 12623 12624 12217
f 12624 12218 12217
f 12624 12625 12218
f 12625 12219 12218
f 12625 12220 12219
f 12625 12626 12220
f 12626 12221 12220
f 12626 12627 12221
f 12627 12222 12221
f 12627 12628 12222
f 12628 12223 12222
f 12628 12629 12223
f 12629 12630 12223
f 12630 12224 12223
f 12630 12225 12224
f 12630 12631 12225
f 12631 12226 12225
f 12631 12632 12226
f 12632 12227 12226
f 12632 12633 12227
f 12633 12228 12227
f 12633 12634 12228
f 12634 12229 12228
f 12634 12230 12229
f 12634 12635 12230
f 12635 12636 12230
f 12636 12231 12230
f 12636 12637 12231
f 12637 12232 12231
f 12637 12638 12232
f 12638 12233 12232
f 12638 12639 12233
f 12639 12640 12233
f 12640 12234 12233
f 12640 12235 12234
f 12640 12641 12235
f 12641 12236 12235
f 12641 12642 12236
f 12642 12237 12236
f 12642 12643 12237
f 12643 12644 12237
f 12644 12238 12237
f 12644 12239 12238
f 12644 12645 12239
f 12645 12646 12239
f 12646 12240 12239
f 12646 12241 12240
f 12646 12647 12241
f 12647 12648 12241
f 12648 12242 12241
f 12648 12649 12242
f 12649 12243 12242
f 12649 12244 12243
f 12649 12245 12244
f 12649 12650 12245
f 12650 12651 12245
f 12651 12246 12245
f 12651 12652 12246
f 12652 12247 12246
f 12652 12653 12247
f 12653 12248 12247
f 12653 12654 12248
f 12654 12249 12248
f 12654 12655 12249
f 12655 12250 12249
f 12655 12656 12250
f 12656 12251 12250
f 12656 12657 12251
f 12657 12252 12251
f 12657 12658 12252
f 12658 12253 12252
f 12658 12255 12253
f 12255 12254 12253
f 12658 12659 12255
f 12659 12256 12255
f 12659 12660 12256
f 12660 12257 12256
f 12660 12661 12257
f 12661 12258 12257
f 12661 12259 12258
f 12661 12662 12259
f 12662 12663 12259
f 12663 12260 12259
f 12663 12664 12260
f 12664 12261 12260
f 12664 12262 12261
f 12664 12665 12262
f 12665 12666 12262
f 12666 12263 12262
f 12666 12264 12263
f 12666 12267 12264
f 12267 12266 12264
f 12266 12265 12264
f 12666 12268 12267
f 12666 12665 12268
f 12665 12667 12268
f 12667 12269 12268
f 12667 12668 12269
f 12668 12270 12269
f 12668 12669 12270
f 12669 12271 12270
f 12669 12670 12271
f 12670 12272 12271
f 12670 12671 12272
f 12671 12672 12272
f 12672 12273 12272
f 12672 12274 12273
f 12672 12673 12274
f 12673 12674 12274
f 12674 12275 12274
f 12674 12276 12275
f 12674 12675 12276
f 12675 12277 12276
f 12675 12676 12277
f 12676 12677 12277
f 12677 12278 12277
f 12677 12279 12278
f 12677 12678 12279
f 12678 12679 12279
f 12679 12280 12279
f 12679 12680 12280
f 12680 12281 12280
f 12680 12681 12281
f 12681 12282 12281
f 12681 12283 12282
f 12681 12682 12283
f 12682 12683 12283
f 12683 12284 12283
f 12683 12684 12284
f 12684 12285 12284
f 12684 12286 12285
f 12684 12685 12286
f 12685 12287 12286
f 12685 12288 12287
f 12685 12686 12288
f 12686 12289 12288
f 12686 12687 12289
f 12687 12688 12289
f 12688 12290 12289
f 12688 12291 12290
f 12688 12689 12291
f 12689 12292 12291
f 12689 12690 12292
f 12690 12293 12292
f 12690 12691 12293
f 12691 12692 12293
f 12692 12294 12293
f 12692 12295 12294
f 12692 12693 12295
f 12693 12694 12295
f 12694 12296 12295
f 12694 12297 12296
f 12694 12695 12297
f 12695 12696 12297
f 12696 12298 12297
f 12696 12299 12298
f 12696 12697 12299
f 12697 12300 12299
f 12697 12698 12300
f 12698 12301 12300
f 12698 12699 12301
f 12699 12700 12301
f 12700 12302 12301
f 12700 12701 12302
f 12701 12303 12302
f 12701 12702 12303
f 12702 12703 12303
f 12703 12304 12303
f 12703 12305 12304
f 12703 12704 12305
f 12704 12306 12305
f 12704 12705 12306
f 12705 12706 12306
f 12706 12307 12306
f 12706 12707 12307
f 12707 12708 12307
f 12708 12308 12307
f 12708 12709 12308
f 12709 12710 12308
f 12710 12309 12308
f 12710 12711 12309
f 12711 12310 12309
f 12711 12311 12310
f 12711 12712 12311
f 12712 12312 12311
f 12712 12713 12312
f 12713 12313 12312
f 12713 12714 12313
f 12714 12314 12313
f 12714 12715 12314
f 12715 12315 12314
f 12715 12716 12315
f 12716 12717 12315
f 12717 12316 12315
f 12717 12317 12316
f 12717 12318 12317
f 12717 12718 12318
f 12718 12719 12318
f 12719 12720 12318
f 12720 12320 12318
f 12720 12721 12320
f 12721 12722 12320
f 12722 12321 12320
f 12722 12723 12321
f 12723 12724 12321
f 12724 12323 12321
f 12323 12322 12321
f 12724 12324 12323
f 12724 12725 12324
f 12725 12726 12324
f 12726 12325 12324
f 12726 12727 12325
f 12727 12326 12325
f 12727 12728 12326
f 12728 12327 12326
f 12728 12729 12327
f 12729 12328 12327
f 12729 12329 12328
f 12729 12330 12329
f 12729 12730 12330
f 12730 12331 12330
f 12730 12731 12331
f 12731 12332 12331
f 12731 12732 12332
f 12732 12733 12332
f 12733 12333 12332
f 12733 12334 12333
f 12733 12335 12334
f 12733 12734 12335
f 12734 12735 12335
f 12735 12336 12335
f 12735 12736 12336
f 12736 12338 12336
f 12338 12337 12336
f 12736 12737 12338
f 12737 12738 12338
f 12738 12339 12338
f 12997 12591 12590
f 12997 12998 12591
f 12998 12593 12591
f 12593 12592 12591
f 12998 12999 12593
f 12999 12594 12593
f 12999 13000 12594
f 13000 12595 12594
f 13000 12596 12595
f 13000 13001 12596
f 13001 13002 12596
f 13002 12597 12596
f 13002 13003 12597
f 13003 12598 12597
f 13003 13004 12598
f 13004 12600 12598
f 12600 12599 12598
f 13004 13005 12600
f 13005 13006 12600
f 13006 12601 12600
f 13006 12602 12601
f 13006 13007 12602
f 13007 12603 12602
f 13007 13008 12603
f 13008 13009 12603
f 13009 12604 12603
f 13009 13010 12604
f 13010 12605 12604
f 13010 13011 12605
f 13011 12606 12605
f 13011 12607 12606
f 13011 13012 12607
f 13012 13013 12607
f 13013 12608 12607
f 13013 12609 12608
f 13013 13014 12609
f 13014 13015 12609
f 13015 12610 12609
f 13015 13016 12610
f 13016 12611 12610
f 13016 13017 12611
f 13017 12612 12611
f 13017 12613 12612
f 13017 13018 12613
f 13018 13019 12613
f 13019 12614 12613
f 13019 12615 12614
f 13019 13020 12615
f 13020 12616 12615
f 13020 13021 12616
f 13021 12617 12616
f 13021 13022 12617
f 13022 13023 12617
f 13023 12618 12617
f 13023 13024 12618
f 13024 12619 12618
f 13024 13025 12619
f 13025 13026 12619
f 13026 12620 12619
f 13026 12621 12620
f 13026 12622 12621
f 13026 13027 12622
f 13027 13028 12622
f 13028 12623 12622
f 13028 13029 12623
f 13029 12624 12623
f 13029 13030 12624
f 13030 12625 12624
f 13030 12626 12625
f 13030 13031 12626
f 13031 12627 12626
f 13031 13032 12627
f 13032 12628 12627
f 13032 13033 12628
f 13033 12629 12628
f 13033 13034 12629
f 13034 13035 12629
f 13035 12630 12629
f 13035 12631 12630
f 13035 13036 12631
f 13036 12632 12631
f 13036 13037 12632
f 13037 12633 12632
f 13037 13038 12633
f 13038 12634 12633
f 13038 12635 12634
f 13038 13039 12635
f 13039 13040 12635
f 13040 12636 12635
f 13040 13041 12636
f 13041 12637 12636
f 13041 13042 12637
f 13042 12638 12637
f 13042 13043 12638
f 13043 12639 12638
f 13043 13044 12639
f 13044 13045 12639
f 13045 12640 12639
f 13045 12641 12640
f 13045 13046 12641
f 13046 12642 12641
f 13046 13047 12642
f 13047 12643 12642
f 13047 13048 12643
f 13048 13049 12643
f 13049 12644 12643
f 13049 12645 12644
f 13049 13050 12645
f 13050 13051 12645
f 13051 12646 12645
f 13051 12647 12646
f 13051 13052 12647
f 13052 13053 12647
f 13053 12648 12647
f 13053 13054 12648
f 13054 13055 12648
f 13055 12649 12648
f 13055 12650 12649
f 13055 13056 12650
f 13056 13057 12650
f 13057 12651 12650
f 13057 13058 12651
f 13058 12652 12651
f 13058 13059 12652
f 13059 12653 12652
f 13059 13060 12653
f 13060 12654 12653
f 13060 13061 12654
f 13061 12655 12654
f 13061 13062 12655
f 13062 12656 12655
f 13062 13063 12656
f 13063 12657 12656
f 13063 12659 12657
f 12659 12658 12657
f 13063 12660 12659
f 13063 13064 12660
f 13064 12661 12660
f 13064 13065 12661
f 13065 12662 12661
f 13065 13066 12662
f 13066 13067 12662
f 13067 12663 12662
f 13067 13068 12663
f 13068 12664 12663
f 13068 12665 12664
f 13068 12667 12665
f 13068 13069 12667
f 13069 12668 12667
f 13069 13070 12668
f 13070 13071 12668
f 13071 12669 12668
f 13071 12670 12669
f 13071 13072 12670
f 13072 13073 12670
f 13073 12671 12670
f 13073 12672 12671
f 13073 13074 12672
f 13074 12673 12672
f 13074 13075 12673
f 13075 12674 12673
f 13075 13076 12674
f 13076 12675 12674
f 13076 13077 12675
f 13077 12676 12675
f 13077 13078 12676
f 13078 13079 12676
f 13079 12677 12676
f 13079 12678 12677
f 13079 13080 12678
f 13080 13081 12678
f 13081 12679 12678
f 13081 13082 12679
f 13082 12680 12679
f 13082 13083 12680
f 13083 12681 12680
f 13083 12682 12681
f 13083 13084 12682
f 13084 13085 12682
f 13085 12683 12682
f 13085 13086 12683
f 13086 12684 12683
f 13086 12685 12684
f 13086 12686 12685
f 13086 13087 12686
f 13087 12687 12686
f 13087 13088 12687
f 13088 12688 12687
f 13088 13089 12688
f 13089 12689 12688
f 13089 13090 12689
f 13090 12690 12689
f 13090 13091 12690
f 13091 12691 12690
f 13091 13092 12691
f 13092 13093 12691
f 13093 12692 12691
f 13093 12693 12692
f 13093 13094 12693
f 13094 13095 12693
f 13095 12695 12693
f 12695 12694 12693
f 13095 13096 12695
f 13096 12696 12695
f 13096 12697 12696
f 13096 13097 12697
f 13097 12698 12697
f 13097 13098 12698
f 13098 12699 12698
f 13098 13099 12699
f 13099 13100 12699
f 13100 12700 12699
f 13100 13101 12700
f 13101 12701 12700
f 13101 13102 12701
f 13102 12702 12701
f 13102 13103 12702
f 13103 13104 12702
f 13104 12703 12702
f 13104 12704 12703
f 13104 13105 12704
f 13105 12705 12704
f 13105 13106 12705
f 13106 12706 12705
f 13106 13107 12706
f 13107 13108 12706
f 13108 12707 12706
f 13108 13109 12707
f 13109 12708 12707
f 13109 13110 12708
f 13110 12709 12708
f 13110 13111 12709
f 13111 13112 12709
f 13112 12710 12709
f 13112 13113 12710
f 13113 12711 12710
f 13113 12712 12711
f 13113 13114 12712
f 13114 12713 12712
f 13114 13115 12713
f 13115 12714 12713
f 13115 13116 12714
f 13116 12715 12714
f 13116 13117 12715
f 13117 13118 12715
f 13118 12716 12715
f 13118 12717 12716
f 13118 13119 12717
f 13119 12718 12717
f 13119 13120 12718
f 13120 12719 12718
f 13120 13121 12719
f 13121 12721 12719
f 12721 12720 12719
f 13121 13122 12721
f 13122 12722 12721
f 13122 13123 12722
f 13123 12723 12722
f 13123 13124 12723
f 13124 13125 12723
f 13125 13126 12723
f 13126 12724 12723
f 13126 12725 12724
f 13126 13127 12725
f 13127 13128 12725
f 13128 13129 12725
f 13129 12726 12725
f 13129 13130 12726
f 13130 12727 12726
f 13130 12728 12727
f 13130 13131 12728
f 13131 12729 12728
f 13131 13132 12729
f 13132 12730 12729
f 13132 12731 12730
f 13132 13133 12731
f 13133 13134 12731
f 13134 12732 12731
f 13134 13135 12732
f 13135 12734 12732
f 12734 12733 12732
f 13135 13136 12734
f 13136 12735 12734
f 13136 13137 12735
f 13137 12736 12735
f 13137 13138 12736
f 13138 12737 12736
f 13138 13139 12737
f 13139 13140 12737
f 13404 13405 12996
f 13405 12997 12996
f 13405 13406 12997
f 13406 12998 12997
f 13406 13407 12998
f 13407 13408 12998
f 13408 12999 12998
f 13408 13409 12999
f 13409 13000 12999
f 13409 13001 13000
f 13409 13410 13001
f 13410 13411 13001
f 13411 13002 13001
f 13411 13003 13002
f 13411 13412 13003
f 13412 13413 13003
f 13413 13414 13003
f 13414 13004 13003
f 13414 13005 13004
f 13414 13415 13005
f 13415 13416 13005
f 13416 13006 13005
f 13416 13007 13006
f 13416 13008 13007
f 13416 13417 13008
f 13417 13418 13008
f 13418 13009 13008
f 13418 13419 13009
f 13419 13010 13009
f 13419 13420 13010
f 13420 13011 13010
f 13420 13012 13011
f 13420 13421 13012
f 13421 13422 13012
f 13422 13013 13012
f 13422 13014 13013
f 13422 13423 13014
f 13423 13015 13014
f 13423 13424 13015
f 13424 13016 13015
f 13424 13425 13016
f 13425 13017 13016
f 13425 13018 13017
f 13425 13426 13018
f 13426 13427 13018
f 13427 13019 13018
f 13427 13020 13019
f 13427 13428 13020
f 13428 13021 13020
f 13428 13429 13021
f 13429 13022 13021
f 13429 13430 13022
f 13430 13431 13022
f 13431 13023 13022
f 13431 13432 13023
f 13432 13024 13023
f 13432 13433 13024
f 13433 13025 13024
f 13433 13434 13025
f 13434 13026 13025
f 13434 13027 13026
f 13434 13435 13027
f 13435 13436 13027
f 13436 13028 13027
f 13436 13437 13028
f 13437 13029 13028
f 13437 13438 13029
f 13438 13030 13029
f 13438 13031 13030
f 13438 13439 13031
f 13439 13440 13031
f 13440 13032 13031
f 13440 13441 13032
f 13441 13033 13032
f 13441 13442 13033
f 13442 13034 13033
f 13442 13443 13034
f 13443 13444 13034
f 13444 13035 13034
f 13444 13036 13035
f 13444 13445 13036
f 13445 13037 13036
f 13445 13446 13037
f 13446 13038 13037
f 13446 13039 13038
f 13446 13447 13039
f 13447 13040 13039
f 13447 13448 13040
f 13448 13449 13040
f 13449 13041 13040
f 13449 13450 13041
f 13450 13042 13041
f 13450 13451 13042
f 13451 13043 13042
f 13451 13452 13043
f 13452 13044 13043
f 13452 13453 13044
f 13453 13454 13044
f 13454 13045 13044
f 13454 13046 13045
f 13454 13455 13046
f 13455 13047 13046
f 13455 13456 13047
f 13456 13048 13047
f 13456 13457 13048
f 13457 13458 13048
f 13458 13049 13048
f 13458 13050 13049
f 13458 13459 13050
f 13459 13460 13050
f 13460 13051 13050
f 13460 13052 13051
f 13460 13461 13052
f 13461 13462 13052
f 13462 13053 13052
f 13462 13054 13053
f 13462 13463 13054
f 13463 13464 13054
f 13464 13055 13054
f 13464 13056 13055
f 13464 13465 13056
f 13465 13057 13056
f 13465 13466 13057
f 13466 13058 13057
f 13466 13467 13058
f 13467 13059 13058
f 13467 13468 13059
f 13468 13060 13059
f 13468 13469 13060
f 13469 13061 13060
f 13469 13470 13061
f 13470 13062 13061
f 13470 13471 13062
f 13471 13063 13062
f 13471 13064 13063
f 13471 13472 13064
f 13472 13065 13064
f 13472 13473 13065
f 13473 13066 13065
f 13473 13474 13066
f 13474 13475 13066
f 13475 13067 13066
f 13475 13069 13067
f 13069 13068 13067
f 13475 13070 13069
f 13475 13476 13070
f 13476 13071 13070
f 13476 13477 13071
f 13477 13072 13071
f 13477 13478 13072
f 13478 13479 13072
f 13479 13073 13072
f 13479 13074 13073
f 13479 13480 13074
f 13480 13075 13074
f 13480 13481 13075
f 13481 13482 13075
f 13482 13076 13075
f 13482 13077 13076
f 13482 13483 13077
f 13483 13078 13077
f 13483 13484 13078
f 13484 13485 13078
f 13485 13079 13078
f 13485 13080 13079
f 13485 13486 13080
f 13486 13081 13080
f 13486 13487 13081
f 13487 13488 13081
f 13488 13489 13081
f 13489 13490 13081
f 13490 13082 13081
f 13490 13083 13082
f 13490 13084 13083
f 13490 13491 13084
f 13491 13492 13084
f 13492 13085 13084
f 13492 13087 13085
f 13087 13086 13085
f 13492 13088 13087
f 13492 13493 13088
f 13493 13089 13088
f 13493 13494 13089
f 13494 13090 13089
f 13494 13495 13090
f 13495 13091 13090
f 13495 13496 13091
f 13496 13092 13091
f 13496 13497 13092
f 13497 13498 13092
f 13498 13093 13092
f 13498 13094 13093
f 13498 13499 13094
f 13499 13500 13094
f 13500 13095 13094
f 13500 13501 13095
f 13501 13096 13095
f 13501 13502 13096
f 13502 13097 13096
f 13502 13098 13097
f 13502 13503 13098
f 13503 13504 13098
f 13504 13099 13098
f 13504 13505 13099
f 13505 13506 13099
f 13506 13100 13099
f 13506 13507 13100
f 13507 13101 13100
f 13507 13508 13101
f 13508 13102 13101
f 13508 13509 13102
f 13509 13510 13102
f 13510 13103 13102
f 13510 13104 13103
f 13510 13511 13104
f 13511 13105 13104
f 13511 13106 13105
f 13511 13512 13106
f 13512 13513 13106
f 13513 13107 13106
f 13513 13514 13107
f 13514 13515 13107
f 13515 13108 13107
f 13515 13516 13108
f 13516 13109 13108
f 13516 13517 13109
f 13517 13110 13109
f 13517 13518 13110
f 13518 13111 13110
f 13518 13519 13111
f 13519 13520 13111
f 13520 13112 13111
f 13520 13521 13112
f 13521 13113 13112
f 13521 13114 13113
f 13521 13522 13114
f 13522 13115 13114
f 13522 13523 13115
f 13523 13116 13115
f 13523 13524 13116
f 13524 13525 13116
f 13525 13526 13116
f 13526 13117 13116
f 13526 13118 13117
f 13526 13527 13118
f 13527 13119 13118
f 13527 13528 13119
f 13528 13120 13119
f 13528 13529 13120
f 13529 13530 13120
f 13530 13121 13120
f 13530 13122 13121
f 13530 13531 13122
f 13531 13123 13122
f 13531 13532 13123
f 13532 13124 13123
f 13532 13533 13124
f 13533 13534 13124
f 13534 13125 13124
f 13534 13127 13125
f 13127 13126 13125
f 13534 13535 13127
f 13535 13536 13127
f 13536 13128 13127
f 13536 13537 13128
f 13537 13129 13128
f 13537 13538 13129
f 13538 13130 13129
f 13538 13539 13130
f 13539 13131 13130
f 13539 13540 13131
f 13540 13133 13131
f 13133 13132 13131
f 13540 13541 13133
f 13541 13134 13133
f 13541 13542 13134
f 13542 13543 13134
f 13543 13135 13134
f 13543 13544 13135
f 13544 13136 13135
f 13544 13545 13136
f 13545 13137 13136
f 13545 13546 13137
f 13546 13138 13137
f 13546 13547 13138
f 13547 13139 13138
f 13547 13548 13139
f 13548 13140 13139
f 13830 13831 13404
f 13831 13405 13404
f 13831 13832 13405
f 13832 13407 13405
f 13407 13406 13405
f 13832 13833 13407
f 13833 13408 13407
f 13833 13834 13408
f 13834 13409 13408
f 13834 13410 13409
f 13834 13835 13410
f 13835 13836 13410
f 13836 13411 13410
f 13836 13412 13411
f 13836 13837 13412
f 13837 13413 13412
f 13837 13838 13413
f 13838 13414 13413
f 13838 13415 13414
f 13838 13839 13415
f 13839 13416 13415
f 13839 13840 13416
f 13840 13417 13416
f 13840 13841 13417
f 13841 13842 13417
f 13842 13418 13417
f 13842 13843 13418
f 13843 13419 13418
f 13843 13844 13419
f 13844 13420 13419
f 13844 13421 13420
f 13844 13845 13421
f 13845 13846 13421
f 13846 13422 13421
f 13846 13847 13422
f 13847 13423 13422
f 13847 13848 13423
f 13848 13424 13423
f 13848 13849 13424
f 13849 13425 13424
f 13849 13426 13425
f 13849 13850 13426
f 13850 13851 13426
f 13851 13427 13426
f 13851 13428 13427
f 13851 13852 13428
f 13852 13429 13428
f 13852 13853 13429
f 13853 13430 13429
f 13853 13854 13430
f 13854 13855 13430
f 13855 13431 13430
f 13855 13856 13431
f 13856 13432 13431
f 13856 13857 13432
f 13857 13433 13432
f 13857 13858 13433
f 13858 13434 13433
f 13858 13435 13434
f 13858 13859 13435
f 13859 13860 13435
f 13860 13861 13435
f 13861 13436 13435
f 13861 13437 13436
f 13861 13862 13437
f 13862 13438 13437
f 13862 13439 13438
f 13862 13863 13439
f 13863 13440 13439
f 13863 13864 13440
f 13864 13441 13440
f 13864 13865 13441
f 13865 13442 13441
f 13865 13866 13442
f 13866 13443 13442
f 13866 13867 13443
f 13867 13868 13443
f 13868 13444 13443
f 13868 13445 13444
f 13868 13869 13445
f 13869 13446 13445
f 13869 13447 13446
f 13869 13870 13447
f 13870 13871 13447
f 13871 13448 13447
f 13871 13872 13448
f 13872 13449 13448
f 13872 13873 13449
f 13873 13450 13449
f 13873 13874 13450
f 13874 13451 13450
f 13874 13875 13451
f 13875 13452 13451
f 13875 13876 13452
f 13876 13453 13452
f 13876 13877 13453
f 13877 13878 13453
f 13878 13454 13453
f 13878 13455 13454
f 13878 13879 13455
f 13879 13456 13455
f 13879 13880 13456
f 13880 13457 13456
f 13880 13881 13457
f 13881 13458 13457
f 13881 13459 13458
f 13881 13882 13459
f 13882 13883 13459
f 13883 13460 13459
f 13883 13461 13460
f 13883 13884 13461
f 13884 13885 13461
f 13885 13462 13461
f 13885 13463 13462
f 13885 13886 13463
f 13886 13887 13463
f 13887 13464 13463
f 13887 13888 13464
f 13888 13889 13464
f 13889 13465 13464
f 13889 13890 13465
f 13890 13466 13465
f 13890 13891 13466
f 13891 13467 13466
f 13891 13892 13467
f 13892 13468 13467
f 13892 13893 13468
f 13893 13469 13468
f 13893 13894 13469
f 13894 13470 13469
f 13894 13472 13470
f 13472 13471 13470
f 13894 13473 13472
f 13894 13895 13473
f 13895 13474 13473
f 13895 13896 13474
f 13896 13476 13474
f 13476 13475 13474
f 13896 13477 13476
f 13896 13897 13477
f 13897 13478 13477
f 13897 13898 13478
f 13898 13899 13478
f 13899 13479 13478
f 13899 13480 13479
f 13899 13900 13480
f 13900 13481 13480
f 13900 13901 13481
f 13901 13902 13481
f 13902 13482 13481
f 13902 13483 13482
f 13902 13903 13483
f 13903 13484 13483
f 13903 13904 13484
f 13904 13905 13484
f 13905 13485 13484
f 13905 13486 13485
f 13905 13906 13486
f 13906 13907 13486
f 13907 13487 13486
f 13907 13908 13487
f 13908 13488 13487
f 13908 13909 13488
f 13909 13910 13488
f 13910 13911 13488
f 13911 13489 13488
f 13911 13491 13489
f 13491 13490 13489
f 13911 13493 13491
f 13493 13492 13491
f 13911 13494 13493
f 13911 13910 13494
f 13910 13495 13494
f 13910 13912 13495
f 13912 13496 13495
f 13912 13913 13496
f 13913 13497 13496
f 13913 13914 13497
f 13914 13915 13497
f 13915 13498 13497
f 13915 13499 13498
f 13915 13916 13499
f 13916 13917 13499
f 13917 13500 13499
f 13917 13918 13500
f 13918 13501 13500
f 13918 13502 13501
f 13918 13919 13502
f 13919 13503 13502
f 13919 13920 13503
f 13920 13504 13503
f 13920 13921 13504
f 13921 13505 13504
f 13921 13922 13505
f 13922 13923 13505
f 13923 13506 13505
f 13923 13924 13506
f 13924 13507 13506
f 13924 13925 13507
f 13925 13508 13507
f 13925 13926 13508
f 13926 13509 13508
f 13926 13927 13509
f 13927 13928 13509
f 13928 13510 13509
f 13928 13511 13510
f 13928 13929 13511
f 13929 13512 13511
f 13929 13930 13512
f 13930 13513 13512
f 13930 13931 13513
f 13931 13932 13513
f 13932 13514 13513
f 13932 13515 13514
f 13932 13933 13515
f 13933 13934 13515
f 13934 13516 13515
f 13934 13935 13516
f 13935 13517 13516
f 13935 13936 13517
f 13936 13518 13517
f 13936 13937 13518
f 13937 13519 13518
f 13937 13938 13519
f 13938 13939 13519
f 13939 13520 13519
f 13939 13940 13520
f 13940 13521 13520
f 13940 13522 13521
f 13940 13941 13522
f 13941 13942 13522
f 13942 13523 13522
f 13942 13943 13523
f 13943 13525 13523
f 13525 13524 13523
f 13943 13944 13525
f 13944 13526 13525
f 13944 13527 13526
f 13944 13945 13527
f 13945 13528 13527
f 13945 13946 13528
f 13946 13529 13528
f 13946 13947 13529
f 13947 13530 13529
f 13947 13948 13530
f 13948 13531 13530
f 13948 13949 13531
f 13949 13532 13531
f 13949 13950 13532
f 13950 13533 13532
f 13950 13951 13533
f 13951 13952 13533
f 13952 13534 13533
f 13952 13535 13534
f 13952 13953 13535
f 13953 13954 13535
f 13954 13955 13535
f 13955 13536 13535
f 13955 13537 13536
f 13955 13956 13537
f 13956 13538 13537
f 13956 13957 13538
f 13957 13539 13538
f 13957 13958 13539
f 13958 13540 13539
f 13958 13541 13540
f 13958 13959 13541
f 13959 13542 13541
f 13959 13960 13542
f 13960 13961 13542
f 13961 13543 13542
f 13961 13544 13543
f 13961 13962 13544
f 13962 13545 13544
f 13962 13963 13545
f 13963 13546 13545
f 13963 13964 13546
f 13964 13547 13546
f 13964 13965 13547
f 13965 13966 13547
f 13966 13548 13547
f 13966 13967 13548
f 14264 14265 13830
f 14265 14266 13830
f 14266 13831 13830
f 14266 13832 13831
f 14266 14267 13832
f 14267 13833 13832
f 14267 14268 13833
f 14268 13834 13833
f 14268 13835 13834
f 14268 14269 13835
f 14269 13836 13835
f 14269 13837 13836
f 14269 14270 13837
f 14270 14271 13837
f 14271 13838 13837
f 14271 14272 13838
f 14272 13839 13838
f 14272 13840 13839
f 14272 14273 13840
f 14273 13841 13840
f 14273 14274 13841
f 14274 14275 13841
f 14275 13842 13841
f 14275 14276 13842
f 14276 13843 13842
f 14276 14277 13843
f 14277 14278 13843
f 14278 13844 13843
f 14278 13845 13844
f 14278 14279 13845
f 14279 14280 13845
f 14280 13846 13845
f 14280 14281 13846
f 14281 13847 13846
f 14281 14282 13847
f 14282 13848 13847
f 14282 14283 13848
f 14283 13849 13848
f 14283 13850 13849
f 14283 14284 13850
f 14284 14285 13850
f 14285 13851 13850
f 14285 13852 13851
f 14285 14286 13852
f 14286 13853 13852
f 14286 14287 13853
f 14287 13854 13853
f 14287 14288 13854
f 14288 14289 13854
f 14289 13855 13854
f 14289 14290 13855
f 14290 13856 13855
f 14290 14291 13856
f 14291 13857 13856
f 14291 14292 13857
f 14292 13858 13857
f 14292 13859 13858
f 14292 14293 13859
f 14293 14294 13859
f 14294 13860 13859
f 14294 14295 13860
f 14295 13861 13860
f 14295 14296 13861
f 14296 13862 13861
f 14296 13863 13862
f 14296 14297 13863
f 14297 13864 13863
f 14297 14298 13864
f 14298 13865 13864
f 14298 14299 13865
f 14299 13866 13865
f 14299 14300 13866
f 14300 13867 13866
f 14300 14301 13867
f 14301 14302 13867
f 14302 13868 13867
f 14302 13869 13868
f 14302 13870 13869
f 14302 14303 13870
f 14303 14304 13870
f 14304 13871 13870
f 14304 14305 13871
f 14305 13872 13871
f 14305 14306 13872
f 14306 13873 13872
f 14306 14307 13873
f 14307 13874 13873
f 14307 14308 13874
f 14308 13875 13874
f 14308 14309 13875
f 14309 13876 13875
f 14309 14310 13876
f 14310 13877 13876
f 14310 14311 13877
f 14311 14312 13877
f 14312 13878 13877
f 14312 13879 13878
f 14312 14313 13879
f 14313 13880 13879
f 14313 14314 13880
f 14314 14315 13880
f 14315 13881 13880
f 14315 13882 13881
f 14315 14316 13882
f 14316 14317 13882
f 14317 14318 13882
f 14318 13884 13882
f 13884 13883 13882
f 14318 14319 13884
f 14319 14320 13884
f 14320 13885 13884
f 14320 13886 13885
f 14320 14321 13886
f 14321 14322 13886
f 14322 13887 13886
f 14322 13888 13887
f 14322 14323 13888
f 14323 14324 13888
f 14324 13889 13888
f 14324 14325 13889
f 14325 13890 13889
f 14325 14326 13890
f 14326 13891 13890
f 14326 14327 13891
f 14327 13892 13891
f 14327 14328 13892
f 14328 13893 13892
f 14328 13895 13893
f 13895 13894 13893
f 14328 13896 13895
f 14328 14329 13896
f 14329 13897 13896
f 14329 13898 13897
f 14329 14330 13898
f 14330 14331 13898
f 14331 13899 13898
f 14331 13900 13899
f 14331 14332 13900
f 14332 13901 13900
f 14332 14333 13901
f 14333 14334 13901
f 14334 13902 13901
f 14334 13903 13902
f 14334 14335 13903
f 14335 13904 13903
f 14335 14336 13904
f 14336 14337 13904
f 14337 13905 13904
f 14337 13906 13905
f 14337 14338 13906
f 14338 13907 13906
f 14338 14339 13907
f 14339 14340 13907
f 14340 13908 13907
f 14340 13909 13908
f 14340 14341 13909
f 14341 13912 13909
f 13912 13910 13909
f 14341 13913 13912
f 14341 14342 13913
f 14342 13914 13913
f 14342 14343 13914
f 14343 14344 13914
f 14344 13915 13914
f 14344 13916 13915
f 14344 14345 13916
f 14345 14346 13916
f 14346 13917 13916
f 14346 14347 13917
f 14347 13918 13917
f 14347 13919 13918
f 14347 14348 13919
f 14348 13920 13919
f 14348 14349 13920
f 14349 13921 13920
f 14349 14350 13921
f 14350 13922 13921
f 14350 14351 13922
f 14351 14352 13922
f 14352 13923 13922
f 14352 14353 13923
f 14353 13924 13923
f 14353 14354 13924
f 14354 13925 13924
f 14354 14355 13925
f 14355 13926 13925
f 14355 14356 13926
f 14356 13927 13926
f 14356 14357 13927
f 14357 14358 13927
f 14358 13928 13927
f 14358 14359 13928
f 14359 13929 13928
f 14359 14360 13929
f 14360 13930 13929
f 14360 14361 13930
f 14361 13931 13930
f 14361 14362 13931
f 14362 13932 13931
f 14362 14363 13932
f 14363 14364 13932
f 14364 13933 13932
f 14364 14365 13933
f 14365 13934 13933
f 14365 14366 13934
f 14366 13935 13934
f 14366 14367 13935
f 14367 13936 13935
f 14367 14368 13936
f 14368 13937 13936
f 14368 14369 13937
f 14369 13938 13937
f 14369 14370 13938
f 14370 14371 13938
f 14371 13939 13938
f 14371 13941 13939
f 13941 13940 13939
f 14371 14372 13941
f 14372 13943 13941
f 13943 13942 13941
f 14372 14373 13943
f 14373 13944 13943
f 14373 14374 13944
f 14374 13945 13944
f 14374 14375 13945
f 14375 13946 13945
f 14375 14376 13946
f 14376 13947 13946
f 14376 14377 13947
f 14377 13948 13947
f 14377 13949 13948
f 14377 14378 13949
f 14378 14379 13949
f 14379 13950 13949
f 14379 13951 13950
f 14379 14380 13951
f 14380 14381 13951
f 14381 13952 13951
f 14381 13953 13952
f 14381 14382 13953
f 14382 14383 13953
f 14383 13954 13953
f 14383 14384 13954
f 14384 13955 13954
f 14384 14385 13955
f 14385 14386 13955
f 14386 13956 13955
f 14386 14387 13956
f 14387 13957 13956
f 14387 13958 13957
f 14387 13959 13958
f 14387 14388 13959
f 14388 13960 13959
f 14388 14389 13960
f 14389 14390 13960
f 14390 13961 13960
f 14390 14391 13961
f 14391 13962 13961
f 14391 14392 13962
f 14392 13963 13962
f 14392 14393 13963
f 14393 13964 13963
f 14393 13965 13964
f 14393 14394 13965
f 14394 14395 13965
f 14395 14396 13965
f 14396 13966 13965
f 14396 13967 13966
f 14643 14265 14264
f 14643 14644 14265
f 14644 14266 14265
f 14644 14645 14266
f 14645 14646 14266
f 14646 14267 14266
f 14646 14268 14267
f 14646 14647 14268
f 14647 14269 14268
f 14647 14270 14269
f 14647 14648 14270
f 14648 14649 14270
f 14649 14650 14270
f 14650 14271 14270
f 14650 14651 14271
f 14651 14272 14271
f 14651 14652 14272
f 14652 14273 14272
f 14652 14653 14273
f 14653 14274 14273
f 14653 14654 14274
f 14654 14655 14274
f 14655 14275 14274
f 14655 14656 14275
f 14656 14276 14275
f 14656 14277 14276
f 14656 14657 14277
f 14657 14279 14277
f 14279 14278 14277
f 14657 14658 14279
f 14658 14659 14279
f 14659 14280 14279
f 14659 14660 14280
f 14660 14281 14280
f 14660 14661 14281
f 14661 14282 14281
f 14661 14662 14282
f 14662 14283 14282
f 14662 14284 14283
f 14662 14663 14284
f 14663 14664 14284
f 14664 14665 14284
f 14665 14285 14284
f 14665 14286 14285
f 14665 14666 14286
f 14666 14287 14286
f 14666 14667 14287
f 14667 14288 14287
f 14667 14668 14288
f 14668 14669 14288
f 14669 14289 14288
f 14669 14670 14289
f 14670 14290 14289
f 14670 14671 14290
f 14671 14291 14290
f 14671 14672 14291
f 14672 14292 14291
f 14672 14293 14292
f 14672 14673 14293
f 14673 14674 14293
f 14674 14294 14293
f 14674 14675 14294
f 14675 14295 14294
f 14675 14676 14295
f 14676 14296 14295
f 14676 14297 14296
f 14676 14298 14297
f 14676 14677 14298
f 14677 14299 14298
f 14677 14678 14299
f 14678 14679 14299
f 14679 14300 14299
f 14679 14301 14300
f 14679 14680 14301
f 14680 14303 14301
f 14303 14302 14301
f 14680 14681 14303
f 14681 14304 14303
f 14681 14682 14304
f 14682 14305 14304
f 14682 14683 14305
f 14683 14306 14305
f 14683 14684 14306
f 14684 14685 14306
f 14685 14307 14306
f 14685 14308 14307
f 14685 14686 14308
f 14686 14309 14308
f 14686 14687 14309
f 14687 14688 14309
f 14688 14310 14309
f 14688 14311 14310
f 14688 14689 14311
f 14689 14690 14311
f 14690 14691 14311
f 14691 14312 14311
f 14691 14313 14312
f 14691 14692 14313
f 14692 14314 14313
f 14692 14693 14314
f 14693 14694 14314
f 14694 14315 14314
f 14694 14316 14315
f 14694 14695 14316
f 14695 14317 14316
f 14695 14696 14317
f 14696 14697 14317
f 14697 14319 14317
f 14319 14318 14317
f 14697 14698 14319
f 14698 14699 14319
f 14699 14320 14319
f 14699 14321 14320
f 14699 14700 14321
f 14700 14322 14321
f 14700 14323 14322
f 14700 14701 14323
f 14701 14702 14323
f 14702 14324 14323
f 14702 14703 14324
f 14703 14704 14324
f 14704 14325 14324
f 14704 14326 14325
f 14704 14330 14326
f 14330 14327 14326
f 14330 14329 14327
f 14329 14328 14327
f 14704 14331 14330
f 14704 14703 14331
f 14703 14332 14331
f 14703 14333 14332
f 14703 14702 14333
f 14702 14705 14333
f 14705 14334 14333
f 14705 14335 14334
f 14705 14706 14335
f 14706 14707 14335
f 14707 14336 14335
f 14707 14708 14336
f 14708 14337 14336
f 14708 14338 14337
f 14708 14709 14338
f 14709 14339 14338
f 14709 14710 14339
f 14710 14711 14339
f 14711 14340 14339
f 14711 14341 14340
f 14711 14342 14341
f 14711 14712 14342
f 14712 14343 14342
f 14712 14713 14343
f 14713 14714 14343
f 14714 14344 14343
f 14714 14345 14344
f 14714 14715 14345
f 14715 14716 14345
f 14716 14346 14345
f 14716 14717 14346
f 14717 14347 14346
f 14717 14348 14347
f 14717 14718 14348
f 14718 14349 14348
f 14718 14719 14349
f 14719 14350 14349
f 14719 14720 14350
f 14720 14351 14350
f 14720 14721 14351
f 14721 14722 14351
f 14722 14352 14351
f 14722 14723 14352
f 14723 14353 14352
f 14723 14724 14353
f 14724 14354 14353
f 14724 14725 14354
f 14725 14355 14354
f 14725 14726 14355
f 14726 14356 14355
f 14726 14357 14356
f 14726 14727 14357
f 14727 14728 14357
f 14728 14358 14357
f 14728 14729 14358
f 14729 14359 14358
f 14729 14730 14359
f 14730 14360 14359
f 14730 14731 14360
f 14731 14361 14360
f 14731 14732 14361
f 14732 14362 14361
f 14732 14733 14362
f 14733 14363 14362
f 14733 14734 14363
f 14734 14364 14363
f 14734 14735 14364
f 14735 14365 14364
f 14735 14736 14365
f 14736 14366 14365
f 14736 14737 14366
f 14737 14367 14366
f 14737 14738 14367
f 14738 14368 14367
f 14738 14739 14368
f 14739 14369 14368
f 14739 14740 14369
f 14740 14370 14369
f 14740 14741 14370
f 14741 14742 14370
f 14742 14371 14370
f 14742 14743 14371
f 14743 14744 14371
f 14744 14372 14371
f 14744 14743 14372
f 14743 14745 14372
f 14745 14746 14372
f 14746 14373 14372
f 14746 14747 14373
f 14747 14374 14373
f 14747 14748 14374
f 14748 14375 14374
f 14748 14749 14375
f 14749 14376 14375
f 14749 14750 14376
f 14750 14377 14376
f 14750 14751 14377
f 14751 14378 14377
f 14751 14752 14378
f 14752 14753 14378
f 14753 14379 14378
f 14753 14380 14379
f 14753 14754 14380
f 14754 14755 14380
f 14755 14756 14380
f 14756 14381 14380
f 14756 14757 14381
f 14757 14382 14381
f 14757 14758 14382
f 14758 14759 14382
f 14759 14383 14382
f 14759 14760 14383
f 14760 14384 14383
f 14760 14385 14384
f 14760 14761 14385
f 14761 14762 14385
f 14762 14763 14385
f 14763 14386 14385
f 14763 14387 14386
f 14763 14388 14387
f 14763 14762 14388
f 14762 14389 14388
f 14762 14764 14389
f 14764 14765 14389
f 14765 14390 14389
f 14765 14766 14390
f 14766 14391 14390
f 14766 14392 14391
f 14766 14767 14392
f 14767 14393 14392
f 14767 14768 14393
f 14768 14394 14393
f 14768 14769 14394
f 14769 14395 14394
f 14769 14770 14395
f 14770 14771 14395
f 14771 14396 14395
f 15003 14643 14642
f 15003 15004 14643
f 15004 14644 14643
f 15004 15005 14644
f 15005 14645 14644
f 15005 15006 14645
f 15006 14646 14645
f 15006 15007 14646
f 15007 14647 14646
f 15007 14648 14647
f 15007 15008 14648
f 15008 14649 14648
f 15008 15009 14649
f 15009 15010 14649
f 15010 14650 14649
f 15010 15011 14650
f 15011 14651 14650
f 15011 15012 14651
f 15012 14652 14651
f 15012 15013 14652
f 15013 14653 14652
f 15013 15014 14653
f 15014 14654 14653
f 15014 15015 14654
f 15015 14655 14654
f 15015 15016 14655
f 15016 14656 14655
f 15016 15017 14656
f 15017 14657 14656
f 15017 14658 14657
f 15017 15018 14658
f 15018 15019 14658
f 15019 14659 14658
f 15019 15020 14659
f 15020 14660 14659
f 15020 15021 14660
f 15021 14661 14660
f 15021 15022 14661
f 15022 14662 14661
f 15022 14663 14662
f 15022 15023 14663
f 15023 14664 14663
f 15023 15024 14664
f 15024 15025 14664
f 15025 14665 14664
f 15025 14666 14665
f 15025 14667 14666
f 15025 15026 14667
f 15026 15027 14667
f 15027 14668 14667
f 15027 15028 14668
f 15028 15029 14668
f 15029 14669 14668
f 15029 15030 14669
f 15030 14670 14669
f 15030 15031 14670
f 15031 14671 14670
f 15031 15032 14671
f 15032 15033 14671
f 15033 14672 14671
f 15033 14673 14672
f 15033 15034 14673
f 15034 15035 14673
f 15035 14674 14673
f 15035 15036 14674
f 15036 14675 14674
f 15036 15037 14675
f 15037 14676 14675
f 15037 14677 14676
f 15037 15038 14677
f 15038 14678 14677
f 15038 15039 14678
f 15039 14679 14678
f 15039 15040 14679
f 15040 14680 14679
f 15040 15041 14680
f 15041 14681 14680
f 15041 15042 14681
f 15042 14682 14681
f 15042 15043 14682
f 15043 14683 14682
f 15043 15044 14683
f 15044 14684 14683
f 15044 15045 14684
f 15045 14685 14684
f 15045 15046 14685
f 15046 14686 14685
f 15046 15047 14686
f 15047 14687 14686
f 15047 15048 14687
f 15048 14688 14687
f 15048 15049 14688
f 15049 14689 14688
f 15049 15050 14689
f 15050 14690 14689
f 15050 15051 14690
f 15051 15052 14690
f 15052 14692 14690
f 14692 14691 14690
f 15052 15053 14692
f 15053 14693 14692
f 15053 15054 14693
f 15054 15055 14693
f 15055 14694 14693
f 15055 14695 14694
f 15055 15056 14695
f 15056 14696 14695
f 15056 15057 14696
f 15057 15058 14696
f 15058 14697 14696
f 15058 14698 14697
f 15058 15059 14698
f 15059 15060 14698
f 15060 14699 14698
f 15060 15061 14699
f 15061 14700 14699
f 15061 14701 14700
f 15061 15062 14701
f 15062 14706 14701
f 14706 14705 14701
f 14705 14702 14701
f 15062 14707 14706
f 15062 15063 14707
f 15063 15064 14707
f 15064 14708 14707
f 15064 14709 14708
f 15064 15065 14709
f 15065 14710 14709
f 15065 15066 14710
f 15066 14712 14710
f 14712 14711 14710
f 15066 14713 14712
f 15066 15067 14713
f 15067 15068 14713
f 15068 14714 14713
f 15068 14715 14714
f 15068 15069 14715
f 15069 15070 14715
f 15070 14716 14715
f 15070 15071 14716
f 15071 14717 14716
f 15071 14718 14717
f 15071 15072 14718
f 15072 14719 14718
f 15072 15073 14719
f 15073 14720 14719
f 15073 15074 14720
f 15074 14721 14720
f 15074 15075 14721
f 15075 15076 14721
f 15076 14722 14721
f 15076 15077 14722
f 15077 14723 14722
f 15077 15078 14723
f 15078 14724 14723
f 15078 15079 14724
f 15079 14725 14724
f 15079 15080 14725
f 15080 14726 14725
f 15080 14727 14726
f 15080 15081 14727
f 15081 15082 14727
f 15082 14728 14727
f 15082 15083 14728
f 15083 15084 14728
f 15084 14729 14728
f 15084 14730 14729
f 15084 15085 14730
f 15085 14731 14730
f 15085 15086 14731
f 15086 14732 14731
f 15086 15087 14732
f 15087 14733 14732
f 15086 15088 15087
f 15088 15089 15087
f 15089 15090 15087
f 15090 15091 15087
f 15091 15092 15087
f 15091 14733 15092
f 15091 15093 14733
f 15093 14734 14733
f 15093 15094 14734
f 15094 14735 14734
f 15094 15095 14735
f 15095 14736 14735
f 15095 15096 14736
f 15096 14737 14736
f 15096 15097 14737
f 15097 14738 14737
f 15097 15098 14738
f 15098 14739 14738
f 15098 15099 14739
f 15099 14740 14739
f 15099 15100 14740
f 15100 14741 14740
f 15100 15101 14741
f 15101 15102 14741
f 15102 14742 14741
f 15102 15103 14742
f 15103 14743 14742
f 15103 14745 14743
f 15103 15104 14745
f 15104 15105 14745
f 15105 14746 14745
f 15105 14747 14746
f 15105 15106 14747
f 15106 14748 14747
f 15106 15107 14748
f 15107 14749 14748
f 15107 15108 14749
f 15108 14750 14749
f 15108 14751 14750
f 15108 15109 14751
f 15109 15110 14751
f 15110 14752 14751
f 15110 15111 14752
f 15111 15112 14752
f 15112 14754 14752
f 14754 14753 14752
f 15112 14755 14754
f 15112 15113 14755
f 15113 15114 14755
f 15114 15115 14755
f 15115 14756 14755
f 15115 14757 14756
f 15115 15116 14757
f 15116 14758 14757
f 15116 15117 14758
f 15117 15118 14758
f 15118 14759 14758
f 15118 15119 14759
f 15119 14760 14759
f 15119 14761 14760
f 15119 15120 14761
f 15120 15121 14761
f 15121 14762 14761
f 15121 14764 14762
f 15121 15122 14764
f 15122 15123 14764
f 15123 14765 14764
f 15123 15124 14765
f 15124 14767 14765
f 14767 14766 14765
f 15124 15125 14767
f 15125 14768 14767
f 15125 14769 14768
f 15125 15126 14769
f 15126 15127 14769
f 15127 14770 14769
f 15127 15128 14770
f 15128 15129 14770
f 15129 14771 14770
f 15313 15314 15003
f 15314 15004 15003
f 15314 15315 15004
f 15315 15005 15004
f 15315 15316 15005
f 15316 15006 15005
f 15316 15317 15006
f 15317 15007 15006
f 15317 15008 15007
f 15317 15318 15008
f 15318 15009 15008
f 15318 15319 15009
f 15319 15320 15009
f 15320 15010 15009
f 15320 15321 15010
f 15321 15012 15010
f 15012 15011 15010
f 15321 15013 15012
f 15321 15322 15013
f 15322 15323 15013
f 15323 15014 15013
f 15323 15324 15014
f 15324 15015 15014
f 15324 15325 15015
f 15325 15016 15015
f 15325 15326 15016
f 15326 15017 15016
f 15326 15327 15017
f 15327 15018 15017
f 15327 15328 15018
f 15328 15019 15018
f 15328 15329 15019
f 15329 15330 15019
f 15330 15020 15019
f 15330 15021 15020
f 15330 15331 15021
f 15331 15022 15021
f 15331 15023 15022
f 15331 15332 15023
f 15332 15024 15023
f 15332 15333 15024
f 15333 15334 15024
f 15334 15025 15024
f 15334 15026 15025
f 15334 15335 15026
f 15335 15027 15026
f 15335 15336 15027
f 15336 15028 15027
f 15336 15337 15028
f 15337 15338 15028
f 15338 15029 15028
f 15338 15339 15029
f 15339 15030 15029
f 15339 15340 15030
f 15340 15031 15030
f 15340 15032 15031
f 15340 15341 15032
f 15341 15342 15032
f 15342 15034 15032
f 15034 15033 15032
f 15342 15343 15034
f 15343 15035 15034
f 15343 15344 15035
f 15344 15036 15035
f 15344 15345 15036
f 15345 15037 15036
f 15345 15038 15037
f 15345 15346 15038
f 15346 15039 15038
f 15346 15347 15039
f 15347 15040 15039
f 15347 15348 15040
f 15348 15041 15040
f 15348 15349 15041
f 15349 15042 15041
f 15349 15350 15042
f 15350 15043 15042
f 15350 15351 15043
f 15351 15044 15043
f 15351 15352 15044
f 15352 15045 15044
f 15352 15353 15045
f 15353 15046 15045
f 15353 15354 15046
f 15354 15047 15046
f 15354 15355 15047
f 15355 15048 15047
f 15355 15356 15048
f 15356 15049 15048
f 15356 15357 15049
f 15357 15050 15049
f 15357 15358 15050
f 15358 15051 15050
f 15358 15359 15051
f 15359 15360 15051
f 15360 15052 15051
f 15360 15053 15052
f 15360 15361 15053
f 15361 15054 15053
f 15361 15362 15054
f 15362 15363 15054
f 15363 15055 15054
f 15363 15056 15055
f 15363 15364 15056
f 15364 15057 15056
f 15364 15365 15057
f 15365 15366 15057
f 15366 15058 15057
f 15366 15059 15058
f 15366 15367 15059
f 15367 15368 15059
f 15368 15060 15059
f 15368 15063 15060
f 15063 15061 15060
f 15063 15062 15061
f 15368 15064 15063
f 15368 15065 15064
f 15368 15367 15065
f 15367 15066 15065
f 15367 15067 15066
f 15367 15366 15067
f 15366 15365 15067
f 15365 15068 15067
f 15365 15069 15068
f 15365 15364 15069
f 15364 15369 15069
f 15369 15070 15069
f 15369 15370 15070
f 15370 15071 15070
f 15370 15072 15071
f 15370 15371 15072
f 15371 15073 15072
f 15371 15372 15073
f 15372 15074 15073
f 15372 15359 15074
f 15359 15075 15074
f 15359 15358 15075
f 15358 15373 15075
f 15373 15076 15075
f 15373 15374 15076
f 15374 15077 15076
f 15374 15375 15077
f 15375 15078 15077
f 15375 15376 15078
f 15376 15079 15078
f 15376 15377 15079
f 15377 15080 15079
f 15377 15081 15080
f 15377 15378 15081
f 15378 15082 15081
f 15378 15379 15082
f 15379 15083 15082
f 15379 15380 15083
f 15380 15381 15083
f 15381 15084 15083
f 15381 15085 15084
f 15381 15382 15085
f 15382 15086 15085
f 15382 15088 15086
f 15382 15383 15088
f 15383 15384 15088
f 15384 15089 15088
f 15384 15385 15089
f 15385 15386 15089
f 15386 15387 15089
f 15387 15388 15089
f 15388 15093 15089
f 15093 15091 15089
f 15091 15090 15089
f 15388 15389 15093
f 15389 15390 15093
f 15390 15391 15093
f 15391 15094 15093
f 15391 15392 15094
f 15392 15095 15094
f 15392 15096 15095
f 15392 15393 15096
f 15393 15097 15096
f 15393 15394 15097
f 15394 15395 15097
f 15395 15396 15097
f 15396 15098 15097
f 15396 15397 15098
f 15397 15398 15098
f 15398 15099 15098
f 15398 15399 15099
f 15399 15100 15099
f 15399 15400 15100
f 15400 15101 15100
f 15400 15401 15101
f 15401 15402 15101
f 15402 15102 15101
f 15402 15103 15102
f 15402 15403 15103
f 15403 15404 15103
f 15404 15104 15103
f 15404 15405 15104
f 15405 15406 15104
f 15406 15105 15104
f 15406 15106 15105
f 15406 15407 15106
f 15407 15107 15106
f 15407 15408 15107
f 15408 15108 15107
f 15408 15109 15108
f 15408 15409 15109
f 15409 15410 15109
f 15410 15110 15109
f 15410 15411 15110
f 15411 15111 15110
f 15411 15412 15111
f 15412 15112 15111
f 15412 15113 15112
f 15412 15413 15113
f 15413 15114 15113
f 15413 15414 15114
f 15414 15415 15114
f 15415 15116 15114
f 15116 15115 15114
f 15415 15416 15116
f 15416 15117 15116
f 15416 15417 15117
f 15417 15418 15117
f 15418 15118 15117
f 15418 15419 15118
f 15419 15119 15118
f 15419 15120 15119
f 15419 15420 15120
f 15420 15421 15120
f 15421 15121 15120
f 15421 15122 15121
f 15421 15422 15122
f 15422 15423 15122
f 15423 15123 15122
f 15423 15424 15123
f 15424 15124 15123
f 15424 15125 15124
f 15424 15425 15125
f 15425 15126 15125
f 15425 15426 15126
f 15426 15127 15126
f 15426 15427 15127
f 15427 15128 15127
f 15427 15428 15128
f 15428 15130 15128
f 15130 15129 15128
f 15597 15314 15313
f 15597 15598 15314
f 15598 15315 15314
f 15598 15599 15315
f 15599 15316 15315
f 15599 15600 15316
f 15600 15317 15316
f 15600 15318 15317
f 15600 15601 15318
f 15601 15319 15318
f 15601 15602 15319
f 15602 15603 15319
f 15603 15320 15319
f 15603 15604 15320
f 15604 15321 15320
f 15604 15605 15321
f 15605 15322 15321
f 15605 15606 15322
f 15606 15323 15322
f 15606 15607 15323
f 15607 15324 15323
f 15607 15608 15324
f 15608 15609 15324
f 15609 15325 15324
f 15609 15610 15325
f 15610 15326 15325
f 15610 15327 15326
f 15610 15611 15327
f 15611 15612 15327
f 15612 15328 15327
f 15612 15613 15328
f 15613 15614 15328
f 15614 15329 15328
f 15614 15615 15329
f 15615 15616 15329
f 15616 15330 15329
f 15616 15331 15330
f 15616 15332 15331
f 15616 15617 15332
f 15617 15618 15332
f 15618 15333 15332
f 15618 15619 15333
f 15619 15334 15333
f 15619 15335 15334
f 15619 15620 15335
f 15620 15336 15335
f 15620 15621 15336
f 15621 15337 15336
f 15621 15622 15337
f 15622 15623 15337
f 15623 15338 15337
f 15623 15624 15338
f 15624 15339 15338
f 15624 15625 15339
f 15625 15340 15339
f 15625 15341 15340
f 15625 15626 15341
f 15626 15627 15341
f 15627 15342 15341
f 15627 15628 15342
f 15628 15343 15342
f 15628 15629 15343
f 15629 15344 15343
f 15629 15630 15344
f 15630 15345 15344
f 15630 15346 15345
f 15630 15631 15346
f 15631 15347 15346
f 15631 15632 15347
f 15632 15348 15347
f 15632 15633 15348
f 15633 15349 15348
f 15633 15634 15349
f 15634 15350 15349
f 15634 15635 15350
f 15635 15351 15350
f 15635 15636 15351
f 15636 15352 15351
f 15636 15637 15352
f 15637 15353 15352
f 15637 15638 15353
f 15638 15354 15353
f 15638 15639 15354
f 15639 15355 15354
f 15639 15640 15355
f 15640 15356 15355
f 15640 15641 15356
f 15641 15357 15356
f 15641 15373 15357
f 15373 15358 15357
f 15641 15374 15373
f 15641 15642 15374
f 15642 15375 15374
f 15642 15643 15375
f 15643 15376 15375
f 15643 15644 15376
f 15644 15377 15376
f 15644 15645 15377
f 15645 15378 15377
f 15645 15646 15378
f 15646 15379 15378
f 15646 15647 15379
f 15647 15380 15379
f 15647 15648 15380
f 15648 15649 15380
f 15649 15381 15380
f 15649 15382 15381
f 15649 15383 15382
f 15649 15650 15383
f 15650 15651 15383
f 15651 15384 15383
f 15651 15385 15384
f 15651 15652 15385
f 15652 15653 15385
f 15653 15386 15385
f 15653 15654 15386
f 15654 15387 15386
f 15654 15655 15387
f 15655 15656 15387
f 15656 15657 15387
f 15657 15658 15387
f 15658 15389 15387
f 15389 15388 15387
f 15658 15390 15389
f 15658 15659 15390
f 15659 15391 15390
f 15659 15660 15391
f 15660 15392 15391
f 15660 15661 15392
f 15661 15662 15392
f 15662 15393 15392
f 15662 15395 15393
f 15395 15394 15393
f 15662 15663 15395
f 15663 15664 15395
f 15664 15397 15395
f 15397 15396 15395
f 15664 15665 15397
f 15665 15666 15397
f 15666 15667 15397
f 15667 15398 15397
f 15667 15399 15398
f 15667 15668 15399
f 15668 15400 15399
f 15668 15669 15400
f 15669 15401 15400
f 15669 15670 15401
f 15670 15671 15401
f 15671 15403 15401
f 15403 15402 15401
f 15671 15672 15403
f 15672 15673 15403
f 15673 15404 15403
f 15673 15405 15404
f 15673 15674 15405
f 15674 15675 15405
f 15675 15406 15405
f 15675 15407 15406
f 15675 15676 15407
f 15676 15408 15407
f 15676 15409 15408
f 15676 15677 15409
f 15677 15410 15409
f 15677 15678 15410
f 15678 15679 15410
f 15679 15411 15410
f 15679 15680 15411
f 15680 15412 15411
f 15680 15681 15412
f 15681 15413 15412
f 15681 15682 15413
f 15682 15414 15413
f 15682 15683 15414
f 15683 15684 15414
f 15684 15415 15414
f 15684 15416 15415
f 15684 15685 15416
f 15685 15417 15416
f 15685 15686 15417
f 15686 15687 15417
f 15687 15418 15417
f 15687 15688 15418
f 15688 15419 15418
f 15688 15420 15419
f 15688 15689 15420
f 15689 15690 15420
f 15690 15421 15420
f 15690 15422 15421
f 15690 15691 15422
f 15691 15692 15422
f 15692 15423 15422
f 15692 15693 15423
f 15693 15424 15423
f 15693 15425 15424
f 15693 15694 15425
f 15694 15426 15425
f 15694 15695 15426
f 15695 15427 15426
f 15695 15696 15427
f 15696 15428 15427
f 15696 15429 15428
f 15696 15697 15429
f 15851 15597 15596
f 15851 15852 15597
f 15852 15598 15597
f 15852 15853 15598
f 15853 15599 15598
f 15853 15854 15599
f 15854 15600 15599
f 15854 15601 15600
f 15854 15855 15601
f 15855 15602 15601
f 15855 15856 15602
f 15856 15857 15602
f 15857 15603 15602
f 15857 15858 15603
f 15858 15604 15603
f 15858 15605 15604
f 15858 15859 15605
f 15859 15606 15605
f 15859 15860 15606
f 15860 15861 15606
f 15861 15607 15606
f 15861 15862 15607
f 15862 15608 15607
f 15862 15863 15608
f 15863 15609 15608
f 15863 15864 15609
f 15864 15610 15609
f 15864 15611 15610
f 15864 15865 15611
f 15865 15866 15611
f 15866 15867 15611
f 15867 15613 15611
f 15613 15612 15611
f 15867 15866 15613
f 15866 15868 15613
f 15868 15614 15613
f 15868 15869 15614
f 15869 15615 15614
f 15869 15870 15615
f 15870 15871 15615
f 15871 15617 15615
f 15617 15616 15615
f 15871 15618 15617
f 15871 15872 15618
f 15872 15873 15618
f 15873 15619 15618
f 15873 15874 15619
f 15874 15620 15619
f 15874 15621 15620
f 15874 15875 15621
f 15875 15622 15621
f 15875 15876 15622
f 15876 15877 15622
f 15877 15623 15622
f 15877 15878 15623
f 15878 15624 15623
f 15878 15879 15624
f 15879 15626 15624
f 15626 15625 15624
f 15879 15880 15626
f 15880 15881 15626
f 15881 15627 15626
f 15881 15882 15627
f 15882 15628 15627
f 15882 15883 15628
f 15883 15629 15628
f 15883 15884 15629
f 15884 15630 15629
f 15884 15631 15630
f 15884 15885 15631
f 15885 15632 15631
f 15885 15886 15632
f 15886 15633 15632
f 15886 15887 15633
f 15887 15634 15633
f 15887 15888 15634
f 15888 15635 15634
f 15888 15889 15635
f 15889 15636 15635
f 15889 15890 15636
f 15890 15637 15636
f 15890 15891 15637
f 15891 15638 15637
f 15891 15892 15638
f 15892 15639 15638
f 15892 15893 15639
f 15893 15640 15639
f 15893 15642 15640
f 15642 15641 15640
f 15893 15643 15642
f 15893 15894 15643
f 15894 15644 15643
f 15894 15895 15644
f 15895 15645 15644
f 15895 15896 15645
f 15896 15646 15645
f 15896 15897 15646
f 15897 15647 15646
f 15897 15898 15647
f 15898 15648 15647
f 15898 15899 15648
f 15899 15650 15648
f 15650 15649 15648
f 15899 15900 15650
f 15900 15651 15650
f 15900 15652 15651
f 15900 15901 15652
f 15901 15902 15652
f 15902 15653 15652
f 15902 15903 15653
f 15903 15904 15653
f 15904 15654 15653
f 15904 15903 15654
f 15903 15905 15654
f 15905 15906 15654
f 15906 15655 15654
f 15906 15907 15655
f 15907 15908 15655
f 15908 15656 15655
f 15908 15909 15656
f 15909 15910 15656
f 15910 15911 15656
f 15911 15912 15656
f 15912 15913 15656
f 15913 15657 15656
f 15913 15914 15657
f 15914 15915 15657
f 15915 15658 15657
f 15915 15659 15658
f 15915 15916 15659
f 15916 15660 15659
f 15916 15661 15660
f 15916 15917 15661
f 15917 15918 15661
f 15918 15662 15661
f 15918 15663 15662
f 15918 15919 15663
f 15919 15920 15663
f 15920 15921 15663
f 15921 15664 15663
f 15921 15922 15664
f 15922 15665 15664
f 15922 15923 15665
f 15923 15924 15665
f 15924 15666 15665
f 15924 15925 15666
f 15925 15667 15666
f 15925 15668 15667
f 15925 15926 15668
f 15926 15669 15668
f 15926 15927 15669
f 15927 15670 15669
f 15927 15928 15670
f 15928 15929 15670
f 15929 15671 15670
f 15929 15930 15671
f 15930 15672 15671
f 15930 15931 15672
f 15931 15932 15672
f 15932 15673 15672
f 15932 15674 15673
f 15932 15933 15674
f 15933 15934 15674
f 15934 15675 15674
f 15934 15676 15675
f 15934 15677 15676
f 15934 15935 15677
f 15935 15936 15677
f 15936 15678 15677
f 15936 15679 15678
f 15936 15937 15679
f 15937 15938 15679
f 15938 15939 15679
f 15939 15680 15679
f 15939 15940 15680
f 15940 15941 15680
f 15941 15942 15680
f 15942 15681 15680
f 15942 15682 15681
f 15942 15943 15682
f 15943 15944 15682
f 15944 15683 15682
f 15944 15945 15683
f 15945 15684 15683
f 15945 15685 15684
f 15945 15946 15685
f 15946 15686 15685
f 15946 15947 15686
f 15947 15948 15686
f 15948 15687 15686
f 15948 15689 15687
f 15689 15688 15687
f 15948 15949 15689
f 15949 15950 15689
f 15950 15690 15689
f 15950 15691 15690
f 15950 15951 15691
f 15951 15952 15691
f 15952 15692 15691
f 15952 15693 15692
f 15952 15694 15693
f 15952 15695 15694
f 15952 15953 15695
f 15953 15954 15695
f 15954 15696 15695
f 15954 15697 15696
f 15954 15955 15697
f 15955 15698 15697
f 15955 15956 15698
f 15956 15957 15698
f 16102 16103 15851
f 16103 15852 15851
f 16103 16104 15852
f 16104 15853 15852
f 16104 16105 15853
f 16105 16106 15853
f 16106 15854 15853
f 16106 15855 15854
f 16106 16107 15855
f 16107 15856 15855
f 16107 16108 15856
f 16108 16109 15856
f 16109 15857 15856
f 16109 16110 15857
f 16110 16111 15857
f 16111 15858 15857
f 16111 15859 15858
f 16111 16112 15859
f 16112 15860 15859
f 16112 16113 15860
f 16113 15861 15860
f 16113 15862 15861
f 16113 16114 15862
f 16114 16115 15862
f 16115 15863 15862
f 16115 16116 15863
f 16116 16117 15863
f 16117 15864 15863
f 16117 15865 15864
f 16117 16118 15865
f 16118 15866 15865
f 16118 16119 15866
f 16119 16120 15866
f 16120 15868 15866
f 16120 16121 15868
f 16121 16122 15868
f 16122 15869 15868
f 16122 15870 15869
f 16122 16123 15870
f 16123 16124 15870
f 16124 15871 15870
f 16124 15872 15871
f 16124 16125 15872
f 16125 16126 15872
f 16126 15873 15872
f 16126 15874 15873
f 16126 16127 15874
f 16127 16128 15874
f 16128 15875 15874
f 16128 15876 15875
f 16128 16129 15876
f 16129 16130 15876
f 16130 16131 15876
f 16131 16132 15876
f 16132 15877 15876
f 16132 16133 15877
f 16133 15878 15877
f 16133 16134 15878
f 16134 15879 15878
f 16134 15880 15879
f 16134 16135 15880
f 16135 16136 15880
f 16136 16137 15880
f 16137 15881 15880
f 16137 15882 15881
f 16137 16138 15882
f 16138 15883 15882
f 16138 16139 15883
f 16139 15884 15883
f 16139 15885 15884
f 16139 16140 15885
f 16140 15886 15885
f 16140 16141 15886
f 16141 15887 15886
f 16141 16142 15887
f 16142 15888 15887
f 16142 16143 15888
f 16143 15889 15888
f 16143 16144 15889
f 16144 15890 15889
f 16144 16145 15890
f 16145 15891 15890
f 16145 16146 15891
f 16146 15892 15891
f 16146 15894 15892
f 15894 15893 15892
f 16146 15895 15894
f 16146 16147 15895
f 16147 15896 15895
f 16147 16148 15896
f 16148 15897 15896
f 16148 16149 15897
f 16149 16150 15897
f 16150 15898 15897
f 16150 16151 15898
f 16151 15899 15898
f 16151 16152 15899
f 16152 15900 15899
f 16152 15901 15900
f 16152 16153 15901
f 16153 16154 15901
f 16154 15903 15901
f 15903 15902 15901
f 16154 16155 15903
f 16155 15905 15903
f 16155 16156 15905
f 16156 15906 15905
f 16156 16157 15906
f 16157 15907 15906
f 16157 16158 15907
f 16158 15908 15907
f 16158 16159 15908
f 16159 15909 15908
f 16159 16160 15909
f 16160 16161 15909
f 16161 15911 15909
f 15911 15910 15909
f 16161 16162 15911
f 16162 16163 15911
f 16163 15912 15911
f 16163 16164 15912
f 16164 15913 15912
f 16164 16165 15913
f 16165 15914 15913
f 16165 16166 15914
f 16166 15915 15914
f 16166 15916 15915
f 16166 15917 15916
f 16166 16167 15917
f 16167 16168 15917
f 16168 15918 15917
f 16168 15919 15918
f 16168 16169 15919
f 16169 15920 15919
f 16169 16170 15920
f 16170 15921 15920
f 16170 15922 15921
f 16170 16171 15922
f 16171 15923 15922
f 16171 16172 15923
f 16172 15924 15923
f 16172 15926 15924
f 15926 15925 15924
f 16172 15927 15926
f 16172 16173 15927
f 16173 15928 15927
f 16173 16174 15928
f 16174 16175 15928
f 16175 16176 15928
f 16176 16177 15928
f 16177 15929 15928
f 16177 16178 15929
f 16178 15930 15929
f 16178 15931 15930
f 16178 16179 15931
f 16179 16180 15931
f 16180 15932 15931
f 16180 15933 15932
f 16180 16181 15933
f 16181 16182 15933
f 16182 15935 15933
f 15935 15934 15933
f 16182 15936 15935
f 16182 16183 15936
f 16183 16184 15936
f 16184 15937 15936
f 16184 15938 15937
f 16184 16185 15938
f 16185 16186 15938
f 16186 16187 15938
f 16187 15940 15938
f 15940 15939 15938
f 16187 16188 15940
f 16188 16189 15940
f 16189 15942 15940
f 15942 15941 15940
f 16189 16190 15942
f 16190 15943 15942
f 16190 16191 15943
f 16191 16192 15943
f 16192 16193 15943
f 16193 15944 15943
f 16193 15945 15944
f 16193 16194 15945
f 16194 15946 15945
f 16194 16195 15946
f 16195 15947 15946
f 16195 16196 15947
f 16196 16197 15947
f 16197 15948 15947
f 16197 16198 15948
f 16198 15949 15948
f 16198 16199 15949
f 16199 15950 15949
f 16199 15951 15950
f 16199 16200 15951
f 16200 16201 15951
f 16201 15953 15951
f 15953 15952 15951
f 16201 16202 15953
f 16202 15954 15953
f 16202 16203 15954
f 16203 15955 15954
f 16203 15956 15955
f 16203 16204 15956
f 16204 15957 15956
f 16204 16205 15957
f 16205 16206 15957
f 16349 16350 16102
f 16350 16103 16102
f 16350 16351 16103
f 16351 16104 16103
f 16351 16352 16104
f 16352 16105 16104
f 16352 16353 16105
f 16353 16106 16105
f 16353 16107 16106
f 16353 16354 16107
f 16354 16108 16107
f 16354 16355 16108
f 16355 16109 16108
f 16355 16110 16109
f 16355 16356 16110
f 16356 16357 16110
f 16357 16112 16110
f 16112 16111 16110
f 16357 16358 16112
f 16358 16113 16112
f 16358 16359 16113
f 16359 16114 16113
f 16359 16360 16114
f 16360 16115 16114
f 16360 16116 16115
f 16360 16361 16116
f 16361 16362 16116
f 16362 16117 16116
f 16362 16118 16117
f 16362 16363 16118
f 16363 16119 16118
f 16363 16364 16119
f 16364 16120 16119
f 16364 16365 16120
f 16365 16121 16120
f 16365 16366 16121
f 16366 16122 16121
f 16366 16123 16122
f 16366 16367 16123
f 16367 16368 16123
f 16368 16125 16123
f 16125 16124 16123
f 16368 16369 16125
f 16369 16126 16125
f 16369 16127 16126
f 16369 16128 16127
f 16369 16370 16128
f 16370 16129 16128
f 16370 16371 16129
f 16371 16372 16129
f 16372 16130 16129
f 16372 16373 16130
f 16373 16374 16130
f 16374 16375 16130
f 16375 16376 16130
f 16376 16131 16130
f 16376 16377 16131
f 16377 16131 16378
f 16378 16377 16376
f 16376 16375 16378
f 16375 16379 16378
f 16379 16380 16378
f 16380 16381 16378
f 16380 16382 16381
f 16382 16383 16381
f 16383 16384 16381
f 16384 16385 16381
f 16385 16386 16381
f 16385 16387 16386
f 16387 16388 16386
f 16387 16389 16388
f 16389 16132 16388
f 16132 16131 16388
f 16389 16133 16132
f 16389 16134 16133
f 16389 16135 16134
f 16389 16390 16135
f 16390 16391 16135
f 16391 16136 16135
f 16391 16392 16136
f 16392 16393 16136
f 16393 16137 16136
f 16393 16138 16137
f 16393 16394 16138
f 16394 16139 16138
f 16394 16140 16139
f 16394 16395 16140
f 16395 16141 16140
f 16395 16396 16141
f 16396 16142 16141
f 16396 16397 16142
f 16397 16143 16142
f 16397 16398 16143
f 16398 16144 16143
f 16398 16399 16144
f 16399 16145 16144
f 16399 16147 16145
f 16147 16146 16145
f 16399 16148 16147
f 16399 16149 16148
f 16399 16398 16149
f 16398 16400 16149
f 16400 16150 16149
f 16400 16401 16150
f 16401 16151 16150
f 16401 16402 16151
f 16402 16152 16151
f 16402 16153 16152
f 16402 16403 16153
f 16403 16404 16153
f 16404 16154 16153
f 16404 16405 16154
f 16405 16155 16154
f 16405 16385 16155
f 16385 16156 16155
f 16385 16384 16156
f 16384 16157 16156
f 16384 16383 16157
f 16383 16158 16157
f 16383 16382 16158
f 16382 16159 16158
f 16382 16160 16159
f 16382 16406 16160
f 16406 16407 16160
f 16407 16408 16160
f 16408 16161 16160
f 16408 16409 16161
f 16409 16162 16161
f 16409 16410 16162
f 16410 16411 16162
f 16411 16163 16162
f 16411 16412 16163
f 16412 16164 16163
f 16412 16413 16164
f 16413 16165 16164
f 16413 16167 16165
f 16167 16166 16165
f 16413 16414 16167
f 16413 16415 16414
f 16415 16416 16414
f 16416 16417 16414
f 16417 16418 16414
f 16418 16419 16414
f 16419 16420 16414
f 16420 16168 16414
f 16420 16419 16168
f 16419 16169 16168
f 16419 16421 16169
f 16421 16422 16169
f 16422 16423 16169
f 16423 16170 16169
f 16423 16424 16170
f 16424 16171 16170
f 16424 16425 16171
f 16425 16426 16171
f 16426 16172 16171
f 16426 16173 16172
f 16426 16425 16173
f 16425 16427 16173
f 16427 16174 16173
f 16427 16428 16174
f 16428 16175 16174
f 16428 16429 16175
f 16429 16430 16175
f 16430 16431 16175
f 16431 16176 16175
f 16431 16432 16176
f 16432 16177 16176
f 16432 16433 16177
f 16433 16178 16177
f 16433 16179 16178
f 16433 16434 16179
f 16434 16180 16179
f 16434 16181 16180
f 16434 16435 16181
f 16435 16183 16181
f 16183 16182 16181
f 16435 16436 16183
f 16436 16184 16183
f 16436 16185 16184
f 16436 16437 16185
f 16437 16186 16185
f 16437 16438 16186
f 16438 16439 16186
f 16439 16440 16186
f 16440 16187 16186
f 16440 16188 16187
f 16440 16441 16188
f 16441 16190 16188
f 16190 16189 16188
f 16441 16442 16190
f 16442 16191 16190
f 16442 16443 16191
f 16443 16192 16191
f 16443 16444 16192
f 16444 16194 16192
f 16194 16193 16192
f 16444 16445 16194
f 16445 16195 16194
f 16445 16196 16195
f 16445 16446 16196
f 16446 16447 16196
f 16446 16448 16447
f 16448 16449 16447
f 16449 16197 16447
f 16449 16450 16197
f 16450 16198 16197
f 16450 16451 16198
f 16451 16199 16198
f 16451 16452 16199
f 16452 16200 16199
f 16452 16453 16200
f 16453 16454 16200
f 16454 16455 16200
f 16455 16201 16200
f 16455 16202 16201
f 16455 16454 16202
f 16454 16203 16202
f 16454 16456 16203
f 16456 16204 16203
f 16456 16457 16204
f 16457 16205 16204
f 16457 16458 16205
f 16458 16206 16205
f 16458 16459 16206
f 16459 16460 16206
f 16492 16493 16241
f 16493 16494 16241
f 16591 16592 16349
f 16592 16350 16349
f 16592 16593 16350
f 16593 16352 16350
f 16352 16351 16350
f 16593 16594 16352
f 16594 16595 16352
f 16595 16353 16352
f 16595 16354 16353
f 16595 16596 16354
f 16596 16597 16354
f 16597 16355 16354
f 16597 16598 16355
f 16598 16356 16355
f 16598 16599 16356
f 16599 16357 16356
f 16599 16600 16357
f 16600 16358 16357
f 16600 16359 16358
f 16600 16601 16359
f 16601 16602 16359
f 16602 16360 16359
f 16602 16361 16360
f 16602 16603 16361
f 16603 16604 16361
f 16604 16362 16361
f 16604 16363 16362
f 16604 16605 16363
f 16605 16606 16363
f 16606 16364 16363
f 16606 16607 16364
f 16607 16608 16364
f 16608 16365 16364
f 16608 16609 16365
f 16609 16610 16365
f 16610 16366 16365
f 16610 16367 16366
f 16610 16611 16367
f 16611 16612 16367
f 16612 16368 16367
f 16612 16613 16368
f 16613 16369 16368
f 16613 16371 16369
f 16371 16370 16369
f 16613 16612 16371
f 16612 16614 16371
f 16614 16615 16371
f 16615 16372 16371
f 16615 16373 16372
f 16615 16616 16373
f 16616 16617 16373
f 16617 16380 16373
f 16617 16618 16380
f 16618 16619 16380
f 16619 16620 16380
f 16619 16406 16620
f 16406 16382 16620
f 16619 16621 16406
f 16621 16407 16406
f 16621 16622 16407
f 16622 16623 16407
f 16623 16624 16407
f 16624 16625 16407
f 16625 16408 16407
f 16625 16626 16408
f 16626 16409 16408
f 16626 16410 16409
f 16626 16627 16410
f 16627 16628 16410
f 16628 16411 16410
f 16628 16412 16411
f 16628 16629 16412
f 16629 16413 16412
f 16629 16415 16413
f 16629 16416 16415
f 16629 16630 16416
f 16630 16417 16416
f 16630 16631 16417
f 16631 16632 16417
f 16632 16422 16417
f 16422 16421 16417
f 16421 16418 16417
f 16421 16419 16418
f 16632 16633 16422
f 16633 16634 16422
f 16634 16423 16422
f 16634 16424 16423
f 16634 16635 16424
f 16635 16425 16424
f 16635 16636 16425
f 16636 16427 16425
f 16636 16428 16427
f 16636 16637 16428
f 16637 16429 16428
f 16637 16638 16429
f 16638 16639 16429
f 16639 16430 16429
f 16639 16640 16430
f 16640 16641 16430
f 16641 16642 16430
f 16642 16431 16430
f 16642 16432 16431
f 16642 16643 16432
f 16643 16644 16432
f 16644 16433 16432
f 16644 16434 16433
f 16644 16645 16434
f 16645 16435 16434
f 16645 16646 16435
f 16646 16436 16435
f 16646 16437 16436
f 16646 16647 16437
f 16647 16648 16437
f 16648 16438 16437
f 16648 16649 16438
f 16649 16439 16438
f 16649 16650 16439
f 16650 16651 16439
f 16651 16440 16439
f 16651 16652 16440
f 16652 16441 16440
f 16652 16653 16441
f 16653 16442 16441
f 16653 16654 16442
f 16654 16655 16442
f 16655 16443 16442
f 16655 16656 16443
f 16656 16657 16443
f 16657 16658 16443
f 16658 16444 16443
f 16658 16445 16444
f 16658 16659 16445
f 16659 16446 16445
f 16659 16660 16446
f 16660 16661 16446
f 16661 16448 16446
f 16661 16662 16448
f 16662 16663 16448
f 16663 16449 16448
f 16663 16664 16449
f 16664 16665 16449
f 16665 16450 16449
f 16665 16451 16450
f 16665 16452 16451
f 16665 16666 16452
f 16666 16453 16452
f 16666 16667 16453
f 16667 16668 16453
f 16668 16669 16453
f 16669 16454 16453
f 16669 16456 16454
f 16669 16457 16456
f 16669 16670 16457
f 16670 16458 16457
f 16670 16671 16458
f 16671 16459 16458
f 16671 16672 16459
f 16672 16673 16459
f 16673 16460 16459
f 16673 16674 16460
f 16702 16703 16492
f 16703 16493 16492
f 16703 16704 16493
f 16704 16705 16493
f 16705 16494 16493
f 16705 16495 16494
f 16705 16706 16495
f 16797 16798 16591
f 16798 16592 16591
f 16798 16799 16592
f 16799 16593 16592
f 16799 16594 16593
f 16799 16800 16594
f 16800 16801 16594
f 16801 16595 16594
f 16801 16596 16595
f 16801 16802 16596
f 16802 16803 16596
f 16803 16597 16596
f 16803 16804 16597
f 16804 16598 16597
f 16804 16805 16598
f 16805 16806 16598
f 16806 16599 16598
f 16806 16807 16599
f 16807 16808 16599
f 16808 16600 16599
f 16808 16601 16600
f 16808 16809 16601
f 16809 16810 16601
f 16810 16602 16601
f 16810 16603 16602
f 16810 16811 16603
f 16811 16812 16603
f 16812 16604 16603
f 16812 16605 16604
f 16812 16813 16605
f 16813 16814 16605
f 16814 16815 16605
f 16815 16606 16605
f 16815 16607 16606
f 16815 16816 16607
f 16816 16817 16607
f 16817 16609 16607
f 16609 16608 16607
f 16817 16818 16609
f 16818 16819 16609
f 16819 16610 16609
f 16819 16611 16610
f 16819 16820 16611
f 16820 16614 16611
f 16614 16612 16611
f 16820 16821 16614
f 16821 16615 16614
f 16821 16822 16615
f 16822 16616 16615
f 16822 16823 16616
f 16823 16617 16616
f 16823 16824 16617
f 16824 16622 16617
f 16622 16825 16617
f 16825 16618 16617
f 16825 16621 16618
f 16621 16619 16618
f 16825 16622 16621
f 16824 16623 16622
f 16824 16826 16623
f 16826 16827 16623
f 16827 16828 16623
f 16828 16624 16623
f 16828 16829 16624
f 16829 16625 16624
f 16829 16626 16625
f 16829 16830 16626
f 16830 16627 16626
f 16830 16831 16627
f 16831 16832 16627
f 16832 16628 16627
f 16832 16630 16628
f 16630 16629 16628
f 16832 16833 16630
f 16833 16631 16630
f 16833 16834 16631
f 16834 16632 16631
f 16834 16835 16632
f 16835 16836 16632
f 16836 16837 16632
f 16837 16633 16632
f 16837 16838 16633
f 16838 16839 16633
f 16839 16634 16633
f 16839 16840 16634
f 16840 16635 16634
f 16840 16841 16635
f 16841 16636 16635
f 16841 16637 16636
f 16841 16842 16637
f 16842 16638 16637
f 16842 16843 16638
f 16843 16844 16638
f 16844 16639 16638
f 16844 16640 16639
f 16844 16845 16640
f 16845 16846 16640
f 16846 16847 16640
f 16847 16641 16640
f 16847 16848 16641
f 16848 16642 16641
f 16848 16849 16642
f 16849 16643 16642
f 16849 16644 16643
f 16849 16850 16644
f 16850 16645 16644
f 16850 16851 16645
f 16851 16646 16645
f 16851 16852 16646
f 16852 16647 16646
f 16852 16648 16647
f 16852 16853 16648
f 16853 16854 16648
f 16854 16649 16648
f 16854 16855 16649
f 16855 16650 16649
f 16855 16856 16650
f 16856 16857 16650
f 16857 16651 16650
f 16857 16858 16651
f 16858 16652 16651
f 16858 16653 16652
f 16858 16654 16653
f 16858 16859 16654
f 16859 16860 16654
f 16860 16861 16654
f 16861 16655 16654
f 16861 16656 16655
f 16861 16862 16656
f 16862 16863 16656
f 16863 16657 16656
f 16863 16660 16657
f 16660 16658 16657
f 16660 16659 16658
f 16863 16864 16660
f 16864 16661 16660
f 16864 16865 16661
f 16865 16662 16661
f 16865 16866 16662
f 16866 16867 16662
f 16867 16663 16662
f 16867 16664 16663
f 16867 16868 16664
f 16868 16665 16664
f 16868 16667 16665
f 16667 16666 16665
f 16868 16869 16667
f 16869 16668 16667
f 16869 16669 16668
f 16869 16670 16669
f 16869 16870 16670
f 16870 16671 16670
f 16870 16871 16671
f 16871 16672 16671
f 16871 16872 16672
f 16872 16673 16672
f 16872 16873 16673
f 16873 16674 16673
f 16898 16899 16701
f 16899 16702 16701
f 16899 16900 16702
f 16900 16703 16702
f 16900 16901 16703
f 16901 16704 16703
f 16901 16902 16704
f 16902 16903 16704
f 16903 16705 16704
f 16903 16706 16705
f 16903 16904 16706
f 17022 17023 16796
f 17023 16797 16796
f 17023 16798 16797
f 17023 17024 16798
f 17024 16799 16798
f 17024 16800 16799
f 17024 17025 16800
f 17025 17026 16800
f 17026 16801 16800
f 17026 16802 16801
f 17026 17027 16802
f 17027 17028 16802
f 17028 16803 16802
f 17028 16804 16803
f 17028 17029 16804
f 17029 16805 16804
f 17029 17030 16805
f 17030 17031 16805
f 17031 16806 16805
f 17031 16807 16806
f 17031 17032 16807
f 17032 16809 16807
f 16809 16808 16807
f 17032 17033 16809
f 17033 16810 16809
f 17033 16811 16810
f 17033 17034 16811
f 17034 17035 16811
f 17035 16812 16811
f 17035 17036 16812
f 17036 16813 16812
f 17036 17037 16813
f 17037 16814 16813
f 17037 17038 16814
f 17038 17039 16814
f 17039 16815 16814
f 17039 16816 16815
f 17039 17040 16816
f 17040 17041 16816
f 17041 16817 16816
f 17041 16818 16817
f 17041 17042 16818
f 17042 17043 16818
f 17043 16819 16818
f 17043 16820 16819
f 17043 17044 16820
f 17044 16821 16820
f 17044 17045 16821
f 17045 16822 16821
f 17045 16823 16822
f 17045 17046 16823
f 17046 16824 16823
f 17046 16826 16824
f 17046 17047 16826
f 17047 17048 16826
f 17048 16827 16826
f 17048 17049 16827
f 17049 17050 16827
f 17050 16828 16827
f 17050 17051 16828
f 17051 16830 16828
f 16830 16829 16828
f 17051 17052 16830
f 17052 16831 16830
f 17052 17053 16831
f 17053 17054 16831
f 17054 16832 16831
f 17054 16833 16832
f 17054 16835 16833
f 16835 16834 16833
f 17054 17055 16835
f 17055 17056 16835
f 17056 16836 16835
f 17056 17057 16836
f 17057 17058 16836
f 17058 16838 16836
f 16838 16837 16836
f 17058 17059 16838
f 17059 17060 16838
f 17060 16839 16838
f 17060 17061 16839
f 17061 16840 16839
f 17061 16841 16840
f 17061 16842 16841
f 17061 17062 16842
f 17062 16843 16842
f 17062 17063 16843
f 17063 17064 16843
f 17064 16844 16843
f 17064 16845 16844
f 17064 17065 16845
f 17065 17066 16845
f 17066 16846 16845
f 17066 17067 16846
f 17067 17068 16846
f 17068 16847 16846
f 17068 17069 16847
f 17069 17070 16847
f 17070 16848 16847
f 17070 16849 16848
f 17070 17071 16849
f 17071 16851 16849
f 16851 16850 16849
f 17071 17072 16851
f 17072 16852 16851
f 17072 16853 16852
f 17072 17073 16853
f 17073 17074 16853
f 17074 16854 16853
f 17074 16855 16854
f 17074 17075 16855
f 17075 17076 16855
f 17076 16856 16855
f 17076 17077 16856
f 17077 17078 16856
f 17078 16857 16856
f 17078 17079 16857
f 17079 16858 16857
f 17079 16859 16858
f 17079 17080 16859
f 17080 16860 16859
f 17080 17081 16860
f 17081 17082 16860
f 17082 16861 16860
f 17082 16862 16861
f 17082 17083 16862
f 17083 17084 16862
f 17084 16863 16862
f 17084 16864 16863
f 17084 17085 16864
f 17085 16865 16864
f 17085 17086 16865
f 17086 16866 16865
f 17086 17087 16866
f 17087 17088 16866
f 17088 17089 16866
f 17089 16867 16866
f 17089 17090 16867
f 17090 16868 16867
f 17090 17091 16868
f 17091 16869 16868
f 17091 17092 16869
f 17092 16870 16869
f 17092 16871 16870
f 17092 17093 16871
f 17093 16872 16871
f 17092 17094 17093
f 17094 17095 17093
f 17095 17096 17093
f 17096 17097 17093
f 17096 17098 17097
f 17098 17099 17097
f 17099 17100 17097
f 17100 16872 17097
f 17100 16873 16872
f 17100 17101 16873
f 17100 17099 17101
f 17099 17102 17101
f 17102 17103 17101
f 17103 17104 17101
f 17104 17105 17101
f 17125 17126 16897
f 17126 16898 16897
f 17126 16899 16898
f 17126 17127 16899
f 17127 17128 16899
f 17128 16900 16899
f 17128 17129 16900
f 17129 16901 16900
f 17129 17130 16901
f 17130 16902 16901
f 17130 17131 16902
f 17131 17132 16902
f 17132 16903 16902
f 17132 16904 16903
f 17132 16905 16904
f 17132 17133 16905
f 17230 17022 17021
f 17230 17231 17022
f 17231 17232 17022
f 17232 17023 17022
f 17232 17024 17023
f 17232 17025 17024
f 17232 17233 17025
f 17233 17234 17025
f 17234 17026 17025
f 17234 17027 17026
f 17234 17235 17027
f 17235 17236 17027
f 17236 17028 17027
f 17236 17029 17028
f 17236 17237 17029
f 17237 17030 17029
f 17237 17238 17030
f 17238 17239 17030
f 17239 17240 17030
f 17240 17031 17030
f 17240 17241 17031
f 17241 17032 17031
f 17241 17242 17032
f 17242 17243 17032
f 17243 17033 17032
f 17243 17034 17033
f 17243 17244 17034
f 17244 17245 17034
f 17245 17246 17034
f 17246 17035 17034
f 17246 17247 17035
f 17247 17036 17035
f 17247 17037 17036
f 17247 17248 17037
f 17248 17038 17037
f 17248 17249 17038
f 17249 17250 17038
f 17250 17039 17038
f 17250 17040 17039
f 17250 17251 17040
f 17251 17252 17040
f 17252 17041 17040
f 17252 17042 17041
f 17252 17253 17042
f 17253 17043 17042
f 17253 17044 17043
f 17253 17254 17044
f 17254 17045 17044
f 17254 17047 17045
f 17047 17046 17045
f 17254 17255 17047
f 17255 17256 17047
f 17256 17048 17047
f 17256 17049 17048
f 17256 17257 17049
f 17257 17258 17049
f 17258 17259 17049
f 17259 17050 17049
f 17259 17260 17050
f 17260 17051 17050
f 17260 17261 17051
f 17261 17052 17051
f 17261 17262 17052
f 17262 17053 17052
f 17262 17263 17053
f 17263 17055 17053
f 17055 17054 17053
f 17263 17264 17055
f 17264 17056 17055
f 17264 17265 17056
f 17265 17057 17056
f 17265 17266 17057
f 17266 17267 17057
f 17267 17268 17057
f 17268 17059 17057
f 17059 17058 17057
f 17268 17269 17059
f 17269 17270 17059
f 17270 17060 17059
f 17270 17062 17060
f 17062 17061 17060
f 17270 17063 17062
f 17270 17271 17063
f 17271 17272 17063
f 17272 17064 17063
f 17272 17065 17064
f 17272 17273 17065
f 17273 17274 17065
f 17274 17066 17065
f 17274 17067 17066
f 17274 17275 17067
f 17275 17276 17067
f 17276 17277 17067
f 17277 17278 17067
f 17278 17068 17067
f 17278 17069 17068
f 17278 17279 17069
f 17279 17070 17069
f 17279 17280 17070
f 17280 17071 17070
f 17280 17072 17071
f 17280 17281 17072
f 17281 17073 17072
f 17281 17282 17073
f 17282 17074 17073
f 17282 17283 17074
f 17283 17075 17074
f 17283 17284 17075
f 17284 17076 17075
f 17284 17285 17076
f 17285 17077 17076
f 17285 17286 17077
f 17286 17287 17077
f 17287 17078 17077
f 17287 17080 17078
f 17080 17079 17078
f 17287 17288 17080
f 17288 17081 17080
f 17288 17289 17081
f 17289 17290 17081
f 17290 17082 17081
f 17290 17083 17082
f 17290 17291 17083
f 17291 17292 17083
f 17292 17084 17083
f 17292 17085 17084
f 17292 17086 17085
f 17292 17293 17086
f 17293 17294 17086
f 17294 17087 17086
f 17294 17295 17087
f 17295 17088 17087
f 17295 17296 17088
f 17296 17297 17088
f 17297 17298 17088
f 17298 17299 17088
f 17299 17089 17088
f 17299 17090 17089
f 17299 17094 17090
f 17094 17091 17090
f 17094 17092 17091
f 17299 17095 17094
f 17299 17298 17095
f 17298 17300 17095
f 17300 17096 17095
f 17300 17098 17096
f 17300 17301 17098
f 17301 17302 17098
f 17302 17099 17098
f 17302 17102 17099
f 17302 17303 17102
f 17303 17304 17102
f 17304 17103 17102
f 17304 17305 17103
f 17305 17306 17103
f 17306 17104 17103
f 17320 17321 17124
f 17321 17125 17124
f 17321 17322 17125
f 17322 17126 17125
f 17322 17323 17126
f 17323 17127 17126
f 17323 17324 17127
f 17324 17128 17127
f 17324 17325 17128
f 17325 17129 17128
f 17325 17326 17129
f 17326 17130 17129
f 17326 17327 17130
f 17327 17131 17130
f 17327 17328 17131
f 17328 17329 17131
f 17329 17132 17131
f 17329 17133 17132
f 17329 17330 17133
f 17418 17419 17228
f 17419 17420 17228
f 17420 17230 17229
f 17420 17421 17230
f 17421 17231 17230
f 17421 17422 17231
f 17422 17233 17231
f 17233 17232 17231
f 17422 17423 17233
f 17423 17234 17233
f 17423 17235 17234
f 17423 17424 17235
f 17424 17425 17235
f 17425 17236 17235
f 17425 17237 17236
f 17425 17426 17237
f 17426 17238 17237
f 17426 17427 17238
f 17427 17239 17238
f 17427 17428 17239
f 17428 17429 17239
f 17429 17240 17239
f 17429 17430 17240
f 17430 17241 17240
f 17430 17242 17241
f 17430 17431 17242
f 17431 17432 17242
f 17432 17243 17242
f 17432 17244 17243
f 17432 17433 17244
f 17433 17434 17244
f 17434 17435 17244
f 17435 17436 17244
f 17436 17245 17244
f 17436 17437 17245
f 17437 17247 17245
f 17247 17246 17245
f 17437 17438 17247
f 17438 17248 17247
f 17438 17249 17248
f 17438 17439 17249
f 17439 17440 17249
f 17440 17250 17249
f 17440 17251 17250
f 17440 17441 17251
f 17441 17442 17251
f 17442 17252 17251
f 17442 17443 17252
f 17443 17253 17252
f 17443 17255 17253
f 17255 17254 17253
f 17443 17257 17255
f 17257 17256 17255
f 17443 17442 17257
f 17442 17444 17257
f 17444 17445 17257
f 17445 17258 17257
f 17445 17446 17258
f 17446 17447 17258
f 17447 17259 17258
f 17447 17260 17259
f 17447 17448 17260
f 17448 17449 17260
f 17449 17261 17260
f 17449 17450 17261
f 17450 17262 17261
f 17450 17263 17262
f 17450 17451 17263
f 17451 17264 17263
f 17451 17452 17264
f 17452 17265 17264
f 17452 17266 17265
f 17452 17453 17266
f 17453 17454 17266
f 17454 17455 17266
f 17455 17267 17266
f 17455 17456 17267
f 17456 17269 17267
f 17269 17268 17267
f 17456 17457 17269
f 17457 17271 17269
f 17271 17270 17269
f 17457 17458 17271
f 17458 17272 17271
f 17458 17273 17272
f 17458 17459 17273
f 17459 17460 17273
f 17460 17274 17273
f 17460 17275 17274
f 17460 17461 17275
f 17461 17462 17275
f 17462 17276 17275
f 17462 17463 17276
f 17463 17464 17276
f 17464 17465 17276
f 17465 17277 17276
f 17465 17466 17277
f 17466 17278 17277
f 17466 17467 17278
f 17467 17279 17278
f 17467 17281 17279
f 17281 17280 17279
f 17467 17282 17281
f 17467 17468 17282
f 17468 17469 17282
f 17469 17283 17282
f 17469 17470 17283
f 17470 17284 17283
f 17470 17471 17284
f 17471 17285 17284
f 17471 17472 17285
f 17472 17286 17285
f 17472 17473 17286
f 17473 17474 17286
f 17474 17288 17286
f 17288 17287 17286
f 17474 17475 17288
f 17475 17289 17288
f 17475 17476 17289
f 17476 17290 17289
f 17476 17291 17290
f 17476 17477 17291
f 17477 17478 17291
f 17478 17292 17291
f 17478 17293 17292
f 17478 17479 17293
f 17479 17294 17293
f 17479 17296 17294
f 17296 17295 17294
f 17479 17480 17296
f 17480 17481 17296
f 17481 17482 17296
f 17482 17297 17296
f 17482 17483 17297
f 17483 17484 17297
f 17484 17298 17297
f 17484 17300 17298
f 17484 17301 17300
f 17484 17485 17301
f 17485 17486 17301
f 17486 17302 17301
f 17486 17303 17302
f 17486 17487 17303
f 17487 17488 17303
f 17488 17304 17303
f 17488 17489 17304
f 17489 17305 17304
f 17489 17490 17305
f 17490 17306 17305
f 17501 17502 17320
f 17502 17321 17320
f 17502 17503 17321
f 17503 17322 17321
f 17503 17504 17322
f 17504 17323 17322
f 17504 17505 17323
f 17505 17324 17323
f 17505 17506 17324
f 17506 17325 17324
f 17506 17507 17325
f 17507 17326 17325
f 17507 17327 17326
f 17507 17508 17327
f 17508 17509 17327
f 17509 17328 17327
f 17509 17510 17328
f 17510 17511 17328
f 17511 17330 17328
f 17330 17329 17328
f 17511 17512 17330
f 17599 17600 17418
f 17600 17419 17418
f 17600 17601 17419
f 17601 17602 17419
f 17602 17420 17419
f 17602 17421 17420
f 17602 17603 17421
f 17603 17422 17421
f 17603 17604 17422
f 17604 17423 17422
f 17604 17424 17423
f 17604 17605 17424
f 17605 17606 17424
f 17606 17425 17424
f 17606 17426 17425
f 17606 17607 17426
f 17607 17427 17426
f 17607 17608 17427
f 17608 17428 17427
f 17608 17609 17428
f 17609 17610 17428
f 17610 17429 17428
f 17610 17611 17429
f 17611 17431 17429
f 17431 17430 17429
f 17611 17612 17431
f 17612 17433 17431
f 17433 17432 17431
f 17612 17613 17433
f 17613 17434 17433
f 17613 17614 17434
f 17614 17435 17434
f 17614 17615 17435
f 17615 17616 17435
f 17616 17436 17435
f 17616 17438 17436
f 17438 17437 17436
f 17616 17439 17438
f 17616 17617 17439
f 17617 17618 17439
f 17618 17619 17439
f 17619 17441 17439
f 17441 17440 17439
f 17619 17444 17441
f 17444 17442 17441
f 17619 17620 17444
f 17620 17621 17444
f 17621 17445 17444
f 17621 17446 17445
f 17621 17622 17446
f 17622 17623 17446
f 17623 17448 17446
f 17448 17447 17446
f 17623 17624 17448
f 17624 17625 17448
f 17625 17449 17448
f 17625 17626 17449
f 17626 17450 17449
f 17626 17451 17450
f 17626 17627 17451
f 17627 17452 17451
f 17627 17453 17452
f 17627 17628 17453
f 17628 17629 17453
f 17629 17454 17453
f 17629 17630 17454
f 17630 17631 17454
f 17631 17455 17454
f 17631 17632 17455
f 17632 17457 17455
f 17457 17456 17455
f 17632 17633 17457
f 17633 17458 17457
f 17633 17459 17458
f 17633 17634 17459
f 17634 17635 17459
f 17635 17460 17459
f 17635 17636 17460
f 17636 17461 17460
f 17636 17462 17461
f 17636 17637 17462
f 17637 17463 17462
f 17637 17638 17463
f 17638 17639 17463
f 17639 17640 17463
f 17640 17464 17463
f 17640 17641 17464
f 17641 17465 17464
f 17641 17642 17465
f 17642 17643 17465
f 17643 17466 17465
f 17643 17468 17466
f 17468 17467 17466
f 17643 17644 17468
f 17644 17469 17468
f 17644 17470 17469
f 17644 17645 17470
f 17645 17646 17470
f 17646 17471 17470
f 17646 17647 17471
f 17647 17472 17471
f 17647 17648 17472
f 17648 17473 17472
f 17648 17649 17473
f 17649 17650 17473
f 17650 17475 17473
f 17475 17474 17473
f 17650 17651 17475
f 17651 17476 17475
f 17651 17652 17476
f 17652 17477 17476
f 17652 17653 17477
f 17653 17478 17477
f 17653 17479 17478
f 17653 17480 17479
f 17653 17654 17480
f 17654 17655 17480
f 17655 17481 17480
f 17655 17656 17481
f 17656 17657 17481
f 17657 17482 17481
f 17657 17483 17482
f 17657 17658 17483
f 17658 17485 17483
f 17485 17484 17483
f 17658 17659 17485
f 17659 17486 17485
f 17659 17487 17486
f 17659 17660 17487
f 17660 17661 17487
f 17661 17662 17487
f 17662 17488 17487
f 17662 17663 17488
f 17663 17489 17488
f 17663 17664 17489
f 17664 17490 17489
f 17664 17665 17490
f 17671 17672 17500
f 17672 17501 17500
f 17672 17673 17501
f 17673 17502 17501
f 17673 17674 17502
f 17674 17503 17502
f 17674 17675 17503
f 17675 17504 17503
f 17675 17676 17504
f 17676 17505 17504
f 17676 17677 17505
f 17677 17506 17505
f 17677 17678 17506
f 17678 17507 17506
f 17678 17679 17507
f 17679 17508 17507
f 17679 17680 17508
f 17680 17509 17508
f 17680 17681 17509
f 17681 17510 17509
f 17681 17682 17510
f 17682 17683 17510
f 17683 17511 17510
f 17683 17512 17511
f 17683 17684 17512
f 17752 17753 17599
f 17753 17600 17599
f 17753 17754 17600
f 17754 17601 17600
f 17754 17755 17601
f 17755 17756 17601
f 17756 17757 17601
f 17757 17602 17601
f 17757 17603 17602
f 17757 17758 17603
f 17758 17604 17603
f 17758 17605 17604
f 17758 17759 17605
f 17759 17760 17605
f 17760 17606 17605
f 17760 17607 17606
f 17760 17761 17607
f 17761 17608 17607
f 17761 17762 17608
f 17762 17609 17608
f 17762 17763 17609
f 17763 17764 17609
f 17764 17610 17609
f 17764 17765 17610
f 17765 17611 17610
f 17765 17612 17611
f 17765 17766 17612
f 17766 17613 17612
f 17766 17767 17613
f 17767 17614 17613
f 17767 17768 17614
f 17768 17769 17614
f 17769 17615 17614
f 17769 17770 17615
f 17770 17771 17615
f 17771 17616 17615
f 17771 17617 17616
f 17771 17772 17617
f 17772 17618 17617
f 17772 17773 17618
f 17773 17774 17618
f 17774 17775 17618
f 17775 17620 17618
f 17620 17619 17618
f 17775 17621 17620
f 17775 17622 17621
f 17775 17774 17622
f 17774 17773 17622
f 17773 17776 17622
f 17776 17777 17622
f 17777 17778 17622
f 17778 17779 17622
f 17779 17780 17622
f 17780 17781 17622
f 17781 17623 17622
f 17781 17624 17623
f 17781 17780 17624
f 17780 17782 17624
f 17782 17783 17624
f 17783 17625 17624
f 17783 17626 17625
f 17783 17627 17626
f 17783 17628 17627
f 17783 17784 17628
f 17784 17785 17628
f 17785 17629 17628
f 17785 17786 17629
f 17786 17630 17629
f 17786 17787 17630
f 17787 17788 17630
f 17788 17631 17630
f 17788 17789 17631
f 17789 17633 17631
f 17633 17632 17631
f 17789 17634 17633
f 17789 17790 17634
f 17790 17791 17634
f 17791 17792 17634
f 17792 17635 17634
f 17792 17793 17635
f 17793 17636 17635
f 17793 17637 17636
f 17793 17794 17637
f 17794 17638 17637
f 17794 17795 17638
f 17795 17796 17638
f 17796 17639 17638
f 17796 17797 17639
f 17797 17798 17639
f 17798 17640 17639
f 17798 17641 17640
f 17798 17799 17641
f 17799 17642 17641
f 17799 17800 17642
f 17800 17643 17642
f 17800 17644 17643
f 17800 17801 17644
f 17801 17645 17644
f 17801 17646 17645
f 17801 17802 17646
f 17802 17803 17646
f 17803 17804 17646
f 17804 17647 17646
f 17804 17805 17647
f 17805 17648 17647
f 17805 17806 17648
f 17806 17649 17648
f 17806 17807 17649
f 17807 17808 17649
f 17808 17650 17649
f 17808 17809 17650
f 17809 17651 17650
f 17809 17810 17651
f 17810 17652 17651
f 17810 17811 17652
f 17811 17812 17652
f 17812 17653 17652
f 17812 17654 17653
f 17812 17813 17654
f 17813 17814 17654
f 17814 17655 17654
f 17814 17815 17655
f 17815 17656 17655
f 17815 17816 17656
f 17816 17817 17656
f 17817 17657 17656
f 17817 17658 17657
f 17817 17660 17658
f 17660 17659 17658
f 17817 17818 17660
f 17818 17661 17660
f 17818 17819 17661
f 17819 17820 17661
f 17820 17662 17661
f 17820 17663 17662
f 17820 17821 17663
f 17821 17822 17663
f 17822 17664 17663
f 17822 17823 17664
f 17823 17665 17664
f 17823 17670 17665
f 17823 17671 17670
f 17823 17824 17671
f 17824 17672 17671
f 17824 17825 17672
f 17825 17673 17672
f 17825 17826 17673
f 17826 17674 17673
f 17826 17827 17674
f 17827 17828 17674
f 17828 17675 17674
f 17828 17829 17675
f 17829 17676 17675
f 17829 17830 17676
f 17830 17677 17676
f 17830 17678 17677
f 17830 17831 17678
f 17831 17679 17678
f 17831 17832 17679
f 17832 17833 17679
f 17833 17680 17679
f 17833 17681 17680
f 17833 17834 17681
f 17834 17682 17681
f 17834 17835 17682
f 17835 17836 17682
f 17836 17683 17682
f 17836 17684 17683
f 17836 17837 17684
f 17902 17903 17752
f 17903 17753 17752
f 17903 17904 17753
f 17904 17754 17753
f 17904 17905 17754
f 17905 17755 17754
f 17905 17906 17755
f 17906 17907 17755
f 17907 17908 17755
f 17908 17756 17755
f 17908 17757 17756
f 17908 17759 17757
f 17759 17758 17757
f 17908 17907 17759
f 17907 17909 17759
f 17909 17760 17759
f 17909 17761 17760
f 17909 17910 17761
f 17910 17762 17761
f 17910 17911 17762
f 17911 17763 17762
f 17911 17912 17763
f 17912 17913 17763
f 17913 17764 17763
f 17913 17914 17764
f 17914 17765 17764
f 17914 17766 17765
f 17914 17767 17766
f 17914 17915 17767
f 17915 17916 17767
f 17916 17917 17767
f 17917 17768 17767
f 17917 17918 17768
f 17918 17770 17768
f 17770 17769 17768
f 17918 17919 17770
f 17919 17920 17770
f 17920 17771 17770
f 17920 17772 17771
f 17920 17773 17772
f 17920 17921 17773
f 17921 17922 17773
f 17922 17777 17773
f 17777 17776 17773
f 17922 17923 17777
f 17923 17924 17777
f 17924 17779 17777
f 17779 17778 17777
f 17924 17925 17779
f 17925 17780 17779
f 17925 17782 17780
f 17925 17783 17782
f 17925 17784 17783
f 17925 17926 17784
f 17926 17785 17784
f 17926 17927 17785
f 17927 17786 17785
f 17927 17787 17786
f 17927 17928 17787
f 17928 17929 17787
f 17929 17930 17787
f 17930 17931 17787
f 17931 17788 17787
f 17931 17789 17788
f 17931 17790 17789
f 17931 17791 17790
f 17931 17932 17791
f 17932 17933 17791
f 17933 17934 17791
f 17934 17793 17791
f 17793 17792 17791
f 17934 17794 17793
f 17934 17935 17794
f 17935 17795 17794
f 17935 17936 17795
f 17936 17796 17795
f 17936 17937 17796
f 17937 17938 17796
f 17938 17797 17796
f 17938 17939 17797
f 17939 17798 17797
f 17939 17940 17798
f 17940 17941 17798
f 17941 17799 17798
f 17941 17800 17799
f 17941 17801 17800
f 17941 17802 17801
f 17941 17942 17802
f 17942 17943 17802
f 17943 17803 17802
f 17943 17944 17803
f 17944 17805 17803
f 17805 17804 17803
f 17944 17945 17805
f 17945 17806 17805
f 17945 17807 17806
f 17945 17946 17807
f 17946 17947 17807
f 17947 17948 17807
f 17948 17808 17807
f 17948 17949 17808
f 17949 17809 17808
f 17949 17810 17809
f 17949 17950 17810
f 17950 17811 17810
f 17950 17951 17811
f 17951 17813 17811
f 17813 17812 17811
f 17951 17814 17813
f 17951 17952 17814
f 17952 17953 17814
f 17953 17815 17814
f 17953 17954 17815
f 17954 17816 17815
f 17954 17955 17816
f 17955 17818 17816
f 17818 17817 17816
f 17955 17819 17818
f 17955 17956 17819
f 17956 17957 17819
f 17957 17820 17819
f 17957 17821 17820
f 17957 17958 17821
f 17958 17959 17821
f 17959 17960 17821
f 17960 17822 17821
f 17960 17824 17822
f 17824 17823 17822
f 17960 17825 17824
f 17960 17959 17825
f 17959 17826 17825
f 17959 17961 17826
f 17961 17827 17826
f 17961 17962 17827
f 17962 17828 17827
f 17962 17963 17828
f 17963 17829 17828
f 17963 17964 17829
f 17964 17830 17829
f 17964 17965 17830
f 17965 17831 17830
f 17965 17966 17831
f 17966 17832 17831
f 17966 17967 17832
f 17967 17833 17832
f 17967 17968 17833
f 17968 17834 17833
f 17968 17969 17834
f 17969 17835 17834
f 17969 17970 17835
f 17970 17971 17835
f 17971 17836 17835
f 17971 17837 17836
f 17971 17972 17837
f 18024 18025 17896
f 18025 18026 17896
f 18026 18027 17898
f 18027 18028 17898
f 18028 18029 17898
f 18030 18031 17901
f 18031 17903 17902
f 18031 18032 17903
f 18032 18033 17903
f 18033 17904 17903
f 18033 18034 17904
f 18034 17905 17904
f 18034 17906 17905
f 18034 18035 17906
f 18035 18036 17906
f 18036 18037 17906
f 18037 17907 17906
f 18037 17909 17907
f 18037 17910 17909
f 18037 18036 17910
f 18036 17911 17910
f 18036 18038 17911
f 18038 17912 17911
f 18038 18039 17912
f 18039 17913 17912
f 18039 17915 17913
f 17915 17914 17913
f 18039 18040 17915
f 18040 17916 17915
f 18040 18041 17916
f 18041 17917 17916
f 18041 18042 17917
f 18042 18043 17917
f 18043 18044 17917
f 18044 17919 17917
f 17919 17918 17917
f 18044 18045 17919
f 18045 17921 17919
f 17921 17920 17919
f 18045 18046 17921
f 18046 17923 17921
f 17923 17922 17921
f 18046 18047 17923
f 18047 18048 17923
f 18048 17924 17923
f 18048 18049 17924
f 18049 18050 17924
f 18050 17925 17924
f 18050 17926 17925
f 18050 18051 17926
f 18051 17927 17926
f 18051 17928 17927
f 18051 18052 17928
f 18052 18053 17928
f 18053 17929 17928
f 18053 18054 17929
f 18054 18055 17929
f 18055 17930 17929
f 18055 17931 17930
f 18055 17932 17931
f 18055 17933 17932
f 18055 18056 17933
f 18056 18057 17933
f 18057 17934 17933
f 18057 17935 17934
f 18057 17936 17935
f 18057 18058 17936
f 18058 18059 17936
f 18059 18060 17936
f 18060 17937 17936
f 18060 18061 17937
f 18061 18062 17937
f 18062 18063 17937
f 18063 17938 17937
f 18063 18064 17938
f 18064 18065 17938
f 18065 17939 17938
f 18065 18066 17939
f 18066 17940 17939
f 18066 18067 17940
f 18067 17942 17940
f 17942 17941 17940
f 18067 17943 17942
f 18067 18068 17943
f 18068 18069 17943
f 18069 18070 17943
f 18070 18071 17943
f 18071 17944 17943
f 18071 17945 17944
f 18071 18072 17945
f 18072 18073 17945
f 18073 17946 17945
f 18073 18074 17946
f 18074 17947 17946
f 18074 18075 17947
f 18075 18076 17947
f 18076 17948 17947
f 18076 18077 17948
f 18077 17950 17948
f 17950 17949 17948
f 18077 18078 17950
f 18078 17951 17950
f 18078 18079 17951
f 18079 17952 17951
f 18079 18080 17952
f 18080 17953 17952
f 18080 18081 17953
f 18081 17954 17953
f 18081 18082 17954
f 18082 17955 17954
f 18082 17956 17955
f 18082 18083 17956
f 18083 18084 17956
f 18084 17957 17956
f 18084 17958 17957
f 18084 18085 17958
f 18085 17959 17958
f 18085 17961 17959
f 18085 17962 17961
f 18085 18086 17962
f 18086 18087 17962
f 18087 17963 17962
f 18087 17964 17963
f 18087 18088 17964
f 18088 18089 17964
f 18089 17965 17964
f 18089 18090 17965
f 18090 17966 17965
f 18090 18091 17966
f 18091 17967 17966
f 18091 18092 17967
f 18092 17968 17967
f 18092 18093 17968
f 18093 17969 17968
f 18093 18094 17969
f 18094 17970 17969
f 18094 18095 17970
f 18095 18096 17970
f 18096 17971 17970
f 18096 17972 17971
f 18096 18097 17972
f 18097 17973 17972
f 18141 18142 18024
f 18142 18025 18024
f 18142 18143 18025
f 18143 18144 18025
f 18144 18027 18025
f 18027 18026 18025
f 18144 18145 18027
f 18145 18028 18027
f 18145 18146 18028
f 18146 18147 18028
f 18147 18029 18028
f 18147 18030 18029
f 18147 18148 18030
f 18148 18032 18030
f 18032 18031 18030
f 18148 18033 18032
f 18148 18149 18033
f 18149 18150 18033
f 18150 18151 18033
f 18151 18152 18033
f 18152 18034 18033
f 18152 18035 18034
f 18152 18151 18035
f 18151 18153 18035
f 18153 18154 18035
f 18154 18036 18035
f 18154 18038 18036
f 18154 18155 18038
f 18155 18156 18038
f 18156 18039 18038
f 18156 18157 18039
f 18157 18040 18039
f 18157 18158 18040
f 18158 18042 18040
f 18042 18041 18040
f 18158 18159 18042
f 18159 18160 18042
f 18160 18043 18042
f 18160 18161 18043
f 18161 18044 18043
f 18161 18045 18044
f 18161 18162 18045
f 18162 18046 18045
f 18162 18047 18046
f 18162 18163 18047
f 18163 18164 18047
f 18164 18048 18047
f 18164 18165 18048
f 18165 18049 18048
f 18165 18052 18049
f 18052 18051 18049
f 18051 18050 18049
f 18165 18166 18052
f 18166 18167 18052
f 18167 18053 18052
f 18167 18168 18053
f 18168 18169 18053
f 18169 18054 18053
f 18169 18170 18054
f 18170 18056 18054
f 18056 18055 18054
f 18170 18171 18056
f 18171 18057 18056
f 18171 18058 18057
f 18171 18059 18058
f 18171 18172 18059
f 18172 18173 18059
f 18173 18174 18059
f 18174 18061 18059
f 18061 18060 18059
f 18174 18175 18061
f 18175 18062 18061
f 18175 18176 18062
f 18176 18063 18062
f 18176 18064 18063
f 18176 18177 18064
f 18177 18178 18064
f 18178 18179 18064
f 18179 18065 18064
f 18179 18066 18065
f 18179 18069 18066
f 18069 18068 18066
f 18068 18067 18066
f 18179 18180 18069
f 18180 18181 18069
f 18181 18070 18069
f 18181 18182 18070
f 18182 18071 18070
f 18182 18072 18071
f 18182 18073 18072
f 18182 18183 18073
f 18183 18184 18073
f 18184 18074 18073
f 18184 18185 18074
f 18185 18075 18074
f 18185 18186 18075
f 18186 18187 18075
f 18187 18188 18075
f 18188 18076 18075
f 18188 18077 18076
f 18188 18078 18077
f 18188 18189 18078
f 18189 18079 18078
f 18189 18190 18079
f 18190 18080 18079
f 18190 18191 18080
f 18191 18081 18080
f 18191 18192 18081
f 18192 18082 18081
f 18192 18083 18082
f 18192 18193 18083
f 18193 18194 18083
f 18194 18084 18083
f 18194 18085 18084
f 18194 18086 18085
f 18194 18195 18086
f 18195 18087 18086
f 18195 18196 18087
f 18196 18088 18087
f 18196 18197 18088
f 18197 18089 18088
f 18197 18198 18089
f 18198 18090 18089
f 18198 18199 18090
f 18199 18091 18090
f 18199 18200 18091
f 18200 18092 18091
f 18200 18201 18092
f 18201 18093 18092
f 18201 18202 18093
f 18202 18094 18093
f 18202 18203 18094
f 18203 18095 18094
f 18203 18204 18095
f 18204 18205 18095
f 18205 18096 18095
f 18205 18097 18096
f 18205 18206 18097
f 18206 18098 18097
f 18233 18234 18141
f 18234 18142 18141
f 18234 18235 18142
f 18235 18236 18142
f 18236 18143 18142
f 18236 18237 18143
f 18237 18238 18143
f 18238 18144 18143
f 18238 18239 18144
f 18239 18145 18144
f 18239 18146 18145
f 18239 18240 18146
f 18240 18149 18146
f 18149 18148 18146
f 18148 18147 18146
f 18240 18241 18149
f 18241 18150 18149
f 18241 18242 18150
f 18242 18243 18150
f 18243 18151 18150
f 18243 18153 18151
f 18243 18244 18153
f 18244 18154 18153
f 18244 18155 18154
f 18244 18245 18155
f 18245 18157 18155
f 18157 18156 18155
f 18245 18246 18157
f 18246 18158 18157
f 18246 18247 18158
f 18247 18159 18158
f 18247 18248 18159
f 18248 18249 18159
f 18249 18250 18159
f 18250 18160 18159
f 18250 18161 18160
f 18250 18162 18161
f 18250 18163 18162
f 18250 18249 18163
f 18249 18251 18163
f 18251 18252 18163
f 18252 18164 18163
f 18252 18166 18164
f 18166 18165 18164
f 18252 18253 18166
f 18253 18168 18166
f 18168 18167 18166
f 18253 18254 18168
f 18254 18255 18168
f 18255 18169 18168
f 18255 18170 18169
f 18255 18172 18170
f 18172 18171 18170
f 18255 18256 18172
f 18256 18173 18172
f 18256 18257 18173
f 18257 18258 18173
f 18258 18174 18173
f 18258 18259 18174
f 18259 18175 18174
f 18259 18260 18175
f 18260 18176 18175
f 18260 18177 18176
f 18260 18261 18177
f 18261 18262 18177
f 18262 18263 18177
f 18263 18178 18177
f 18263 18180 18178
f 18180 18179 18178
f 18263 18264 18180
f 18264 18181 18180
f 18264 18265 18181
f 18265 18266 18181
f 18266 18182 18181
f 18266 18267 18182
f 18267 18183 18182
f 18267 18184 18183
f 18267 18268 18184
f 18268 18269 18184
f 18269 18185 18184
f 18269 18270 18185
f 18270 18186 18185
f 18270 18271 18186
f 18271 18272 18186
f 18272 18187 18186
f 18272 18273 18187
f 18273 18188 18187
f 18273 18189 18188
f 18273 18274 18189
f 18274 18190 18189
f 18274 18275 18190
f 18275 18191 18190
f 18275 18276 18191
f 18276 18192 18191
f 18276 18193 18192
f 18276 18277 18193
f 18277 18195 18193
f 18195 18194 18193
f 18277 18196 18195
f 18277 18278 18196
f 18278 18197 18196
f 18278 18279 18197
f 18279 18198 18197
f 18279 18280 18198
f 18280 18199 18198
f 18280 18281 18199
f 18281 18200 18199
f 18281 18282 18200
f 18282 18201 18200
f 18282 18283 18201
f 18283 18202 18201
f 18283 18284 18202
f 18284 18203 18202
f 18284 18285 18203
f 18285 18204 18203
f 18285 18286 18204
f 18286 18287 18204
f 18287 18205 18204
f 18287 18206 18205
f 18287 18288 18206
f 18288 18207 18206
f 18288 18289 18207
f 18305 18306 18231
f 18306 18233 18231
f 18306 18235 18233
f 18235 18234 18233
f 18306 18307 18235
f 18307 18308 18235
f 18308 18236 18235
f 18308 18309 18236
f 18309 18310 18236
f 18310 18311 18236
f 18311 18237 18236
f 18311 18312 18237
f 18312 18238 18237
f 18312 18313 18238
f 18313 18314 18238
f 18314 18239 18238
f 18314 18240 18239
f 18314 18315 18240
f 18315 18241 18240
f 18315 18316 18241
f 18316 18242 18241
f 18316 18317 18242
f 18317 18243 18242
f 18317 18244 18243
f 18317 18318 18244
f 18318 18245 18244
f 18318 18319 18245
f 18319 18246 18245
f 18319 18320 18246
f 18320 18247 18246
f 18320 18321 18247
f 18321 18248 18247
f 18321 18322 18248
f 18322 18249 18248
f 18322 18323 18249
f 18323 18251 18249
f 18323 18252 18251
f 18323 18324 18252
f 18324 18253 18252
f 18324 18325 18253
f 18325 18254 18253
f 18325 18326 18254
f 18326 18257 18254
f 18257 18256 18254
f 18256 18255 18254
f 18326 18258 18257
f 18326 18327 18258
f 18327 18328 18258
f 18328 18259 18258
f 18328 18329 18259
f 18329 18260 18259
f 18329 18261 18260
f 18329 18330 18261
f 18330 18331 18261
f 18331 18262 18261
f 18331 18332 18262
f 18332 18333 18262
f 18333 18334 18262
f 18334 18263 18262
f 18334 18264 18263
f 18334 18265 18264
f 18334 18335 18265
f 18335 18336 18265
f 18336 18267 18265
f 18267 18266 18265
f 18336 18268 18267
f 18336 18337 18268
f 18337 18338 18268
f 18338 18269 18268
f 18338 18270 18269
f 18338 18339 18270
f 18339 18340 18270
f 18340 18271 18270
f 18340 18341 18271
f 18341 18342 18271
f 18342 18272 18271
f 18342 18343 18272
f 18343 18273 18272
f 18343 18274 18273
f 18343 18344 18274
f 18344 18275 18274
f 18344 18345 18275
f 18345 18276 18275
f 18345 18277 18276
f 18345 18278 18277
f 18345 18346 18278
f 18346 18279 18278
f 18346 18347 18279
f 18347 18280 18279
f 18347 18348 18280
f 18348 18281 18280
f 18348 18349 18281
f 18349 18282 18281
f 18349 18350 18282
f 18350 18351 18282
f 18351 18283 18282
f 18351 18284 18283
f 18351 18352 18284
f 18352 18353 18284
f 18353 18285 18284
f 18353 18286 18285
f 18353 18354 18286
f 18354 18355 18286
f 18355 18356 18286
f 18356 18287 18286
f 18356 18288 18287
f 18356 18357 18288
f 18357 18289 18288
f 18357 18358 18289
f 18368 18369 18304
f 18369 18370 18304
f 18370 18305 18304
f 18370 18307 18305
f 18307 18306 18305
f 18370 18371 18307
f 18371 18308 18307
f 18371 18372 18308
f 18372 18309 18308
f 18372 18373 18309
f 18373 18310 18309
f 18373 18374 18310
f 18374 18375 18310
f 18375 18376 18310
f 18376 18377 18310
f 18377 18311 18310
f 18377 18312 18311
f 18377 18313 18312
f 18377 18376 18313
f 18376 18378 18313
f 18378 18314 18313
f 18378 18315 18314
f 18378 18316 18315
f 18378 18379 18316
f 18379 18317 18316
f 18379 18380 18317
f 18380 18319 18317
f 18319 18318 18317
f 18380 18381 18319
f 18381 18320 18319
f 18381 18382 18320
f 18382 18321 18320
f 18382 18383 18321
f 18383 18384 18321
f 18384 18322 18321
f 18384 18385 18322
f 18385 18323 18322
f 18385 18324 18323
f 18385 18325 18324
f 18385 18386 18325
f 18386 18387 18325
f 18387 18326 18325
f 18387 18327 18326
f 18387 18388 18327
f 18388 18389 18327
f 18389 18390 18327
f 18390 18328 18327
f 18390 18391 18328
f 18391 18392 18328
f 18392 18329 18328
f 18392 18393 18329
f 18393 18330 18329
f 18393 18394 18330
f 18394 18331 18330
f 18394 18395 18331
f 18395 18332 18331
f 18395 18396 18332
f 18396 18397 18332
f 18397 18333 18332
f 18397 18335 18333
f 18335 18334 18333
f 18397 18398 18335
f 18398 18336 18335
f 18398 18399 18336
f 18399 18337 18336
f 18399 18338 18337
f 18399 18400 18338
f 18400 18401 18338
f 18401 18339 18338
f 18401 18402 18339
f 18402 18340 18339
f 18402 18403 18340
f 18403 18341 18340
f 18403 18404 18341
f 18404 18342 18341
f 18404 18405 18342
f 18405 18343 18342
f 18405 18344 18343
f 18405 18346 18344
f 18346 18345 18344
f 18405 18347 18346
f 18405 18404 18347
f 18404 18348 18347
f 18404 18406 18348
f 18406 18349 18348
f 18406 18350 18349
f 18406 18403 18350
f 18403 18407 18350
f 18407 18408 18350
f 18408 18409 18350
f 18409 18351 18350
f 18409 18352 18351
f 18409 18410 18352
f 18410 18353 18352
f 18410 18411 18353
f 18411 18354 18353
f 18411 18412 18354
f 18412 18355 18354
f 18412 18413 18355
f 18413 18414 18355
f 18414 18357 18355
f 18357 18356 18355
f 18414 18415 18357
f 18415 18358 18357
f 18415 18416 18360
f 18416 18361 18360
f 18416 18417 18361
f 18417 18362 18361
f 18417 18418 18362
f 18420 18421 18368
f 18421 18422 18368
f 18422 18369 18368
f 18422 18423 18369
f 18423 18370 18369
f 18423 18371 18370
f 18423 18424 18371
f 18424 18425 18371
f 18425 18372 18371
f 18425 18373 18372
f 18425 18426 18373
f 18426 18374 18373
f 18426 18427 18374
f 18427 18428 18374
f 18428 18375 18374
f 18428 18429 18375
f 18429 18376 18375
f 18429 18430 18376
f 18430 18431 18376
f 18431 18378 18376
f 18431 18432 18378
f 18432 18379 18378
f 18432 18433 18379
f 18433 18380 18379
f 18433 18381 18380
f 18433 18434 18381
f 18434 18382 18381
f 18434 18435 18382
f 18435 18383 18382
f 18435 18436 18383
f 18436 18437 18383
f 18437 18384 18383
f 18437 18385 18384
f 18437 18386 18385
f 18437 18387 18386
f 18437 18438 18387
f 18438 18388 18387
f 18438 18389 18388
f 18438 18439 18389
f 18439 18440 18389
f 18440 18390 18389
f 18440 18391 18390
f 18440 18441 18391
f 18441 18392 18391
f 18441 18393 18392
f 18441 18442 18393
f 18442 18394 18393
f 18442 18395 18394
f 18442 18443 18395
f 18443 18444 18395
f 18444 18396 18395
f 18444 18445 18396
f 18445 18446 18396
f 18446 18397 18396
f 18445 18447 18446
f 18447 18448 18446
f 18448 18449 18446
f 18448 18450 18449
f 18448 18451 18450
f 18451 18452 18450
f 18452 18453 18450
f 18453 18454 18450
f 18454 18455 18450
f 18455 18400 18450
f 18455 18401 18400
f 18455 18402 18401
f 18455 18407 18402
f 18407 18403 18402
f 18455 18408 18407
f 18455 18454 18408
f 18454 18453 18408
f 18452 18456 18453
f 18452 18457 18456
f 18457 18458 18456
f 18458 18459 18456
f 18458 18460 18459
f 18460 18461 18459
f 18461 18412 18459
f 18412 18411 18459
f 18411 18410 18459
f 18410 18408 18459
f 18410 18409 18408
f 18461 18413 18412
f 18461 18462 18413
f 18462 18414 18413
f 18462 18415 18414
f 18462 18416 18415
f 18462 18463 18416
f 18463 18417 18416
f 18463 18464 18417
f 18464 18418 18417
f 18464 18465 18418
f 18465 18421 18418
f 18421 18420 18418
f 18420 18419 18418
f 18465 18466 18421
f 18466 18422 18421
f 18466 18423 18422
f 18466 18467 18423
f 18467 18424 18423
f 18467 18468 18424
f 18468 18425 18424
f 18468 18469 18425
f 18469 18426 18425
f 18469 18470 18426
f 18470 18427 18426
f 18470 18471 18427
f 18471 18472 18427
f 18472 18428 18427
f 18472 18473 18428
f 18473 18429 18428
f 18473 18474 18429
f 18474 18430 18429
f 18474 18475 18430
f 18475 18432 18430
f 18432 18431 18430
f 18475 18434 18432
f 18434 18433 18432
f 18475 18435 18434
f 18475 18476 18435
f 18476 18436 18435
f 18476 18477 18436
f 18477 18438 18436
f 18438 18437 18436
f 18477 18439 18438
f 18477 18478 18439
f 18478 18479 18439
f 18479 18480 18439
f 18480 18440 18439
f 18480 18481 18440
f 18481 18441 18440
f 18481 18482 18441
f 18482 18442 18441
f 18482 18443 18442
f 18482 18483 18443
f 18483 18444 18443
f 18483 18484 18444
f 18484 18445 18444
f 18484 18485 18445
f 18485 18486 18445
f 18486 18447 18445
f 18486 18451 18447
f 18451 18448 18447
f 18486 18487 18451
f 18487 18457 18451
f 18457 18488 18451
f 18488 18452 18451
f 18488 18457 18452
f 18487 18489 18457
f 18489 18490 18457
f 18490 18491 18457
f 18491 18458 18457
f 18491 18460 18458
f 18491 18461 18460
f 18491 18492 18461
f 18492 18463 18461
f 18463 18462 18461
f 18492 18464 18463
f 18492 18493 18464
f 18493 18465 18464
f 18493 18494 18465
f 18494 18466 18465
f 18494 18467 18466
f 18494 18468 18467
f 18494 18495 18468
f 18495 18496 18468
f 18496 18469 18468
f 18496 18497 18469
f 18497 18470 18469
f 18497 18498 18470
f 18498 18471 18470
f 18498 18499 18471
f 18499 18500 18471
f 18500 18472 18471
f 18500 18479 18472
f 18479 18473 18472
f 18479 18478 18473
f 18478 18474 18473
f 18478 18476 18474
f 18476 18475 18474
f 18478 18477 18476
f 18500 18480 18479
f 18500 18481 18480
f 18500 18499 18481
f 18499 18482 18481
f 18499 18483 18482
f 18499 18498 18483
f 18498 18484 18483
f 18498 18497 18484
f 18497 18485 18484
f 18497 18496 18485
f 18496 18501 18485
f 18501 18486 18485
f 18501 18487 18486
f 18501 18489 18487
f 18501 18502 18489
f 18502 18490 18489
f 18502 18494 18490
f 18494 18493 18490
f 18493 18492 18490
f 18492 18491 18490
f 18502 18495 18494
f 18502 18501 18495
f 18501 18496 18495
f 18406 18404 18403
f 16405 18505 16385
f 18505 16387 16385
f 18505 16390 16387
f 16390 16389 16387
f 18505 18506 16390
f 18506 16391 16390
f 18506 18507 16391
f 18507 16392 16391
f 18507 18508 16392
f 18508 16393 16392
f 18508 18509 16393
f 18509 16394 16393
f 18509 16395 16394
f 18509 18510 16395
f 18510 16396 16395
f 18510 18511 16396
f 18511 16397 16396
f 18511 16400 16397
f 16400 16398 16397
f 18511 16401 16400
f 18511 18512 16401
f 18512 16402 16401
f 18512 16403 16402
f 18512 18513 16403
f 18513 18514 16403
f 18514 16404 16403
f 18514 18515 16404
f 18515 16405 16404
f 18515 18506 16405
f 18506 18505 16405
f 18515 18507 18506
f 18515 18514 18507
f 18514 18508 18507
f 18514 18513 18508
f 18513 18509 18508
f 18513 18510 18509
f 18513 18512 18510
f 18512 18511 18510
f 16379 16374 16380
f 16379 16375 16374
f 15372 15360 15359
f 15372 15361 15360
f 15372 15371 15361
f 15371 15362 15361
f 15371 15370 15362
f 15370 15369 15362
f 15369 15363 15362
f 15369 15364 15363
f 9650 9649 9651
f 8907 8858 8857
f 8907 8905 8858
f 8905 8859 8858
f 8905 18541 8859
f 18541 18542 8859
f 18542 8860 8859
f 18542 8861 8860
f 18542 18543 8861
f 18543 8862 8861
f 18543 8863 8862
f 18542 18544 18543
f 18542 18541 18544
f 18541 8903 18544
f 18541 8904 8903
f 18541 8905 8904
f 8907 8906 8905
f 8902 18545 8903
f 8902 8901 18545
f 8901 18546 18545
f 18546 18547 18545
f 18546 18548 18547
f 18548 8864 18547
f 8864 8863 18547
f 18548 8865 8864
f 18548 18549 8865
f 18549 8866 8865
f 18549 18550 8866
f 18550 8867 8866
f 18550 18551 8867
f 18551 8868 8867
f 18551 18552 8868
f 18552 8869 8868
f 18552 8870 8869
f 18552 18553 8870
f 18568 8892 8891
f 18568 8893 8892
f 18568 18569 8893
f 18569 8894 8893
f 18569 18570 8894
f 18570 8895 8894
f 18570 18571 8895
f 18571 8896 8895
f 18571 18572 8896
f 18572 18573 8896
f 18573 8897 8896
f 18573 8898 8897
f 18573 18574 8898
f 18574 18575 8898
f 18575 8899 8898
f 18575 18576 8899
f 18576 8901 8899
f 8901 8900 8899
f 18576 18546 8901
f 18576 18575 18546
f 18575 18577 18546
f 18577 18548 18546
f 18577 18578 18548
f 18578 18549 18548
f 18578 18550 18549
f 18578 18579 18550
f 18579 18551 18550
f 18579 18580 18551
f 18580 18552 18551
f 18580 18553 18552
f 18580 18581 18553
f 18581 18582 18553
f 18582 18554 18553
f 18591 18570 18569
f 18591 18592 18570
f 18592 18571 18570
f 18592 18593 18571
f 18593 18572 18571
f 18593 18581 18572
f 18581 18594 18572
f 18594 18573 18572
f 18594 18574 18573
f 18594 18579 18574
f 18579 18578 18574
f 18578 18575 18574
f 18578 18577 18575
f 18594 18580 18579
f 18594 18581 18580
f 18593 18582 18581
f 18593 18583 18582
f 18593 18592 18583
f 7645 7644 7647
f 7459 8796 7460
f 7459 8799 8796
f 8799 18604 8796
f 8799 18605 18604
f 18605 7456 18604
f 8799 7459 18605
f 7459 7457 18605
f 7457 7455 18605
f 7454 18604 7455
f 5370 5351 5348
f 5370 5367 5351
f 5367 5363 5351
f 5304 5292 5307
f 5304 5293 5292
f 5304 5300 5293
f 5300 5295 5293
f 5286 18622 5288
f 4459 4456 4460
f 4459 4457 4456
f 4278 4277 4279
f 3003 3002 3004
f 2987 18632 2988
f 2987 2985 18632
f 2985 18633 18632
f 18633 4143 18632
f 2985 2984 18633
f 2983 18634 2984
f 18634 18635 2984
f 18634 2960 18635
f 2960 18636 18635
f 18636 18637 18635
f 18637 18638 18635
f 18638 18633 18635
f 18638 18639 18633
f 18638 18637 18639
f 2960 2959 18636
f 18634 2961 2960
f 18634 18640 2961
f 18640 2962 2961
f 18640 18641 2962
f 18641 2963 2962
f 18641 18642 2963
f 18642 2964 2963
f 18641 2978 18642
f 2978 18643 18642
f 18643 18644 18642
f 18644 18645 18642
f 18644 18646 18645
f 18646 18647 18645
f 18646 2970 18647
f 2970 2969 18647
f 18646 2971 2970
f 18646 2972 2971
f 18646 18644 2972
f 18644 18648 2972
f 18648 2973 2972
f 18648 2975 2973
f 2975 2974 2973
f 18648 2976 2975
f 18648 18643 2976
f 18643 2977 2976
f 18643 2978 2977
f 18648 18644 18643
f 18641 2979 2978
f 18641 2982 2979
f 18641 2983 2982
f 18641 18640 2983
f 18640 18634 2983
f 1936 1935 1938
f 1846 1841 1840
f 1678 1663 1661
f 1678 1669 1663
f 1669 1664 1663
f 1678 1671 1669
f 1646 1645 1648
f 1593 1589 1596
f 1587 18653 1588
f 18653 18654 1588
f 1587 1585 18653
f 1585 1583 18653
f 1586 18655 1584
f 1578 18656 1580
f 1578 1576 18656
f 1576 18657 18656
f 476 475 454
f 475 455 454
f 475 461 455
f 475 473 461
f 473 462 461
f 472 18663 473
f 463 462 466
f 135 18669 137
f 135 133 18669
f 133 127 18669
f 133 128 127
f 18670 18671 18672
f 18671 5270 18672
f 18673 18674 18675
f 18674 18675 18676
f 18677 18678 18679
f 18678 18680 18679
f 18681 18682 18683
f 18681 18684 18682
f 18682 18685 18683
f 18685 18686 18683
f 18687 18688 18689
f 18689 18690 18687
f 18691 18692 18693
f 18692 18694 18693
f 18692 18695 18694
f 18695 18696 18694
f 18696 18697 18694
f 18696 18698 18697
f 18696 18699 18698
f 18695 18700 18696
f 18700 18701 18696
f 18695 18692 18700
f 18692 18702 18700
f 18702 18703 18700
f 18703 18704 18700
f 18703 18702 18704
f 3 5 1
f 13 17 12
f 20 23 19
f 23 25 19
f 28 33 27
f 28 30 33
f 44 47 43
f 54 57 53
f 64 67 63
f 77 80 76
f 124 18676 123
f 124 131 18676
f 139 153 136
f 153 159 136
f 160 163 159
f 167 169 164
f 178 180 177
f 199 1937 203
f 206 196 202
f 343 346 340
f 363 366 360
f 380 383 378
f 386 418 384
f 386 389 418
f 389 414 418
f 389 392 414
f 393 410 392
f 410 411 392
f 393 397 410
f 397 401 410
f 401 404 410
f 428 418 424
f 457 18663 458
f 18663 18664 458
f 474 477 471
f 484 493 482
f 493 498 482
f 484 491 493
f 484 487 491
f 500 479 498
f 1535 1528 1532
f 1549 1552 1547
f 1555 1558 1554
f 1605 1611 1604
f 1611 1625 1604
f 1617 1624 1614
f 1624 1611 1614
f 1617 1620 1624
f 1700 1723 1699
f 1700 1720 1723
f 1700 1717 1720
f 1700 1703 1717
f 1702 1707 1703
f 1707 1714 1703
f 1707 1710 1714
f 1753 1757 1751
f 1764 1766 1762
f 1767 1770 1766
f 1776 1779 1774
f 1806 1808 1804
f 1818 1820 1816
f 2925 1584 2923
f 2925 2930 1584
f 2925 2928 2930
f 2933 18655 2930
f 2996 1727 1725
f 3146 3147 1931
f 3147 3151 1931
f 3155 3181 1935
f 3153 3179 3155
f 3153 3156 3179
f 3156 3162 3179
f 3162 3165 3179
f 3173 3176 3165
f 4125 4128 2958
f 4128 4136 2958
f 4136 18635 2958
f 4128 4130 4136
f 4130 4133 4136
f 2988 18632 4144
f 4145 4150 4146
f 4150 4160 4146
f 4150 4152 4160
f 5228 5387 5226
f 5228 19439 5387
f 19439 5383 5387
f 5383 5385 5387
f 19439 19440 5383
f 19440 5377 5383
f 19440 5375 5377
f 19440 19441 5375
f 19441 5374 5375
f 19441 19442 5374
f 19442 18670 5374
f 18670 18672 5374
f 18672 5371 5374
f 5371 5372 5374
f 18672 5369 5371
f 18672 5270 5369
f 19442 19443 18670
f 19443 5242 18670
f 5242 18671 18670
f 19442 19441 19443
f 19441 19440 19443
f 19440 5235 19443
f 19440 19439 5235
f 5246 18671 5244
f 5252 18671 5250
f 5252 5269 18671
f 5260 5267 5258
f 5267 5252 5258
f 5283 5274 5280
f 5312 5320 5306
f 5320 5302 5306
f 5320 5329 5302
f 5306 6392 5313
f 5306 5292 6392
f 5292 6386 6392
f 5335 5338 5332
f 5338 5354 5332
f 5343 5351 5340
f 5343 5345 5351
f 5364 5275 5354
f 5275 5358 5354
f 5275 5299 5358
f 5386 5390 5387
f 5393 4279 5391
f 6349 6368 5284
f 6368 5285 5284
f 6368 18622 5285
f 6349 6361 6368
f 6414 6411 6412
f 6414 6417 6411
f 6417 6419 6411
f 6590 6595 6588
f 5559 5558 6601
f 5558 6595 6601
f 6345 7405 7422
f 8685 8694 8682
f 8685 8688 8694
f 8726 8728 8724
f 8967 7647 7643
f 8967 8993 7647
f 8967 8979 8993
f 18398 18397 18399
f 8903 18545 18544
f 18545 8863 18544
f 18545 18547 8863
f 18642 2965 2964
f 18642 18645 2965
f 18645 18647 2965
f 2969 2966 18647
f 18680 354 18679
f 18680 18688 354
f 18688 346 354
f 18680 18686 18688
f 18678 18681 18680
f 18681 18685 18680
f 18678 431 18681
f 431 18684 18681
f 431 435 18684
f 18678 427 431
f 34 37 33
f 38 43 37
f 81 86 80
f 124 166 131
f 163 124 159
f 340 18663 338
f 340 346 18663
f 346 18689 18663
f 383 373 378
f 383 18678 373
f 383 427 18678
f 1517 1509 1515
f 1552 1554 1547
f 1625 1655 1604
f 1625 1627 1655
f 1605 1614 1611
f 1692 1695 1690
f 1723 1695 1699
f 1744 1747 1742
f 1751 1757 1749
f 1779 1781 1774
f 1791 1794 1789
f 2933 1594 18655
f 5391 4279 5390
f 8992 10856 8987
f 8992 8967 10856
