# Created by Open3D 
# object name: tile_3
# number of vertices: 19454
# number of triangles: 13055
v 0 55.7349 32.4843
v 0.797199 55.7475 32.4529
v 0.395461 55.4336 32.2269
v 0.891357 55.2578 32.2207
v 0.615162 55.0444 32.296
v 1.08595 54.8875 32.3337
v 1.18011 54.3979 32.001
v 1.34331 55.0884 32.2772
v 1.7325 54.2786 31.8691
v 1.43747 54.0463 31.9256
v 1.82038 53.7827 31.5867
v 1.56929 53.5818 31.6997
v 2.10285 53.5002 31.4988
v 2.18445 54.0652 31.6997
v 2.44809 53.7702 31.5992
v 2.59247 53.3119 31.4235
v 2.23467 53.0294 31.2603
v 2.82472 52.9227 31.2791
v 2.46065 52.6403 31.1473
v 3.00676 52.5147 31.1284
v 3.4085 52.8286 31.2603
v 3.5466 52.452 31.1787
v 3.19507 52.1758 31.028
v 3.59681 51.9058 31.0154
v 3.22018 51.6108 30.8585
v 3.87301 51.5669 30.8334
v 3.49638 51.2718 30.6639
v 3.95461 51.0898 30.6388
v 4.30613 51.366 30.7455
v 4.30613 50.8638 30.5384
v 4.65765 51.1337 30.62
v 4.6451 50.5625 30.3563
v 4.33124 50.3177 30.281
v 4.72042 50.0541 30.099
v 5.09705 50.3428 30.1994
v 5.28537 49.9411 29.9672
v 4.9464 49.6774 29.8793
v 5.28537 49.4829 29.7851
v 5.63689 49.759 29.8981
v 5.87542 49.4264 29.6972
v 5.53018 49.1627 29.6408
v 5.93192 48.9618 29.3646
v 5.62434 48.7233 29.3583
v 5.95075 48.4848 29.2704
v 6.28971 48.7484 29.3081
v 6.42781 48.353 29.1825
v 6.10768 48.1019 29.0821
v 6.68518 47.9198 28.9754
v 6.36504 47.6688 28.9189
v 6.96765 47.562 28.8059
v 6.60985 47.2858 28.7494
v 7.16852 47.1603 28.6866
v 6.83583 46.8967 28.6176
v 7.34428 46.7774 28.4606
v 7.65814 47.0285 28.4606
v 7.82762 46.6079 28.3163
v 7.53259 46.3694 28.2786
v 7.90294 46.1183 27.7639
v 7.57653 45.8672 27.7388
v 8.06615 45.6914 27.4563
v 7.70835 45.409 27.3873
v 8.15403 45.2646 27.2429
v 7.82134 45.0072 27.1675
v 8.32979 44.8629 27.0043
v 8.6562 45.114 27.0295
v 8.66876 44.6118 26.6779
v 8.29213 44.3168 26.5147
v 8.8759 44.2979 26.4708
v 8.52438 44.0217 26.3452
v 8.97006 43.9338 26.1255
v 9.014 43.4317 25.8996
v 9.29647 43.6514 25.8682
v 9.23998 43.1115 25.7991
v 9.58522 43.3752 25.8682
v 9.74215 42.9483 25.7112
v 9.44713 42.7224 25.7238
v 9.99324 42.5905 25.6422
v 10.3071 42.8353 25.6861
v 10.4766 42.3834 25.4727
v 10.1753 42.1449 25.4853
v 10.5958 41.9063 25.3346
v 10.9034 42.1449 25.3283
v 10.8407 41.5234 25.3221
v 11.1671 41.7808 25.3472
v 11.1733 41.2723 25.027
v 10.7779 40.9585 24.776
v 11.619 41.0715 24.958
v 11.5939 40.5316 24.5123
v 11.2612 40.2743 24.506
v 11.5374 40.0232 24.1671
v 11.958 40.3496 24.393
v 12.0459 39.9981 24.1545
v 11.7006 39.7281 24.0729
v 12.0584 39.5336 23.803
v 11.776 39.3139 23.8218
v 12.3158 39.2887 23.7151
v 12.661 39.5587 23.7779
v 12.6673 39.0502 23.2192
v 13.0314 39.339 23.3259
v 13.3201 39.0251 22.9744
v 13.0063 38.7803 23.0058
v 13.4771 39.1444 22.6103
v 13.0063 39.8286 23.8469
v 13.521 39.7219 23.6837
v 13.3515 40.0985 23.9474
v 13.8537 39.973 23.7151
v 13.9981 40.0922 23.3322
v 13.6717 40.3496 23.985
v 13.7784 40.8831 23.2883
v 13.929 40.5505 23.056
v 14.0546 40.1362 22.7924
v 14.2743 40.3056 22.5789
v 14.2178 39.7344 22.0768
v 14.676 40.0922 22.3781
v 14.8769 39.634 22.3153
v 14.5818 39.408 22.3655
v 14.1487 39.069 22.0768
v 13.8725 39.4582 21.9826
v 13.7156 38.7301 21.8382
v 13.5336 39.1946 22.0266
v 14.2743 38.5543 21.8131
v 13.8349 38.2154 21.562
v 13.3829 38.4664 21.7504
v 13.5084 37.958 21.5683
v 13.9039 37.663 21.9826
v 13.5649 37.3993 21.9261
v 14.1613 37.3617 21.9324
v 13.8286 37.1043 21.9763
v 13.521 36.8658 21.9763
v 13.3013 37.1922 22.0391
v 12.887 36.872 21.788
v 13.7281 36.4577 22.0579
v 14.0671 36.7214 22.1521
v 14.2303 36.3196 21.945
v 14.6446 36.6398 22.1333
v 14.8894 36.351 21.6185
v 14.902 36.8469 22.0266
v 15.2598 36.6398 21.719
v 15.4732 36.3259 21.1101
v 15.5674 36.8846 21.6876
v 15.536 37.3428 22.0328
v 15.8561 37.1106 21.5934
v 16.3081 36.9788 21.4428
v 16.1449 37.3365 21.5432
v 16.5591 37.1796 21.3047
v 16.2139 36.9097 20.5326
v 16.6094 37.2173 20.6519
v 16.7098 36.7277 20.407
v 16.3897 36.4766 20.3945
v 15.8938 36.6586 20.52
v 16.0758 36.2318 20.3506
v 15.5736 36.4075 20.5389
v 15.1719 36.0937 20.451
v 15.7494 35.9744 20.3254
v 15.4042 35.7045 20.2878
v 14.8769 35.8614 20.4008
v 15.0024 35.3906 20.0806
v 14.5191 35.5789 20.3066
v 14.381 35.9619 20.4949
v 13.9918 35.6543 20.3945
v 14.1864 35.3216 20.3003
v 13.6403 35.3781 20.3317
v 13.5336 35.7735 20.4008
v 13 35.3592 19.93
v 13.3076 35.5978 20.6205
v 13.1255 35.987 20.7146
v 13.8223 35.0391 20.156
v 14.268 34.8131 19.9049
v 13.929 34.5495 19.8358
v 14.3621 34.3361 19.6161
v 14.0357 34.0787 19.5659
v 14.563 33.9281 19.2395
v 14.2052 33.6519 19.1642
v 14.5818 33.4384 18.9068
v 14.2617 33.1873 18.844
v 14.8078 33.043 18.6432
v 14.5065 32.8044 18.6181
v 14.8894 32.5471 18.1661
v 15.2221 32.8107 18.1724
v 15.0589 32.1391 18.0845
v 15.7306 32.1767 18.3921
v 15.4732 31.9759 18.4862
v 16.0005 31.8126 17.802
v 16.1135 32.4717 18.48
v 16.2892 32.0386 18.4549
v 16.578 32.2646 18.3105
v 16.6094 31.731 17.8397
v 16.3081 31.4925 17.8711
v 16.0319 31.2791 17.9464
v 15.9252 31.7499 18.3858
v 16.2767 30.915 17.8774
v 15.5485 30.9025 17.5509
v 15.7808 30.5321 17.5007
v 16.352 30.4693 17.733
v 15.944 30.1492 17.5133
v 16.6408 30.1366 17.168
v 16.9923 30.4128 17.9464
v 16.647 31.2038 17.9778
v 17.2936 30.6451 17.8648
v 17.6325 30.3689 18.0531
v 16.8102 30.2685 18.2226
v 17.5258 30.2873 17.0739
v 17.8648 30.5509 17.0802
v 17.915 30.055 16.8667
v 17.62 29.8228 16.8856
v 17.168 30.0048 17.0111
v 17.2999 29.5717 16.8667
v 16.8353 29.7412 17.0299
v 16.5215 29.5027 17.0237
v 16.5152 30.0362 17.5635
v 17.0048 29.3394 16.8918
v 16.6972 29.1009 16.9358
v 17.1429 28.9628 16.8605
v 16.8291 28.718 16.8542
v 17.2308 28.4544 16.8918
v 17.507 28.6678 16.8416
v 17.9338 28.4104 16.76
v 17.733 27.745 16.9483
v 18.3732 28.2472 16.9546
v 18.5239 27.9522 16.3897
v 18.0845 27.607 16.17
v 17.8774 27.4437 16.3771
v 18.2603 27.268 15.8247
v 18.6934 27.607 16.0256
v 19.0449 27.5065 15.5109
v 18.48 27.0608 15.6678
v 18.0719 26.7407 15.4606
v 17.7895 26.8976 15.5046
v 17.7204 26.4645 15.3665
v 17.438 26.6214 15.4104
v 18.0343 26.3704 15.3288
v 18.3921 26.6528 15.4042
v 18.3042 26.2385 15.2158
v 18.3293 25.7866 14.9459
v 18.662 26.0502 15.0275
v 18.6871 25.592 14.676
v 19.0449 25.8807 14.7576
v 18.9821 25.3472 14.4751
v 19.3462 25.6296 14.5818
v 19.4215 25.253 14.4375
v 19.4278 24.7132 14.3119
v 19.7542 24.9705 14.381
v 19.8735 24.5437 14.3119
v 20.2313 24.8262 14.4249
v 20.2627 24.324 14.268
v 20.6519 24.6316 14.381
v 20.8716 24.2926 14.3182
v 20.5389 24.0352 14.2429
v 20.8841 23.7402 14.2052
v 21.2482 24.0227 14.3056
v 21.4742 23.7088 14.1613
v 21.1415 23.4452 14.1111
v 21.4491 23.2255 14.0734
v 21.7755 23.4829 14.0859
v 21.6436 22.987 13.8349
v 22.014 23.2757 13.929
v 22.1898 22.9681 13.7909
v 21.8131 22.6731 13.5963
v 22.3781 22.6731 13.3892
v 22.0077 22.3781 13.3076
v 22.2839 22.1584 13.295
v 22.6668 22.4597 13.4708
v 22.6354 22.0517 13.295
v 23.0686 22.3906 13.5838
v 22.9681 21.8006 13.226
v 23.4075 22.1458 13.4833
v 23.6712 21.8131 13.2574
v 23.2757 21.5056 13.1067
v 22.83 21.1603 12.8117
v 23.2694 20.9971 12.7866
v 23.7026 21.3361 13.0251
v 23.8783 20.9971 12.7991
v 23.5519 20.7397 12.6736
v 23.8595 20.4322 12.479
v 24.2424 20.7335 12.6673
v 24.1922 20.1999 12.3283
v 24.6504 20.5514 12.5606
v 24.7697 20.1748 12.3472
v 24.3805 19.8735 12.1777
v 24.0101 19.5785 12.0459
v 24.5751 19.6098 12.4978
v 24.9015 19.8735 12.5418
v 24.9454 19.4466 12.548
v 25.479 19.8609 12.3221
v 25.5355 19.4278 12.1902
v 25.8493 19.6789 12.1902
v 25.8933 19.2395 12.027
v 26.2636 19.5345 12.1338
v 26.4394 19.2834 12.027
v 26.7595 19.5345 12.0521
v 26.6026 19.7982 12.184
v 27.1173 19.817 12.1651
v 26.9667 20.0869 12.2718
v 27.3245 20.3631 12.3409
v 26.9918 20.564 12.5794
v 27.3747 20.8653 12.6987
v 27.6634 20.6267 12.4288
v 27.7262 21.1415 12.7426
v 28.0275 20.9092 12.5167
v 28.3477 21.1603 12.5418
v 28.1028 21.4365 12.8368
v 28.423 21.6876 12.8556
v 28.0777 21.8947 13.0314
v 28.4293 22.1709 13.1507
v 28.1091 22.3844 13.226
v 28.5611 22.7296 13.4833
v 28.2284 22.8802 13.5524
v 28.5736 23.1439 13.6152
v 28.9126 23.0121 13.521
v 28.9126 22.5476 14.2303
v 28.9691 22.1082 14.0546
v 29.3457 22.4095 14.1927
v 29.2453 22.8049 14.2805
v 28.9503 23.4452 13.7909
v 29.3394 23.3385 14.4689
v 29.2578 23.6837 14.4689
v 29.6659 23.5958 14.5442
v 29.2453 24.1482 14.1801
v 29.6533 23.9913 14.6007
v 28.831 23.8281 13.9918
v 28.7557 24.2675 14.1362
v 28.7996 24.845 14.2931
v 28.4418 24.5625 14.2617
v 28.4983 25.0898 14.4061
v 28.831 25.3472 14.4375
v 28.4669 25.5669 14.6007
v 28.8687 25.8807 14.7827
v 29.2202 25.6548 14.6383
v 29.4399 25.3472 14.9899
v 29.239 26.1695 14.8455
v 28.6364 26.2323 15.0526
v 28.9565 26.4896 15.1028
v 29.4336 26.86 15.4293
v 29.0507 27.0734 15.3665
v 29.7224 27.0859 15.4042
v 29.421 27.3621 15.5046
v 29.0695 27.4689 15.4544
v 29.3959 27.7199 15.4983
v 29.1197 27.9459 15.5234
v 29.1951 28.4481 15.6992
v 28.8122 28.1468 15.5987
v 28.5925 28.4293 15.7494
v 29.0319 28.7682 15.9189
v 28.3979 28.6678 15.9314
v 28.7996 28.9816 16.0946
v 29.17 29.2704 16.2516
v 28.4858 29.1951 16.1323
v 28.4355 29.1637 16.7412
v 28.2472 29.5027 16.2578
v 28.3351 30.1366 16.6031
v 27.9459 29.8353 16.4085
v 27.8015 30.2308 16.7161
v 28.1656 30.5133 16.8228
v 28.6552 30.3877 16.6721
v 28.0212 30.9213 16.7726
v 27.4877 30.507 16.9672
v 27.8141 30.7644 17.0048
v 27.3684 30.9338 17.0237
v 26.9981 30.6451 16.8981
v 26.9918 31.1849 16.9546
v 27.563 31.6306 17.5509
v 26.6277 30.9025 16.9232
v 26.5649 31.2854 17.0488
v 26.2134 31.0154 17.0048
v 26.1695 31.4611 17.055
v 26.1255 31.9005 17.2999
v 25.7301 31.5929 17.168
v 25.6673 32.0072 17.281
v 26.0126 32.2772 17.4003
v 26.4331 32.1391 17.9841
v 26.86 32.001 17.8711
v 26.7595 32.3964 18.0782
v 27.2115 32.2772 17.915
v 27.2178 31.8001 17.8271
v 26.9416 31.5867 17.8962
v 26.5712 32.7166 17.9401
v 27.1048 32.6663 18.1535
v 26.9918 33.043 18.0845
v 26.6465 33.1183 18.0531
v 27.0295 33.4196 18.2352
v 26.6654 33.4761 18.1912
v 27.0922 33.8151 18.4235
v 27.3935 33.7021 18.3732
v 27.5191 34.1478 18.6243
v 27.1927 34.267 18.6494
v 27.5442 34.5432 18.6871
v 26.9478 34.5495 18.8315
v 27.3621 34.8696 18.957
v 27.7576 35.1772 19.1391
v 27.4186 35.3279 19.2144
v 27.8078 35.6354 19.3839
v 28.0275 35.3906 19.7479
v 27.9836 36.2883 19.9614
v 27.5567 35.9556 19.7479
v 27.3559 36.3824 20.156
v 27.7011 36.6523 20.2438
v 28.0903 36.9536 20.3819
v 27.7388 37.2612 20.5514
v 28.128 37.5625 20.6519
v 28.6427 37.3868 20.9343
v 28.7494 36.8846 20.9532
v 29.2265 37.2612 21.311
v 29.283 36.7904 21.3047
v 29.3583 36.4326 21.2733
v 29.691 36.6963 21.3423
v 29.6721 36.2067 21.3172
v 29.2704 35.8928 21.2231
v 29.6345 35.7986 21.2231
v 29.2516 35.4973 21.1038
v 28.7055 35.9242 20.5954
v 28.6929 35.4408 20.6205
v 28.8624 35.196 20.9281
v 28.4544 34.8759 20.7335
v 28.2096 35.0642 20.1873
v 28.8561 34.8445 20.972
v 28.9252 34.5558 21.0285
v 28.5548 34.267 20.8778
v 28.31 34.0724 20.3317
v 28.5925 33.8213 20.7648
v 28.9942 34.1415 20.9657
v 29.17 33.8025 20.8841
v 29.1825 33.3317 20.8653
v 29.5152 33.156 20.4887
v 29.1009 32.8358 20.3129
v 29.5089 32.6098 20.3506
v 29.0695 32.2646 20.1246
v 28.6678 32.4906 20.0367
v 28.5799 32.8609 20.2062
v 28.2598 32.6161 20.1685
v 28.2158 33.0618 20.1748
v 29.4085 32.0072 19.9049
v 29.9923 32.4655 20.4887
v 30.0237 33.0116 20.746
v 30.4003 32.7856 20.7209
v 30.3626 32.2332 20.2941
v 30.7832 32.5659 20.5451
v 30.9652 32.1956 20.3882
v 30.4631 31.8064 20.0304
v 31.254 31.8566 20.225
v 30.9652 31.6306 20.2376
v 30.8397 31.0406 20.0116
v 31.2038 31.323 20.0618
v 31.4109 31.028 19.8798
v 31.0657 30.7581 19.8295
v 30.5823 30.3752 19.4278
v 30.9276 30.2559 19.478
v 30.8209 29.7224 19.3588
v 31.1535 29.9797 19.4215
v 31.0029 29.421 19.0072
v 31.4674 29.7851 19.3399
v 31.731 29.5466 19.3462
v 31.7562 29.1888 19.3085
v 32.0951 29.4524 19.3713
v 32.2081 29.0256 18.7436
v 31.8754 28.7682 18.7122
v 31.1473 28.7117 18.6934
v 31.4297 28.423 18.5176
v 30.5635 28.6364 18.1222
v 30.802 27.9271 18.4925
v 30.5321 28.2284 18.0029
v 32.0135 28.3414 18.2414
v 31.7562 28.1405 18.3732
v 31.4925 27.9334 18.4862
v 30.9527 27.5128 18.6997
v 31.3356 27.3056 18.6369
v 31.8691 27.7262 18.367
v 31.6494 27.0671 18.5051
v 31.9759 27.3245 17.8648
v 31.5741 27.0169 17.6263
v 32.0135 27.3559 17.2308
v 32.4529 27.7011 17.5133
v 31.7122 27.607 17.2747
v 32.2081 27.9961 17.6702
v 32.5659 28.2723 17.7518
v 32.3023 28.5674 18.21
v 32.6161 28.8122 18.2352
v 32.9112 28.5422 17.8209
v 32.9363 29.0633 18.1975
v 32.6475 29.3708 19.0323
v 32.4027 29.691 19.3964
v 33.0179 29.6659 19.1014
v 33.4949 29.5027 18.7185
v 33.3443 29.9169 19.1453
v 33.677 30.1806 19.2081
v 33.0806 30.2245 19.5031
v 33.4635 30.5258 19.6789
v 34.0787 30.4944 19.3713
v 33.8904 30.8585 19.8358
v 34.493 30.8146 19.6475
v 34.4804 30.2685 20.1748
v 34.154 30.0111 20.1936
v 34.4302 29.7286 20.5451
v 34.0661 29.4399 20.407
v 34.5683 29.352 20.7837
v 34.0536 28.9503 20.4133
v 34.6248 28.8498 20.8276
v 34.1854 28.5046 20.4761
v 33.5891 28.5862 20.0555
v 33.7523 28.1719 20.2125
v 33.2627 27.789 19.8672
v 33.8841 27.7764 20.3443
v 33.3819 27.3873 19.9739
v 32.8923 27.494 19.7354
v 32.9488 27.042 19.6601
v 33.2376 26.7909 19.6663
v 33.5326 26.6152 19.5847
v 33.5263 26.1506 19.4466
v 33.2501 25.9372 19.5659
v 33.3192 25.5104 19.5345
v 32.8044 25.5857 19.2458
v 32.8421 25.14 19.2081
v 32.5031 25.8117 18.8064
v 32.2269 25.1337 18.6997
v 31.9507 25.3848 18.21
v 32.3337 26.0879 18.4109
v 32.6036 26.295 18.2477
v 32.3023 24.7195 18.6997
v 32.9865 24.7822 19.2018
v 32.6726 24.1545 18.731
v 32.3713 24.3052 18.5678
v 31.7248 24.2675 18.1033
v 31.8754 23.916 18.1661
v 32.2144 23.7967 18.4297
v 32.1893 23.2883 18.3921
v 32.6475 23.6523 18.6557
v 32.4153 23.0309 18.3544
v 31.8629 22.5978 17.8271
v 32.3525 22.5601 18.3168
v 32.1642 22.0266 18.1033
v 31.8378 22.1584 17.8899
v 31.7499 21.7001 17.8585
v 31.3858 21.8069 17.6012
v 31.3795 21.4177 17.6953
v 30.8648 21.3988 17.1618
v 31.1849 22.0705 16.986
v 31.6557 21.1917 17.8083
v 31.6369 20.7523 17.8962
v 31.9696 21.0159 17.9338
v 32.2207 20.7523 17.9401
v 31.9633 20.5514 18.0782
v 31.6243 20.2815 18.0531
v 32.1265 20.2752 18.028
v 31.9068 20.1057 18.1598
v 31.5113 19.7919 17.9778
v 31.2163 19.9676 17.9087
v 31.1347 19.4969 17.8711
v 30.8522 19.6852 17.8522
v 30.9464 18.8817 17.4505
v 31.3984 19.2332 17.7518
v 31.5365 18.8503 17.4442
v 31.1535 18.549 17.2747
v 30.4819 18.9884 17.0802
v 31.775 18.5804 17.4003
v 31.4235 18.3105 17.3626
v 31.9194 18.2791 17.3187
v 31.6118 18.0343 17.2873
v 32.1579 17.9213 17.2873
v 32.4655 18.1598 17.2873
v 32.6726 17.802 17.1429
v 32.3525 17.5509 17.1366
v 32.8233 17.4317 17.0613
v 32.5031 17.1806 17.0111
v 32.9802 17.1178 16.9169
v 33.0367 16.6847 16.7412
v 33.3317 16.9107 16.7537
v 33.4698 16.5466 16.4775
v 33.1497 16.2955 16.4587
v 33.5389 16.126 16.2202
v 34.0222 16.5089 16.5654
v 34.1226 16.1888 16.4211
v 33.6832 15.8498 16.1135
v 34.1164 15.718 16.0256
v 34.0913 15.2284 15.6678
v 34.4491 15.5046 15.8059
v 34.4302 15.0275 15.4606
v 34.832 15.3351 15.6427
v 34.8508 14.9208 15.4355
v 34.4428 14.6007 15.2284
v 35.0579 14.5756 15.0652
v 34.7253 14.3182 14.971
v 35.0579 14.1111 14.6446
v 35.4722 14.4375 14.8329
v 35.7547 14.1927 14.6195
v 35.2902 13.8286 14.3433
v 34.9073 13.5336 14.1738
v 35.535 13.6214 14.0295
v 35.1772 13.3452 13.9353
v 35.7924 13.3766 13.6528
v 35.3404 13.0188 13.3766
v 34.9889 12.7489 13.2887
v 35.3216 12.5606 13.0879
v 35.6417 12.8117 13.1067
v 35.6857 12.4037 12.8242
v 35.2902 12.0961 12.6799
v 35.6919 12.0333 12.5418
v 35.761 11.6065 12.2844
v 36.0999 11.8701 12.3723
v 36.1753 11.437 12.0208
v 36.5393 11.7195 12.0835
v 36.577 11.2989 11.8136
v 36.2506 11.0478 11.7822
v 36.5519 10.8658 11.2989
v 36.8909 11.1294 11.3366
v 37.1545 10.8218 10.9034
v 37.4495 11.0478 10.7967
v 37.2424 11.3993 11.3617
v 37.5688 11.6567 11.4182
v 37.1985 11.7822 11.8073
v 37.5625 12.071 11.8889
v 37.914 11.9266 11.506
v 38.3283 11.732 11.2989
v 38.2718 12.2091 11.5374
v 38.6234 11.958 11.211
v 38.548 12.4162 11.4998
v 38.297 12.6422 12.0145
v 38.6171 12.8933 12.027
v 38.9121 12.6987 11.6065
v 38.9435 13.1444 11.9957
v 39.2825 12.9874 11.6065
v 39.2385 13.3766 11.9392
v 39.6277 13.2574 11.6881
v 39.747 12.8368 10.9348
v 40.0985 13.1067 11.0039
v 40.1424 12.6485 10.4264
v 39.7972 12.3786 10.395
v 39.4771 12.1275 10.395
v 39.8098 11.8889 9.9493
v 39.0565 11.8011 10.1753
v 39.3578 11.5311 9.69194
v 38.6108 11.4495 9.90536
v 38.9812 11.2424 9.60406
v 38.6673 10.9976 9.61033
v 38.297 11.211 9.95558
v 38.3597 10.7528 9.61661
v 37.9392 10.9348 9.92419
v 37.6253 11.1859 10.4829
v 37.5562 10.6335 9.83003
v 38.0208 10.4954 9.54756
v 37.6504 10.2067 9.45968
v 37.2487 10.395 9.82376
v 37.3554 9.97441 9.49734
v 36.9411 10.1564 9.82376
v 36.5393 10.3385 10.3259
v 36.6774 9.9493 9.96185
v 36.3008 10.1564 10.4389
v 36.4138 9.74843 10.0748
v 36.7904 9.53501 9.71077
v 36.5205 9.32786 9.83631
v 36.7402 9.0705 9.29647
v 36.9976 9.27137 9.22743
v 37.1357 8.91357 8.86335
v 36.8846 8.71898 8.98262
v 37.142 8.46789 8.48672
v 37.437 8.70014 8.45533
v 37.4621 8.29213 8.08498
v 37.1608 8.05987 8.12892
v 37.5374 7.99082 7.78996
v 37.211 7.73346 7.7774
v 37.7132 7.67697 7.34428
v 37.4495 7.46982 7.41333
v 37.776 7.30034 7.02414
v 38.1149 7.56398 7.0367
v 38.071 7.1183 6.74795
v 37.7634 6.88604 6.72912
v 38.0145 6.66007 6.37132
v 37.7257 6.43409 6.4027
v 37.9831 6.14534 6.02607
v 38.2781 6.37132 5.99469
v 38.4915 6.05746 5.5239
v 38.1589 5.8001 5.48624
v 38.8054 6.30227 5.5239
v 38.9372 5.89425 4.73926
v 39.069 6.50942 5.36069
v 39.3013 6.17673 4.85224
v 39.3139 5.75616 4.67648
v 38.8745 5.41091 4.46306
v 38.548 5.58667 4.55722
v 38.4978 5.12216 4.40657
v 38.2028 5.32303 4.53211
v 38.2216 4.90874 4.43795
v 37.914 5.09705 4.60744
v 37.7697 5.49879 5.3042
v 38.6987 4.82086 4.50072
v 38.7301 4.38773 4.2873
v 39.0502 4.63882 4.24336
v 38.9749 4.15548 3.87301
v 39.3201 4.4254 3.96089
v 39.2825 4.02366 3.71608
v 39.6214 4.2873 3.81651
v 39.6842 3.86045 3.32062
v 39.3892 3.63448 3.30806
v 39.634 3.37711 3.15113
v 39.9478 3.62192 3.11347
v 40.0357 3.26412 2.7494
v 39.7093 3.00676 2.78078
v 40.3684 3.51521 2.73056
v 40.4877 3.20135 2.0338
v 40.2429 3.85418 3.06325
v 40.7199 3.7914 2.82472
v 40.6132 4.13665 3.17624
v 41.0338 4.03621 2.78706
v 40.902 4.35635 3.13858
v 41.3288 4.26219 2.71173
v 41.2409 4.62627 3.13858
v 41.5987 4.47562 2.63641
v 41.4355 3.93578 1.87059
v 41.9252 4.31241 2.27233
v 41.6176 3.60309 1.84549
v 41.084 3.65958 1.85176
v 41.0777 3.1888 1.38725
v 40.6823 2.88122 1.23032
v 41.2033 2.84983 1.19266
v 40.789 2.52342 1.02318
v 40.2994 2.57991 1.0169
v 40.3308 2.1719 0.746982
v 39.8223 2.21584 0.715596
v 39.7344 2.14679 1.26799
v 39.4394 1.92081 0.608885
v 39.2009 1.7325 0.765814
v 39.4708 1.50652 0.370352
v 39.8725 1.8141 0.489618
v 40.0357 1.50652 0.382907
v 39.6403 1.19894 0.225978
v 40.1173 1.18011 0.238532
v 40.5379 1.50652 0.451956
v 40.6948 1.13617 0.439401
v 40.8204 0.765814 0.106712
v 40.3684 0.878802 0.370352
v 40.45 0.477064 0
v 40.9208 0.445678 0.138098
v 41.0275 0.144375 0
v 41.3665 0.408015 0.0564944
v 41.4606 0 0.0313858
v 41.8059 0.263641 0.100435
v 41.6992 0.665379 0.125543
v 42.2013 0.571222 0.225978
v 42.2139 1.06084 0.495896
v 42.691 0.947851 0.539836
v 42.5654 1.33704 0.621439
v 43.099 1.26171 0.765814
v 42.9546 1.63834 0.765814
v 43.4882 1.56929 0.891357
v 43.4944 2.05891 1.12989
v 43.8836 1.87059 1.06084
v 43.9527 2.41043 1.45002
v 44.2916 2.18445 1.2931
v 44.3168 2.6929 1.52535
v 44.6243 2.44809 1.34331
v 44.6683 2.96282 1.53163
v 45.0198 2.7494 1.42492
v 44.9759 3.20135 1.53163
v 45.365 3.01304 1.46258
v 45.4466 3.56543 1.86432
v 45.7919 3.34573 1.64462
v 45.8044 3.84162 1.91453
v 46.1685 3.63448 1.7325
v 46.5326 3.92323 1.85804
v 46.2313 4.17431 2.19701
v 46.5891 4.45051 2.30999
v 46.9657 4.25591 2.07146
v 46.9657 4.73926 2.34138
v 47.3172 4.52583 2.12168
v 47.6436 4.77692 2.19701
v 47.3675 5.05311 2.51714
v 47.7001 5.3042 2.51086
v 47.9575 5.02173 2.15307
v 48.0266 5.56156 2.4732
v 48.2525 5.25398 2.1154
v 48.3153 5.78754 2.42298
v 48.5413 5.47368 2.05263
v 48.6229 6.0198 2.3916
v 48.8802 5.73732 2.00241
v 48.9744 6.29599 2.39788
v 49.2067 5.99469 1.97103
v 49.2569 6.51569 2.3916
v 49.5205 6.23322 1.99614
v 49.577 6.76678 2.41043
v 49.8218 6.46548 1.8957
v 49.8971 7.01159 2.37277
v 50.1608 6.72912 1.92081
v 50.1985 7.24384 2.32883
v 50.5876 7.06181 2.20328
v 50.55 7.52004 2.3916
v 50.9392 7.33172 2.26605
v 50.9266 7.80251 2.40415
v 51.2718 7.58909 2.25978
v 51.2154 8.02849 2.37277
v 51.4225 8.19169 2.10913
v 51.6861 7.90922 1.78899
v 50.7822 8.07871 2.3916
v 51.0961 8.31724 2.41043
v 51.3534 8.91984 2.49203
v 50.7195 8.43023 2.56736
v 50.8889 9.02656 2.73056
v 51.1526 9.2337 2.6113
v 51.4099 9.42829 2.51086
v 51.6422 9.14582 2.42298
v 51.9937 9.014 2.2535
v 52.1506 8.75664 2.29744
v 52.1506 9.13327 1.82665
v 52.6277 9.12699 1.92081
v 52.5273 9.42829 1.93964
v 52.9227 9.35297 1.91453
v 52.8474 9.67938 1.93964
v 53.3621 9.69194 2.1719
v 53.224 9.96813 2.78078
v 53.4751 10.1627 2.57364
v 53.8831 10.1 2.5297
v 53.7827 10.4013 2.5548
v 54.1907 10.3385 2.5297
v 54.084 10.6335 2.5297
v 54.5925 10.6461 2.67407
v 54.4606 10.9223 2.66779
v 54.9691 10.9348 2.76195
v 54.8561 11.2298 2.85611
v 55.3206 11.2047 2.86866
v 55.2013 11.4998 2.95027
v 55.6219 11.4433 2.831
v 55.5152 11.7446 2.90633
v 55.9421 11.6943 2.81217
v 55.8667 12.0145 2.91888
v 56.1178 12.2091 2.7494
v 56.2057 11.8952 2.73684
v 56.4819 12.1086 2.66152
v 56.4254 12.4476 2.68662
v 56.8334 12.3786 2.65524
v 56.7455 12.6987 2.68035
v 57.1724 12.6422 2.71801
v 57.0594 12.9372 3.38967
v 57.3481 13.1632 3.32689
v 57.731 13.0753 3.23901
v 57.6494 13.3955 3.28295
v 58.0449 13.3139 3.15741
v 57.9382 13.6152 3.23274
v 58.3462 13.5524 3.14486
v 58.3274 13.9165 3.42733
v 58.7605 13.8725 3.34573
v 58.6726 14.1801 3.48382
v 59.0932 14.1299 3.33945
v 59.0053 14.4437 3.49638
v 59.4133 14.3747 3.41478
v 59.3505 14.7137 3.52776
v 59.7711 14.6572 3.52776
v 59.7774 15.0401 3.72863
v 60.2294 15.0087 3.81024
v 60.1666 15.3414 3.89184
v 60.5244 15.6176 3.95461
v 60.7755 15.4293 4.35635
v 60.4428 15.9565 4.16176
v 61.1082 16.0695 4.57605
v 61.3216 15.8498 4.83341
v 61.6731 16.5027 5.14099
v 61.8802 16.283 5.32303
v 62.2318 16.5529 5.43602
v 62.1376 16.8667 5.50507
v 62.5017 16.76 5.29792
v 62.4326 17.0927 5.45485
v 62.7967 16.9923 5.18493
v 62.7339 17.325 5.46113
v 63.0666 17.1994 5.14727
v 63.0478 17.5698 5.41091
v 63.3742 17.438 5.14099
v 63.3679 17.8146 5.34814
v 63.6692 17.6702 5.04684
v 63.663 18.0468 5.29165
v 63.9266 17.8648 4.97779
v 63.9831 18.2916 5.29792
v 64.2405 18.1096 4.9464
v 64.2781 18.5239 5.20377
v 64.5041 18.3105 4.73298
v 64.7615 18.5113 4.62627
v 64.9309 19.0323 5.27281
v 65.1193 18.7938 4.69532
v 65.1255 19.1767 5.00917
v 65.4457 19.0449 4.66393
v 65.4017 19.3964 4.93385
v 65.8474 19.3525 4.90246
v 65.7658 19.6789 5.09078
v 66.1362 19.5785 4.8083
v 66.0608 19.9049 4.97151
v 66.381 19.7668 4.63882
v 66.3119 20.0995 4.79575
v 66.7702 20.0681 4.87735
v 66.7702 20.451 5.09078
v 67.084 20.3129 4.90246
v 67.0777 20.6895 5.04056
v 67.4355 20.5828 4.89618
v 67.423 20.9594 5.13472
v 67.7871 20.859 4.99034
v 67.7745 21.2294 5.21004
v 68.1511 21.1352 5.06567
v 68.1072 21.4867 5.21632
v 68.4462 21.3675 4.95896
v 68.3646 21.6876 5.12216
v 68.7098 21.5746 4.88363
v 68.6156 21.8822 4.99662
v 68.9985 21.7943 4.78947
v 68.8918 22.0956 4.90874
v 69.2936 22.0203 4.68904
v 69.5447 22.6041 4.90246
v 69.576 22.24 4.70159
v 69.8773 22.8614 4.89618
v 70.0217 22.5852 5.01545
v 70.3167 22.8112 4.96523
v 70.1975 23.1125 4.90874
v 70.8315 23.2129 5.44858
v 69.7957 23.2004 5.04684
v 69.5447 23.0058 5.17866
v 69.4505 23.395 5.6055
v 69.168 23.1816 5.69966
v 69.0864 23.6147 5.84404
v 69.5509 23.9788 6.15162
v 69.0425 23.9725 6.16417
v 69.0111 24.393 6.53452
v 69.62 24.4182 6.82327
v 69.7957 24.1671 6.72284
v 70.0594 24.3679 6.64124
v 69.9213 24.6504 6.77306
v 70.7436 24.9015 6.75422
v 70.6181 24.2989 6.8421
v 71.0072 24.6002 6.18928
v 71.0386 24.1608 6.53452
v 71.4843 24.1043 7.18735
v 71.3274 24.8513 6.94882
v 71.1453 25.2091 6.29599
v 70.8315 24.9705 6.27716
v 70.5929 25.1777 6.03863
v 71.0198 25.5041 6.28971
v 70.3481 25.4225 6.68518
v 70.7059 25.6987 6.81072
v 71.0575 25.9749 6.90488
v 70.9759 26.3515 7.06181
v 71.3839 26.226 6.97393
v 71.5157 25.887 7.44471
v 71.6287 25.5857 7.43843
v 71.8421 26.1381 7.48237
v 72.3066 26.1067 7.46982
v 72.5389 25.7866 7.55142
v 72.3694 25.6548 7.89039
v 72.0681 25.4225 7.97199
v 72.3443 25.1651 8.0536
v 72.677 25.4225 8.06615
v 72.8025 25.1149 8.07243
v 72.52 24.9015 8.12265
v 72.6393 24.6065 8.07243
v 72.9469 24.845 8.09754
v 73.38 25.1777 8.36118
v 73.2231 25.4476 8.31724
v 73.6939 25.8117 7.95944
v 73.5495 25.6987 8.38629
v 73.0285 25.6987 8.11637
v 73.198 26.295 7.66441
v 73.6499 26.182 7.36939
v 73.3235 26.3955 7.23757
v 73.8257 26.3201 7.06808
v 73.5746 26.5901 7.1183
v 73.1477 26.7658 7.19363
v 73.8131 26.7721 6.8421
v 74.0077 26.4582 6.77306
v 73.493 26.0628 6.28344
v 73.5181 27.0483 7.30034
v 73.7629 27.2429 7.12458
v 73.3361 27.2994 7.33172
v 73.7943 27.6509 6.86721
v 73.2105 27.6446 7.43216
v 73.4616 28.2786 7.00531
v 73.7504 28.5046 6.8986
v 74.4095 28.128 6.81072
v 74.0014 27.4249 7.00531
v 74.3153 26.6968 6.77933
v 74.5789 26.9039 6.64124
v 74.761 27.5128 6.817
v 75.3008 27.4626 6.79189
v 75.0748 27.7513 6.82327
v 75.4138 28.015 6.92371
v 75.2004 28.3539 6.8421
v 75.7339 28.2661 6.91115
v 75.5582 28.6301 6.87977
v 75.8971 28.8938 6.9802
v 76.1294 28.5674 7.13085
v 76.4244 28.7933 7.16224
v 76.2926 29.2013 7.13085
v 76.8262 29.1135 7.30034
v 76.6316 29.4587 7.16224
v 77.253 29.4399 7.51376
v 77.1024 29.8228 7.59536
v 77.3911 30.0488 7.53887
v 77.2216 30.3061 7.48865
v 77.7112 30.2999 7.54515
v 77.8619 29.9107 8.22936
v 78.2322 30.1994 8.31096
v 78.4771 29.9169 8.39256
v 78.1695 29.6784 8.44278
v 77.8933 29.465 8.493
v 77.6045 29.239 8.54322
v 77.8368 29.0193 8.75036
v 77.5292 28.7808 8.76919
v 77.3095 29.013 8.55577
v 77.0145 28.7808 8.58716
v 77.2279 28.5485 8.82569
v 76.7257 28.5611 8.6562
v 76.914 28.3037 8.88846
v 76.4433 28.3414 8.74408
v 76.6567 28.1028 8.96378
v 76.142 28.1091 8.78175
v 76.3868 27.8957 9.05167
v 76.098 27.6697 9.10188
v 75.8469 27.8769 8.82569
v 75.7904 27.4312 9.11444
v 75.5142 27.6258 8.8508
v 75.5017 27.2052 9.14582
v 75.2945 27.45 9.0705
v 74.9556 27.1864 8.2733
v 74.7861 27.5253 8.38629
v 75.2318 27.8706 7.92178
v 74.6229 27.9083 7.74602
v 74.7673 27.042 8.56205
v 75.169 26.9478 9.14582
v 74.7986 26.6654 9.03283
v 74.466 26.408 8.97634
v 74.6982 26.2009 9.25881
v 74.2965 25.887 9.02656
v 75.0497 26.4708 9.32158
v 75.3636 26.7093 9.40319
v 75.6774 26.9604 9.38435
v 76.029 27.2303 9.39063
v 76.3365 27.4689 9.38435
v 76.6316 27.6948 9.30903
v 76.914 27.9145 9.20859
v 77.1714 28.1154 9.12699
v 77.4602 28.3414 9.04539
v 77.7552 28.5674 8.98889
v 78.0314 28.7808 8.95751
v 78.3139 28.9942 8.92612
v 78.1444 29.2578 8.68759
v 78.634 29.2453 8.8759
v 78.4268 29.4775 8.6311
v 78.8913 29.4462 8.75664
v 78.7093 29.691 8.5746
v 79.2178 29.6972 8.71898
v 79.0169 29.9295 8.53694
v 79.3308 30.1743 8.56205
v 79.5756 29.9734 8.7943
v 79.676 30.4379 8.66248
v 79.8957 30.2245 8.86963
v 80.2096 30.4693 8.85707
v 80.0024 30.6953 8.72525
v 80.5171 30.7079 8.80058
v 80.3163 30.9401 8.7127
v 80.6238 31.1724 8.64993
v 80.7808 30.9087 8.76919
v 80.9314 31.4172 8.61854
v 81.1135 31.1661 8.81313
v 81.4148 31.4046 8.78802
v 81.2704 31.6746 8.66876
v 81.691 31.6118 8.7127
v 81.5215 31.8754 8.51811
v 81.942 31.8064 8.51811
v 81.7788 32.07 8.37373
v 82.2182 32.0261 8.37373
v 82.0237 32.2583 8.24191
v 82.4756 32.2207 8.26702
v 82.212 32.8107 8.24819
v 82.915 32.5596 8.55577
v 82.8083 32.8672 8.63737
v 83.2916 32.8547 7.97827
v 83.2038 33.1748 8.12892
v 83.5553 33.0618 7.88411
v 83.1535 33.5389 8.24191
v 83.5867 33.4698 8.24819
v 83.888 33.3192 7.90922
v 83.8754 33.6958 8.18542
v 84.1704 33.5389 7.92178
v 83.775 34.0222 8.29213
v 84.4529 34.1415 8.80686
v 84.5659 33.8402 8.86963
v 84.8421 34.0536 8.75036
v 84.9237 34.5055 9.15838
v 84.5533 34.6248 9.40319
v 84.93 34.9073 9.60406
v 85.5954 34.6248 9.73588
v 85.6016 35.0203 10.0497
v 85.9971 34.9387 9.98068
v 85.9029 35.2525 10.0497
v 86.2858 35.1647 9.91164
v 86.2231 35.5036 10.0811
v 86.4553 35.6794 9.8928
v 86.8006 35.5601 9.63544
v 86.1477 35.8489 10.1753
v 86.3612 36.0121 9.93674
v 85.8778 36.1062 10.1188
v 86.1477 36.3196 10.0811
v 86.4491 36.5519 10.0309
v 86.6562 35.8363 9.67938
v 86.3361 35.9995 9.12699
v 86.9701 35.6982 9.30903
v 86.3486 35.6041 8.94495
v 85.9469 35.6982 8.94495
v 86.041 36.238 9.03911
v 86.0724 35.3844 8.97006
v 87.0328 36.1313 9.79237
v 87.3216 35.9619 9.3718
v 87.3843 36.4013 9.87397
v 87.7108 36.2632 9.64172
v 87.6605 36.6147 9.76098
v 87.8551 36.7653 9.47223
v 87.9932 36.4829 9.60406
v 88.3761 36.7779 9.69821
v 88.2067 37.0415 9.56639
v 88.7339 37.0541 9.82376
v 88.6586 37.393 9.90536
v 89.1357 37.3679 10.0246
v 88.5519 37.7132 10.0372
v 88.985 38.0459 10.2883
v 89.1671 37.7822 10.3699
v 89.4746 38.0208 10.4201
v 89.2863 38.7489 10.8658
v 89.5437 38.479 10.8846
v 90.0772 38.4853 10.395
v 89.9831 38.818 11.1608
v 89.7132 39.0816 11.1231
v 89.9517 39.2574 10.985
v 89.5123 39.4268 10.3385
v 89.845 39.6842 10.351
v 90.1526 39.9227 11.1043
v 90.5857 39.2887 11.1231
v 90.2656 39.0377 11.0855
v 90.3597 38.705 11.0729
v 90.7928 39.0377 10.5896
v 90.9372 39.5587 11.2361
v 91.1444 38.9247 11.1608
v 90.8556 38.6987 11.1482
v 91.4896 39.1883 11.2424
v 91.408 39.521 11.3052
v 91.634 39.6905 11.1043
v 91.973 39.5649 10.9411
v 91.8411 39.8474 10.8407
v 92.2994 39.816 10.9285
v 91.8097 39.4331 11.2487
v 92.2115 40.1424 10.9536
v 92.6509 40.0859 10.9474
v 92.494 40.3559 10.9285
v 92.0483 40.4186 10.9725
v 92.1424 40.9585 11.0039
v 91.8035 40.6948 10.9348
v 91.6026 41.0464 10.9411
v 91.4708 41.3351 10.9725
v 91.6465 41.4669 11.3993
v 92.0106 41.7494 11.4935
v 92.45 41.6992 11.4433
v 92.3559 42.0256 11.6065
v 92.7137 41.9063 11.3679
v 92.7639 41.4418 11.7508
v 92.3621 42.4713 11.4307
v 91.7595 42.4462 11.1231
v 92.111 42.7224 11.1859
v 92.4877 43.0111 11.3742
v 92.9208 42.8981 12.0019
v 92.8957 42.4399 12.184
v 93.3163 42.76 12.479
v 93.0652 42.1762 12.2279
v 93.536 42.5403 12.5669
v 93.7054 42.17 12.6171
v 93.2849 41.8436 12.2907
v 93.0652 41.2033 11.8638
v 92.7011 40.9208 11.7885
v 93.197 40.902 11.9266
v 92.8894 40.6634 11.9078
v 93.0212 40.3684 11.845
v 93.492 41.128 11.8889
v 93.7619 40.9459 12.1714
v 93.9189 41.4606 12.2216
v 94.3081 41.3665 12.7238
v 94.1574 41.6427 12.027
v 94.4273 41.8498 12.6861
v 94.691 41.6615 12.9561
v 95.0174 41.9189 13.0314
v 95.1053 42.3771 12.7677
v 95.3312 42.1574 13.0188
v 95.6388 42.3959 13.113
v 95.5886 42.7475 13.2071
v 95.9276 42.6219 13.0377
v 95.8836 42.9797 13.1381
v 96.2728 42.8856 13.0251
v 96.2351 43.2496 13.2574
v 96.5867 43.1304 13.0753
v 96.5992 43.9401 12.9623
v 96.8691 43.3501 12.9937
v 96.6118 43.5447 13.4582
v 97.2018 43.6074 13.8035
v 97.1014 43.9213 13.8976
v 97.5596 43.8836 13.8851
v 97.3776 44.5365 14.1173
v 97.9865 44.6055 13.8349
v 97.9551 44.1912 14.155
v 98.2941 44.4548 14.224
v 98.633 44.7122 14.2931
v 98.4886 44.9884 14.2868
v 98.928 44.9445 14.3308
v 98.4447 45.365 13.7344
v 99.041 45.4215 14.0922
v 99.1917 45.1453 14.2492
v 99.4993 45.3839 14.1989
v 99.2419 45.9802 14.268
v 99.4553 45.7417 14.3496
v 99.9261 45.7166 14.5065
v 99.9324 46.112 14.7827
v 98.8841 45.704 14.0922
v 98.9218 46.2062 14.0295
v 98.5263 46.4008 14.2492
v 98.1811 46.1371 14.0859
v 97.9802 46.3757 14.1236
v 98.4008 46.6958 14.3559
v 97.8107 46.6895 14.155
v 98.0932 47.3486 14.607
v 98.3694 47.1164 14.7639
v 97.5408 46.9218 14.0671
v 97.3525 47.2545 14.0922
v 97.2207 47.5746 14.1801
v 96.8817 47.311 14.0797
v 96.6243 47.5432 14.1111
v 97.0198 47.8571 14.2931
v 96.7059 48.0642 14.2805
v 96.3105 47.7566 14.0483
v 96.1975 48.1521 13.9165
v 96.5929 48.4534 14.0546
v 96.2226 48.5538 13.9918
v 95.9652 48.353 13.3515
v 96.0531 47.562 13.408
v 95.6451 48.1019 13.3327
v 95.4944 48.4157 13.2574
v 95.2245 48.2023 13.3327
v 95.0676 48.5476 13.3327
v 94.7914 48.7986 12.8996
v 94.421 48.943 13.0439
v 94.4713 48.5476 12.931
v 94.057 48.6605 12.9435
v 94.0444 49.169 13.1883
v 93.6741 48.8865 13.0565
v 93.5925 49.3134 13.1946
v 93.4544 49.7026 13.1758
v 93.0966 49.4264 13.069
v 93.1154 49.8658 13.295
v 92.6948 49.5393 13.0188
v 92.5818 49.872 13.1255
v 92.5002 50.2361 13.4017
v 91.8725 50.211 12.8431
v 91.7721 50.506 13.0753
v 91.5712 50.7759 12.9623
v 91.3829 50.2047 12.8996
v 91.2636 50.5374 12.9812
v 90.9812 50.7759 12.9121
v 91.4017 51.1024 13.1067
v 91.1193 51.3534 13.069
v 90.548 50.914 12.4664
v 90.6547 51.4225 13.0628
v 90.3723 51.7112 12.9121
v 90.14 51.0208 12.5606
v 90.1902 51.5731 13.2636
v 89.9015 51.3472 13.3327
v 89.6002 51.6171 13.1695
v 89.5374 51.0647 13.1946
v 89.3554 51.4225 13.2887
v 89.1733 51.8054 13.3013
v 89.5374 52.0942 13.5147
v 89.9392 51.8807 13.2574
v 90.0772 51.9874 12.774
v 89.8073 52.295 13.4394
v 89.6378 52.5963 13.408
v 90.1714 52.5838 13.5147
v 89.9894 52.8725 14.2868
v 90.6045 52.3955 14.0734
v 89.3805 52.4017 13.5649
v 89.1294 52.2009 13.7156
v 89.2236 52.7281 14.3684
v 88.916 52.4896 14.3559
v 88.9976 53.0546 14.4877
v 89.5437 52.973 14.4061
v 89.845 53.2115 14.4249
v 89.3868 53.3559 14.6258
v 89.9015 53.7513 15.1342
v 90.1651 53.4626 15.2221
v 90.435 53.6697 15.1845
v 90.6296 53.3684 15.1154
v 90.7866 53.0608 15.0338
v 89.3805 53.8392 14.9899
v 89.2675 54.128 15.1405
v 88.8846 53.8329 14.9773
v 89.0478 53.5818 14.9647
v 88.4703 53.5065 14.7513
v 88.3887 53.8957 14.9083
v 88.3071 54.2849 14.9961
v 87.987 54.0338 14.9773
v 87.5789 54.1656 15.0275
v 87.6103 53.7388 14.7262
v 87.196 54.2723 14.8706
v 87.1835 53.858 14.7827
v 86.8445 53.9961 14.7388
v 87.2776 53.4814 14.6572
v 86.8947 53.6321 14.8518
v 86.5118 53.745 14.7262
v 86.3298 54.0715 14.5191
v 86.3423 53.1989 14.2052
v 86.1854 53.4877 14.7074
v 85.633 53.5316 14.2994
v 85.7837 54.1091 14.4437
v 85.6519 54.5171 15.0464
v 86.085 53.0043 14.2743
v 85.7146 53.1236 14.3433
v 85.2627 53.2366 14.1424
v 84.8107 53.3559 14.2554
v 85.0367 52.59 14.1111
v 84.3839 53.0232 13.9165
v 84.0951 53.3056 14.2492
v 84.0575 53.7137 14.381
v 83.7813 53.5002 14.45
v 83.7059 53.9145 14.5818
v 83.5239 53.7764 14.8455
v 83.4297 54.1782 15.0087
v 83.1033 53.9208 15.0526
v 82.9652 54.2912 15.0212
v 83.3167 54.5674 15.128
v 84.0826 54.6803 15.1217
v 84.1077 54.2284 15.5799
v 84.4592 54.4983 15.6929
v 84.5973 54.1342 15.7117
v 84.2269 53.8455 15.5485
v 84.5345 53.6509 15.3414
v 83.662 53.4061 14.9459
v 83.7059 52.9981 14.8329
v 83.4297 53.224 15.1405
v 83.0406 53.3998 15.1593
v 83.1159 52.9792 15.1342
v 82.6828 53.1173 15.0464
v 82.7706 53.6634 14.9961
v 82.6325 54.0275 15.0087
v 82.4819 54.3163 15.1154
v 82.8209 54.5799 15.2033
v 83.1787 54.8561 15.3037
v 83.6494 54.8247 15.2347
v 83.9696 55.0758 15.2661
v 84.2646 55.3018 15.2472
v 84.7919 54.7619 14.9899
v 84.773 55.2202 15.3037
v 85.0492 55.4399 15.2472
v 85.4698 55.2955 15.0966
v 85.1873 54.1531 15.3853
v 85.5514 53.9334 15.3037
v 84.9865 53.9961 15.6992
v 85.7899 54.1154 15.1593
v 85.7711 55.0507 14.902
v 85.7272 55.013 15.5234
v 85.3129 55.1637 15.4983
v 84.8421 55.7537 16.0068
v 84.5785 55.5466 15.3477
v 84.1956 55.647 16.2327
v 84.6601 55.6094 16.2202
v 84.3964 55.4022 16.3143
v 83.9068 55.0193 15.8624
v 83.8754 55.3959 15.4418
v 82.2936 55.1197 15.649
v 82.0927 54.4858 15.3853
v 82.1304 54.9942 16.0319
v 82.1178 55.4713 16.4211
v 82.6137 55.3646 16.4336
v 82.9778 55.17 16.0005
v 83.2038 54.8749 16.1511
v 83.549 55.6156 16.6659
v 83.8064 55.3457 16.0695
v 81.7286 55.1637 16.2767
v 81.5843 55.4901 16.3269
v 81.4273 55.3646 16.6847
v 81.5152 54.9942 16.4211
v 81.0695 55.0884 16.5843
v 81.2704 54.8059 16.5968
v 80.3979 54.5611 16.4838
v 80.6741 55.2767 16.126
v 81.6533 54.6176 16.3269
v 81.8856 54.7996 16.1637
v 81.4085 54.4293 15.718
v 81.873 54.31 15.5862
v 82.1931 54.084 15.1028
v 82.0425 53.971 15.4795
v 81.7726 53.7576 15.5485
v 81.6094 54.1028 15.7368
v 81.2578 53.8266 15.649
v 81.0507 54.1468 15.6552
v 80.8373 54.4669 15.5234
v 80.6992 54.7996 15.6741
v 80.3728 54.5485 15.6741
v 80.2849 54.9691 15.9063
v 80.2472 55.465 16.5654
v 80.9126 55.4587 16.7098
v 81.2013 55.6847 16.6721
v 79.858 55.1637 16.3143
v 79.8392 55.1511 16.9672
v 79.6885 55.5717 17.1618
v 79.3496 55.3143 16.3332
v 79.6321 54.9879 16.4587
v 78.9478 55.0005 16.17
v 78.8851 55.3771 16.465
v 78.5398 55.1072 16.3897
v 78.3076 55.3834 16.4901
v 78.6528 55.647 16.5843
v 78.1067 55.7224 16.7098
v 77.7364 55.4273 16.5403
v 77.4915 55.7161 16.6721
v 77.435 55.1951 16.578
v 77.2342 55.5152 16.76
v 77.1086 54.944 16.6345
v 76.9329 55.2767 16.8479
v 76.7508 55.5466 16.986
v 76.4433 55.3018 16.986
v 76.2361 55.6094 17.1366
v 75.9285 55.3646 17.1304
v 75.7402 55.647 17.281
v 75.4138 55.3897 17.2496
v 75.2192 55.6847 17.3438
v 74.8363 55.3834 17.1743
v 74.6417 55.6156 17.394
v 74.1458 55.2265 16.9358
v 74.4032 55.0444 16.7788
v 73.7441 54.9189 16.6784
v 73.5495 55.1888 16.7977
v 73.2105 54.9252 16.7726
v 73.4365 54.6741 16.6721
v 73.085 54.4041 16.5403
v 72.8778 54.6615 16.7286
v 72.4698 54.7871 16.986
v 72.8088 54.1907 16.5529
v 72.1622 54.5485 17.0488
v 71.8107 54.7557 16.9609
v 71.8547 54.3037 17.055
v 71.4969 54.5171 16.9358
v 71.3023 54.7557 17.1241
v 71.2646 54.3351 17.0802
v 71.0888 54.5862 17.2999
v 71.0637 55.0381 17.5007
v 70.8126 54.8373 17.62
v 70.6118 55.1637 18.1096
v 70.5364 54.6238 17.7267
v 70.3293 54.944 18.2226
v 70.3419 55.4148 18.4486
v 70.6557 55.6533 18.3984
v 71.0575 55.5152 18.4674
v 70.1347 55.6596 18.7185
v 70.0594 55.1888 18.549
v 69.8585 55.4462 18.8252
v 69.8397 55.0193 18.6746
v 69.6012 55.239 18.9445
v 69.4254 55.5843 19.114
v 69.1304 55.352 19.1265
v 68.7161 55.5278 19.2458
v 68.7914 55.0884 19.0826
v 68.3897 55.2704 19.1642
v 68.0821 55.578 19.3525
v 68.0821 55.0319 19.0826
v 67.7494 55.3143 19.3399
v 67.5799 55.6659 19.6287
v 67.2284 55.3959 19.5659
v 66.9208 55.6533 19.8923
v 66.9459 55.17 19.6161
v 66.6258 55.421 19.8923
v 66.3119 55.7161 20.0618
v 65.9102 55.4022 19.8547
v 65.6465 55.7161 20.0932
v 65.6152 55.17 19.8547
v 65.4017 55.5215 20.2438
v 65.1444 55.7035 20.3819
v 65.1193 55.2955 20.3129
v 64.8933 55.5089 20.5075
v 64.6485 55.7537 20.6895
v 64.6108 55.2892 20.5891
v 64.3723 55.5466 20.7711
v 63.9831 55.239 20.5451
v 63.619 55.4022 20.564
v 63.6881 55.0068 20.5451
v 63.3554 55.1951 20.6205
v 63.0917 55.4399 21.3423
v 63.4621 55.7286 21.4302
v 63.0227 54.9377 20.5891
v 62.8218 55.2265 21.4616
v 62.8532 55.6533 22.2714
v 62.577 55.4399 22.3341
v 62.1753 55.5843 22.8175
v 62.2757 55.2013 22.353
v 61.8928 55.3646 22.8928
v 61.6919 55.6972 23.2632
v 61.3592 55.4336 23.2067
v 60.8759 55.6219 23.6586
v 61.0579 55.2013 23.238
v 60.5746 55.3897 23.6586
v 60.0975 55.5215 23.8093
v 60.2545 55.1323 23.6461
v 59.7648 55.2641 23.7842
v 59.4384 55.5278 24.0792
v 59.0869 55.2516 23.9348
v 58.7479 55.5089 24.1796
v 58.8107 55.0381 23.9725
v 58.4341 55.2641 24.1671
v 58.1516 55.5843 24.3679
v 58.1391 55.0319 24.1985
v 57.8126 55.3206 24.3428
v 57.7562 55.7161 24.4935
v 57.4862 55.5027 24.5814
v 57.1347 55.7098 24.7446
v 57.1535 55.2453 24.5374
v 56.8397 55.4775 24.7257
v 56.4317 55.6345 24.8952
v 56.5384 55.239 24.7257
v 56.099 55.3708 24.8701
v 55.7098 55.534 24.9454
v 55.7788 55.1197 24.8262
v 55.4085 55.3018 24.914
v 55.3583 55.6094 24.9517
v 55.057 55.3708 24.9266
v 55.057 55.7161 24.9957
v 54.7243 55.4587 24.9643
v 54.4606 55.6282 25.0019
v 54.379 55.1888 24.9392
v 54.1405 55.3771 25.0145
v 53.8392 55.6094 25.0773
v 53.8015 55.1135 24.914
v 53.5316 55.3708 24.9957
v 53.1864 55.5152 25.1714
v 53.1738 55.0884 24.9015
v 52.86 55.2578 25.0898
v 52.8223 55.7412 25.1337
v 52.4645 55.4587 25.0459
v 52.5147 54.9879 24.9768
v 52.0942 55.17 24.8889
v 51.7426 55.4775 24.9768
v 51.7426 54.8938 24.8136
v 51.4099 55.2202 24.9454
v 51.3409 55.7475 25.0961
v 51.0208 55.4964 25.0647
v 50.6379 55.6784 25.2467
v 50.7383 55.2767 25.0835
v 50.3052 55.421 25.2154
v 49.9913 55.7098 25.6171
v 49.5519 55.3708 25.3597
v 49.1878 55.6219 25.8305
v 49.2318 55.1135 25.3535
v 48.8489 55.3583 25.8242
v 48.6354 55.7475 25.8996
v 48.3279 55.5089 25.8807
v 47.901 55.6847 25.9435
v 47.9889 55.2453 25.7301
v 47.5369 55.3959 25.8556
v 47.6248 54.9565 25.6548
v 47.1854 55.1197 25.7866
v 47.0034 55.5278 25.9247
v 46.6707 55.2704 25.8619
v 46.4761 55.6784 26.0188
v 46.1434 55.4148 25.9498
v 46.3317 55.0068 25.8117
v 45.8044 55.1511 25.9561
v 45.5471 55.5215 25.9498
v 45.252 55.2892 25.9247
v 45.0198 55.5968 25.9498
v 44.9319 55.0381 25.8682
v 44.6997 55.3457 25.9247
v 44.2351 55.5215 25.9623
v 44.3858 55.1009 25.8933
v 43.9025 55.2641 25.9372
v 43.576 55.5654 25.9184
v 43.5447 54.9879 25.8305
v 43.2873 55.3394 25.8807
v 42.986 55.6721 26.0063
v 42.9358 55.0632 25.818
v 42.6596 55.4148 25.9749
v 42.3018 55.1386 25.8305
v 42.1009 55.4901 25.8431
v 42.0758 55.465 26.5336
v 41.7745 55.2327 25.8368
v 41.7745 55.2327 26.5838
v 41.5611 55.6219 26.8286
v 41.2472 55.3771 26.8474
v 40.7576 55.5466 26.9604
v 40.9334 55.1323 26.8286
v 40.3119 55.2013 26.6214
v 40.5379 54.8247 26.6842
v 39.973 54.9314 26.6089
v 39.86 55.421 26.2887
v 39.6591 55.2578 26.5398
v 39.4143 55.5529 26.4017
v 39.4457 55.0946 26.7281
v 39.1758 54.8812 26.7595
v 38.9561 55.1951 26.8411
v 39.2511 55.421 26.7846
v 38.592 55.3897 27.042
v 38.1902 55.6031 26.7156
v 38.1212 55.0256 26.703
v 37.6755 55.2013 26.2636
v 37.55 55.6659 27.1111
v 38.2154 54.6113 26.5775
v 37.7132 54.6992 26.4708
v 37.4244 55.0068 26.3452
v 37.393 54.4481 25.7301
v 36.7528 55.0444 25.9686
v 37.142 55.3457 26.1569
v 36.8532 54.5548 25.7364
v 36.4891 54.8373 26.0879
v 36.5393 54.31 25.774
v 37.0729 54.197 25.7112
v 37.4809 53.5567 25.7677
v 37.1985 53.337 25.8431
v 36.9348 54.0903 26.182
v 36.9223 53.6007 26.3829
v 36.6837 53.8957 26.339
v 36.5833 53.337 25.6045
v 37.4809 52.9855 25.2091
v 37.437 52.9541 25.7866
v 37.1294 52.7156 25.0835
v 37.6692 52.5775 25.0396
v 37.3303 52.3139 24.9831
v 36.803 52.452 25.0082
v 36.985 52.0439 24.914
v 36.464 52.1883 24.9894
v 36.2443 52.59 25.1777
v 36.1564 51.9498 24.958
v 35.9493 52.3578 25.8305
v 35.8802 52.7846 25.4602
v 36.1753 53.0169 25.4037
v 36.0497 53.3998 25.5669
v 35.7422 52.6779 25.8493
v 35.127 52.6779 25.5543
v 36.6335 51.7677 24.8576
v 36.2694 51.4853 24.7697
v 35.8614 51.7175 24.9831
v 35.3467 51.887 25.1714
v 35.5162 51.4476 24.9831
v 35.0579 51.661 25.1902
v 34.9136 52.0251 25.4539
v 34.4679 52.1632 25.4602
v 34.2482 52.521 25.5229
v 34.1226 51.887 25.4037
v 33.9908 52.3139 25.6359
v 33.5012 52.4959 25.7175
v 33.633 52.0377 25.5669
v 33.225 52.2825 25.7677
v 33.1811 52.7533 26.1695
v 33.5263 53.0232 26.2385
v 33.1057 53.2931 26.5084
v 33.3819 53.5065 26.4582
v 33.8778 53.2931 26.3139
v 34.2419 53.0797 26.6403
v 34.2921 53.6195 26.5775
v 34.6625 52.8411 26.4645
v 35.0642 53.155 26.7219
v 35.24 52.7658 26.521
v 35.2714 52.3076 26.2825
v 35.466 52.4582 25.9874
v 35.535 52.9981 26.4896
v 34.6436 53.8957 26.6842
v 33.9532 53.9522 27.0608
v 34.38 54.2849 27.3747
v 35.1647 54.3037 27.1864
v 34.7253 54.5611 27.4186
v 35.2965 55.0005 27.2429
v 35.4597 54.536 27.1927
v 35.535 54.0903 27.3935
v 35.8614 54.3477 27.4751
v 36.282 54.1091 27.3998
v 36.1816 53.5002 27.2617
v 36.2883 53.5818 26.8223
v 36.3573 53.155 26.5649
v 36.7653 53.9585 27.2178
v 36.5958 54.3539 27.3496
v 36.8595 54.5611 27.2115
v 36.0999 55.0319 27.1487
v 36.6963 55.0005 27.2617
v 37.142 54.7808 27.1675
v 37.3554 55.5152 27.3684
v 36.3448 55.2265 27.0043
v 36.0874 55.6219 27.6132
v 35.6103 55.2453 27.224
v 35.8363 54.831 27.3245
v 35.2714 55.5968 27.0043
v 35.0266 55.4022 27.1864
v 34.7755 55.2013 27.2931
v 34.6123 55.6784 27.563
v 34.2733 55.421 27.5128
v 34.0661 55.2578 27.7639
v 33.746 55.5403 28.0338
v 33.7837 55.0319 27.8141
v 33.4259 55.2892 28.0275
v 33.2689 55.6847 28.2472
v 32.9614 55.4399 28.2221
v 32.7793 55.7412 28.4544
v 32.4717 55.5027 28.4544
v 32.0261 55.6282 28.6615
v 32.1579 55.2578 28.4418
v 31.7059 55.3771 28.6301
v 31.6055 55.7224 28.8247
v 31.2791 55.465 28.7808
v 30.9213 55.6533 28.944
v 30.8209 55.1072 28.4858
v 30.3815 55.2265 28.4042
v 30.2622 54.6678 27.9208
v 30.9903 54.8184 28.4795
v 30.4819 54.4167 27.9522
v 29.9232 53.9836 27.3559
v 31.1787 54.4858 28.3539
v 30.7393 54.1468 28.015
v 31.3105 54.1468 28.1468
v 30.9213 53.8455 27.9271
v 31.4862 53.7702 27.8455
v 31.1222 53.4877 27.7388
v 30.3375 53.3872 27.2994
v 30.6451 53.1173 27.3747
v 30.1492 52.7281 26.9416
v 29.9169 53.0608 27.0169
v 30.0927 53.6446 27.3119
v 29.6282 53.2805 27.0043
v 29.3834 53.5567 26.8851
v 29.647 54.1907 27.268
v 29.2013 53.8392 26.929
v 29.2202 54.3225 27.155
v 29.4399 55.013 27.3998
v 29.0758 54.7306 27.268
v 29.0884 55.283 27.5379
v 29.534 55.6345 27.8957
v 28.9942 55.7224 27.8204
v 28.6615 55.4587 27.745
v 28.1782 55.6533 27.9585
v 27.7827 55.3457 27.7639
v 28.2974 55.1762 28.3351
v 28.3979 54.7431 28.1593
v 27.9647 54.9126 28.2912
v 27.3684 55.0193 28.197
v 27.0922 55.3708 28.0212
v 26.8349 55.17 28.1844
v 26.226 55.2767 28.015
v 26.3955 54.8247 27.902
v 25.9372 55.0507 28.0715
v 25.6987 55.421 28.0903
v 26.0565 55.7035 28.2221
v 25.2154 55.5905 28.3539
v 25.3974 55.1825 28.084
v 24.8889 55.3332 28.3602
v 24.6692 55.6659 28.4355
v 24.3428 55.4148 28.379
v 23.9097 55.6031 28.3477
v 24.0039 55.1449 28.3665
v 23.5707 55.3394 28.3414
v 23.4138 55.6533 28.6427
v 23.1376 55.4336 28.6741
v 22.9305 55.7537 28.7996
v 22.5789 55.4775 28.7306
v 22.1144 55.6282 28.7871
v 22.24 55.2139 28.718
v 21.8508 55.421 28.9691
v 22.0014 55.0319 28.8624
v 21.7566 54.8373 28.9942
v 21.6311 55.2516 29.1574
v 21.3926 55.6031 29.2578
v 21.3926 55.0695 29.3394
v 21.2105 55.465 29.4964
v 21.0975 54.8373 29.465
v 20.9657 55.2767 29.7161
v 20.8088 55.647 29.8605
v 20.6895 55.0632 29.8102
v 20.5828 55.4713 30.0299
v 20.3066 55.2516 30.099
v 20.0932 55.647 30.3061
v 19.817 55.4336 30.3877
v 20.0492 55.0507 30.1869
v 19.4843 55.17 30.3877
v 19.3148 55.578 30.576
v 19.0198 55.3457 30.5886
v 18.7436 55.6847 30.6263
v 18.4423 55.4524 30.6012
v 18.141 55.7286 30.6263
v 18.0908 55.1762 30.5572
v 17.8146 55.4775 30.5698
v 17.7267 54.8938 30.4693
v 17.4631 55.2076 30.5007
v 17.2371 55.5843 30.576
v 16.9169 55.3332 30.5698
v 16.6721 55.7161 30.7393
v 16.3646 55.4775 30.7957
v 16.6156 55.0946 30.6137
v 16.0444 55.2265 30.8209
v 15.8122 55.6784 30.9527
v 15.5297 55.4587 30.9841
v 15.7368 54.9879 30.7769
v 15.1719 55.1825 30.8962
v 14.9647 55.5215 31.0782
v 14.6258 55.2578 30.9966
v 14.3308 55.5215 31.1598
v 14.2805 54.9879 30.915
v 13.9479 55.2202 31.0343
v 13.8914 55.691 31.323
v 13.5336 55.4085 31.21
v 13.2385 55.6972 31.323
v 13.1507 55.1072 31.0908
v 12.8745 55.4085 31.2414
v 12.5543 55.6156 31.3356
v 12.5418 55.1511 31.141
v 12.1902 55.3269 31.2414
v 11.9768 55.7098 31.4297
v 11.619 55.4336 31.3293
v 11.2738 55.7349 31.6494
v 11.2487 55.1449 31.2226
v 10.9411 55.4713 31.6118
v 10.6272 55.2265 31.5741
v 10.3385 55.5717 31.9821
v 10.3008 54.9754 31.6055
v 10.0183 55.3206 31.9821
v 9.71077 55.5843 32.2081
v 9.69194 55.0632 31.9319
v 9.36552 55.3143 32.1704
v 9.08933 55.6407 32.5094
v 8.75036 55.3708 32.4404
v 8.45533 55.6972 32.6915
v 8.41139 55.1072 32.409
v 8.1352 55.4462 32.6663
v 7.81506 55.1951 32.591
v 7.46982 55.5089 32.7982
v 7.41333 54.8812 32.4341
v 7.06181 55.1888 32.6098
v 6.93626 55.578 32.7982
v 6.54708 55.2767 32.6663
v 6.33993 55.6596 32.7291
v 5.9633 55.3646 32.5785
v 5.69966 55.7349 32.6161
v 5.32931 55.4462 32.4717
v 5.54901 55.0444 32.3713
v 4.95896 55.1574 32.3964
v 4.70787 55.5278 32.4529
v 4.33752 55.239 32.3274
v 4.11154 55.5654 32.409
v 3.75374 55.2892 32.3337
v 3.99855 54.9816 32.2395
v 3.34573 54.9691 32.1391
v 3.24529 55.4524 32.3901
v 2.81217 55.1197 32.1328
v 2.51086 55.4336 32.2646
v 2.42926 54.8184 31.9884
v 2.22211 55.2076 32.2583
v 2.0338 55.6282 32.3023
v 1.71994 55.3834 32.3211
v 1.41236 55.6659 32.6475
v 1.7576 54.8498 32.6161
v 2.30372 54.718 32.3964
v 2.54225 54.3414 31.8252
v 2.86866 54.0966 31.7624
v 2.98793 53.6195 31.5678
v 3.18252 53.1989 31.367
v 3.80396 53.1362 31.4486
v 3.96089 52.7721 31.3293
v 3.97344 52.2009 31.1222
v 4.24964 51.8619 30.9338
v 4.6451 51.6296 30.802
v 5.04684 51.4413 30.7204
v 5.0029 50.8387 30.4317
v 5.46113 50.6316 30.3061
v 5.66828 50.2424 30.0802
v 5.98841 50.029 29.9483
v 6.27088 49.7402 29.8291
v 6.31482 49.2632 29.5152
v 6.66007 49.0372 29.4085
v 6.77306 48.6229 29.1825
v 6.99903 48.1647 28.9879
v 7.30661 47.8257 28.8373
v 7.49493 47.4177 28.7243
v 8.02849 47.311 28.5171
v 8.16031 46.8653 28.2786
v 8.22308 46.3694 27.7827
v 8.40512 45.9551 27.4751
v 8.46789 45.5031 27.2805
v 9.00772 45.3901 27.0671
v 9.02656 44.8942 26.7156
v 9.2337 44.5741 26.5398
v 9.30903 44.1975 26.1758
v 9.62916 43.915 25.9247
v 9.88653 43.6137 25.8054
v 10.0874 43.2245 25.7615
v 10.4013 43.4693 25.6924
v 10.69 43.1366 25.818
v 11.1671 42.9232 25.5418
v 10.9411 42.7475 25.7991
v 11.3052 42.4587 25.5104
v 11.506 42.6156 25.3158
v 11.4495 41.9942 25.253
v 11.55 41.5674 25.1337
v 11.9329 41.3163 24.9392
v 11.958 40.8204 24.5939
v 12.2907 40.6132 24.4433
v 12.4225 40.2931 24.2675
v 12.479 39.86 23.9976
v 12.8619 40.1613 24.0604
v 13.2009 40.4249 24.1608
v 13.7344 40.8455 24.6002
v 13.9667 40.5818 23.8909
v 14.0985 41.128 23.2757
v 14.2868 40.8329 23.1188
v 14.7764 40.7011 22.9932
v 15.0777 40.4061 22.5413
v 15.31 39.9792 22.5036
v 15.4355 39.4645 22.2588
v 15.0966 39.2009 22.2337
v 14.7702 38.9435 22.1898
v 14.7639 38.3409 22.4848
v 14.3559 38.0208 22.3341
v 14.7137 37.2298 22.2023
v 15.0589 37.4998 22.2651
v 15.3225 37.7069 22.0893
v 15.5611 37.8889 21.8696
v 15.7871 37.5374 21.9387
v 15.5422 37.8764 21.1478
v 16.0946 37.7822 21.1415
v 16.3897 37.5311 21.3988
v 15.8812 38.14 21.154
v 16.3959 38.0208 21.0787
v 16.9232 37.4621 20.6456
v 17.0676 37.0039 20.4322
v 17.2057 36.5582 20.1811
v 16.8793 36.3071 20.1748
v 16.534 36.0372 20.156
v 16.2265 35.7986 20.1622
v 15.8749 35.5224 20.112
v 15.4481 35.1835 19.93
v 15.0526 34.8759 19.7605
v 14.6383 35.1019 19.9614
v 14.7011 34.5997 19.6663
v 14.9585 34.2356 19.3839
v 14.9585 33.7335 19.0323
v 15.1468 33.3066 18.7122
v 15.6427 33.1371 18.3732
v 15.7996 32.7228 18.3293
v 16.0758 32.9363 18.2728
v 16.4022 32.6977 18.4109
v 16.7914 32.4341 18.1096
v 16.9232 31.9759 17.8711
v 16.986 31.4737 18.0154
v 17.3752 31.7813 18.1849
v 17.7957 31.5992 18.1159
v 17.9025 31.1222 17.8648
v 18.1975 31.3544 17.7832
v 18.2854 30.8836 17.3187
v 18.2728 30.3375 16.9107
v 18.0971 29.7098 16.8353
v 17.8146 29.4964 16.8856
v 17.5133 29.2516 16.9421
v 17.8836 28.9628 16.8793
v 18.5741 28.4042 16.6596
v 18.957 28.2912 16.6972
v 19.0198 27.8643 16.0946
v 19.2709 28.0589 15.9252
v 19.3776 27.7639 15.4795
v 19.3211 27.3747 15.3477
v 19.0072 27.1299 15.3163
v 18.6997 26.8914 15.3414
v 18.6055 26.4771 15.2347
v 19.001 26.3139 15.084
v 19.4718 26.2134 14.9647
v 19.7542 25.9498 14.7953
v 19.8547 25.592 14.7011
v 20.1748 25.3032 14.5818
v 20.6267 25.1337 14.5944
v 21.0348 24.9329 14.5128
v 21.2607 24.6002 14.4563
v 21.6185 24.3177 14.381
v 21.832 23.9913 14.2115
v 22.1458 23.7716 14.1927
v 22.4032 23.5833 14.0295
v 22.5789 23.2694 13.9227
v 22.7986 22.9932 13.5901
v 23.1125 22.8049 13.7093
v 23.5205 22.7422 13.8411
v 23.8281 22.4722 13.6465
v 24.0917 22.1395 13.5147
v 24.0855 21.6374 13.1632
v 24.3177 21.3361 12.9749
v 24.6316 21.0348 12.7929
v 25.0333 20.8527 12.6861
v 25.1651 20.4824 12.5418
v 25.1714 20.0806 12.4162
v 25.5355 20.3694 12.4853
v 25.8619 20.1622 12.3974
v 26.2134 19.9614 12.3095
v 26.5838 20.2501 12.4602
v 26.6591 20.7837 12.7364
v 27.0295 21.0787 12.818
v 27.3684 21.3361 12.887
v 27.7325 21.6248 12.9561
v 27.7827 22.1207 13.1632
v 27.5128 22.3153 13.339
v 27.8769 22.6041 13.4645
v 27.6572 22.9116 13.5963
v 28.0338 23.2067 13.6779
v 28.423 23.508 13.7909
v 28.4167 23.9976 14.0295
v 28.084 24.2863 14.1738
v 28.1656 24.8262 14.3684
v 28.1028 25.2781 14.5253
v 27.789 25.5732 14.607
v 28.2221 25.9121 14.7953
v 28.2912 26.4771 15.197
v 28.6552 26.7658 15.2912
v 28.6992 27.1738 15.31
v 28.7306 27.6383 15.3916
v 28.4669 27.8769 15.5171
v 28.2409 28.1531 15.6678
v 28.0024 28.3602 15.7745
v 28.1091 28.9063 15.9942
v 27.858 29.2013 16.17
v 27.563 29.534 16.3143
v 27.3747 29.8981 16.5278
v 27.042 30.1555 16.6721
v 26.6403 30.3626 16.7788
v 26.2323 30.5949 16.7788
v 25.8682 30.7393 16.9232
v 25.7929 31.1661 16.9734
v 25.3472 31.2916 17.0362
v 25.2467 31.6808 17.0927
v 25.3472 32.1014 17.2999
v 25.5606 32.6098 17.8334
v 25.8996 32.5345 17.8209
v 26.2699 32.8233 17.9213
v 26.2574 33.1622 18.028
v 26.4268 33.6707 18.2791
v 26.8035 33.9657 18.4549
v 26.5712 34.2545 18.6997
v 26.6591 34.7378 18.9507
v 27.0608 35.0517 19.1077
v 26.7721 35.3341 19.4341
v 27.1927 35.6668 19.6475
v 26.9604 36.0686 19.9488
v 27.0295 36.7088 20.3631
v 27.3496 36.9536 20.4447
v 27.3182 37.4182 20.6393
v 27.6823 37.7006 20.7272
v 28.0275 37.9768 20.8088
v 28.5297 37.8827 20.8778
v 29.0633 37.7195 21.2356
v 29.5591 37.5186 21.3298
v 29.5843 37.029 21.3172
v 30.0299 36.9599 21.4114
v 30.0174 36.4766 21.3926
v 29.9797 36.0686 21.311
v 29.9672 35.717 21.2294
v 29.5968 35.4283 21.154
v 29.6094 35.0893 21.0913
v 29.2327 35.1458 21.085
v 29.2955 34.8445 21.0787
v 29.3708 34.4365 21.0661
v 29.5466 34.0975 21.0348
v 29.5466 33.6205 20.9469
v 29.9734 33.5138 20.8653
v 30.394 33.3003 20.8841
v 30.733 33.043 20.746
v 31.1222 32.8295 20.5954
v 31.254 32.4278 20.3506
v 31.5365 32.0826 20.1811
v 31.4988 31.5616 20.0053
v 31.6934 31.2477 19.8609
v 31.6871 30.846 19.7103
v 31.3042 30.5509 19.6412
v 31.4988 30.2559 19.5534
v 31.844 30.0739 19.4592
v 32.0888 29.8291 19.4215
v 32.4969 30.1492 19.5785
v 32.7668 29.9797 19.4592
v 32.8672 30.4379 19.6852
v 33.225 30.7141 19.7668
v 33.633 31.0343 19.9363
v 33.9532 31.2854 19.9676
v 33.677 31.5113 20.0869
v 33.6456 31.9319 20.0367
v 34.0097 32.2207 20.0806
v 33.7837 32.4906 20.1873
v 34.1415 32.7668 20.2752
v 34.4302 32.5471 20.3192
v 34.3737 32.0575 20.9029
v 34.675 31.8503 20.8778
v 34.3737 31.6118 20.9155
v 34.1164 31.8566 21.0724
v 34.3172 32.4592 20.7774
v 34.6688 31.4674 20.8527
v 35.0328 31.7499 20.9783
v 34.9638 31.1849 20.7084
v 35.3404 31.48 20.8904
v 35.6103 31.1535 20.564
v 35.1458 30.7895 20.2564
v 34.8947 30.5949 20.3882
v 34.8194 30.0299 20.7209
v 34.9952 29.6847 20.9908
v 35.0077 29.1511 20.9469
v 35.083 28.7117 20.8151
v 34.7315 28.4355 20.7523
v 34.3361 28.128 20.6016
v 34.2168 27.5567 20.4761
v 34.1164 27.0734 20.2125
v 33.79 27.224 20.2187
v 34.1164 26.6152 20.0304
v 34.0536 26.0879 19.6977
v 34.1164 25.6673 19.6412
v 33.8151 25.4288 19.6538
v 33.4447 25.14 19.5094
v 33.6079 24.8827 19.4215
v 33.1999 24.5625 19.2897
v 33.0995 23.9976 18.9507
v 32.886 23.395 18.7185
v 32.7793 22.8928 18.5678
v 32.9928 22.6794 18.4611
v 32.6412 22.4032 18.3607
v 32.7793 22.0705 18.1535
v 32.4404 21.8006 18.1284
v 32.0512 21.4993 17.9903
v 32.3023 21.2733 17.9903
v 32.591 21.041 18.0406
v 32.5031 20.5703 18.0719
v 32.8044 20.3317 17.9778
v 32.6475 19.7166 17.802
v 32.1767 19.8421 18.028
v 31.775 19.5282 17.8334
v 32.1014 18.8378 17.4191
v 32.252 18.5302 17.325
v 32.8107 18.4297 17.3312
v 33.0367 18.0845 17.2183
v 33.1685 17.6953 17.1115
v 33.338 17.4003 16.9797
v 33.6707 17.1806 16.7412
v 33.8778 16.8667 16.6784
v 34.3988 16.7977 16.6721
v 34.4742 16.465 16.5215
v 34.5055 16.0193 16.1762
v 34.8633 15.831 15.9565
v 35.1709 15.5987 15.6929
v 35.2023 15.197 15.492
v 35.4346 14.8706 15.1907
v 35.83 14.7137 14.8957
v 36.1125 14.4689 14.6572
v 36.2569 14.1864 14.224
v 35.943 13.9416 14.2052
v 36.1376 13.6465 13.6654
v 36.0372 13.1193 13.2636
v 36.0623 12.6987 12.9247
v 36.0246 12.297 12.6359
v 36.4201 12.1212 12.3911
v 36.8595 11.9705 12.0773
v 36.8846 11.5437 11.8073
v 37.1985 12.2342 12.1086
v 37.5437 12.4978 12.1463
v 37.9643 12.3848 12.0019
v 37.8764 12.7615 12.184
v 38.1902 13.0063 12.1965
v 38.4978 13.2448 12.1714
v 38.7929 13.4771 12.1526
v 39.1444 13.747 12.1902
v 39.5147 13.5901 11.8701
v 39.929 13.4959 11.6379
v 40.4061 13.3515 10.9223
v 40.5567 12.9686 10.6649
v 40.5944 12.4915 10.2192
v 40.1613 12.1589 9.98068
v 40.3684 11.8889 9.47223
v 40.0546 11.6504 9.49734
v 39.6842 11.3617 9.34041
v 39.3013 11.0666 9.21487
v 38.9435 10.7842 9.17093
v 38.6485 10.5519 9.18976
v 38.2656 10.2569 9.10188
v 37.8764 9.95558 9.03283
v 37.5688 9.71704 9.05794
v 37.2675 9.48479 9.10188
v 37.0604 9.74215 9.57895
v 37.437 9.14582 8.80058
v 37.7508 8.94495 8.39256
v 37.776 8.53694 8.09126
v 37.8576 8.23563 7.77112
v 38.0333 7.92178 7.35683
v 38.4351 7.81506 7.02414
v 38.3848 7.36311 6.66634
v 38.297 6.87977 6.31482
v 38.6422 6.65379 6.03235
v 38.9937 6.92998 6.07001
v 39.4268 6.78561 5.39208
v 39.7093 6.49058 5.02173
v 39.7219 6.07001 4.8648
v 39.6968 5.59295 4.59488
v 39.3578 5.32931 4.51956
v 38.9623 5.02173 4.37518
v 39.4268 4.92757 4.35007
v 39.6842 4.70159 4.01738
v 39.973 4.55722 3.83534
v 40.0357 4.13665 3.32689
v 40.4312 4.44423 3.42105
v 40.7702 4.70159 3.47127
v 41.0966 4.95268 3.42733
v 41.5611 4.87108 3.10092
v 41.8938 4.70159 2.5548
v 42.2892 4.59488 2.30372
v 42.5278 4.30613 2.3916
v 42.2013 4.05505 2.43554
v 42.3457 3.72863 2.28489
v 41.9252 3.40222 2.06519
v 42.0884 3.09464 1.3182
v 41.5485 3.11347 1.2366
v 41.6803 2.7745 1.16127
v 41.2598 2.45437 0.998068
v 40.8894 2.16562 0.853694
v 40.902 1.79527 0.470787
v 40.4375 1.82038 0.577499
v 40.9899 1.36214 0.357798
v 41.1782 1.04201 0.156929
v 41.2849 0.721873 0.194592
v 41.5234 1.31193 0.225978
v 41.7368 1.07339 0.42057
v 41.9 1.60068 0.351521
v 42.5654 1.71366 0.790922
v 42.3959 1.98986 0.753259
v 42.8228 2.31627 0.991791
v 43.055 2.09657 1.11733
v 43.2434 2.64268 1.19266
v 43.5572 2.48576 1.5128
v 43.7455 3.02559 1.52535
v 43.9213 2.76195 1.61951
v 44.254 3.02559 1.63206
v 44.5553 3.25785 1.62578
v 44.4737 3.59681 1.68856
v 44.9445 3.55915 1.80782
v 45.365 3.88556 1.96475
v 45.3211 4.24964 2.09657
v 45.817 4.23081 2.21584
v 46.1999 4.53211 2.34766
v 46.0932 4.84597 2.38532
v 46.6079 4.84597 2.50459
v 46.4698 5.14099 2.54225
v 46.9908 5.14099 2.61758
v 47.311 5.39208 2.62385
v 47.6185 5.63061 2.57991
v 47.9198 5.85659 2.54853
v 48.2149 6.08885 2.5297
v 48.5287 6.32738 2.51714
v 48.8677 6.5973 2.5297
v 49.2129 6.86094 2.53597
v 49.5393 7.11202 2.51714
v 49.8155 7.33172 2.40415
v 50.1168 7.5577 2.34138
v 50.4809 7.84645 2.41671
v 50.3428 8.1352 2.46692
v 50.4872 8.71898 2.59874
v 50.6127 9.30903 2.54853
v 50.9078 9.54128 2.48576
v 51.2216 9.78609 2.45437
v 51.6485 9.61661 2.32255
v 51.9184 9.35925 2.29744
v 52.1004 9.50362 2.00869
v 52.3892 9.72332 1.95847
v 51.9372 9.84259 2.2535
v 51.4915 9.99324 2.28489
v 51.0898 10.5017 2.93771
v 50.7759 10.2632 3.00048
v 50.5249 10.508 2.76823
v 50.8262 10.7402 3.43988
v 51.2844 10.6586 3.38339
v 51.705 10.5456 3.19507
v 51.4351 10.3322 3.28295
v 51.0961 10.0686 3.25157
v 51.8996 10.3071 3.19507
v 52.0125 10.7779 3.19507
v 52.226 10.5582 3.22646
v 52.408 10.2004 3.31434
v 52.8662 10.0937 3.03187
v 52.5336 10.803 3.19507
v 53.0232 10.6774 3.18252
v 53.155 10.3134 2.95654
v 53.3496 10.4703 2.70546
v 53.6948 10.7339 2.7494
v 54.1091 11.0541 2.88749
v 54.5862 11.4182 3.21391
v 54.944 11.7006 3.30179
v 55.2453 11.9329 3.22646
v 55.2641 12.4162 3.15741
v 55.534 12.1526 3.15741
v 55.7788 12.3472 3.01304
v 56.0048 12.5229 2.81844
v 54.9942 12.2091 3.26412
v 54.5674 12.3723 3.44616
v 54.7243 11.9957 3.40222
v 54.2661 12.14 3.54032
v 54.1593 12.4413 4.30613
v 53.902 12.6861 4.22453
v 53.8894 13.113 4.55722
v 53.1362 12.5292 4.32496
v 53.5065 12.3786 4.02366
v 53.1801 12.1212 3.97972
v 52.8035 12.2718 4.35007
v 52.747 12.6987 4.71415
v 53.1801 13.0314 4.90874
v 52.408 12.8493 5.0029
v 52.8537 13.1946 5.31675
v 53.2052 13.4708 5.41719
v 53.6195 13.3704 5.14727
v 53.9522 13.6277 5.24771
v 54.4858 13.5712 5.14727
v 54.3539 13.9416 5.42974
v 54.8247 13.8349 5.17238
v 54.9503 13.4959 5.14727
v 54.9754 13.0753 4.71415
v 55.2327 13.7156 5.03428
v 55.5717 13.5336 4.63882
v 55.5529 13.1381 4.87735
v 55.1323 12.8054 4.72042
v 55.7161 12.7615 4.90246
v 55.3143 12.4476 4.73298
v 56.0048 12.9812 4.82714
v 55.9609 13.452 4.38146
v 56.3689 13.2699 4.22453
v 56.2747 13.6968 4.31241
v 56.6388 13.4771 4.06132
v 56.4254 12.8493 3.78513
v 56.1366 12.6234 3.81651
v 56.7267 13.0753 3.73491
v 57.0092 13.295 3.67214
v 57.3042 13.5273 3.58426
v 57.6745 13.8098 3.66586
v 58.0261 14.0859 3.71608
v 58.3839 14.3621 3.77885
v 58.6977 14.607 3.74746
v 59.0806 14.902 3.91695
v 59.4447 15.1845 4.02366
v 59.7711 15.4355 4.04249
v 60.0787 15.6741 4.04249
v 59.9532 16.0444 4.31241
v 60.3988 16.3897 4.54466
v 60.9575 16.352 4.5886
v 60.832 16.7286 4.79575
v 61.5852 16.8416 5.27281
v 62.1376 17.2622 5.77499
v 62.4703 17.5258 5.76871
v 62.7842 17.7706 5.77499
v 63.1043 18.0154 5.76871
v 63.4307 18.2665 5.78754
v 63.7195 18.4925 5.75616
v 64.027 18.731 5.75616
v 64.3158 18.957 5.71222
v 64.6234 19.1956 5.66828
v 64.887 19.3964 5.49879
v 65.1695 19.6161 5.37953
v 65.4771 19.8547 5.34186
v 65.747 20.0681 5.22887
v 66.0357 20.2878 5.14727
v 66.4249 20.5891 5.35442
v 66.7137 20.8151 5.29792
v 67.0463 21.0724 5.34814
v 67.3351 21.2921 5.29792
v 67.7368 21.5997 5.46741
v 68.0193 21.8257 5.35442
v 68.3206 22.0517 5.28537
v 68.7035 22.353 5.43602
v 68.9672 22.5601 5.31048
v 69.2559 22.7798 5.24143
v 68.8981 22.9744 5.74988
v 68.7851 23.3887 5.91308
v 68.7286 23.7277 6.17045
v 68.6659 24.1168 6.48431
v 68.5968 24.506 6.71028
v 68.8856 24.732 6.63496
v 69.1492 24.9392 6.6224
v 69.4693 24.7383 6.86721
v 69.7455 24.958 6.7605
v 70.0657 25.2028 6.73539
v 69.802 25.4413 6.5973
v 69.7957 25.9121 6.38387
v 70.1284 26.1695 6.38387
v 69.6828 26.2448 6.57219
v 69.576 26.5901 6.79816
v 69.4254 26.0439 6.66007
v 69.3187 26.3955 6.94254
v 69.3312 26.8474 6.96765
v 69.8397 26.7972 7.41333
v 69.5321 27.0043 7.44471
v 69.9527 27.3308 7.64558
v 70.367 26.7721 7.37566
v 70.5302 26.4833 7.32545
v 70.888 26.7595 7.43216
v 71.3274 26.6214 7.17479
v 71.7291 26.4896 6.99903
v 72.3129 26.5022 7.13085
v 72.6142 26.3515 7.4196
v 72.6393 26.7533 7.18107
v 72.6079 27.1738 7.53887
v 72.4008 27.4563 7.51376
v 73.0285 27.9396 7.50748
v 72.9092 28.3225 7.01787
v 73.2733 28.1342 7.38194
v 73.3863 28.6929 7.33172
v 73.4114 29.1323 7.10575
v 73.7252 29.3771 7.06181
v 73.9826 29.1574 7.31289
v 74.5789 28.7055 7.04925
v 74.7735 28.4104 6.95509
v 74.8677 28.0966 6.8421
v 75.0937 28.6615 6.94254
v 75.4075 28.9 6.96765
v 75.7716 29.1825 7.10575
v 76.098 29.4336 7.16852
v 76.4558 29.7161 7.23129
v 76.9392 30.0927 7.6142
v 76.6378 30.2936 7.34428
v 76.9643 30.5509 7.37566
v 77.2907 30.802 7.44471
v 77.5794 30.5886 8.34862
v 78.0314 30.9338 8.67504
v 78.703 30.5572 8.68759
v 78.8286 30.1931 8.44278
v 79.2115 30.4819 8.59343
v 79.5316 30.733 8.59343
v 79.8455 30.9778 8.58716
v 80.1719 31.2289 8.60599
v 80.4481 31.4423 8.52438
v 80.7619 31.6871 8.54322
v 81.0695 31.9256 8.5746
v 81.2955 32.1014 8.39256
v 81.5968 32.3337 8.34862
v 81.9044 32.5722 8.28585
v 81.6721 32.8609 8.32979
v 82.1178 33.7084 8.33607
v 81.4524 33.1936 8.29213
v 81.5905 33.6895 8.90101
v 82.1806 33.7586 9.22743
v 82.6451 33.6142 9.13955
v 82.4882 33.9971 9.22743
v 82.9338 33.8402 9.13327
v 83.0719 33.0681 8.5746
v 82.394 33.4196 9.25881
v 83.1535 34.0034 8.88218
v 83.5553 33.8464 8.46161
v 83.5804 34.3361 8.46161
v 84.0951 34.267 9.05794
v 84.3525 34.9324 9.49734
v 84.5282 35.5664 9.61033
v 84.1767 35.3027 9.44713
v 83.8001 35.014 9.30275
v 84.0826 35.6229 8.90101
v 84.4466 35.5099 8.66876
v 83.7499 34.9701 8.41767
v 83.5553 35.2086 9.17721
v 83.844 35.8802 8.81313
v 84.3399 35.8238 8.76919
v 84.1077 36.0811 8.7127
v 84.4843 36.3699 8.91357
v 83.5427 36.0874 9.37808
v 83.2414 35.8551 9.40319
v 83.028 36.1627 9.36552
v 83.3419 36.4075 9.41574
v 83.8252 36.7779 9.77354
v 83.1473 36.6774 9.34041
v 83.6745 37.0792 9.8928
v 84.2897 37.1357 9.4534
v 83.9319 37.2801 8.95123
v 82.9527 36.9599 9.42829
v 82.8585 37.3303 9.93674
v 83.3042 37.6755 10.238
v 83.6243 37.4746 10.3008
v 84.001 37.3303 9.93047
v 83.9194 37.7069 10.238
v 84.1642 37.8952 10.0811
v 84.6224 37.393 9.46596
v 84.7793 37.9329 9.4534
v 84.0072 37.776 8.95123
v 83.6683 37.5123 8.88846
v 83.6494 37.9454 8.89474
v 83.8001 38.5418 9.21487
v 83.4611 38.2781 9.12699
v 83.6934 38.8368 9.20232
v 83.2979 38.5292 9.648
v 82.8334 39.0565 9.17093
v 83.1975 39.339 9.32786
v 83.7122 39.2762 9.35297
v 83.141 39.7595 9.40946
v 83.7122 40.2052 9.32786
v 84.0449 39.5398 9.44085
v 83.5302 39.1381 9.69194
v 84.3713 39.3578 10.0183
v 83.2414 40.2743 9.92419
v 83.5176 41.0024 9.3718
v 82.7895 40.4375 9.88025
v 83.0719 41.1468 10.1627
v 83.2854 40.8204 10.3385
v 83.5553 40.5128 10.6774
v 83.3167 41.3351 10.7591
v 83.6243 41.5736 10.7214
v 84.0763 41.4355 10.7214
v 84.2207 41.0275 10.7716
v 84.3023 41.6113 10.5331
v 84.5157 41.2598 10.7214
v 84.6287 40.9145 10.7465
v 84.6789 40.4877 10.6272
v 83.9696 40.3998 10.6774
v 83.7499 39.7658 10.6649
v 84.1956 39.6465 10.5205
v 83.9319 39.4457 10.6649
v 84.7668 39.6654 10.2067
v 84.7605 39.6654 9.42202
v 85.0492 39.8851 10.1188
v 85.0932 39.9227 9.4534
v 85.0995 39.5461 9.46596
v 84.8107 39.3264 9.42829
v 85.4384 39.3327 9.39691
v 85.3505 38.8117 10.0246
v 85.0367 38.5669 9.98696
v 85.3505 38.3786 9.32786
v 85.0367 38.1337 9.32158
v 84.7668 38.3597 10.0937
v 84.5094 38.6108 10.2067
v 85.156 39.113 10.1878
v 85.0179 39.4833 9.92419
v 83.9005 38.1337 10.2632
v 83.6432 37.9392 10.351
v 83.1912 38.071 10.0183
v 82.8836 37.8262 10.0183
v 82.733 38.0898 9.78609
v 83.0845 38.366 9.89908
v 82.507 38.7991 9.84259
v 82.8083 39.0377 9.82376
v 82.5698 37.5939 10.1188
v 82.3501 37.7948 10.3573
v 81.9169 38.3534 9.90536
v 82.1931 38.5543 9.84259
v 82.0174 38.887 9.82376
v 82.1053 39.3892 9.37808
v 81.647 39.5524 9.42829
v 81.9295 39.7721 9.40946
v 82.2434 40.0169 9.3718
v 82.9464 39.6089 9.74843
v 82.3626 39.1569 9.88025
v 81.8416 40.1927 9.39691
v 82.1492 40.4312 9.32158
v 81.4901 40.4186 9.69821
v 81.9985 40.8078 10.1941
v 81.3771 40.7513 10.3573
v 81.1888 41.0212 10.1816
v 81.7475 41.4606 10.056
v 82.4379 41.1468 10.4452
v 82.5572 40.745 10.3134
v 82.5133 40.224 10.0183
v 81.9797 40.2931 10.464
v 81.9923 39.816 10.2569
v 81.534 39.9541 9.39063
v 82.8209 40.9522 10.2443
v 82.6765 41.3351 9.5099
v 82.9401 41.5422 10.1564
v 83.436 41.9252 10.5394
v 83.9068 41.7933 10.6712
v 83.9507 42.3269 10.3071
v 84.409 42.1825 10.3197
v 84.6161 41.8561 10.5394
v 84.7605 41.4481 10.5394
v 85.0618 41.2472 10.3761
v 85.2438 40.9271 10.4703
v 85.0492 40.3182 10.4138
v 84.3964 40.268 10.7402
v 84.8986 40.6572 9.61661
v 85.3694 40.563 10.4703
v 85.4949 40.2303 10.4201
v 85.633 40.7702 10.3259
v 85.7774 40.4563 10.351
v 85.7899 40.0797 10.3197
v 86.2105 39.929 10.464
v 85.972 39.295 9.96185
v 85.3694 39.2825 9.98068
v 85.7272 39.1067 9.35925
v 85.7021 38.6485 9.44713
v 86.2105 39.0502 9.9493
v 86.606 39.3515 10.1376
v 86.3988 38.7677 10.0058
v 86.0473 38.4978 9.89908
v 86.6185 38.4602 10.056
v 86.3298 38.2405 10.0246
v 86.4616 37.9015 9.85514
v 85.8527 37.8701 9.59778
v 86.0787 37.6002 9.68566
v 85.8151 37.3993 9.84259
v 85.6079 37.6818 9.79237
v 85.6016 38.1526 9.60406
v 85.0555 37.732 9.78609
v 84.9049 37.1357 9.53501
v 85.3631 37.4935 9.8928
v 85.5577 37.1985 9.99952
v 85.1999 36.9223 9.93674
v 85.4008 36.6335 9.0705
v 84.6852 36.9725 9.014
v 85.7648 36.916 9.95558
v 85.5263 36.7277 10.1062
v 85.1434 36.4326 9.93047
v 85.6456 36.4326 10.0623
v 85.3066 36.169 9.99324
v 84.8358 36.2004 9.96813
v 84.5722 36.4389 9.84886
v 84.886 36.6774 9.87397
v 84.6789 36.9599 9.79865
v 85.0367 35.9619 10.1
v 85.2438 35.6166 10.1439
v 85.6016 35.8928 10.2004
v 85.4886 35.3404 10.1753
v 85.8402 35.6103 10.2129
v 85.9971 36.7088 10.1251
v 86.267 36.916 9.96813
v 86.3172 36.9536 9.3718
v 86.719 36.7591 9.9493
v 86.9889 36.5017 9.94302
v 87.2714 36.7214 9.90536
v 87.4283 37.3114 9.39691
v 87.761 37.098 9.61661
v 87.6103 37.4558 9.84259
v 88.0246 37.7697 10.0748
v 88.4326 38.0898 10.2757
v 88.6461 38.7552 10.5833
v 88.6586 39.1569 10.9034
v 89.0164 39.4394 11.0039
v 89.3428 39.6905 10.3573
v 89.6065 39.8914 10.9976
v 89.9705 40.1738 11.1231
v 90.2593 40.3998 11.1482
v 90.5292 40.2178 11.2298
v 90.6422 39.7972 11.2047
v 90.9874 40.0608 11.2612
v 91.2825 39.8223 11.3428
v 91.2574 40.2743 11.1671
v 91.7219 40.1613 10.9474
v 91.4708 40.9459 11.3177
v 91.0502 41.0087 11.4621
v 91.0816 41.4795 11.2801
v 91.0377 41.8875 10.8595
v 91.4143 42.1825 11.0227
v 91.1632 42.465 10.9913
v 91.4017 41.7243 11.3366
v 91.8537 42.9985 11.2047
v 92.224 43.281 11.3993
v 92.676 43.6325 11.7383
v 92.9208 43.3501 11.732
v 93.4795 43.3312 11.8262
v 93.4041 43.2747 12.4099
v 93.944 42.8605 12.7803
v 94.1072 42.4775 12.8242
v 94.3959 42.2327 12.1212
v 93.5485 41.5799 12.3032
v 94.7161 42.4838 12.1589
v 94.6533 42.4336 12.7552
v 94.4524 42.7475 12.2154
v 94.8165 43.0299 12.2467
v 94.9546 42.6659 12.7489
v 95.4631 43.0613 13.2574
v 95.7455 43.2747 13.2323
v 96.0782 43.5384 13.2762
v 95.4944 43.5509 13.1569
v 95.7581 44.2603 13.5336
v 96.4925 43.8585 13.4959
v 95.4693 44.4297 13.1883
v 95.4568 44.8629 13.6905
v 95.1304 44.6118 13.6152
v 95.2873 45.1767 13.6968
v 95.6325 45.4466 13.0126
v 94.9044 45.3588 13.3201
v 95.0488 45.4655 12.9749
v 95.4066 45.7479 13.0816
v 95.9527 45.6977 13.0628
v 95.8962 45.6475 13.6654
v 96.4235 45.6161 13.816
v 96.1535 45.4027 13.9479
v 96.9319 45.1704 14.1236
v 96.2289 45.0198 14.3056
v 96.3607 44.7248 14.2492
v 96.731 44.5051 13.9165
v 96.5051 44.3293 14.0922
v 96.0406 43.9778 13.7658
v 97.0637 44.7624 14.0106
v 97.4717 45.0826 13.5084
v 97.7103 45.2646 14.0922
v 98.156 45.6098 13.6779
v 98.6644 46.0053 14.1613
v 97.8107 45.8484 13.9604
v 97.6663 46.1309 14.1048
v 97.4655 46.4196 14.0546
v 97.252 46.7021 14.042
v 97.0386 47.0097 14.0671
v 96.7875 46.8151 13.4394
v 96.5239 47.0348 13.929
v 96.2603 47.267 13.9855
v 96.2038 46.7837 13.8914
v 96.323 46.4573 13.9353
v 95.5133 46.2501 13.7281
v 95.9527 47.0285 13.973
v 96.2351 45.9111 13.7595
v 96.549 46.156 13.816
v 96.8126 45.9174 13.9981
v 97.2834 45.4466 13.4582
v 97.2018 46.2125 13.4017
v 95.2308 46.0304 13.0188
v 94.8479 45.7354 12.8556
v 94.7286 46.5326 13.2574
v 95.3752 46.5828 13.2762
v 95.0299 47.2419 13.2323
v 95.3814 47.041 13.3201
v 95.3752 47.5118 13.295
v 95.7141 47.2984 13.3076
v 95.7267 47.7817 13.4394
v 95.3375 47.8633 13.3515
v 94.6533 48.2211 13.113
v 94.7349 47.3926 13.452
v 95.0237 48.0454 13.5649
v 94.4838 47.2042 13.5336
v 94.0444 47.2858 13.4394
v 94.5717 47.7001 13.9667
v 94.7977 47.8696 13.7533
v 94.6282 48.2023 13.7909
v 94.2076 48.3404 13.747
v 93.7619 48.0014 13.4959
v 94.1762 48.3216 12.9561
v 93.8687 48.083 12.9184
v 93.7619 48.4346 12.9247
v 93.2912 48.5852 12.8556
v 93.1656 48.9807 12.8493
v 92.6885 49.1125 12.8305
v 92.3182 49.2506 12.8368
v 92.1801 49.5582 12.8556
v 91.8788 49.7528 12.5983
v 91.3578 49.351 12.931
v 91.1381 50.0101 13.0565
v 90.9623 50.3052 13
v 90.7552 50.6002 13.0188
v 90.4727 50.3805 13.069
v 90.2091 50.6441 13.1569
v 89.8073 50.7634 13.1946
v 89.4684 50.4998 13.1318
v 89.2173 50.8136 13.1569
v 88.9285 51.0961 13.069
v 88.803 51.5167 13.1318
v 88.69 51.8619 13.4268
v 88.3573 51.6045 13.4143
v 88.4954 51.2781 13.1507
v 87.9744 51.3095 13.182
v 87.4346 51.8368 13.6026
v 87.466 51.366 13.0502
v 87.1772 51.6359 13.7156
v 86.719 52.1444 14.1048
v 87.2086 52.1444 14.2617
v 87.9242 52.2134 14.1362
v 87.6857 52.521 14.7011
v 87.9367 53.0922 14.1362
v 88.1564 52.8851 14.2429
v 88.1941 52.9165 13.6277
v 88.3385 52.5398 14.3935
v 88.6084 52.2511 14.3433
v 88.3071 52.0125 14.381
v 88.6586 53.2743 14.7764
v 88.1188 53.2366 13.8788
v 87.987 53.5818 14.7011
v 87.2337 52.9981 14.4312
v 87.0077 53.268 14.789
v 87.2462 52.5587 14.6634
v 88.5268 53.1738 13.6717
v 86.3047 51.8242 13.86
v 86.154 52.1569 13.9416
v 86.1226 52.5838 14.0797
v 85.8402 52.3578 14.1989
v 85.3757 52.8537 14.2178
v 85.4824 52.0816 14.0859
v 85.112 52.2448 14.1613
v 84.4153 52.5838 13.5838
v 84.0951 52.7972 13.9479
v 83.8503 53.1173 14.4626
v 83.2414 52.6403 14.3684
v 83.844 52.6026 14.1236
v 83.5427 52.3703 14.1236
v 82.7016 52.6591 14.1048
v 83.1159 52.0314 13.8474
v 82.4756 52.0439 14.0357
v 82.3626 52.3955 14.0985
v 82.0174 52.6026 14.1738
v 82.2496 51.8682 14.1801
v 82.2685 51.3723 14.0797
v 81.9044 51.5983 14.1299
v 81.9232 51.1024 13.9855
v 81.2829 51.548 13.6152
v 81.2829 52.0251 13.9165
v 80.8812 51.7175 13.7533
v 80.8059 52.1318 14.6258
v 81.0821 52.3452 14.5253
v 80.8624 52.6528 14.45
v 81.3708 53.0483 14.9585
v 80.7996 52.9981 14.6634
v 80.8749 53.5316 15.4293
v 81.421 53.4814 15.4481
v 81.9358 53.0106 15.1405
v 81.6784 52.8097 15.2096
v 82.0613 52.634 15.0589
v 81.804 52.4268 15.1907
v 82.4568 52.0314 14.6886
v 82.212 53.2303 15.1154
v 82.5258 53.4751 15.1091
v 82.3312 53.7953 14.9647
v 80.4983 54.2033 15.423
v 80.1593 53.9396 15.3037
v 80.1907 53.4751 15.0526
v 79.858 53.7074 15.3539
v 79.8643 53.224 15.0966
v 79.5505 53.4626 15.3539
v 79.2931 54.197 15.7431
v 78.9478 53.9271 15.6678
v 78.8411 54.3665 16.0319
v 79.5442 54.3916 16.3583
v 79.7262 54.0401 16.3269
v 79.042 53.5065 16.0946
v 80.0903 54.3225 16.4587
v 80.5297 54.2284 16.2076
v 79.8957 54.6678 16.4713
v 79.3559 54.7682 16.5529
v 78.6152 54.7368 16.1511
v 78.2071 54.8498 16.3269
v 77.9874 55.1323 16.4399
v 77.705 54.9126 16.4524
v 77.4162 54.6866 16.5215
v 77.0333 54.3853 16.3646
v 76.8513 54.7431 16.6659
v 76.6441 55.057 16.873
v 76.3303 54.8122 16.8479
v 76.142 55.0758 16.986
v 75.6021 55.1135 17.0676
v 75.0121 55.0821 17.0488
v 74.5036 54.6866 16.5654
v 73.9763 54.7117 16.5215
v 73.6185 54.4355 16.4336
v 73.2984 54.1844 16.3771
v 72.9971 53.9522 16.4211
v 72.8151 53.8015 16.7914
v 72.5451 53.5944 16.8605
v 72.6581 54.0715 17.0111
v 72.1497 54.0966 17.1304
v 72.0053 53.5567 16.9169
v 71.4341 53.9773 16.804
v 71.1328 53.745 16.8856
v 70.9884 54.1154 17.2183
v 70.8378 54.3916 17.4317
v 70.5804 54.1907 17.5258
v 70.2603 54.4041 17.8397
v 70.0719 54.7368 18.3042
v 69.8209 54.5422 18.4486
v 69.5572 54.7933 18.7436
v 69.2998 55.0068 19.0072
v 68.9985 54.7682 19.0575
v 68.4775 54.8435 19.0763
v 68.1511 54.5862 19.0449
v 67.7808 54.7933 19.1391
v 67.4418 55.0758 19.3462
v 67.1593 54.8561 19.3399
v 66.8329 54.5987 19.2709
v 66.1738 55.0758 19.5596
v 65.8976 54.8561 19.635
v 65.6152 54.6427 19.7103
v 65.3829 54.9942 19.9614
v 65.1004 54.7745 20.0492
v 64.8117 55.0632 20.3882
v 64.2593 55.013 20.5075
v 63.9329 54.7619 20.4949
v 63.6065 54.5046 20.4824
v 63.393 54.7745 20.5765
v 63.0604 54.5109 20.52
v 62.7904 54.7557 20.7209
v 62.577 55.0381 21.5934
v 62.2443 54.7808 21.6311
v 61.9367 54.9377 22.2839
v 61.5413 55.0884 22.7735
v 61.2023 54.8184 22.6982
v 60.7755 54.9816 23.2632
v 60.5244 54.7808 23.3322
v 59.9406 54.8875 23.6523
v 59.4384 55.0068 23.7402
v 59.112 54.7494 23.7026
v 58.7856 54.492 23.7214
v 58.4906 54.7871 23.9725
v 58.1893 54.5485 24.0101
v 57.8754 54.8247 24.2298
v 57.5365 55.1009 24.3993
v 57.1724 54.8184 24.3491
v 56.846 55.0005 24.5437
v 56.5321 54.7557 24.5563
v 56.2371 55.0068 24.7383
v 55.9295 54.7682 24.7132
v 55.4273 54.8435 24.7885
v 55.0507 55.0193 24.8638
v 54.7368 55.1197 24.8889
v 54.4104 54.8687 24.8513
v 54.0777 54.9503 24.9078
v 53.7639 54.7055 24.8638
v 53.4626 54.8435 24.8638
v 53.0985 54.5611 24.7697
v 52.816 54.8122 24.8011
v 52.4896 54.5548 24.7195
v 52.1695 54.718 24.8764
v 51.8619 54.4795 24.8764
v 51.4162 54.6364 24.8199
v 51.0835 54.9628 24.914
v 50.7885 54.7306 24.914
v 50.437 55.0381 25.0521
v 49.9474 55.1449 25.1526
v 49.6774 54.9314 25.1965
v 49.3573 54.6803 25.1463
v 48.8928 54.8498 25.3158
v 48.4471 55.0444 25.5794
v 48.0956 54.7682 25.4602
v 47.7692 54.5109 25.479
v 47.311 54.718 25.6485
v 46.9029 54.9 25.8117
v 46.5891 54.6552 25.774
v 46.2752 54.4104 25.7552
v 45.9928 54.7368 25.8054
v 45.5031 54.9126 25.9058
v 45.1579 54.6427 25.8619
v 44.5992 54.7745 25.8556
v 44.0719 54.8561 25.8745
v 43.7455 54.5987 25.7929
v 43.1931 54.7117 25.774
v 42.5968 54.7996 25.7615
v 42.2578 54.536 25.6673
v 41.9942 54.9 25.7866
v 41.3728 54.9189 25.6485
v 41.5987 54.5862 25.6234
v 40.9961 54.6238 25.5292
v 41.2409 54.3037 25.5167
v 40.8706 54.015 25.3283
v 40.6509 54.3539 25.4099
v 40.3056 54.084 25.3032
v 39.9792 54.3916 25.3848
v 39.9478 53.8015 25.1777
v 39.6277 54.1091 25.3283
v 39.4708 54.5485 25.4476
v 39.2197 54.3477 25.548
v 39.3201 53.8769 25.2844
v 38.8431 54.0526 25.4099
v 38.9812 53.6069 25.1965
v 38.5167 53.8015 25.4539
v 38.6422 53.337 25.1212
v 38.184 53.5379 25.3786
v 37.8513 53.8455 25.8619
v 37.6818 54.1907 26.0126
v 37.7634 53.2052 25.1589
v 37.9957 52.8349 25.0396
v 37.9266 52.2197 24.914
v 37.6127 51.9749 24.9078
v 37.2989 51.7238 24.8701
v 36.9599 51.4664 24.8073
v 36.6398 51.2154 24.7446
v 36.2945 50.9454 24.6567
v 35.9619 51.2405 24.7383
v 35.6605 51.0082 24.7571
v 35.2086 51.2091 24.9643
v 34.7566 51.4225 25.1902
v 34.6185 51.7991 25.4413
v 34.2168 51.4853 25.2467
v 33.79 51.6296 25.3786
v 33.2815 51.7615 25.4351
v 33.1873 51.6861 25.9561
v 32.8044 51.9561 26.2134
v 32.8547 52.4959 26.1381
v 32.8484 53.0859 26.6152
v 32.6036 53.5065 26.6403
v 32.9551 53.7827 26.7281
v 33.2627 54.0212 26.6591
v 33.6456 54.3225 26.8349
v 34.0159 54.6113 26.9855
v 34.4993 54.9942 27.3433
v 33.4761 54.7933 27.7513
v 33.0744 55.013 27.9836
v 32.6161 55.17 28.1719
v 32.2646 54.9 28.0966
v 31.8378 55.0068 28.3916
v 31.3607 55.1009 28.605
v 31.5113 54.7494 28.3602
v 31.6494 54.4167 28.1719
v 31.8001 54.015 27.8769
v 32.0888 53.7074 27.4814
v 31.7499 53.4437 27.4312
v 31.5051 53.2492 27.5693
v 31.7687 52.8537 26.8537
v 32.0449 53.0671 26.8349
v 32.2834 52.6465 26.7658
v 31.9947 52.4206 26.8223
v 31.367 52.5398 26.6277
v 31.1159 52.9478 26.6717
v 30.7267 52.6465 26.6089
v 30.3752 52.3703 26.4708
v 29.8228 52.4708 26.929
v 29.4462 52.6905 26.6214
v 29.2641 52.9918 26.8662
v 29.1072 53.3433 26.9165
v 28.8875 53.6007 26.9102
v 28.8938 54.0652 27.1173
v 28.7306 54.4544 27.2052
v 28.7117 54.9942 27.4375
v 28.3539 54.7117 27.3873
v 28.6678 54.9565 28.1028
v 28.0589 54.4795 27.381
v 28.128 54.536 28.2786
v 27.6697 54.6803 28.3351
v 27.2994 54.3916 28.2347
v 27.1173 54.8247 28.3351
v 26.5775 54.3979 27.8141
v 26.113 54.605 27.971
v 25.5794 54.7745 28.0464
v 25.1024 54.9565 28.1593
v 24.5939 55.1009 28.3539
v 24.2738 54.8561 28.31
v 23.9599 54.6113 28.3037
v 23.6586 54.8749 28.3288
v 23.2757 55.1072 28.4042
v 22.8112 55.1825 28.6113
v 22.4848 54.9252 28.5736
v 22.2274 54.7243 28.6992
v 21.9826 54.5297 28.831
v 21.7001 54.31 28.9314
v 21.493 54.6364 29.0758
v 21.2168 54.4167 29.17
v 20.8339 54.6364 29.5591
v 20.4573 54.8749 29.9421
v 20.1434 54.6301 30.0362
v 19.7605 54.8247 30.2496
v 19.4718 54.5987 30.2873
v 19.2081 54.9565 30.4505
v 18.6934 55.0946 30.6012
v 18.3168 54.7996 30.5384
v 17.9966 54.5485 30.4379
v 17.3689 54.6113 30.3187
v 17.1178 54.9314 30.394
v 16.804 54.6866 30.3815
v 16.2767 54.831 30.62
v 15.9754 54.5987 30.6012
v 15.3853 54.718 30.7518
v 14.8078 54.8938 30.8397
v 14.4689 54.6301 30.7204
v 13.9541 54.7306 30.8522
v 13.5775 54.9314 30.9213
v 13.2448 54.6741 30.8648
v 12.8054 54.8435 31.0217
v 12.1777 54.8687 31.0092
v 11.8324 55.0507 31.1222
v 11.4621 54.7619 30.9903
v 10.8972 54.8687 31.1661
v 10.6021 54.6427 31.2163
v 10.2632 54.379 31.2226
v 9.97441 54.718 31.5992
v 9.62916 54.4481 31.5113
v 9.40319 54.8373 31.9445
v 9.04539 55.0632 32.183
v 8.73153 54.8184 32.1642
v 8.40512 54.5611 32.1265
v 8.07243 54.8435 32.3901
v 7.65814 54.5234 32.183
v 7.01159 54.5674 32.2897
v 6.71028 54.9189 32.5094
v 6.13906 54.9628 32.4906
v 5.71222 54.6301 32.2018
v 5.17866 54.7557 32.2395
v 4.61999 54.8875 32.2834
v 4.24336 54.5987 32.1579
v 3.60309 54.6678 32.1014
v 3.23901 54.3853 31.9319
v 2.93771 54.649 31.9884
v 3.39594 53.9396 31.731
v 3.55915 53.494 31.5302
v 4.17431 53.4312 31.5678
v 4.29985 53.0357 31.4423
v 4.34379 52.4896 31.2289
v 4.61371 52.1444 31.0029
v 5.02173 51.9247 30.9527
v 5.46113 51.7615 30.959
v 5.7436 51.4162 30.6765
v 5.34186 51.1024 30.4882
v 5.78754 50.8827 30.3563
v 6.05118 50.5374 30.212
v 6.33365 50.3052 30.0613
v 6.60357 49.9976 29.8667
v 6.64124 49.5205 29.5843
v 6.96765 49.2757 29.3959
v 7.13713 48.9054 29.2139
v 7.31289 48.4095 28.9816
v 7.65186 48.0956 28.8938
v 7.81506 47.6625 28.7619
v 8.32979 47.5495 28.5485
v 8.49927 47.1289 28.2849
v 8.54949 46.6267 27.8329
v 8.74408 46.2187 27.5316
v 8.7943 45.7605 27.2868
v 9.32158 45.635 27.0797
v 9.3718 45.1642 26.7533
v 9.56012 44.8315 26.5775
v 9.67938 44.4862 26.2197
v 10.0435 44.2351 26.1381
v 10.238 43.8899 25.8682
v 10.7465 43.7393 25.7489
v 10.916 43.3124 25.6171
v 11.4809 43.168 25.5669
v 11.8638 42.8981 25.3848
v 12.0773 42.4901 25.2844
v 11.7508 42.2327 25.2405
v 11.8513 41.7996 25.0019
v 12.297 41.605 25.0521
v 12.7615 41.4481 24.9705
v 12.818 41.0212 24.9643
v 12.9623 40.7137 24.7634
v 13.4394 40.6132 24.6943
v 13.295 40.9773 24.8576
v 13.5838 41.2033 24.7885
v 13.9353 41.4732 24.1859
v 14.0232 41.0715 24.4746
v 13.6528 41.6741 24.5939
v 13.816 41.8059 24.2424
v 14.1613 42.0821 23.5896
v 14.268 41.7368 23.395
v 14.6007 42.0005 23.4829
v 14.7137 41.6113 23.2883
v 14.4124 41.3728 23.2632
v 14.6446 41.1154 23.2067
v 14.9396 41.3414 23.1502
v 15.128 40.9773 23.0874
v 15.3414 40.6069 22.4597
v 15.5611 40.1738 22.3216
v 15.7431 39.7093 22.2839
v 15.7808 39.1318 21.8257
v 15.6113 39 22.1835
v 15.3853 38.8242 22.3969
v 15.1154 38.6171 22.5162
v 15.3414 38.2907 22.4408
v 14.9899 38.0082 22.4157
v 15.9 38.1526 21.9387
v 16.1951 38.3848 21.1289
v 17.1304 38.592 21.2733
v 16.9985 38.0082 21.3675
v 17.2308 37.7069 20.6707
v 17.394 37.2612 20.4635
v 17.5196 36.8093 20.2187
v 17.3626 36.1251 19.7668
v 17.055 35.8802 19.8107
v 16.7035 35.6041 19.7919
v 16.3457 35.3279 19.704
v 16.013 35.0705 19.6663
v 15.6678 34.7943 19.591
v 15.3163 34.5181 19.5031
v 15.4293 34.1038 19.2709
v 15.5485 33.6267 18.8817
v 15.8875 33.8904 18.9821
v 15.7871 34.38 19.3839
v 16.2641 34.1791 19.0888
v 16.5152 33.8213 18.8817
v 16.5152 33.2815 18.5365
v 16.9734 33.6393 18.7687
v 17.1178 33.2564 18.6432
v 16.7161 32.9425 18.4737
v 17.2622 32.7982 18.4172
v 17.5572 33.6016 18.9256
v 17.3877 33.9594 18.9821
v 17.8962 33.8653 19.6726
v 18.1159 33.4698 19.5722
v 18.141 32.93 19.07
v 17.394 33.4761 19.2646
v 18.3858 34.2545 19.2646
v 18.5239 33.7837 19.7919
v 18.8189 34.0159 19.7291
v 19.1391 33.7146 19.114
v 17.6702 34.1791 19.6161
v 18.1787 34.5809 19.3023
v 18.775 34.5558 19.3964
v 19.0888 34.2294 19.6224
v 19.3148 34.4114 19.478
v 19.5282 34.0159 19.2709
v 19.7354 33.6267 19.1642
v 19.2709 33.2627 18.8754
v 19.7479 33.1246 18.8189
v 19.3023 32.7793 18.5302
v 18.8378 32.9237 18.6432
v 18.8691 32.4466 18.3419
v 18.4235 32.6036 18.4109
v 18.1347 32.9237 18.323
v 18.0343 32.2897 18.2226
v 17.7518 32.6224 18.2038
v 18.0971 31.8378 17.9903
v 18.5302 31.6118 17.8522
v 18.8189 31.2979 17.7769
v 18.7687 30.7204 17.281
v 18.5302 30.0488 17.0613
v 18.6746 29.578 17.212
v 18.436 29.3959 17.3815
v 19.0072 29.2578 17.0613
v 18.9633 29.8102 17.099
v 19.2897 29.4775 17.0237
v 19.1579 28.8624 16.465
v 18.8943 28.6552 16.6219
v 19.1956 28.4795 16.5654
v 19.6412 28.8184 16.013
v 19.4718 28.2158 15.6552
v 19.7354 28.0464 15.5422
v 19.6852 27.6634 15.4418
v 19.6412 27.2868 15.3037
v 19.3211 27.0357 15.2912
v 18.9821 26.7658 15.2598
v 19.3713 26.6026 15.1719
v 19.8609 26.5147 15.1028
v 20.1246 26.2385 14.9585
v 20.2313 25.887 14.7639
v 20.5828 25.6234 14.7011
v 21.0097 25.4288 14.7325
v 21.4365 25.2467 14.676
v 21.6248 24.8827 14.563
v 21.9701 24.5876 14.4877
v 22.2086 24.2863 14.3119
v 22.4973 24.0478 14.2868
v 22.761 23.8658 14.1362
v 22.9493 23.5582 14.0483
v 23.1753 23.2945 13.747
v 23.5707 23.1627 13.9855
v 23.9411 23.0748 14.0922
v 24.2424 22.7924 13.8474
v 24.4558 22.4283 13.6026
v 24.4621 21.9324 13.2825
v 24.7257 21.6562 13.113
v 24.9831 21.311 12.8682
v 25.4351 21.1666 12.8807
v 25.5669 20.7962 12.6924
v 25.9121 20.6581 12.661
v 26.2636 20.4761 12.6108
v 26.3139 20.9783 12.8556
v 26.6842 21.2607 12.9435
v 27.0295 21.5307 13.0314
v 27.3998 21.8257 13.1067
v 27.1424 22.0266 13.2448
v 27.0106 22.3969 13.5524
v 27.3182 22.6417 13.5649
v 27.3559 23.169 13.7784
v 27.6948 23.4326 13.8662
v 28.0589 23.7214 13.9416
v 27.7137 23.9913 14.1173
v 27.4751 24.2863 14.2303
v 27.8329 24.5688 14.3119
v 27.7388 24.9957 14.4751
v 27.4563 25.3095 14.5505
v 27.4814 25.8493 14.8518
v 27.858 26.1381 14.9585
v 27.9899 26.6214 15.2096
v 28.3351 26.8914 15.2347
v 28.3225 27.3245 15.2158
v 28.0652 27.5693 15.3288
v 27.858 27.8518 15.4606
v 27.5818 28.0275 15.5422
v 27.7199 28.605 15.831
v 27.5002 28.9189 16.0633
v 27.2366 29.2767 16.2453
v 27.0043 29.6031 16.4524
v 26.6905 29.8793 16.6219
v 26.3139 30.1115 16.7161
v 25.8996 30.3312 16.7349
v 25.5104 30.4631 16.8291
v 25.4539 30.8962 16.9483
v 24.9957 31.0154 16.9358
v 24.9203 31.4235 17.0237
v 24.9643 31.8001 17.1618
v 24.6567 31.9068 17.2183
v 25.184 32.3148 17.689
v 25.297 32.7856 17.9087
v 25.6422 33.0492 18.0029
v 25.9058 32.8798 17.9401
v 26.0063 33.3443 18.0908
v 25.8054 33.6581 18.3795
v 26.2134 33.972 18.5616
v 26.3201 34.4679 18.9068
v 26.0251 34.7566 19.1202
v 26.3766 35.0266 19.2709
v 26.1004 35.3969 19.4843
v 26.5147 35.7233 19.7166
v 26.2134 36.0686 19.9676
v 26.6591 36.4138 20.2501
v 26.5838 36.8469 20.4196
v 26.9541 37.1294 20.5451
v 26.8788 37.6127 20.8025
v 27.2366 37.8889 20.8904
v 27.5818 38.1589 20.972
v 27.9208 38.4225 21.0473
v 28.379 38.2467 20.8904
v 28.9063 38.1777 20.972
v 29.3959 37.9768 21.198
v 29.8793 37.7697 21.3423
v 29.9483 37.3114 21.3737
v 30.3752 37.2298 21.4616
v 30.3501 36.7402 21.4302
v 30.3061 36.3259 21.3737
v 30.2999 35.9807 21.2796
v 30.2936 35.6229 21.2042
v 29.9421 35.353 21.1603
v 30.0237 34.9512 21.1038
v 29.7349 34.719 21.0913
v 29.8918 34.3675 21.1101
v 29.9295 33.9218 21.0599
v 30.3124 33.7837 20.9406
v 30.7581 33.5891 20.9657
v 31.1222 33.3506 20.859
v 31.4737 33.1057 20.6958
v 31.6808 32.7542 20.52
v 31.9256 32.3839 20.3317
v 31.844 31.8315 20.0492
v 32.0763 31.549 19.9676
v 32.0072 31.0971 19.7417
v 32.183 30.7895 19.6036
v 31.8566 30.5321 19.6475
v 32.1956 30.3501 19.5534
v 32.5722 30.6451 19.7103
v 32.93 30.9276 19.817
v 33.3003 31.2163 19.9676
v 33.3819 31.7248 20.1057
v 33.1371 31.9884 20.1999
v 33.4196 32.2018 20.1873
v 33.1873 32.4153 20.2564
v 33.5577 32.7103 20.3568
v 33.8904 32.9676 20.407
v 34.2294 33.2313 20.4635
v 34.4804 33.0367 20.3443
v 34.6813 32.7479 20.2564
v 34.6311 32.704 20.7711
v 35.083 32.1704 21.1038
v 35.4597 32.0826 21.1917
v 35.7233 31.775 20.9532
v 35.9995 31.4548 20.7272
v 36.1313 31.0531 20.746
v 35.6919 30.7141 20.5138
v 35.4095 30.4944 20.6142
v 35.8489 30.3563 20.7586
v 35.6229 30.1743 20.9783
v 35.1395 30.281 20.746
v 35.2902 29.9169 20.9971
v 35.3404 29.4085 20.9908
v 35.4095 28.9691 20.8402
v 35.5915 28.6364 20.7335
v 35.24 28.3602 20.7146
v 34.9261 28.1091 20.6895
v 34.606 27.858 20.6393
v 34.6123 27.4563 20.5954
v 34.5369 26.9416 20.338
v 34.606 26.521 20.225
v 34.5181 25.9812 19.8421
v 34.3675 25.479 19.6601
v 33.9783 25.1714 19.4906
v 33.9281 24.6441 19.3964
v 33.9657 24.2424 19.6412
v 34.1352 24.3742 19.2646
v 33.9092 23.7716 18.9696
v 34.3047 24.0792 19.1642
v 34.2607 23.6649 19.0888
v 34.3549 23.3008 18.9256
v 33.8213 23.3197 18.7938
v 33.5451 23.4891 18.844
v 33.3506 23.7528 18.9947
v 33.1497 23.1816 18.6494
v 33.3945 22.987 18.5992
v 33.4698 22.6103 18.3607
v 33.0995 22.3216 18.1975
v 33.0116 21.8257 18.0782
v 32.6475 21.5432 18.0154
v 32.9614 21.3298 18.1535
v 32.8421 20.8339 18.0782
v 33.112 20.5703 17.9778
v 33.0179 20.0053 17.8585
v 33.1748 19.6726 17.6953
v 32.8107 19.3901 17.6137
v 32.4466 19.1077 17.4693
v 32.3713 19.4969 17.9213
v 32.6224 18.8252 17.3563
v 33.1434 18.6934 17.3815
v 33.5703 18.4988 17.6765
v 33.7837 18.1787 17.8083
v 34.1289 18.0154 17.3187
v 34.0536 18.3921 17.6639
v 34.3988 18.2289 17.2685
v 34.5369 17.8522 17.1931
v 34.1478 17.5447 17.0237
v 33.5954 17.6012 16.7914
v 34.2858 17.1806 16.873
v 34.7629 17.0802 16.7537
v 34.8445 16.7537 16.6219
v 34.8885 16.3206 16.2641
v 35.2274 16.1135 16.0068
v 35.5099 15.8624 15.7557
v 35.5538 15.4669 15.5046
v 35.7547 15.1217 15.1907
v 36.1439 14.9647 14.9208
v 36.4326 14.7199 14.6446
v 36.5645 14.4249 14.2554
v 36.8155 14.1738 13.7721
v 36.4703 13.9039 13.7219
v 36.7088 13.6465 13.3452
v 36.3699 13.3829 13.3515
v 36.4264 12.9812 13.0314
v 36.4075 12.592 12.6673
v 36.7528 12.3786 12.4099
v 37.0541 12.6108 12.4225
v 37.3868 12.8745 12.4162
v 37.7446 13.1507 12.4099
v 38.0773 13.4143 12.4539
v 38.3911 13.6591 12.4288
v 38.7615 13.9416 12.4915
v 39.069 14.1801 12.4978
v 39.4645 13.9981 12.1463
v 39.8411 13.8411 11.8827
v 40.2805 13.7658 11.6441
v 40.1738 14.1048 11.9203
v 40.6007 14.0169 11.663
v 40.5065 14.3621 11.9894
v 40.9522 14.2931 11.7634
v 41.1468 13.9227 11.0917
v 40.8769 14.6509 12.0584
v 41.3163 14.5756 11.8324
v 41.2661 14.9522 12.1777
v 41.6741 14.8518 11.9454
v 41.8561 14.4751 11.2424
v 42.1888 14.7325 11.2361
v 42.2955 14.3182 10.9223
v 41.9565 14.0608 10.9285
v 41.5862 13.7721 10.8407
v 41.2472 13.5022 10.8218
v 40.8957 13.2323 10.7402
v 40.9773 12.7929 10.3448
v 41.1844 12.5292 9.91791
v 40.7137 12.1651 9.5099
v 40.789 11.7571 9.00145
v 40.5316 11.5563 9.19604
v 40.1738 11.2738 9.13327
v 39.8098 10.9913 9.00145
v 39.4017 10.6712 8.86335
v 38.9874 10.3573 8.69387
v 38.6359 10.0811 8.63737
v 38.3346 9.84886 8.69387
v 38.0333 9.61033 8.73153
v 37.7383 9.38435 8.74408
v 38.0647 9.18976 8.34862
v 38.0835 8.77547 8.05987
v 38.1526 8.46789 7.66441
v 38.3346 8.16031 7.30034
v 38.7552 8.06615 7.04297
v 38.7301 7.63303 6.6789
v 38.6359 7.14341 6.30855
v 38.9623 7.40077 6.38387
v 39.3201 7.18107 6.09512
v 39.8474 7.11202 5.59295
v 40.1236 6.81072 5.24771
v 40.1424 6.39643 5.03428
v 40.0483 5.86287 4.71415
v 40.1236 5.46741 4.43795
v 39.7784 5.19749 4.38146
v 40.0043 4.95268 4.07388
v 40.3308 4.83969 3.88556
v 40.6446 5.07822 3.94206
v 40.9836 5.34186 3.95461
v 41.4167 5.20377 3.39594
v 41.9189 5.15355 3.1323
v 42.2076 4.9464 2.56736
v 42.6031 4.83969 2.28489
v 42.9797 4.21825 2.25978
v 42.6847 3.99227 2.30999
v 42.804 3.64703 2.1719
v 42.4524 3.37711 2.13423
v 42.8479 3.30179 1.26171
v 43.1115 3.88556 2.09657
v 43.4191 3.74119 1.77644
v 43.4191 4.12409 2.06519
v 43.733 3.97972 1.74505
v 43.5258 3.32689 1.56301
v 43.0362 2.95027 1.24288
v 42.4838 3.01931 1.155
v 42.1386 2.7494 1.02945
v 41.7368 2.43554 0.903911
v 41.3979 2.17817 0.866248
v 41.1593 1.98986 0.338967
v 41.2912 1.5944 0.326412
v 41.6427 1.86432 0.370352
v 42.2892 2.36649 1.02945
v 42.7035 2.68662 1.19894
v 44.1347 3.33317 1.64462
v 43.9401 3.64075 1.72622
v 44.3042 3.9295 1.88315
v 44.9319 3.94833 1.95847
v 44.7436 4.26847 2.12168
v 45.114 4.55094 2.23467
v 45.6914 4.53839 2.22211
v 45.8609 5.13472 2.4732
v 46.2627 5.4423 2.57991
v 46.8151 5.40463 2.6113
v 47.154 5.66828 2.63013
v 47.493 5.93192 2.61758
v 47.7943 6.16417 2.54853
v 48.1458 6.43409 2.5548
v 48.4722 6.69145 2.57991
v 48.7924 6.93626 2.59247
v 49.1439 7.20618 2.64268
v 49.4829 7.46982 2.69918
v 49.7779 7.70208 2.67407
v 50.0101 7.87784 2.4732
v 49.9097 8.26702 2.72429
v 50.1985 8.493 2.63013
v 49.9285 8.78175 2.50459
v 50.2549 9.03283 2.54853
v 50.5186 9.62289 2.64896
v 50.324 9.91164 2.7494
v 50.1922 10.2506 2.7745
v 49.7779 10.4013 3.07581
v 49.9348 10.0497 2.88749
v 49.4264 10.1251 3.01304
v 49.3573 10.4891 3.26412
v 49.7465 10.7904 3.37084
v 49.3573 10.916 3.73491
v 49.7904 11.2549 3.99227
v 50.1733 11.1169 3.57798
v 50.2047 11.5751 4.21825
v 49.6335 11.5751 4.39401
v 49.9599 11.8262 4.46306
v 50.3554 12.1338 4.57605
v 50.8952 11.6755 4.46934
v 51.14 11.4558 4.02994
v 51.6485 11.845 4.48189
v 51.5669 11.3114 3.73491
v 51.2342 11.0541 3.64703
v 51.7238 10.9913 3.63448
v 52.0565 11.2549 3.64075
v 52.5022 11.1608 3.53404
v 52.8411 11.0415 3.11975
v 53.2492 10.8532 2.92516
v 53.4814 11.5311 3.20763
v 54.1154 11.5249 3.42733
v 54.4795 11.8073 3.51521
v 53.9083 11.8638 3.43361
v 53.6069 12.0145 3.77257
v 53.2115 11.7069 3.6282
v 52.7784 11.8136 3.81024
v 52.3892 11.9517 4.11782
v 52.4268 12.4476 4.67648
v 52.0753 12.592 4.95268
v 51.9184 12.8996 5.21004
v 52.4206 13.2887 5.59923
v 52.7972 13.5775 5.69338
v 53.1613 13.8662 5.78754
v 53.6446 13.8035 5.63061
v 53.9961 14.0797 5.68083
v 54.3414 14.3496 5.69338
v 54.6803 14.1989 5.42347
v 55.0884 14.042 5.10961
v 55.578 13.9792 5.02801
v 55.8856 13.7846 4.65765
v 56.2434 14.0546 4.70787
v 56.5384 13.8976 4.24336
v 56.8836 13.6654 3.87929
v 57.254 13.9541 3.97344
v 57.6494 14.2617 4.12409
v 58.0072 14.5379 4.23708
v 58.3211 14.7764 4.18687
v 58.5847 14.9836 4.10526
v 58.8798 15.2158 4.08643
v 59.1999 15.4606 4.09899
v 59.5828 15.7557 4.19942
v 59.4698 16.17 4.32496
v 59.9029 16.5089 4.57605
v 60.311 16.8165 4.73926
v 60.7064 17.1304 5.0029
v 61.3592 17.1304 5.29792
v 61.1835 17.4944 5.3858
v 60.7127 17.5196 5.33559
v 61.1646 17.8711 5.59923
v 60.606 17.8774 5.55529
v 60.2858 17.6263 5.50507
v 60.198 18.0029 5.77499
v 59.6895 17.6074 5.34186
v 59.5451 17.9652 6.22694
v 59.8527 18.2038 6.20183
v 60.154 18.4423 6.18928
v 59.8025 18.5804 6.49686
v 60.1289 18.8378 6.56591
v 60.606 18.7875 6.45292
v 60.493 19.114 6.6224
v 61.014 19.1014 6.65379
v 61.1898 18.7687 6.50314
v 61.2651 18.3858 6.34621
v 61.6668 18.6997 6.59102
v 61.8677 18.4109 6.49686
v 61.8928 18.0468 6.19556
v 62.2883 18.3544 6.38387
v 62.4012 17.9338 6.183
v 62.0435 17.6577 6.08257
v 62.7151 18.1787 6.23322
v 63.0352 18.4235 6.21439
v 63.3617 18.6808 6.27716
v 63.663 18.9194 6.25833
v 63.9768 19.1579 6.16417
v 64.3095 19.4153 6.17673
v 64.592 19.635 6.12651
v 64.8745 19.8547 5.99469
v 65.182 20.0932 5.95703
v 65.521 20.3568 6.07629
v 65.069 20.5075 6.19556
v 65.4582 20.8025 6.30227
v 65.8474 20.6079 6.07001
v 65.7909 21.0599 6.30227
v 66.0922 20.7962 5.91308
v 66.3308 20.9845 5.80637
v 66.7137 21.2796 5.89425
v 67.0463 21.5369 5.88798
v 67.3979 21.8069 5.97586
v 67.6866 22.0328 5.85659
v 68.0068 22.2839 5.86287
v 68.3394 22.535 5.93192
v 68.6031 22.7422 5.78126
v 68.5152 23.1753 5.99469
v 68.4462 23.508 6.23322
v 68.3583 23.8846 6.55963
v 68.3081 24.2863 6.79816
v 68.1888 24.663 7.13085
v 68.4713 24.8827 7.04925
v 68.7537 25.1024 6.90488
v 69.0111 25.3032 6.79816
v 69.2998 25.5229 6.67262
v 69.5195 25.2216 6.72912
v 69.576 25.7426 6.55963
v 69.1869 25.8619 6.80444
v 69.0425 26.1758 7.0367
v 69.0927 26.6654 7.09319
v 68.8918 26.9855 7.45099
v 69.2747 27.2805 7.62675
v 69.6765 27.5944 7.75229
v 70.323 27.6195 7.82134
v 70.2791 27.1362 7.67697
v 70.7562 27.0734 7.51376
v 71.2018 26.9981 7.50121
v 71.6287 26.86 7.10575
v 72.1497 27.2617 7.60164
v 72.0179 27.6321 7.90294
v 71.8672 27.9334 7.859
v 72.2313 28.2158 7.97827
v 72.7899 27.7576 7.70208
v 72.6016 28.5046 7.40705
v 72.9594 28.7808 7.53259
v 73.1854 28.9565 7.338
v 73.0285 29.2641 7.46354
v 73.3047 29.4838 7.37566
v 73.7566 29.8353 7.6958
v 74.3969 29.4775 7.53887
v 74.5538 29.126 7.30661
v 74.9305 28.9754 7.08691
v 75.0183 29.4838 6.96137
v 75.6021 29.4964 7.14969
v 75.9348 29.7537 7.15596
v 76.2549 29.9985 7.18735
v 76.4056 30.5635 7.30034
v 76.7571 30.8271 7.31289
v 77.2091 31.1787 7.67697
v 76.6755 31.662 7.35683
v 77.0961 31.9884 7.55142
v 77.1212 31.5867 8.00966
v 76.7759 32.1767 7.39449
v 76.8513 32.6852 7.6142
v 76.4809 32.3964 7.44471
v 76.3491 32.7731 7.85273
v 76.6504 32.999 7.8339
v 77.2091 32.9551 8.45533
v 77.4476 33.1434 8.30468
v 77.2656 32.5534 8.54949
v 77.774 32.5094 8.44906
v 77.8807 32.1767 8.32979
v 78.4017 32.1077 8.26074
v 78.1569 32.8107 8.59343
v 78.5649 32.7103 8.53066
v 78.5398 33.1057 8.72525
v 78.8851 32.9551 8.49927
v 78.973 32.5471 8.07243
v 78.5084 32.1893 7.73974
v 79.0483 32.1642 7.8339
v 78.5084 31.7436 8.12892
v 79.2805 31.9005 7.93433
v 78.929 31.6243 8.56832
v 78.2825 31.5741 8.34862
v 77.8493 31.6808 8.41767
v 77.9874 31.3419 8.36745
v 78.3892 31.21 8.77547
v 78.5147 30.915 8.78802
v 79.0294 30.8146 8.75664
v 79.3245 31.0406 8.66248
v 79.5002 31.1787 8.38629
v 79.8266 31.4297 8.47417
v 80.197 31.7185 8.59971
v 80.536 31.9759 8.63737
v 80.8624 32.2332 8.67504
v 80.6364 32.5596 8.48044
v 81.1637 32.4655 8.58088
v 81.3771 32.6287 8.3549
v 81.1762 32.9802 8.34235
v 80.9816 33.225 8.24191
v 81.057 33.7209 8.17914
v 81.0068 34.1226 8.42395
v 81.2265 34.2921 8.25447
v 81.3959 33.9845 9.00145
v 82.0488 34.0473 9.27764
v 82.394 34.311 9.36552
v 82.8209 34.2482 9.20859
v 82.9966 34.3863 8.84452
v 83.4046 34.198 8.80058
v 83.2351 34.9638 8.41139
v 83.0719 35.2839 9.22743
v 83.7185 35.7798 9.26509
v 82.8146 35.5224 9.09561
v 82.689 35.8991 9.32158
v 82.507 36.1816 9.24626
v 82.8271 36.4264 9.31531
v 82.4756 37.0415 9.75471
v 82.3187 37.393 10.2255
v 81.9232 37.8952 10.395
v 81.7223 38.1965 10.2192
v 81.4336 38.4413 9.83003
v 81.804 38.7238 9.99324
v 81.4964 38.9247 10.1753
v 81.0884 38.6108 9.95558
v 81.1135 39.1444 10.3259
v 81.421 39.3703 10.3385
v 81.7223 39.6089 10.3322
v 81.6784 40.0608 10.4703
v 81.3583 39.8098 10.5268
v 81.2013 40.1927 10.4515
v 81.4838 40.4124 10.3699
v 80.8624 39.9353 10.3824
v 80.7494 40.268 10.3385
v 81.0632 40.5128 10.3761
v 80.9063 40.8078 10.2632
v 80.6866 41.0589 10.2506
v 80.9628 41.2723 10.2569
v 81.0005 41.7619 10.3887
v 81.3583 42.0381 10.4954
v 81.7537 41.8875 10.5331
v 82.0801 41.3037 10.5017
v 82.6702 41.3288 10.2757
v 82.1053 42.1637 10.6586
v 82.576 42.1009 10.6147
v 81.8856 42.4462 10.3448
v 82.7079 42.6282 10.5582
v 83.2226 42.1888 10.985
v 83.0092 42.0193 9.74215
v 82.6765 41.7682 9.66683
v 82.281 41.4606 9.48479
v 82.4944 42.0444 9.62916
v 82.8334 42.3018 9.66683
v 83.2728 42.2327 9.648
v 83.141 42.5466 9.648
v 83.4925 42.8165 9.73588
v 84.0135 42.3771 9.70449
v 84.1014 41.944 9.57267
v 84.4466 42.2139 9.648
v 84.1893 41.5234 9.49734
v 83.844 41.2535 9.41574
v 84.3023 42.6031 10.4075
v 84.7919 42.4775 10.4891
v 85.156 42.2767 10.395
v 84.9174 42.0884 10.5394
v 85.043 41.6678 10.464
v 85.338 41.9 10.4013
v 85.4698 41.5674 10.577
v 85.5577 41.1656 10.4389
v 85.9783 41.0338 10.3636
v 86.2042 40.7827 10.6398
v 86.5244 40.1738 10.5142
v 86.4993 39.703 10.4577
v 87.0265 39.6779 10.4766
v 87.2023 39.3892 10.4075
v 86.8068 39.0879 10.1941
v 86.9952 38.7552 10.1439
v 87.1772 38.4539 10.0937
v 86.7629 38.1337 9.85514
v 86.9575 37.8387 9.8677
v 86.6248 37.5814 9.83003
v 86.5871 37.1671 9.23998
v 86.267 37.3052 9.69821
v 86.9701 36.9536 9.89908
v 87.1709 37.619 9.89908
v 87.4597 37.8387 9.88653
v 87.8237 38.1212 10.0309
v 88.2255 38.4351 10.2443
v 88.0811 38.7112 10.282
v 87.6919 38.4099 10.0811
v 87.83 38.9623 10.2129
v 87.5476 38.7426 10.2318
v 87.3655 39.0439 10.238
v 87.7233 39.3201 10.3761
v 87.535 39.6528 10.4954
v 87.9556 39.9792 10.7214
v 88.4577 39.4457 10.985
v 88.5645 39.973 10.8469
v 88.7277 39.6591 10.9285
v 89.0855 39.929 11.0101
v 89.2989 40.5442 11.1545
v 89.8073 40.4877 11.1733
v 90.0898 40.7074 11.1169
v 90.5418 41.0589 10.7088
v 90.8117 40.4312 11.2236
v 90.5857 41.536 11.3114
v 90.8305 42.2013 10.9097
v 91 42.76 11.0101
v 91.7533 43.3375 11.2926
v 92.1048 43.6137 11.4056
v 92.5379 43.9464 11.7069
v 93.2535 43.6074 11.8011
v 93.718 43.9652 12.1965
v 93.7682 43.5572 12.5418
v 94.1825 43.0425 12.6673
v 94.4524 43.2496 12.5229
v 94.7035 43.4442 12.3597
v 95.0048 43.6828 12.4539
v 94.5278 43.7016 12.4225
v 94.2578 43.4944 12.5418
v 94.0695 43.7895 12.5104
v 93.4104 44.1975 12.7112
v 92.2178 44.1347 11.6253
v 92.5379 44.3858 12.4225
v 91.8349 43.8397 11.437
v 91.8976 44.3356 11.5374
v 91.8788 44.8064 11.55
v 91.4896 44.4988 11.393
v 91.5147 44.9005 11.5123
v 91.4457 45.2772 11.6065
v 91.1255 45.0261 11.5625
v 90.9812 45.3776 11.6127
v 90.8117 45.7103 11.4809
v 90.5606 45.5157 11.6127
v 90.4288 45.8484 11.5814
v 90.6924 46.0555 11.4558
v 90.7364 46.0869 12.3283
v 90.5669 46.4761 11.4433
v 90.9247 46.7523 11.5688
v 90.4853 46.9029 11.6316
v 90.7991 47.1478 11.619
v 91.2448 46.9971 11.6253
v 91.0251 47.3172 12.1651
v 91.3138 47.0536 12.5355
v 91.5336 47.7127 12.661
v 91.7156 47.3612 12.7929
v 91.7846 46.8967 12.5606
v 91.5273 46.7021 12.6924
v 91.182 46.4322 12.6673
v 91.6277 46.3443 12.7615
v 91.295 46.0869 12.6673
v 90.4915 45.8986 12.4664
v 91.7156 45.9425 12.661
v 91.8349 45.5785 12.5669
v 92.155 45.8233 12.6171
v 92.268 45.4843 12.5983
v 92.5442 45.3148 12.4727
v 92.3747 44.7059 12.705
v 92.9647 44.2728 12.7552
v 93.1091 44.8252 13.0502
v 93.3476 44.5741 12.9372
v 93.6866 44.8378 13.0753
v 93.9754 44.6369 13.3139
v 94.3269 44.9131 13.4833
v 94.4713 44.549 13.3013
v 94.1888 44.323 13.3452
v 94.6721 44.2603 13.2511
v 95.4066 43.9903 12.6673
v 94.7161 45.2081 13.5901
v 94.4901 45.4592 13.5649
v 94.2327 45.2583 13.6591
v 94.0444 45.5534 13.7658
v 94.013 45.9739 13.6528
v 94.2327 46.1497 13.4833
v 94.804 45.704 13.5524
v 93.8561 46.3317 13.3578
v 93.8938 45.8798 12.6422
v 93.6866 45.7228 13.6465
v 93.4167 45.9928 13.8788
v 93.718 46.6079 13.8662
v 94.5403 46.3819 13.5398
v 92.8455 46.3568 13.5963
v 93.3351 46.7397 14.0043
v 93.5674 46.9218 13.816
v 92.8141 46.7962 13.8035
v 93.4293 47.2733 13.8286
v 93.1279 47.5055 13.4645
v 92.6321 47.1226 13.7219
v 92.5881 47.0913 12.9247
v 92.8769 47.311 12.8556
v 93.5611 46.9155 13
v 93.8938 46.746 12.8431
v 93.649 46.5577 12.9623
v 94.2955 46.677 12.8619
v 93.3037 48.0768 13.2762
v 92.6383 48.083 12.8745
v 93.4104 47.7315 12.6234
v 92.971 47.8257 12.4539
v 93.4481 48.1898 12.8807
v 92.971 48.3341 12.887
v 92.8831 48.761 12.8745
v 92.3307 48.83 12.7615
v 91.8286 48.8677 12.4037
v 91.5775 49.0937 12.0898
v 91.1004 49.1439 12.2907
v 91.0377 49.5582 13.0377
v 90.8305 49.7716 13.0565
v 90.6485 50.0604 13.0063
v 90.1275 49.6586 12.5418
v 90.2467 50.1985 13.2699
v 89.9329 50.4307 13.3139
v 89.6253 50.1922 13.2197
v 89.1984 49.8595 12.8933
v 89.1231 50.2298 13.0502
v 88.8532 50.5311 12.9874
v 88.6586 50.8827 13.1569
v 88.1627 51.0208 13.0439
v 87.648 51.0521 13.1004
v 87.2776 50.7634 12.931
v 87.2337 51.1777 13.2448
v 86.6688 51.2405 13.2574
v 86.9324 51.4413 13.9102
v 86.9575 50.5123 12.887
v 86.3235 50.9705 13.1193
v 86.3486 51.479 12.9247
v 86.0913 51.2781 13
v 85.6895 51.3472 13.0942
v 85.5577 51.6924 13.2134
v 84.7417 51.5041 13.0565
v 85.0053 51.2593 13.3829
v 84.7354 51.0459 13.4708
v 84.3525 50.7508 13.295
v 84.2583 51.1337 13.3327
v 84.3148 51.6296 12.9812
v 84.0072 50.9329 12.705
v 83.9507 51.3409 12.8745
v 83.6369 51.5041 12.8996
v 83.7185 52.0377 13.4896
v 83.2289 51.6548 12.9812
v 83.4674 51.8368 13.5649
v 83.2477 51.6736 13.7846
v 82.9464 51.4351 13.7595
v 82.846 51.8242 14.0232
v 82.5007 51.5606 13.1758
v 82.5823 51.6171 14.1236
v 83.3167 51.253 12.8807
v 83.4674 50.9643 13.2699
v 83.662 50.663 13.3766
v 83.5992 50.1671 13.0565
v 83.4046 50.4621 13.452
v 83.2854 50.8262 13.5273
v 83.0531 51.0459 13.7909
v 83.3419 51.2718 13.703
v 82.6953 50.7697 13.6968
v 83.0217 50.1671 13.2762
v 82.7518 50.4056 13.6905
v 82.4505 50.1733 13.6905
v 82.0739 50.2863 13.6654
v 82.4631 50.5876 13.9165
v 82.7016 51.2405 13.9039
v 81.76 50.5123 13.8662
v 81.6596 50.9015 14.0357
v 81.2139 51.0584 13.929
v 80.9754 50.8701 13.3452
v 80.9565 51.297 13.5838
v 80.6113 51.5041 13.7909
v 80.6678 51.071 13.5963
v 80.3225 51.2781 13.816
v 80.0275 51.5229 14.2743
v 80.2598 52.182 14.4249
v 79.8894 51.8933 14.2805
v 79.6007 52.5398 14.5065
v 80.1342 52.4833 14.6007
v 80.4606 52.7344 14.6132
v 80.3037 53.0859 14.7639
v 80.0212 52.8662 14.8204
v 79.5253 52.9604 14.9459
v 79.1927 53.1864 15.2033
v 79.0859 53.0985 15.7494
v 78.4268 53.5191 15.9565
v 78.4206 54.0401 15.7117
v 78.0063 54.2598 16.1072
v 77.9309 54.6364 16.4148
v 78.2699 53.9208 16.1574
v 78.0502 53.7513 16.3646
v 77.592 53.3935 15.9879
v 78.4143 53.0169 16.0758
v 78.7972 52.8788 15.0526
v 79.1613 52.6779 14.7639
v 78.7344 52.3452 14.5002
v 78.3201 52.5022 14.6697
v 78.4268 52.1067 14.4689
v 78.0063 52.2636 14.6321
v 77.8431 52.5712 14.676
v 77.5355 52.3327 14.6823
v 77.3597 52.6905 14.7953
v 77.0208 52.4206 14.7199
v 76.8889 52.8474 15.0966
v 77.2781 53.155 15.2284
v 76.8387 53.3496 15.4481
v 77.253 53.676 15.6866
v 77.1777 54.0401 16.1135
v 76.7446 53.7074 15.8561
v 76.7132 54.1342 16.3143
v 77.6799 54.4355 16.5843
v 76.5374 54.492 16.5905
v 75.9474 54.5109 16.7537
v 75.7779 54.7871 16.8918
v 75.2192 54.8122 16.8542
v 74.7798 54.4669 16.4901
v 74.3279 54.1217 16.17
v 74.0768 54.3539 16.3332
v 73.7504 54.0966 16.2516
v 73.4742 53.8769 16.283
v 73.1352 53.6132 16.1951
v 72.7774 53.337 16.0884
v 72.2313 53.3496 16.8353
v 72.3882 53.858 17.1115
v 71.7103 53.3245 16.1888
v 71.5785 53.6509 16.4775
v 71.2772 53.4124 16.4775
v 70.8691 53.5379 16.9421
v 70.7185 53.902 17.3187
v 70.3105 53.9773 17.6074
v 70.0092 54.2096 18.0092
v 69.7957 54.0463 18.1912
v 69.5635 54.3414 18.6306
v 69.281 54.5799 18.8503
v 69.0111 54.3728 18.8629
v 68.7161 54.5485 19.0575
v 68.3959 54.2974 19.0198
v 68.0632 54.0338 18.9382
v 67.8687 54.3665 19.1579
v 67.4857 54.5611 19.1579
v 67.1907 54.3351 19.183
v 66.8518 54.0715 19.1642
v 66.3182 54.2033 19.4843
v 66.3308 54.6866 19.6789
v 65.8851 54.3477 19.3901
v 65.6089 54.1342 19.4215
v 65.3076 54.3979 19.7291
v 65.0188 54.1719 19.7982
v 64.8493 54.5736 20.1748
v 64.5418 54.8498 20.4322
v 64.2593 54.6301 20.451
v 63.9203 54.3665 20.4008
v 63.6253 54.1342 20.4133
v 63.3114 54.2723 20.4635
v 63.0604 54.0715 20.5703
v 62.7967 54.31 20.6519
v 62.5456 54.5611 20.8402
v 62.2757 54.3539 20.9783
v 61.9744 54.5674 21.6813
v 61.5852 54.6552 22.1772
v 61.2463 54.3979 22.1709
v 60.8759 54.5674 22.6605
v 60.5934 54.3414 22.7296
v 60.198 54.5234 23.3259
v 59.6393 54.6552 23.6084
v 59.338 54.4167 23.5833
v 59.0304 54.1719 23.621
v 58.7479 53.9522 23.6523
v 58.4906 54.2598 23.7967
v 58.1956 54.0338 23.7842
v 57.8942 54.3163 24.0227
v 57.5616 54.5799 24.2361
v 57.2414 54.3288 24.2047
v 56.8836 54.5925 24.3617
v 56.62 54.379 24.3993
v 56.2182 54.5109 24.5563
v 55.873 54.2409 24.5311
v 55.5968 54.5046 24.663
v 55.1009 54.5925 24.7571
v 54.7117 54.7494 24.8136
v 54.379 54.492 24.7697
v 54.0777 54.605 24.776
v 53.7137 54.3163 24.663
v 53.4061 54.423 24.732
v 53.0797 54.1656 24.663
v 52.7658 54.2974 24.6818
v 52.408 54.0212 24.6504
v 52.1632 54.2974 24.7132
v 51.8117 54.0212 24.6441
v 51.5543 54.2347 24.8576
v 51.0647 54.3665 24.7571
v 50.7634 54.128 24.7383
v 50.4684 54.4795 24.9203
v 50.1106 54.7871 25.0773
v 49.8218 54.5611 25.0773
v 49.4954 54.3037 25.0208
v 49.0372 54.4293 25.1086
v 48.5664 54.5987 25.253
v 48.2337 54.3351 25.1651
v 47.9198 54.0903 25.1337
v 47.4302 54.2472 25.4225
v 46.9908 54.4606 25.5857
v 46.633 54.1844 25.5104
v 46.3129 53.9334 25.5104
v 45.9488 54.1531 25.7112
v 45.6789 54.492 25.818
v 45.365 54.2472 25.7803
v 44.8064 54.3665 25.8305
v 44.2728 54.5171 25.7866
v 43.9401 54.2598 25.7238
v 43.3815 54.3163 25.6736
v 42.8353 54.4293 25.6799
v 42.4964 54.1656 25.5983
v 41.9 54.2535 25.5983
v 41.5109 53.9459 25.4288
v 41.1342 53.6572 25.2844
v 40.4877 53.7137 25.2216
v 40.1111 53.4249 25.0961
v 39.6277 53.5505 25.14
v 39.3076 53.2994 25.1086
v 38.9435 53.0169 25.027
v 38.6171 52.7595 24.9831
v 38.3221 53.0922 25.0961
v 38.2781 52.4959 24.9454
v 38.4602 52.1318 24.8576
v 38.1463 51.8807 24.8387
v 37.8324 51.6422 24.7948
v 37.4872 51.3723 24.776
v 37.1545 51.1086 24.732
v 36.8344 50.8576 24.6818
v 36.4389 50.55 24.6002
v 35.9493 50.6692 24.5814
v 35.2965 50.7195 24.6316
v 34.8445 50.9203 24.8701
v 34.3737 51.1212 25.0961
v 33.8464 51.1902 25.0961
v 33.5451 50.958 25.0961
v 34.0159 50.845 24.9643
v 33.7021 50.6002 24.9705
v 33.1873 50.6755 24.9894
v 33.2752 50.2675 24.8011
v 32.7731 50.3554 24.7822
v 32.886 49.9599 24.6127
v 32.3839 50.0478 24.6065
v 32.3211 50.4809 24.8889
v 31.957 50.1985 24.7634
v 31.7875 50.5939 24.9831
v 32.2081 50.9203 25.1777
v 31.4737 50.914 25.3095
v 31.4548 50.3303 24.9203
v 31.1661 50.6692 25.3032
v 30.7895 50.8827 25.0396
v 31.2163 51.2091 25.297
v 30.3689 51.1526 25.3409
v 30.8836 51.5543 25.7866
v 30.3563 51.7489 25.7364
v 29.9358 51.4225 25.479
v 29.9358 52.0251 26.1004
v 29.8605 51.9686 26.6717
v 29.986 50.8513 25.1337
v 29.4775 51.0647 25.2091
v 29.2076 51.4602 25.887
v 28.8624 51.1902 25.7552
v 28.5674 51.4853 26.226
v 28.197 51.1965 26.1004
v 28.0024 51.5606 26.2323
v 28.2347 52.1883 26.5775
v 28.6364 52.0565 26.9353
v 29.126 51.9247 26.8349
v 29.3269 51.548 26.816
v 29.6094 51.7677 26.8035
v 29.1072 52.4206 26.5649
v 28.9252 52.7281 26.816
v 28.8373 53.1299 27.0169
v 28.6364 53.3998 27.0357
v 28.2284 53.5442 27.0608
v 28.5987 53.8329 27.1675
v 28.4606 54.2472 27.2492
v 28.1217 53.9836 27.155
v 27.4626 54.015 27.4626
v 27.8015 54.2786 28.2347
v 27.5944 53.5693 27.3998
v 26.8537 54.0463 27.2115
v 27.1613 53.2303 27.1048
v 26.6905 53.4061 27.0859
v 26.5587 53.8141 27.2805
v 26.2574 54.1531 27.8078
v 25.8117 54.3665 27.9836
v 25.297 54.5485 28.1028
v 24.8199 54.7368 28.2347
v 24.5123 54.492 28.2535
v 24.1859 54.2409 28.2472
v 23.6586 54.3728 28.2974
v 23.3824 54.6552 28.3351
v 22.9995 54.8938 28.4355
v 22.6543 54.6238 28.4355
v 22.3718 54.3979 28.536
v 22.0956 54.1844 28.605
v 21.8131 53.9647 28.6929
v 21.4114 54.0966 29.0005
v 21.0913 53.8455 28.9942
v 20.9343 54.2033 29.2265
v 20.5703 54.4293 29.647
v 20.2752 54.197 29.6972
v 19.8295 54.3853 30.0362
v 19.4969 54.128 30.0048
v 19.1642 54.3602 30.325
v 18.9131 54.7243 30.4756
v 18.6055 54.4858 30.4693
v 18.254 54.2096 30.3815
v 17.846 53.8894 30.1366
v 17.6577 54.2849 30.3563
v 17.2936 53.9961 30.2622
v 16.9734 54.3037 30.2245
v 16.5027 54.4481 30.4191
v 16.1888 54.2033 30.4128
v 15.6552 54.3477 30.5635
v 15.015 54.423 30.6765
v 14.6697 54.1531 30.5886
v 14.1111 54.3539 30.6639
v 13.6089 54.4606 30.7957
v 13.2762 54.2033 30.7455
v 12.9121 54.4104 30.7895
v 12.4476 54.5611 30.9025
v 11.7822 54.5611 30.8648
v 11.4244 54.2786 30.7581
v 11.1357 54.5046 30.9276
v 10.8218 54.2598 30.9025
v 10.4703 53.9836 30.846
v 9.94302 54.128 31.1912
v 9.62916 53.8769 31.1535
v 9.27764 54.1782 31.4988
v 9.06422 54.5736 31.9319
v 8.72525 54.31 31.8943
v 8.41139 54.0652 31.8503
v 8.0536 54.2912 32.001
v 7.67069 53.9899 31.8629
v 7.28778 54.2284 32.0449
v 6.66007 54.2912 32.1453
v 6.32738 54.6176 32.3085
v 5.89425 54.2786 32.1202
v 5.32931 54.3288 32.07
v 4.7832 54.4481 32.0951
v 4.3689 54.1217 31.9194
v 3.80396 54.2598 31.9319
v 3.91695 53.7764 31.6808
v 4.57605 53.7388 31.7436
v 4.69532 53.3433 31.6306
v 4.68276 52.7533 31.3356
v 5.03428 52.4771 31.2289
v 5.41719 52.2323 31.1535
v 5.81893 52.0439 31.0782
v 6.15162 51.7364 30.8397
v 6.17045 51.1777 30.5196
v 6.39643 50.8073 30.2622
v 6.63496 50.5374 30.0864
v 6.91743 50.2487 29.8918
v 6.96137 49.7653 29.5654
v 7.25012 49.5017 29.352
v 7.42588 49.1313 29.1762
v 7.63303 48.6605 29.057
v 7.96572 48.3404 28.9063
v 8.12892 47.9136 28.7368
v 8.62482 47.7817 28.5422
v 8.7127 47.2984 28.0589
v 8.8759 46.8841 27.8957
v 9.05167 46.4635 27.5065
v 9.12071 46.0179 27.3056
v 9.62916 45.8798 27.1299
v 9.73588 45.4466 26.8286
v 9.8677 45.07 26.6152
v 10.0435 44.7687 26.3515
v 10.4389 44.5427 26.3013
v 10.5519 44.1347 25.9184
v 11.0792 44.0029 25.7803
v 11.2047 43.5384 25.6422
v 11.8073 43.4191 25.5983
v 12.2342 43.1869 25.4413
v 12.4225 42.76 25.3472
v 12.5041 42.3143 25.0835
v 12.1714 42.0507 25.0333
v 12.5104 41.7682 24.8952
v 12.9749 41.6176 24.732
v 13.1507 41.2786 24.9454
v 13.2574 41.8373 24.6755
v 13.5084 42.0319 24.55
v 13.6654 42.1574 24.2298
v 13.8098 42.2704 23.7904
v 14.0797 42.4775 23.6837
v 14.4751 42.3206 23.5833
v 14.7011 42.5027 23.4138
v 14.8831 42.2139 23.351
v 15.0212 41.8498 23.3071
v 15.1531 41.5109 22.9242
v 15.4795 41.2535 23.0999
v 15.5862 40.8015 22.3279
v 15.7933 40.3559 22.1835
v 15.9879 39.8976 22.1395
v 16.2453 39.4959 22.1647
v 16.4587 39.1632 22.1584
v 16.1197 38.8933 22.1333
v 15.8436 38.6799 22.2337
v 15.6301 38.5104 22.422
v 16.7663 38.8368 21.7441
v 16.7349 39.3766 22.0579
v 16.9107 38.9498 21.3612
v 17.4128 38.8117 21.1917
v 17.3563 38.2844 20.7272
v 17.5635 37.9643 20.633
v 17.7393 37.5311 20.4698
v 17.8585 37.0729 20.2564
v 18.1284 36.7214 20.0304
v 17.9087 36.5519 20.2878
v 18.0782 36.169 20.2376
v 17.507 35.7233 19.6036
v 17.1555 35.4534 19.5785
v 16.8228 35.1898 19.5094
v 16.5089 34.945 19.4969
v 16.126 34.6436 19.4278
v 16.6282 34.4616 19.0951
v 16.8605 34.0913 18.9445
v 16.986 34.7504 19.2018
v 17.4317 34.5432 19.5345
v 17.7016 34.7504 19.4341
v 18.0092 34.9952 19.4341
v 18.5678 34.8822 19.4592
v 18.9068 35.1521 19.4969
v 19.1453 34.8445 19.5659
v 19.6224 34.6499 19.4718
v 19.8923 34.3047 19.3901
v 20.1183 33.9281 19.2834
v 20.1183 33.4196 19.0198
v 20.269 32.9739 18.8189
v 19.8295 32.6287 18.5239
v 19.3713 32.2709 18.2352
v 18.9005 31.9005 17.9715
v 18.4611 32.1202 18.1159
v 19.2646 31.6432 18.0468
v 19.2332 31.0845 17.5698
v 19.3211 30.6702 17.4631
v 18.9633 30.3877 17.3187
v 19.3023 30.0739 17.1304
v 19.5722 29.7035 16.9358
v 19.7291 29.3143 16.3394
v 19.365 29.0193 16.2076
v 19.9551 29.0633 16.0068
v 19.7793 28.4544 15.6678
v 20.1497 28.3728 15.7431
v 20.0681 27.9647 15.6239
v 20.0806 27.6321 15.4983
v 20.0744 27.155 15.3602
v 19.6663 26.8349 15.1907
v 20.2376 26.8098 15.2284
v 20.5389 26.5649 15.128
v 20.5954 26.1695 14.8957
v 20.972 25.9247 14.8518
v 21.3549 25.705 14.8518
v 21.7943 25.5292 14.7764
v 22.0014 25.1777 14.7074
v 22.309 24.8513 14.5505
v 22.5852 24.5814 14.3873
v 22.8238 24.3052 14.3308
v 23.0999 24.1231 14.1738
v 23.282 23.8218 14.1111
v 23.6084 23.6272 13.9981
v 23.9913 23.4954 14.1801
v 24.3052 23.3573 14.2617
v 24.6379 23.1062 14.0232
v 24.8764 22.7547 13.7846
v 24.8513 22.24 13.4896
v 25.184 22.014 13.4457
v 25.4476 21.675 13.2699
v 25.8933 21.5307 13.1946
v 26.0251 21.154 12.9498
v 26.4331 21.4742 13.1067
v 26.7721 21.7378 13.1758
v 26.6591 22.127 13.5022
v 26.6842 22.6417 13.7784
v 27.0106 22.8991 13.7595
v 27.0357 23.464 13.9541
v 27.3684 23.7214 14.042
v 27.1048 23.9976 14.1676
v 27.0671 24.4746 14.3559
v 27.4249 24.7508 14.4375
v 27.1362 25.0584 14.5505
v 26.8537 25.3535 14.7702
v 27.1738 25.6045 14.8204
v 27.2178 26.0188 14.9271
v 27.5818 26.3013 14.9961
v 27.6258 26.7784 15.084
v 27.971 27.0483 15.1845
v 27.7011 27.2805 15.2849
v 27.5128 27.5756 15.4544
v 27.2303 27.7576 15.4983
v 27.3308 28.2974 15.649
v 27.1111 28.6113 15.9314
v 26.8662 28.9879 16.1574
v 26.6717 29.3457 16.3708
v 26.339 29.6031 16.5466
v 25.9435 29.8165 16.6282
v 25.5167 30.0237 16.647
v 25.1337 30.168 16.7349
v 25.071 30.6012 16.76
v 24.6002 30.7079 16.804
v 24.5688 31.1473 16.9232
v 24.6002 31.5176 17.0864
v 24.2926 31.6181 17.1241
v 24.1671 31.9005 17.6074
v 24.5311 32.183 17.7141
v 24.8952 32.4655 17.7895
v 24.7257 32.8044 18.0594
v 25.1086 33.112 18.1598
v 25.4539 33.3757 18.254
v 25.5355 33.859 18.6243
v 25.6359 34.4491 18.9633
v 25.7175 35.0956 19.3085
v 25.4099 35.4346 19.5282
v 25.8556 35.7861 19.8233
v 25.7426 36.1878 20.0555
v 26.1883 36.5331 20.3129
v 26.1695 37.0541 20.6205
v 26.5147 37.324 20.6832
v 26.5838 37.9203 20.8464
v 26.9541 38.2091 20.9783
v 27.3308 38.5041 21.0348
v 27.6886 38.7866 21.1352
v 28.2347 38.6736 21.0975
v 28.7243 38.5229 20.972
v 29.2955 38.479 21.1352
v 29.7537 38.2593 21.2859
v 30.1869 38.0082 21.3675
v 30.2936 37.5814 21.4302
v 30.6828 37.4684 21.493
v 30.6828 36.9976 21.4051
v 30.6263 36.577 21.3675
v 30.6451 36.2506 21.3235
v 30.6137 35.874 21.2607
v 30.7267 35.4973 21.2042
v 30.3689 35.2149 21.1352
v 30.5258 34.8633 21.1729
v 30.2057 34.6185 21.1352
v 30.3061 34.2168 21.1478
v 30.6765 34.0661 21.0034
v 31.1222 33.8716 21.0473
v 31.48 33.633 20.9469
v 31.8126 33.3694 20.7648
v 31.9884 32.999 20.5075
v 32.2646 32.6475 20.3568
v 32.252 32.1453 20.2438
v 32.5031 31.8817 20.156
v 32.3839 31.3984 19.93
v 32.591 31.1096 19.8358
v 33.0241 31.4486 20.0053
v 32.8107 31.731 20.1371
v 32.8735 32.1704 20.269
v 32.5785 32.4027 20.2752
v 32.9363 32.6852 20.3694
v 33.2878 32.9551 20.4635
v 33.6142 33.2187 20.52
v 33.9469 33.4761 20.5765
v 34.2921 33.746 20.6016
v 34.562 33.4949 20.5075
v 34.8257 33.3066 20.3506
v 35.0328 33.0179 20.2941
v 35.4534 32.8986 20.4133
v 35.6919 33.0869 20.2627
v 35.6794 32.6412 20.3254
v 35.6668 32.6287 21.0536
v 35.1458 32.6601 21.1854
v 35.0014 32.9928 20.9783
v 35.4408 32.4529 21.2231
v 35.717 32.2834 21.0599
v 35.9367 32.4592 20.8778
v 36.0623 32.0449 21.0034
v 36.282 31.6746 20.6895
v 36.4703 31.323 20.8151
v 36.6021 30.9464 21.0724
v 36.1376 30.5823 20.746
v 36.3573 30.2057 21.0724
v 36.0435 29.9609 21.085
v 35.6794 29.6784 21.0724
v 35.7673 29.2453 20.9281
v 35.943 28.9126 20.79
v 35.9242 28.4858 20.6644
v 35.5852 28.2221 20.6393
v 35.2714 27.9773 20.633
v 34.9701 27.7388 20.6142
v 34.945 27.2617 20.5263
v 34.9889 26.816 20.338
v 34.9638 26.3327 20.156
v 34.7755 25.7929 19.8107
v 35.0203 25.4978 19.7103
v 34.6311 25.1965 19.6287
v 34.3172 24.958 19.5722
v 34.5181 24.6692 19.4153
v 34.7064 24.3993 19.3525
v 34.6562 23.9725 19.2583
v 34.788 23.6398 19.1516
v 35.0328 23.4075 18.9884
v 34.6562 23.1125 18.8691
v 34.2796 22.8175 18.7059
v 33.9657 22.9995 18.7122
v 33.8841 22.5099 18.5678
v 34.0222 22.1584 18.4235
v 33.4322 22.1584 18.2979
v 33.6456 21.8633 18.2791
v 33.2941 21.5934 18.1849
v 33.1873 21.1038 18.1661
v 33.451 20.8339 18.0782
v 33.7272 20.5577 17.9903
v 33.3694 20.2815 17.9213
v 33.52 19.9488 17.7895
v 33.7335 19.6915 17.6263
v 33.338 19.3839 17.5447
v 32.9676 19.0951 17.4254
v 33.4573 18.9319 17.4191
v 33.8778 18.7373 17.6451
v 34.3549 18.6243 17.576
v 34.7504 18.5051 17.281
v 34.8696 18.1096 17.1869
v 34.9638 17.7079 16.9672
v 34.5872 17.4191 16.8981
v 35.1019 17.3501 16.7977
v 35.1772 17.0111 16.6659
v 35.2274 16.5843 16.3269
v 35.5789 16.3834 16.0507
v 35.7986 16.0884 15.7306
v 35.8677 15.7117 15.536
v 36.0937 15.3853 15.2409
v 36.4515 15.2033 14.9083
v 36.7591 14.9773 14.6258
v 36.9097 14.6948 14.2366
v 37.1545 14.4312 13.7846
v 37.3742 14.1613 13.3452
v 37.0415 13.9039 13.3327
v 37.0352 13.452 13
v 36.7402 13.226 13.0502
v 36.7465 12.8556 12.6987
v 37.0604 13.1004 12.6987
v 37.3993 13.3641 12.6673
v 37.7195 13.6152 12.6924
v 38.0333 13.86 12.6987
v 38.3974 14.1424 12.7426
v 38.7364 14.4061 12.8242
v 39.0502 14.6509 12.8745
v 39.4394 14.4689 12.5983
v 39.8286 14.2805 12.2028
v 40.1613 14.5379 12.2405
v 40.5379 14.8329 12.3346
v 40.902 15.1154 12.4162
v 41.2598 15.3916 12.5292
v 41.6176 15.2284 12.2405
v 41.9942 15.0966 12.0019
v 42.5529 15.015 11.324
v 42.6094 14.563 10.8909
v 42.6282 14.0734 10.4891
v 42.3394 13.8474 10.5394
v 42.0005 13.5901 10.5268
v 41.6866 13.339 10.4954
v 41.3477 13.0816 10.4515
v 41.5862 12.8368 10.0435
v 41.8749 12.5983 9.30903
v 41.5109 12.3158 9.22115
v 41.1342 12.0208 9.10816
v 41.084 11.5374 8.61226
v 40.7953 11.3114 8.70642
v 40.4626 11.0478 8.66248
v 40.1236 10.7904 8.59971
v 39.7846 10.5268 8.52438
v 39.4268 10.2443 8.43023
v 39.0628 9.96185 8.36118
v 38.7238 9.69821 8.33607
v 38.4037 9.44713 8.3549
v 38.3786 9.00145 8.03477
v 38.4288 8.68759 7.6142
v 38.661 8.41139 7.31917
v 39.069 8.30468 7.02414
v 39.0753 7.90294 6.72284
v 39.3076 7.66441 6.40898
v 39.6214 7.41333 6.03863
v 39.9478 7.67069 6.03863
v 40.1801 7.36311 5.59923
v 40.563 7.15596 5.49879
v 40.5065 6.6789 5.10333
v 40.4375 6.16417 4.75809
v 40.4626 5.73105 4.46306
v 40.3621 5.23515 4.11154
v 40.7325 5.51762 4.14293
v 41.0777 5.78754 4.19942
v 41.31 5.59295 3.96717
v 41.7431 5.46113 3.44616
v 42.2578 5.41091 3.15741
v 42.5843 5.24143 2.68662
v 42.8667 5.04056 2.19701
v 42.8856 4.5886 2.41043
v 43.3061 4.47562 2.29116
v 43.7581 4.38773 2.08402
v 44.141 4.29985 1.92709
v 44.5427 4.60744 2.01497
v 44.9256 4.90874 2.17817
v 45.4717 4.82714 2.38532
v 45.3274 5.21632 2.34138
v 45.6914 5.49879 2.38532
v 46.0744 5.79382 2.56108
v 46.3882 6.03863 2.58619
v 46.6079 5.71222 2.66152
v 46.9594 5.98213 2.68035
v 47.3047 6.24577 2.69918
v 47.5997 6.47803 2.68035
v 47.9449 6.74795 2.70546
v 48.2588 6.98648 2.66779
v 48.5915 7.24384 2.76195
v 48.9493 7.52004 2.85611
v 49.3322 7.81506 2.92516
v 49.6398 8.0536 2.90005
v 49.5268 8.85707 2.62385
v 49.872 9.12699 2.67407
v 49.7842 9.49734 2.92516
v 49.6398 9.82376 2.99421
v 49.2067 9.48479 2.78078
v 49.1376 9.90536 3.11347
v 49.0435 10.2443 3.30179
v 48.9556 10.6021 3.59681
v 48.8238 10.9474 4.03621
v 49.238 11.2675 4.22453
v 49.1564 11.6818 4.73298
v 49.4954 11.9454 4.75181
v 49.8344 12.2091 4.83341
v 50.2738 12.548 5.05311
v 50.8136 12.0459 4.88991
v 51.3534 12.0333 4.77692
v 51.7489 12.3409 4.92757
v 52.0879 12.1902 4.67648
v 51.5543 12.6234 5.1661
v 51.3597 12.9121 5.37953
v 51.7615 13.226 5.49252
v 52.1758 13.5461 5.69338
v 52.521 13.816 5.8001
v 52.929 14.1299 5.95703
v 53.224 14.3621 5.92564
v 53.5128 14.1362 5.85659
v 53.8266 14.381 5.8252
v 54.1154 14.607 5.74988
v 54.6238 14.5693 5.61806
v 54.9942 14.4375 5.47996
v 55.2892 14.6697 5.3858
v 55.4901 14.3496 5.27281
v 55.7914 14.5881 5.21004
v 55.9546 14.2743 5.14727
v 56.2245 14.4814 5.05939
v 56.4756 14.676 4.87735
v 56.5698 14.3119 4.70159
v 56.8711 14.155 4.29358
v 57.21 14.4186 4.2873
v 57.4925 14.6383 4.28102
v 57.8378 14.9083 4.31241
v 58.1579 15.1531 4.22453
v 58.4466 15.379 4.19314
v 58.7542 15.6176 4.16176
v 59.1183 15.9 4.2057
v 59.0618 16.239 4.55722
v 59.407 16.5089 4.60744
v 59.9155 16.8981 4.97151
v 60.2984 17.1994 5.10961
v 59.8276 17.2747 5.18493
v 59.3192 17.3187 5.26654
v 58.886 17.4568 5.51135
v 58.9488 17.0299 5.13472
v 58.5659 17.2057 5.51762
v 58.2395 17.3689 5.78126
v 58.7731 17.7832 6.28971
v 58.4843 17.5635 6.35876
v 58.6224 18.0971 6.60357
v 59.0995 18.0343 6.31482
v 59.0116 18.3984 6.74167
v 59.4824 18.3356 6.47175
v 59.3819 18.6871 6.79816
v 59.7146 18.9445 6.82955
v 60.041 19.1956 6.8421
v 59.6456 19.3337 7.35055
v 59.2313 19.0135 7.12458
v 58.8986 18.7562 7.13713
v 58.6726 19.0575 7.42588
v 58.3399 18.8001 7.33172
v 58.4153 19.2332 7.62675
v 59.2627 19.5157 8.03477
v 58.6977 19.4529 8.26074
v 59.0618 19.7291 8.34235
v 59.3819 19.9802 8.33607
v 59.6016 19.7731 8.03477
v 59.7523 20.269 8.45533
v 60.0724 20.1371 8.39256
v 60.2796 19.8233 8.12265
v 60.6813 20.1434 8.28585
v 60.8508 19.8233 7.93433
v 60.5181 19.5659 7.94688
v 60.9387 19.4592 7.64558
v 61.3153 19.7479 7.75229
v 61.353 19.365 7.43843
v 61.6731 19.6098 7.50121
v 61.9618 19.365 6.82955
v 61.6103 19.0888 6.77306
v 62.0937 19.0261 6.81072
v 62.2443 18.7059 6.64124
v 62.6523 18.6306 6.4592
v 63.0227 18.9194 6.53452
v 63.3052 19.1391 6.47803
v 63.619 19.3839 6.46548
v 63.914 19.6098 6.39015
v 64.1714 19.8107 6.3211
v 64.4853 20.0492 6.3211
v 64.7552 20.2627 6.21439
v 64.774 20.6644 6.55963
v 65.1067 20.9218 6.60985
v 65.4708 21.2042 6.71028
v 65.7533 21.4239 6.67262
v 66.0671 21.2796 6.23322
v 66.3559 21.4993 6.15789
v 66.6383 21.719 6.05746
v 66.971 21.9763 6.12023
v 67.2849 22.2211 6.13279
v 67.5611 22.4346 6.0198
v 67.9189 22.7108 6.19556
v 68.2202 22.943 6.11395
v 68.1762 23.3008 6.33365
v 68.057 23.6461 6.60985
v 68.0381 24.0729 6.86094
v 67.9314 24.4684 7.21873
v 67.8561 24.8262 7.39449
v 68.1323 25.0396 7.30034
v 68.4085 25.253 7.17479
v 68.6784 25.4664 7.08691
v 68.9358 25.661 6.94882
v 68.7475 25.9498 7.13713
v 68.8542 26.4771 7.2564
v 68.5905 26.7533 7.51376
v 68.6784 27.1927 7.75229
v 68.9609 27.4186 7.68952
v 69.2873 27.6697 7.68952
v 69.7204 28.0024 7.99082
v 70.1222 27.9396 8.05987
v 70.7248 27.9271 8.09126
v 71.001 27.6948 7.92178
v 70.6306 27.4124 7.78368
v 71.1328 27.3621 7.63303
v 71.5282 27.2554 7.48865
v 71.4592 27.6195 7.6393
v 71.5847 28.1468 7.86528
v 71.8923 28.3853 7.87156
v 72.1434 28.5799 7.68324
v 72.4949 28.8561 7.72718
v 72.7711 29.0695 7.62047
v 72.5389 29.3394 7.80251
v 72.8841 29.6031 7.82762
v 73.1352 29.7977 7.70835
v 73.4177 30.0174 7.6958
v 73.8131 30.325 7.87784
v 74.1584 30.1429 7.9155
v 74.3341 29.8479 7.71463
v 74.5601 30.0174 7.50748
v 75.0309 29.9672 7.62675
v 75.7528 30.055 7.1999
v 75.985 30.2371 7.08064
v 76.1671 30.8522 7.21246
v 76.4935 31.1033 7.22501
v 76.2424 31.3293 7.11202
v 76.4621 31.9319 7.38194
v 76.1922 32.1704 7.52004
v 76.0164 32.5157 7.87156
v 76.0666 32.93 8.08498
v 76.3428 33.1434 8.01593
v 76.4119 33.6205 8.38629
v 76.8764 33.5577 8.56832
v 76.7697 33.8967 8.46789
v 77.1463 33.7648 8.46789
v 77.5543 33.7021 8.48044
v 77.7489 33.8527 8.22936
v 77.8305 32.9865 8.44278
v 78.521 33.5263 8.66248
v 79.155 33.1622 8.41139
v 79.6069 33.043 8.19169
v 79.3559 32.4027 7.81506
v 79.6007 32.1516 8.02221
v 79.6823 31.8189 8.44278
v 80.0463 32.1014 8.54322
v 80.3163 32.3148 8.48672
v 80.1342 32.5596 8.49927
v 80.536 32.8735 8.66876
v 80.7682 33.0555 8.47417
v 80.9314 32.7919 8.44906
v 80.7494 33.4824 8.19169
v 80.7117 34.3675 8.31096
v 81.013 34.606 8.36745
v 81.0005 34.5934 9.00772
v 81.6659 34.6311 9.30275
v 81.8479 34.3298 9.3718
v 82.1304 34.5558 9.2902
v 82.6702 34.5307 9.29647
v 82.6388 34.945 8.91984
v 82.4317 35.2274 8.91984
v 82.4128 35.6919 8.66248
v 82.1994 36.3761 9.16465
v 81.8102 37.0039 9.72332
v 81.7537 37.3365 9.67938
v 81.4085 37.958 10.2632
v 81.2578 38.3032 10.1878
v 80.5862 38.2154 9.54756
v 81.3206 37.0039 9.41574
v 81.2139 37.3428 9.41574
v 80.9503 37.142 8.7943
v 80.7619 37.4558 8.70642
v 80.4983 37.2549 8.81313
v 80.3728 37.619 8.78175
v 80.266 37.9705 8.78175
v 81.0758 38.1651 8.96378
v 79.9208 38.2154 8.97634
v 79.9334 37.7132 8.75664
v 79.6509 38.0082 9.06422
v 79.6195 38.4727 9.30903
v 79.3496 38.2656 9.36552
v 79.2743 38.705 9.56012
v 79.5253 38.8996 9.42829
v 80.1656 38.8933 9.93674
v 79.9961 39.2636 9.79865
v 80.4041 39.5775 9.97441
v 80.6113 39.2448 10.2632
v 80.3037 38.5167 9.90536
v 79.8957 38.6861 9.98068
v 80.9314 39.4896 10.2569
v 80.3539 39.9667 10.1313
v 80.4041 40.8392 10.282
v 80.6741 40.6195 10.4326
v 80.605 41.4544 10.2255
v 80.6678 41.8749 10.1753
v 81.0758 42.1888 10.3887
v 81.3834 42.4273 10.3385
v 81.8102 42.76 9.85514
v 82.325 42.3332 9.63544
v 82.6388 42.578 9.6731
v 82.1555 41.7745 9.59778
v 82.915 42.7914 10.3448
v 83.323 43.1115 10.5582
v 83.1849 43.4568 10.395
v 82.9087 43.2434 10.5331
v 82.6451 43.4128 10.3761
v 82.9464 43.6451 10.3636
v 83.2728 43.8962 10.4264
v 83.5239 43.7204 10.5331
v 83.6557 43.3626 10.6335
v 83.8378 43.0802 9.83003
v 84.4655 43.1492 10.3134
v 84.5973 42.8291 10.4389
v 85.043 42.6784 10.3824
v 85.3066 42.8793 10.2067
v 85.677 42.1637 10.4829
v 85.6958 41.7431 10.4201
v 86.4051 41.3665 10.6461
v 86.5118 41.0212 10.6272
v 86.5871 40.7011 10.7402
v 86.9575 40.5128 10.8532
v 86.8759 39.9981 10.6335
v 87.3781 39.9478 10.5331
v 87.7484 40.2366 10.621
v 88.2945 40.2366 10.8218
v 88.916 40.2429 10.9976
v 89.0478 40.8204 11.1985
v 89.3742 41.0777 11.2047
v 89.6441 40.8078 11.2487
v 89.663 41.2974 11.1796
v 89.9705 41.0589 11.3679
v 90.0835 41.6238 11.3679
v 90.4288 41.8875 11.4558
v 90.2907 42.2076 11.5751
v 90.5731 42.4273 11.5625
v 90.8807 42.6659 11.4998
v 90.7677 43.0111 11.7697
v 91.0628 43.2371 11.7446
v 91.2322 42.9358 11.5688
v 91.1381 43.7518 11.1985
v 91.6026 44.1096 11.5625
v 91.069 44.5616 11.2424
v 90.6485 44.6557 11.142
v 90.3283 44.8691 11.5688
v 90.253 45.2772 11.6692
v 90.184 45.6601 11.7069
v 89.9956 46.0304 11.5876
v 90.2405 46.2187 11.4119
v 89.7195 46.3066 11.9203
v 90.0145 46.5389 11.9329
v 89.914 46.9532 12.0459
v 90.1777 47.1603 11.9266
v 89.9078 47.38 11.4433
v 89.5311 47.0913 11.3052
v 89.7508 47.675 11.4119
v 90.2153 47.6185 11.4809
v 90.6045 47.9198 11.7132
v 90.887 47.7127 12.1714
v 91.1946 48.3781 12.4225
v 91.6716 48.3216 12.5794
v 91.9918 47.5809 12.7301
v 92.1362 47.1729 12.6736
v 92.224 46.8088 12.7175
v 91.8976 46.5514 12.6171
v 92.0671 46.2187 12.7615
v 92.1989 46.79 13.3704
v 92.6321 46.1936 13.7972
v 93.1279 45.7668 13.9102
v 92.5002 47.4553 12.774
v 92.7388 47.6436 12.6296
v 92.5567 48.5099 12.8807
v 92.2303 48.2525 12.818
v 91.069 48.6982 12.3723
v 90.818 48.9305 12.2718
v 90.3095 49.3636 12.4978
v 90.7364 49.3259 13.0063
v 89.8575 49.4452 12.6548
v 89.8575 49.9034 12.3158
v 89.4872 49.1564 12.4476
v 89.663 49.7465 12.5418
v 89.029 49.2569 12.548
v 89.4433 49.5833 12.7552
v 88.8093 49.5582 12.7364
v 88.7653 49.9536 12.9247
v 88.5582 50.2989 12.9874
v 87.9618 50.3365 12.9874
v 87.8865 50.8073 13.1444
v 87.4911 50.4935 12.9623
v 87.0705 50.1733 12.661
v 86.3549 50.4935 12.6736
v 85.7962 51.0521 12.9749
v 85.1811 50.9454 13.4331
v 84.8735 50.7069 13.4394
v 84.591 50.4872 13.4645
v 84.252 50.2298 13.3892
v 84.0261 50.4998 13.3076
v 83.9005 49.9536 13.2323
v 83.9194 49.5896 12.9686
v 83.2477 49.8909 12.887
v 82.6137 50.3052 12.5732
v 82.7769 49.5268 12.479
v 82.5823 49.8281 12.2091
v 81.9483 49.7842 12.4602
v 81.6972 49.9913 12.7426
v 82.1806 49.5142 12.7615
v 81.9546 49.7904 13.1883
v 81.6972 49.9913 13.4708
v 81.7726 49.6461 13.5712
v 81.4964 49.8344 13.7219
v 81.0507 49.9599 12.9121
v 81.5968 49.508 13.8788
v 81.3269 49.7026 14.0546
v 81.1386 50.0227 13.9039
v 81.3394 50.1859 13.6152
v 81.0507 50.4244 13.2825
v 80.6992 50.1482 13.9416
v 80.9063 49.8469 14.1362
v 80.3414 49.872 13.8286
v 80.6427 49.6398 14.2178
v 80.3288 49.395 14.1801
v 79.9459 49.5645 13.6654
v 79.7639 50.3679 13.6779
v 80.2535 50.3114 13.8788
v 80.4606 50.4746 13.7156
v 80.6238 50.0917 13.0314
v 80.718 50.6755 13.5461
v 81.3206 50.1733 12.7929
v 81.3143 50.6316 13.1883
v 80.4167 50.8764 13.7721
v 80.0338 51.0521 13.8474
v 79.6885 51.2593 14.1989
v 79.5756 51.6485 14.3056
v 79.3684 51.8807 14.3056
v 79.2366 52.2574 14.381
v 78.9102 52 14.3559
v 78.6403 51.7866 14.4312
v 78.1255 51.8682 14.4563
v 77.705 52.0251 14.6697
v 77.1714 52.0502 14.5818
v 76.6316 52.1193 14.5002
v 76.5123 52.5524 14.9396
v 76.4433 53.042 15.2661
v 76.3428 53.3935 15.6113
v 76.2361 53.7639 15.9252
v 76.1671 54.2033 16.4838
v 75.508 54.1719 16.4587
v 75.3573 54.4606 16.6156
v 74.9556 54.1468 16.3708
v 74.4848 53.7764 16.0193
v 73.9826 53.8455 16.057
v 73.6374 53.5756 15.9691
v 73.2733 53.2994 15.831
v 73.0222 53.0922 16.0005
v 72.3505 52.9981 15.7431
v 72.451 52.6528 15.4104
v 72.0116 52.7407 15.718
v 71.8547 53.0546 15.9126
v 71.5596 52.8223 15.9628
v 71.3964 53.0859 16.2076
v 71.0072 53.1989 16.5968
v 70.6118 53.337 17.0237
v 70.4297 53.676 17.3689
v 70.0531 53.7764 17.7141
v 69.8146 53.5881 17.9025
v 69.5509 53.8518 18.3544
v 69.3061 54.1405 18.7436
v 68.9985 53.902 18.7813
v 68.7161 54.1405 18.9194
v 68.3583 53.858 18.8503
v 68.0884 53.6509 18.8817
v 67.8059 53.8392 19.0386
v 67.5046 54.0777 19.0323
v 66.8706 53.5944 18.9445
v 66.3245 53.6572 19.3839
v 65.8851 53.8643 19.2081
v 65.521 53.5818 19.1202
v 65.3264 53.9083 19.4843
v 65.0502 53.6948 19.5031
v 64.7238 53.9396 19.8672
v 64.5794 54.3665 20.2564
v 64.2656 54.1217 20.2815
v 63.9454 53.8706 20.2815
v 63.6692 53.6509 20.3443
v 63.3491 53.9208 20.4384
v 63.0604 53.6948 20.5577
v 62.8093 53.8769 20.7021
v 62.5456 54.1154 20.8213
v 62.2694 53.8957 20.9343
v 62.0058 54.1405 21.0599
v 61.6354 54.3037 21.562
v 61.3279 54.0589 21.562
v 61.0454 53.8455 21.6185
v 60.9701 54.1782 22.2839
v 60.7064 53.971 22.3341
v 60.4177 53.745 22.3906
v 60.3235 54.1342 22.8802
v 59.9029 54.2974 23.3385
v 59.6016 54.0589 23.3385
v 59.2752 53.8015 23.3385
v 58.9928 53.5818 23.4138
v 58.4278 53.7074 23.6272
v 57.8754 53.7827 23.7528
v 57.5678 54.0589 24.029
v 57.2351 53.8015 23.985
v 56.9338 54.0903 24.1859
v 56.5823 53.8141 24.1294
v 56.2999 54.1342 24.3868
v 55.9734 53.8769 24.3554
v 55.5403 53.9773 24.4244
v 55.2641 54.2472 24.6316
v 54.7933 54.3477 24.6818
v 54.423 54.0589 24.5374
v 54.0338 54.2221 24.6943
v 53.6697 53.9334 24.5249
v 53.3559 54.0401 24.5563
v 52.9918 53.7513 24.437
v 52.7407 53.902 24.6002
v 52.3641 53.6069 24.4621
v 52.0628 53.7513 24.5311
v 51.4099 53.7011 24.4119
v 51.2154 53.971 24.7948
v 51.7364 53.4877 24.4244
v 51.4099 53.2366 24.4182
v 51.1086 53.4689 24.5186
v 50.8889 53.7137 24.7948
v 50.4809 53.9083 24.8011
v 50.1482 54.2284 24.9015
v 49.8281 53.9773 24.8889
v 49.464 53.6948 24.845
v 49.1439 54.0275 24.9831
v 48.7359 54.1907 25.1086
v 48.4346 53.9585 25.1275
v 48.0956 53.6948 25.0647
v 47.5683 53.8141 25.0396
v 47.0536 53.9522 25.2844
v 46.7146 53.6886 25.2467
v 46.3819 53.4249 25.1463
v 45.9614 53.6572 25.4225
v 45.635 53.9083 25.6799
v 45.0386 53.9899 25.7238
v 44.4674 54.1028 25.7552
v 44.1347 53.8455 25.6924
v 43.5635 53.9647 25.6296
v 43.0362 54.0463 25.5983
v 42.6847 53.7702 25.4915
v 42.1386 53.8831 25.479
v 41.7745 53.6007 25.3221
v 41.4167 53.3182 25.184
v 41.0652 53.0483 25.0961
v 40.7325 53.337 25.1463
v 40.4061 53.0859 25.0647
v 40.0985 52.8411 25.0082
v 39.7909 53.1738 25.0647
v 39.4206 52.8851 25.0145
v 39.1193 52.6465 24.9768
v 38.7991 52.3955 24.9015
v 38.7615 51.7991 24.8324
v 38.4351 51.5418 24.8011
v 38.1149 51.2907 24.7571
v 37.7571 51.0082 24.732
v 37.4244 50.7508 24.6818
v 37.1043 50.4998 24.619
v 36.7528 50.2236 24.5311
v 36.4201 49.9662 24.4746
v 36.0748 50.2612 24.4998
v 35.5852 50.3868 24.4746
v 34.9826 50.4746 24.5939
v 34.4742 50.6316 24.8011
v 34.1854 50.4056 24.7948
v 33.8213 50.1231 24.663
v 33.4886 49.8595 24.6253
v 33.156 49.5958 24.5374
v 32.5471 49.6963 24.4935
v 32.0386 49.7779 24.5688
v 31.6557 49.9599 24.7822
v 31.141 50.0855 24.8764
v 30.733 50.3365 25.0333
v 30.4505 50.6127 24.9517
v 30.168 50.393 25.0082
v 29.7161 50.6379 25.2405
v 29.1135 50.7759 25.0773
v 28.8436 50.5688 25.2091
v 28.5548 50.9454 25.8305
v 28.2535 50.7132 25.8745
v 27.8518 50.9329 26.0126
v 27.6007 51.2467 26.0628
v 27.5002 51.6171 26.3641
v 27.8204 51.8682 26.3892
v 28.0401 52.5084 26.6591
v 28.6929 52.5461 26.9918
v 28.4732 52.8537 26.9667
v 28.3037 53.1424 26.9792
v 27.4877 52.9667 26.8851
v 26.8474 52.9855 27.2052
v 26.339 53.1299 26.9981
v 26.2385 53.563 27.3182
v 25.8996 53.8706 27.7325
v 25.5543 54.1656 28.0338
v 25.2781 53.9522 28.1531
v 25.0396 54.3477 28.2472
v 24.7257 54.1028 28.2535
v 24.4307 53.8706 28.2284
v 23.8469 53.9773 28.2096
v 23.3134 54.1028 28.2347
v 23.056 54.4041 28.3225
v 22.7422 54.1593 28.3163
v 22.4534 53.9334 28.3351
v 22.1835 53.7199 28.4355
v 21.8633 53.4751 28.4544
v 21.5181 53.7325 28.7306
v 21.2482 53.5316 28.7494
v 20.7774 53.6007 29.0319
v 20.6142 53.9522 29.2202
v 20.2752 53.6823 29.1574
v 19.9614 53.9522 29.6659
v 19.6538 53.7137 29.6345
v 19.1642 53.8643 29.9734
v 18.8064 54.0777 30.2308
v 18.4109 53.7702 30.0802
v 17.959 53.4186 29.8102
v 17.4442 53.5756 29.986
v 16.9295 53.7137 30.1241
v 16.6533 54.0526 30.2182
v 16.3332 53.8015 30.212
v 15.8687 53.9585 30.4254
v 15.3225 54.0903 30.5133
v 14.9836 53.8204 30.4379
v 14.6132 53.5379 30.3124
v 14.3056 53.8706 30.4756
v 13.747 54.0652 30.6263
v 13.4017 53.7953 30.5384
v 12.9498 53.9459 30.7016
v 12.5983 54.1719 30.7706
v 12.0521 54.2535 30.8146
v 11.6818 53.9647 30.7016
v 11.3491 53.7074 30.6263
v 11.1043 54.0275 30.7267
v 10.7465 53.7513 30.7141
v 10.395 53.4751 30.62
v 10.1313 53.7199 30.802
v 9.81748 53.4751 30.7895
v 9.30275 53.6258 31.1222
v 8.95123 53.9208 31.4862
v 8.64993 53.6886 31.4611
v 8.00966 53.7513 31.731
v 7.62675 53.4563 31.6055
v 7.32545 53.7199 31.7875
v 6.94254 53.9647 31.9759
v 6.59102 53.6823 31.844
v 6.27716 53.9961 32.0512
v 5.86287 53.676 31.888
v 5.5239 53.9899 31.9759
v 4.98407 54.0589 31.9445
v 5.15355 53.7011 31.8566
v 5.09078 53.0671 31.549
v 5.44858 52.7972 31.4297
v 5.81893 52.5461 31.3105
v 6.21439 52.3515 31.1912
v 6.5408 52.0377 30.9464
v 6.817 51.6861 30.6012
v 6.50314 51.4413 30.576
v 6.73539 51.071 30.281
v 6.99903 50.8199 30.099
v 7.26895 50.5186 29.9358
v 7.28151 50.0164 29.5215
v 7.56398 49.7402 29.3457
v 7.73346 49.3699 29.1386
v 7.95316 48.9054 29.0193
v 8.26074 48.5727 28.8624
v 8.45533 48.1647 28.6992
v 8.92612 48.014 28.4669
v 9.0705 47.5746 28.1091
v 9.23998 47.1666 27.971
v 9.39063 46.7209 27.5442
v 9.45968 46.2815 27.3433
v 9.97441 46.1497 27.1675
v 10.0748 45.7103 26.8474
v 10.2004 45.3337 26.6152
v 10.3887 45.0449 26.4331
v 10.7402 44.7813 26.2197
v 10.8909 44.3984 25.9686
v 11.4182 44.254 25.7929
v 11.5563 43.8083 25.6548
v 12.1463 43.6828 25.6359
v 12.5669 43.4442 25.479
v 12.7175 42.986 25.3283
v 12.8745 42.6031 25.1463
v 13.2448 42.3457 25.0019
v 13.5336 42.5717 24.958
v 13.8662 42.3143 24.6692
v 14.1236 42.0444 24.1985
v 13.9981 42.9295 25.2279
v 13.5775 43.1555 25.3346
v 13.9353 43.4317 25.3911
v 14.3245 43.1931 25.2718
v 14.7639 43.0111 25.2028
v 14.6697 43.4631 25.3597
v 15.1468 43.3124 25.3158
v 15.5109 43.1304 25.2154
v 15.5736 43.6451 25.548
v 15.9377 43.4631 25.4853
v 15.9691 43.959 25.7112
v 16.3081 43.7518 25.6296
v 16.4713 43.4568 25.5292
v 16.647 44.0154 25.6422
v 16.4211 44.3105 26
v 16.7851 44.5929 26.1318
v 17.1994 44.4548 25.4099
v 17.1178 44.8566 26.2009
v 16.6094 44.9821 26.1758
v 16.9546 45.2458 26.2385
v 17.4317 45.1014 26.2134
v 17.2747 45.4969 26.1758
v 17.689 45.3023 26.1193
v 17.8648 44.9759 25.4664
v 17.9966 45.5408 26.0565
v 18.3544 45.3588 25.8493
v 18.3105 45.7856 26.0126
v 18.6683 45.6036 25.8305
v 18.5929 46.0053 25.9309
v 18.9445 45.817 25.8117
v 19.1391 45.5408 25.7426
v 19.3839 45.7417 25.6485
v 19.2332 46.043 25.7489
v 19.6538 45.9488 25.5167
v 19.5534 46.2941 25.7991
v 20.0932 46.2941 25.7929
v 20.338 46.0116 25.8493
v 20.5703 46.6644 25.5167
v 20.6393 46.2438 25.8431
v 20.5451 46.1685 24.9078
v 20.8464 46.4133 24.845
v 20.8213 45.9425 24.2424
v 21.1917 46.2376 24.3679
v 21.4365 45.9111 24.3679
v 20.9783 45.5534 24.0352
v 20.2941 45.5345 23.8155
v 20.5075 45.183 23.6712
v 19.9174 45.2395 23.7214
v 19.7542 45.5534 23.8469
v 19.6098 44.9947 23.6837
v 19.478 45.3399 23.9097
v 19.0386 44.9947 23.6837
v 21.3675 45.3211 23.7967
v 21.0975 45.114 23.1816
v 21.0159 44.4423 23.238
v 21.3612 45.3211 23.0999
v 20.8025 44.8817 22.5225
v 21.2607 44.6369 23.056
v 21.7566 45.0261 22.7233
v 21.6562 44.9445 23.2129
v 21.719 46.1309 24.3428
v 22.127 45.9174 24.1168
v 22.014 46.3631 24.2549
v 22.4032 46.1309 23.985
v 22.3906 45.522 23.3887
v 22.309 46.5954 24.1671
v 22.6794 46.3506 23.985
v 23.1439 46.1057 23.6774
v 23.1376 45.4906 23.9223
v 23.4326 45.7228 23.8971
v 23.6774 45.3148 23.8846
v 23.1627 44.9068 23.4138
v 23.9034 44.9884 23.8658
v 23.4013 44.5929 23.4326
v 22.83 44.6494 23.3761
v 22.6417 45.1077 22.7986
v 22.3655 44.888 22.8489
v 22.1019 45.296 22.7296
v 22.466 45.5785 22.8551
v 22.0705 44.6557 22.8802
v 22.3467 44.2728 22.2776
v 22.3341 44.2603 23.0058
v 22.5287 43.915 22.943
v 22.535 43.9213 22.3028
v 22.2463 43.689 22.9493
v 22.9932 44.2728 23.3259
v 23.2318 43.8962 23.3761
v 23.5142 44.1159 22.5727
v 23.508 44.1159 23.282
v 24.2801 44.1849 23.0623
v 24.3303 43.7455 22.8614
v 23.6335 43.6828 23.0372
v 24.1357 43.5886 23.0874
v 24.0101 43.4944 22.127
v 24.393 43.7957 22.2651
v 24.7822 44.0971 22.3844
v 24.9517 43.7518 22.2714
v 24.5814 43.4631 22.1772
v 25.2216 43.394 22.2651
v 24.8324 43.0864 22.1521
v 24.2487 43.1994 22.0893
v 23.6147 43.1806 21.901
v 23.8971 42.9232 21.9826
v 23.5205 42.6282 21.9261
v 23.2569 42.9044 21.8069
v 23.169 42.3583 21.8069
v 22.874 42.6094 21.6436
v 22.7861 43.0174 21.8633
v 22.3906 42.7098 21.719
v 22.24 43.1178 21.8194
v 22.5601 43.3689 21.8571
v 21.7692 42.7537 21.5118
v 21.719 43.281 21.7566
v 21.3863 43.0174 21.7441
v 21.1666 43.3501 22.5664
v 21.3926 42.4524 21.3926
v 21.0285 42.7412 21.6374
v 21.0034 42.1511 21.2482
v 20.6832 42.4713 21.5369
v 20.4196 42.7663 21.6248
v 20.156 42.5591 21.6939
v 19.7228 42.8228 21.9575
v 19.9363 42.3897 21.9136
v 19.3901 42.5591 21.9324
v 19.2332 43.0488 21.9763
v 18.9131 42.7977 21.9763
v 19.0888 43.5447 22.3279
v 18.8943 43.3877 22.5476
v 18.7122 43.7832 22.4911
v 19.0575 44.0531 22.5413
v 19.6224 43.959 22.874
v 19.8735 43.5509 22.7233
v 19.8609 44.141 22.6041
v 20.1622 43.7769 22.648
v 20.3631 43.3187 22.6041
v 20.4384 43.9903 22.5727
v 20.7146 43.5949 22.6919
v 20.8716 43.1178 22.6417
v 21.4302 43.055 22.5538
v 21.5432 43.6451 22.6605
v 21.7943 43.3375 22.6731
v 21.2984 44.0531 23.282
v 21.5746 44.2665 23.1753
v 22.1144 44.0908 23.1878
v 20.1497 44.3732 22.5413
v 20.4887 44.6369 22.5789
v 20.0555 44.8315 22.6543
v 20.3254 45.0449 22.5601
v 19.7731 44.6118 22.717
v 19.4466 44.8691 22.6543
v 19.1453 44.6369 22.6543
v 19.522 44.4172 22.8614
v 18.7813 44.3481 22.5225
v 18.4674 44.1033 22.5225
v 18.2163 43.9087 22.6229
v 17.9966 44.1787 22.8049
v 17.6765 43.9276 22.7924
v 17.9025 43.6639 22.648
v 17.3438 43.6702 22.7484
v 17.6074 43.4317 22.7108
v 17.3187 43.2057 22.7735
v 17.0802 43.4631 22.7924
v 16.9985 42.9546 22.7986
v 16.804 43.2496 22.9305
v 16.5717 43.5384 22.9179
v 16.4713 42.986 22.8802
v 16.2767 43.3061 23.0246
v 16.0256 43.1115 23.0937
v 16.4022 43.4066 23.9411
v 16.239 42.804 23.0497
v 15.8812 42.5278 23.0183
v 15.718 42.873 23.1188
v 15.4104 42.6282 23.1502
v 15.5799 42.2892 23.056
v 15.1405 42.421 23.2004
v 15.3163 42.0821 23.169
v 15.4983 41.7808 22.9744
v 15.7745 41.4795 23.0309
v 15.8812 41.0275 22.9807
v 16.17 41.2598 22.8802
v 16.057 41.6992 22.9556
v 16.4336 41.4606 22.8363
v 16.3583 41.944 22.9054
v 16.7161 41.6866 22.7484
v 16.6847 41.0589 22.0454
v 16.9609 41.2723 21.9261
v 17.1618 40.8141 21.8257
v 16.8228 40.5567 21.8257
v 16.3394 40.7827 21.9136
v 16.5089 40.3056 21.8633
v 16.0381 40.5442 21.9387
v 15.7619 40.9334 21.9575
v 16.1825 40.0483 21.8508
v 16.5466 39.7344 22.1395
v 17.0425 39.6152 21.9575
v 17.2559 39.2197 21.3988
v 17.4882 39.4017 21.2859
v 17.6953 39.0377 21.1478
v 17.689 38.548 20.7397
v 17.8522 38.1902 20.6205
v 18.0594 37.7822 20.4635
v 18.1661 37.3177 20.2438
v 18.436 36.9599 20.0179
v 18.5678 36.5582 19.8672
v 18.775 36.1439 20.3254
v 18.5302 35.9556 20.4824
v 18.0971 35.6166 20.2062
v 17.7393 35.3341 19.4027
v 17.3438 35.0266 19.296
v 18.3607 35.2651 19.5157
v 18.7059 35.535 20.2815
v 19.2395 35.4157 19.5471
v 19.4969 35.1207 19.591
v 20.0304 34.9701 19.6161
v 20.269 34.5934 19.5408
v 20.4761 34.2042 19.3713
v 20.564 33.7648 19.2521
v 20.6707 33.2878 18.9445
v 20.8716 32.9049 18.8566
v 20.4761 32.5973 18.6683
v 20.0681 32.2772 18.4611
v 19.7166 32.001 18.323
v 19.6915 31.4423 17.846
v 19.704 30.9715 17.62
v 19.6726 30.3626 17.281
v 19.999 30.0362 17.1115
v 20.112 29.6094 16.4524
v 20.3819 29.4022 16.1825
v 20.5891 29.0884 16.0319
v 20.1622 28.7557 15.8561
v 20.5577 28.6866 15.9314
v 20.4887 28.2912 15.8184
v 20.4698 27.9334 15.6678
v 20.52 27.5002 15.5234
v 20.633 27.1173 15.3979
v 20.9908 26.9165 15.3539
v 20.9908 26.4833 15.1154
v 21.3988 26.2574 15.084
v 21.7755 26.0314 15.015
v 22.1772 25.8242 14.902
v 22.3844 25.479 14.7827
v 22.6857 25.1463 14.6509
v 22.9681 24.8764 14.5128
v 23.238 24.6316 14.5128
v 23.5331 24.4621 14.3873
v 23.7716 24.2047 14.3935
v 24.029 23.9599 14.224
v 24.3805 23.7967 14.3182
v 24.7006 23.6649 14.3496
v 25.0208 23.4075 14.1424
v 25.3346 23.1125 14.0483
v 25.2718 22.5664 13.6905
v 25.6108 22.3467 13.6528
v 25.9247 22.0517 13.5524
v 26.3139 21.8571 13.3892
v 26.3264 22.3592 13.6842
v 26.3515 22.9305 13.8725
v 26.6905 23.1941 13.9102
v 26.4206 23.464 14.0608
v 26.7721 23.7402 14.1362
v 26.7533 24.2236 14.3496
v 26.7784 24.7822 14.5379
v 26.5022 25.0773 14.7576
v 26.5273 25.4727 14.8518
v 26.8537 25.7364 14.8706
v 26.9416 26.2385 14.9459
v 27.268 26.4959 14.971
v 27.3684 27.0169 15.2409
v 27.1927 27.3308 15.4167
v 26.8851 27.4814 15.4795
v 26.9918 28.0275 15.605
v 26.7093 28.2974 15.8184
v 26.4833 28.6866 16.0507
v 26.3139 29.0633 16.283
v 25.9686 29.3143 16.4713
v 25.5983 29.5466 16.5529
v 25.1777 29.76 16.5654
v 24.7634 29.8793 16.6408
v 24.7446 30.3438 16.7286
v 24.2173 30.4066 16.691
v 24.2173 30.8774 16.9107
v 24.2361 31.2351 17.0111
v 23.9223 31.3293 17.0111
v 23.8532 31.6494 17.62
v 23.6147 31.9382 17.7769
v 24.0039 32.2395 17.8334
v 24.3491 32.5157 17.9464
v 24.4746 33.0241 18.367
v 24.8324 33.3066 18.4549
v 25.14 33.5451 18.4674
v 24.9266 33.8904 18.7875
v 25.2718 34.1666 18.8691
v 25.2907 34.7629 19.1579
v 25.0019 35.1207 19.3839
v 24.9831 35.5852 19.7228
v 25.3535 35.8802 19.8484
v 25.3911 36.4452 20.3317
v 25.8054 36.7653 20.5389
v 25.5229 37.0917 20.5703
v 25.8682 37.3617 20.6958
v 26.2385 37.6504 20.7962
v 26.1067 38.1086 20.8904
v 26.4457 38.3723 20.972
v 26.8035 38.6548 21.085
v 27.1801 38.9498 21.1603
v 27.5002 39.2009 21.2356
v 28.015 39.0377 21.1666
v 28.5925 38.9498 21.1478
v 29.0946 38.8054 21.1101
v 29.6408 38.7489 21.2356
v 30.1053 38.5292 21.3612
v 30.5133 38.2656 21.4051
v 30.6263 37.8387 21.4365
v 30.9841 37.7069 21.5118
v 31.0092 37.2549 21.4742
v 30.915 36.803 21.3486
v 30.959 36.4954 21.3047
v 30.915 36.1125 21.2859
v 31.0343 35.7422 21.2294
v 31.2289 35.4157 21.2733
v 30.8774 35.1458 21.2231
v 30.9903 34.7504 21.267
v 30.6388 34.4742 21.1854
v 31.0217 34.3361 21.0913
v 31.436 34.1164 21.1038
v 31.8315 33.9092 21.0348
v 32.1391 33.6205 20.8339
v 32.3274 33.2627 20.5703
v 32.6412 32.9425 20.4824
v 33.0053 33.2313 20.5326
v 33.3568 33.5012 20.6205
v 33.7021 33.7711 20.6707
v 34.0473 34.041 20.6958
v 34.3298 34.267 20.677
v 34.606 33.9908 20.5891
v 34.8571 33.7272 20.4949
v 35.1709 33.5765 20.4384
v 35.3404 33.2564 20.3066
v 35.6731 33.52 20.3568
v 36.0309 33.3506 20.338
v 35.9995 32.8923 20.3066
v 36.0121 32.5157 20.3066
v 36.5268 31.8754 20.5514
v 36.803 31.5867 20.8402
v 37.0101 31.2603 21.2733
v 37.1859 30.8522 21.4804
v 36.6649 30.4442 21.0913
v 36.8281 30.0739 21.2231
v 36.5017 29.8228 21.1603
v 36.1125 29.5215 20.9908
v 36.3636 29.239 20.9908
v 36.2192 28.718 20.6644
v 36.2569 28.2912 20.5514
v 35.9242 28.0275 20.5703
v 35.5978 27.7702 20.5828
v 35.2651 27.5128 20.5514
v 35.3341 27.0859 20.4008
v 35.3216 26.6089 20.2125
v 35.2086 26.1318 20.0681
v 35.5224 26.3829 20.1057
v 35.8426 26.1444 20.1434
v 35.8928 25.7426 20.3568
v 36.0497 25.4476 20.1434
v 36.1251 25.9247 20.1873
v 36.3134 25.6548 20.0241
v 36.3134 25.2656 20.1622
v 36.2569 24.7885 19.4969
v 36.6147 25.0647 19.5847
v 36.8281 24.8073 19.4592
v 36.4452 24.5123 19.3337
v 35.8677 24.4809 19.3713
v 35.6919 24.7822 19.4906
v 35.3341 24.4998 19.3901
v 35.4848 25.0082 19.5847
v 35.1207 24.7195 19.5031
v 35.2776 25.2656 19.6538
v 34.9324 24.9957 19.6036
v 35.0266 24.2612 19.3525
v 35.1709 23.9348 19.2207
v 35.3969 23.69 19.1202
v 35.5413 23.3448 18.8943
v 35.1709 23.056 18.8126
v 34.7755 22.7484 18.6871
v 34.3863 22.4408 18.5553
v 34.2607 21.945 18.3984
v 33.9281 21.6813 18.3168
v 33.5514 21.3863 18.2038
v 33.7962 21.1038 18.1284
v 34.1164 20.859 18.1222
v 34.3047 20.5577 18.0468
v 33.8904 20.2313 17.8836
v 34.0975 19.9739 17.7644
v 34.2796 19.5785 17.7141
v 33.8213 19.2207 17.4442
v 34.154 18.957 17.5572
v 34.719 18.9068 17.6388
v 35.0956 18.7687 17.3877
v 35.24 18.3984 17.2747
v 35.3341 17.9966 17.0299
v 35.422 17.6012 16.8102
v 35.5224 17.281 16.6596
v 35.5224 16.8102 16.3457
v 35.9054 16.6408 16.0507
v 36.1502 16.3646 15.7368
v 36.169 15.9503 15.492
v 36.4452 15.6615 15.2347
v 36.7653 15.4481 14.902
v 37.0478 15.2033 14.563
v 37.2236 14.9396 14.1989
v 37.437 14.6509 13.7595
v 37.6943 14.4061 13.3264
v 37.663 13.9416 12.9623
v 37.3491 13.6968 13.0063
v 38.0333 14.2303 13.0126
v 38.366 14.4877 13.0251
v 38.7112 14.7576 13.0942
v 39.069 15.0401 13.1381
v 39.3829 14.9083 12.8619
v 39.7533 14.7137 12.5543
v 40.0608 14.9585 12.6108
v 40.3872 15.2096 12.6485
v 40.7953 15.5234 12.7615
v 41.2033 15.8436 12.9749
v 41.6301 15.6803 12.6548
v 42.0068 15.5297 12.366
v 42.3646 15.3916 12.0333
v 42.691 15.6427 12.0521
v 42.3959 15.831 12.4978
v 43.0802 15.944 12.1902
v 42.7788 16.126 12.6422
v 43.099 16.3771 12.6485
v 43.4066 16.1951 12.1463
v 43.4882 15.7494 11.3366
v 43.3877 16.6031 12.592
v 43.7141 16.4399 12.1463
v 43.7079 16.8542 12.6171
v 44.0406 16.691 12.1651
v 44.1975 16.2955 11.4307
v 43.9966 17.0739 12.5732
v 44.3795 16.9546 12.1651
v 44.3356 17.3375 12.592
v 44.6745 17.1869 12.1714
v 44.8817 16.8291 11.5311
v 45.2395 17.1115 11.5625
v 45.2709 16.6345 11.098
v 44.9194 16.3646 11.098
v 44.5804 16.0946 11.0666
v 44.2603 15.8436 11.0227
v 43.915 15.5799 10.985
v 43.5949 15.3288 10.9474
v 43.2873 15.0903 10.9411
v 43.6074 14.8392 10.4515
v 43.2685 14.5756 10.4389
v 42.9609 14.8392 10.9599
v 42.9483 14.3245 10.4954
v 43.1429 14.0483 9.88025
v 42.8479 13.816 9.87397
v 42.5403 13.5838 9.9493
v 42.239 13.3515 10.0435
v 41.944 13.1193 10.0811
v 42.1951 12.8431 9.37808
v 42.2076 12.4099 8.88218
v 41.8812 12.1526 8.86335
v 41.4983 11.8576 8.75664
v 41.4983 11.4307 8.4365
v 41.1468 11.1545 8.34862
v 40.8831 10.9536 8.4365
v 40.494 10.6523 8.31724
v 40.1613 10.3887 8.29213
v 39.8035 10.1188 8.22936
v 39.452 9.83631 8.16031
v 39.0942 9.56639 8.11637
v 38.7238 9.27764 8.03477
v 38.7991 8.97006 7.70208
v 39.0251 8.68759 7.338
v 39.3515 8.52438 6.94254
v 39.408 8.16031 6.71656
v 39.6465 7.92805 6.35249
v 39.9981 8.20425 6.42781
v 40.268 7.92178 6.09512
v 40.5567 7.65814 5.68083
v 40.9459 7.45099 5.56156
v 40.8706 6.96137 5.25398
v 41.1719 6.73539 4.94013
v 40.8141 6.4592 4.87108
v 40.7827 5.98213 4.48189
v 41.4167 6.04491 4.22453
v 41.6238 5.83776 3.96089
v 42.0884 5.72477 3.47127
v 42.5529 5.64317 3.07581
v 42.9232 5.50507 2.68035
v 43.1994 5.3042 2.22839
v 43.1743 4.8083 2.36649
v 43.5949 4.70159 2.25978
v 44.1661 4.70159 2.25978
v 44.4988 4.95896 2.3351
v 44.888 5.26026 2.47948
v 45.2395 5.53646 2.57364
v 45.591 5.80637 2.60502
v 45.478 6.15162 2.72429
v 45.114 5.87542 2.63641
v 45.296 6.45292 2.81217
v 45.5345 6.63496 3.34573
v 45.4278 7.03042 2.79334
v 45.9049 6.92371 3.42733
v 46.0995 6.63496 3.36456
v 46.2501 6.31482 3.32062
v 46.5703 6.56591 3.25785
v 46.7586 6.32738 2.62385
v 47.1729 6.64124 2.89377
v 47.4365 6.84838 2.75567
v 47.832 7.15596 2.831
v 48.1019 7.36311 2.73056
v 48.3969 7.97827 3.04442
v 48.6103 8.14775 2.83728
v 48.9807 8.04732 3.1888
v 49.5707 8.50555 3.11347
v 49.0874 8.95123 2.76823
v 49.351 9.15838 2.66779
v 48.8991 9.24626 2.80589
v 48.874 9.69821 3.20763
v 48.7484 10.0183 3.34573
v 48.6354 10.3573 3.61564
v 48.4785 10.6837 3.9295
v 48.4032 11.098 4.51956
v 48.7798 11.3868 4.67021
v 48.8238 11.7948 4.79575
v 49.1816 12.071 4.8648
v 49.5017 12.3221 4.91502
v 49.8783 12.6108 5.04056
v 50.2989 12.9372 5.29165
v 51.0019 12.6359 5.26026
v 51.2028 12.3472 5.09078
v 50.7822 12.9372 5.46741
v 51.1212 13.2009 5.58667
v 51.4853 13.4833 5.65572
v 51.8745 13.7846 5.83776
v 51.9372 14.2115 5.99469
v 52.3264 14.1362 6.13906
v 52.703 14.4249 6.18928
v 52.6905 14.7953 6.23322
v 53.1111 14.745 6.34621
v 53.5379 14.6007 5.96958
v 53.9083 14.8894 6.07629
v 54.4858 14.8894 5.88798
v 54.9377 14.8078 5.5804
v 55.3394 15.1217 5.76243
v 55.6282 14.9334 5.37325
v 56.0111 14.7576 5.06567
v 56.3375 15.0087 5.04056
v 56.7895 14.9208 4.85852
v 56.9087 14.5756 4.70787
v 57.2163 14.8141 4.68276
v 57.5553 15.0715 4.68904
v 57.8629 15.31 4.66393
v 58.1642 15.5422 4.62627
v 58.4655 15.7808 4.61371
v 58.7417 15.9942 4.51956
v 58.7479 16.4399 4.92757
v 59.0618 16.6847 4.93385
v 59.4384 16.9734 5.05311
v 58.6412 16.7914 5.10333
v 58.2583 16.9672 5.56784
v 57.9256 17.1241 5.8252
v 57.957 16.7349 5.61806
v 57.6494 16.9107 5.93192
v 57.7185 17.394 6.64124
v 57.2351 17.0237 6.2395
v 57.1284 17.3815 6.77306
v 57.5113 17.6828 6.96137
v 58.0637 17.6639 6.75422
v 58.3588 17.8899 6.70401
v 58.2269 18.2352 7.04297
v 58.5345 18.4737 7.03042
v 58.0575 18.5804 7.37566
v 58.0637 18.957 7.56398
v 57.9256 19.2772 8.12265
v 58.4215 19.6601 8.56205
v 58.2646 19.9928 8.58716
v 58.817 19.9676 8.74408
v 59.1748 20.2438 8.83824
v 59.5075 20.5075 8.9324
v 59.8904 20.7962 9.04539
v 60.2294 20.6393 8.80058
v 60.5558 20.52 8.72525
v 61.0203 20.4008 8.37373
v 61.2525 20.1309 8.12892
v 61.6919 20.043 7.87156
v 62.0874 19.9363 7.70208
v 62.5456 19.817 7.42588
v 62.4326 20.1999 7.78996
v 62.8155 20.0241 7.38194
v 62.9474 19.6852 7.21873
v 62.5268 19.3588 7.01159
v 62.6523 19.0198 6.84838
v 62.9725 19.2646 6.88604
v 63.2549 19.4906 6.84838
v 63.5625 19.7228 6.77933
v 63.8701 19.9614 6.73539
v 64.1526 20.1811 6.62868
v 64.4664 20.4259 6.58474
v 64.4288 20.8339 6.98648
v 64.6987 21.0473 6.89232
v 65.0942 21.3486 7.11202
v 65.4017 21.5934 7.07436
v 65.7281 21.8445 7.04297
v 66.0294 21.6374 6.57846
v 66.2743 21.8257 6.42153
v 66.5756 22.0642 6.38387
v 66.9522 22.353 6.47803
v 67.3288 22.648 6.57846
v 67.6238 22.874 6.53452
v 67.9189 23.0999 6.47175
v 67.7996 23.4515 6.70401
v 67.7494 23.8469 6.94882
v 67.6678 24.2612 7.30034
v 67.5987 24.6253 7.54515
v 67.5046 24.9831 7.88411
v 67.7619 25.184 7.75229
v 68.0068 25.3723 7.60792
v 68.239 25.5543 7.4196
v 68.4713 25.7364 7.27523
v 68.5968 26.2825 7.4761
v 68.3457 26.5587 7.68324
v 68.3771 26.9604 7.80251
v 68.5654 27.5316 8.50555
v 68.2955 27.3245 8.61854
v 68.2892 27.7764 8.91357
v 68.5403 27.971 8.76292
v 68.9169 27.8078 8.64365
v 69.2371 28.0526 8.59971
v 68.9483 28.2849 8.97634
v 69.6576 28.379 8.81941
v 70.1849 28.3665 8.38001
v 70.5427 28.2661 8.32351
v 71.0763 28.2033 8.09754
v 71.3148 27.9396 7.92178
v 71.3901 28.4481 8.07243
v 71.6789 28.6678 8.01593
v 72.0241 28.9377 8.00966
v 72.2815 29.1386 7.90922
v 72.3882 29.6972 8.27957
v 72.6895 29.9295 8.17914
v 72.9845 30.1555 8.09754
v 73.3047 30.4066 8.15403
v 73.6311 30.6577 8.11637
v 74.1458 30.5823 7.9155
v 74.4157 30.3438 7.81506
v 74.6794 30.5509 7.71463
v 74.9618 30.3312 7.71463
v 75.5142 30.3438 7.17479
v 75.7465 30.5258 7.02414
v 75.9411 31.0971 7.09947
v 76.0855 31.6369 7.25012
v 75.8783 31.9256 7.48237
v 75.7277 32.2834 7.89667
v 75.7214 32.6601 7.9971
v 75.7967 33.1434 8.41767
v 76.098 33.3757 8.38629
v 76.0478 33.7962 8.6562
v 76.3617 34.041 8.66248
v 76.663 34.2733 8.60599
v 77.0521 34.1164 8.41767
v 77.4225 33.9783 8.36118
v 77.6736 34.1729 8.18542
v 78.3013 33.8025 8.75664
v 79.0608 33.9469 9.17721
v 79.2303 33.6393 8.91984
v 79.5818 33.9155 8.29213
v 80.0966 33.4196 8.56205
v 80.2974 33.5765 8.31096
v 79.789 34.0724 8.78802
v 80.0903 34.3047 8.80058
v 80.3665 34.0975 9.02028
v 80.6364 33.8339 9.11444
v 81.0695 33.7272 8.95751
v 80.379 33.1936 8.75036
v 80.5422 34.6562 9.09561
v 80.8373 34.8885 9.014
v 81.4148 35.3341 8.8759
v 80.9377 35.3969 9.08933
v 80.6929 35.6605 8.53066
v 81.2516 35.6417 9.11444
v 81.352 36.169 8.59971
v 81.986 35.7798 8.75664
v 81.942 35.3216 9.09561
v 81.6847 35.1207 9.19604
v 81.3583 34.8696 9.18976
v 81.9985 34.8947 9.31531
v 82.2496 35.083 9.17721
v 82.4442 34.7943 9.23998
v 81.7349 36.4703 8.7127
v 81.4148 36.6963 8.77547
v 81.2453 36.0874 9.08933
v 80.605 36.4452 9.25253
v 80.7745 37.0039 9.0705
v 80.128 36.9662 8.74408
v 80.0212 37.3491 8.64993
v 79.6697 37.506 8.81941
v 79.3433 37.7697 9.13327
v 79.0169 38.0082 9.38435
v 78.973 38.4664 9.65427
v 78.9604 38.887 9.74215
v 79.2303 39.0942 9.62916
v 79.6258 39.4017 9.83003
v 79.8831 40.0169 10.0623
v 80.0903 40.6069 10.3134
v 79.8455 40.8706 9.88025
v 80.197 41.5046 10.5017
v 80.4418 41.6992 10.3761
v 80.3539 42.0633 9.77982
v 80.2096 42.4022 9.92419
v 80.4481 42.5905 10.5017
v 80.9942 42.5591 10.5833
v 81.0319 43.0362 10.4264
v 81.6094 43.0362 9.79237
v 82.1366 43.4442 10.3385
v 82.3563 43.1869 10.4138
v 82.5195 42.9421 10.4264
v 82.4505 43.689 10.3824
v 82.7016 43.8836 10.282
v 83.1598 44.2414 10.5958
v 83.4109 44.436 10.4201
v 83.5992 44.1535 10.464
v 83.8126 43.9464 10.4452
v 83.9194 43.5698 10.577
v 84.1077 43.2936 10.4954
v 84.4278 43.5384 10.4891
v 84.8609 43.4568 10.4766
v 84.8735 43.0425 10.3573
v 85.2062 43.2999 10.4138
v 85.8653 43.3187 10.1188
v 86.041 42.4462 9.88025
v 85.52 43.5447 10.4326
v 85.7774 43.7455 10.2569
v 86.5683 43.8585 10.3259
v 86.3737 43.7079 10.577
v 86.2356 43.1115 10.7339
v 86.7378 42.986 10.1313
v 86.8006 43.0362 11.029
v 86.5369 42.8291 11.0917
v 86.198 42.5654 10.9913
v 85.9343 42.8793 10.7779
v 86.7127 42.5278 11.3052
v 86.3047 42.2139 11.1608
v 86.8006 42.1323 11.2487
v 86.493 41.8938 11.2298
v 86.9952 41.8247 11.3303
v 86.6939 41.5862 11.3428
v 87.0768 41.4606 11.2989
v 87.4157 41.7243 11.3805
v 87.4848 41.3916 11.3428
v 87.6605 41.0526 11.0855
v 87.2651 40.745 10.8344
v 87.5978 40.5505 10.8469
v 87.2588 40.2868 10.7779
v 87.9493 40.8267 10.9536
v 88.1878 40.5756 10.9223
v 88.6209 40.9083 10.4389
v 88.6774 40.5379 11.0666
v 88.3071 41.1091 10.3824
v 88.6209 41.3477 11.142
v 88.9913 41.2033 11.3554
v 89.324 41.4606 11.4182
v 89.5688 41.649 11.2738
v 89.9643 41.9503 11.506
v 90.027 42.4399 11.4998
v 90.0961 42.9421 11.6881
v 90.4539 43.2182 11.7697
v 90.7426 43.4442 11.7822
v 90.8242 43.9841 11.1608
v 90.6987 44.2665 11.1043
v 90.2844 44.3732 11.0101
v 90.0521 44.6557 10.9034
v 89.8199 45.3713 11.5437
v 89.6692 45.7793 11.5437
v 89.2738 45.9614 11.6127
v 89.2424 46.4322 11.9768
v 89.6253 46.7335 12.0647
v 89.2173 46.8402 12.0396
v 89.4244 47.4177 12.2154
v 88.9223 47.4553 12.1338
v 89.1608 48.1019 12.2718
v 89.6127 47.9952 12.3032
v 89.7634 47.6813 12.2467
v 89.8011 48.1395 12.0082
v 90.2091 48.4534 12.297
v 89.4558 48.3341 12.1965
v 89.6881 48.5099 12.0082
v 90.1902 48.014 11.732
v 90.7364 48.4346 12.2907
v 90.5167 48.6982 12.297
v 90.3221 49.0058 11.9831
v 90.1714 48.8865 12.3911
v 89.6378 48.8489 12.3409
v 89.1545 48.8991 12.3723
v 88.3322 49.1878 12.2593
v 87.9556 49.3259 12.4978
v 87.6919 49.6272 12.366
v 87.9618 48.8991 12.0898
v 87.3655 49.3761 12.297
v 87.1646 49.7214 12.4539
v 87.6166 50.0729 12.8619
v 86.7064 49.8909 12.5794
v 86.3988 49.6461 12.6359
v 86.0159 49.7842 12.8556
v 85.6707 50.4684 12.2781
v 86.0724 49.395 12.4915
v 85.5326 49.4075 12.4225
v 85.6519 49.9474 13.1067
v 85.3129 49.6837 13.0565
v 85.1183 50.0352 13.2636
v 85.3443 50.7006 13.4017
v 86.0222 50.7383 13.1444
v 85.6142 50.9078 13.3201
v 85.0681 50.4809 13.4457
v 84.7605 50.2424 13.5022
v 84.3776 49.9474 13.3452
v 84.252 49.3636 12.6296
v 83.5051 49.2694 12.8054
v 83.5239 49.6586 13.069
v 83.0782 49.3134 12.7552
v 83.1849 49.0183 12.7175
v 82.7141 49.0309 12.6045
v 82.2936 49.6021 12.297
v 82.5447 49.3448 12.6485
v 82.5133 48.8677 12.8493
v 82.8146 48.7296 12.4915
v 82.62 48.5789 12.8054
v 82.2747 48.6857 13.0628
v 82.394 49.2255 13
v 82.1931 49.0686 13.2762
v 82.0864 49.4389 13.3264
v 81.8542 49.2569 13.5901
v 81.6533 49.0999 13.7658
v 81.4085 48.9116 13.9102
v 81.4022 49.3573 14.1487
v 81.1009 49.5268 14.2429
v 80.8122 49.3008 14.3182
v 80.4795 49.0372 14.2554
v 79.9836 49.1251 14.0608
v 79.5442 48.7861 13.7281
v 79.3935 49.6398 13.3013
v 79.2491 49.9662 13.2385
v 79.0483 49.3699 13.1444
v 78.929 49.7151 13.226
v 78.8851 50.1608 13.3013
v 78.5649 49.9097 13.2762
v 78.5775 49.4452 13.0753
v 77.8242 49.3322 13.0251
v 78.0753 49.5268 13.634
v 77.8682 49.3636 13.9165
v 77.6736 50.1608 14.224
v 77.9121 49.872 14.3308
v 78 50.4182 14.2743
v 78.4896 50.324 14.1989
v 78.4582 50.7759 14.607
v 78.7721 50.5437 14.1864
v 78.7156 50.9768 14.4877
v 78.9478 51.1589 14.2303
v 78.9792 50.7069 13.9918
v 79.1675 51.3283 14.0106
v 79.2743 50.9392 13.9541
v 79.5002 50.6379 14.0232
v 79.7764 50.8513 13.9416
v 79.0546 51.6359 14.2178
v 78.8474 51.4727 14.4375
v 78.3829 51.592 14.5693
v 77.8431 51.6485 14.5818
v 77.2467 51.6673 14.9522
v 76.7634 51.7301 14.3621
v 76.2738 51.8368 14.3559
v 76.1796 52.295 14.8141
v 76.1294 52.7972 15.2096
v 76.0164 53.1362 15.5297
v 75.8783 53.4814 15.8373
v 75.7402 53.8769 16.1574
v 75.1878 53.9145 16.352
v 74.7924 53.6132 16.17
v 74.1082 53.4814 15.8938
v 73.7566 53.2115 15.7557
v 73.2921 52.8474 15.3414
v 72.8967 52.5398 15.1154
v 72.6267 52.3264 15.1845
v 72.3882 52.1381 15.3539
v 72.1936 52.452 15.5548
v 71.9488 52.2574 15.6803
v 71.7542 52.5336 15.8561
v 71.3336 52.6465 16.0821
v 71.1139 52.86 16.3081
v 70.7499 52.9981 16.7098
v 70.436 52.7533 16.7349
v 70.3419 53.1236 17.1304
v 70.1159 53.4312 17.4254
v 69.8773 53.2429 17.5258
v 69.5635 53.3935 18.0343
v 69.3061 53.6634 18.4737
v 69.0425 53.4563 18.5678
v 68.691 53.6572 18.7687
v 68.3834 53.4186 18.7059
v 68.0758 53.1801 18.7059
v 67.7368 53.3747 18.8315
v 67.4355 53.5442 18.8943
v 67.1468 53.3245 18.9633
v 66.745 53.0169 18.731
v 66.6886 53.45 19.2207
v 66.4061 53.2303 19.2646
v 65.5398 53.0483 19.001
v 65.2322 53.3496 19.1328
v 64.7489 53.4563 19.5157
v 64.4539 53.7325 19.9425
v 64.1902 53.5253 20.0116
v 63.9203 53.3119 20.0932
v 63.6316 53.0859 20.1371
v 63.3428 53.3998 20.4008
v 63.0729 53.1864 20.451
v 62.8218 53.5065 20.7146
v 62.5582 53.6823 20.8339
v 62.3071 53.4814 20.9532
v 62.0183 53.7011 21.085
v 61.7986 53.9773 21.2733
v 61.5099 53.7576 21.4177
v 61.2274 53.5316 21.4867
v 60.7943 53.6446 21.7001
v 60.5244 53.4312 21.8508
v 60.267 53.2303 21.9763
v 60.1603 53.5442 22.4597
v 60.041 53.9145 22.9681
v 59.7648 53.6948 23.0121
v 59.4824 53.4751 23.0623
v 59.1811 53.2366 23.0309
v 58.6914 53.3496 23.4515
v 58.1014 53.4437 23.6272
v 57.5804 53.5505 23.7402
v 57.2728 53.3119 23.7151
v 56.9025 53.5442 23.9474
v 56.5698 53.2805 23.8783
v 56.2308 53.5379 24.0604
v 55.6345 53.6132 24.2047
v 55.1323 53.6634 24.1733
v 54.9 53.9585 24.4809
v 54.492 53.6383 24.2738
v 54.0589 53.7702 24.4182
v 53.7513 53.5316 24.3679
v 53.3245 53.6697 24.3679
v 52.973 53.3935 24.324
v 52.6403 53.4751 24.3868
v 52.3076 53.2178 24.3428
v 52.0314 53.3433 24.393
v 51.6987 53.0859 24.3617
v 51.3534 52.816 24.3303
v 51.1149 53.0043 24.4307
v 50.8011 53.2303 24.4872
v 50.5814 53.4689 24.8011
v 50.1671 53.6634 24.7446
v 49.8532 53.4124 24.7006
v 49.5268 53.1613 24.6755
v 49.1627 53.4563 24.8262
v 48.8363 53.7827 24.9392
v 48.4911 53.5128 24.9078
v 48.1458 53.2429 24.8952
v 47.7378 53.4124 24.9705
v 47.2419 53.5567 24.9768
v 46.9218 53.3056 24.9705
v 46.6079 53.0608 24.9643
v 46.0806 53.1927 25.1024
v 45.6287 53.3998 25.4476
v 45.2897 53.6383 25.6359
v 44.7122 53.7388 25.6359
v 44.367 53.4689 25.5606
v 43.7393 53.5316 25.5167
v 43.2057 53.6823 25.4853
v 42.804 53.3747 25.3409
v 42.2767 53.45 25.2844
v 41.9063 53.1613 25.1714
v 41.5548 52.8851 25.0961
v 41.197 52.6026 25.0333
v 40.7074 52.7595 25.0019
v 40.3621 52.4959 24.9329
v 39.7533 52.5712 24.9643
v 39.4206 52.3139 24.9015
v 39.113 52.0753 24.8701
v 39.339 51.6924 24.8011
v 39.0251 51.4476 24.7634
v 38.6987 51.1902 24.7257
v 38.3848 50.9454 24.6881
v 38.071 50.6943 24.6692
v 37.732 50.437 24.6253
v 37.3993 50.1733 24.5751
v 37.0352 49.8909 24.4621
v 36.6774 49.6084 24.3805
v 36.1062 49.7214 24.4307
v 35.7735 50.0227 24.4433
v 35.2588 50.1357 24.4495
v 34.6562 50.2236 24.5814
v 34.3172 49.9536 24.5186
v 33.972 49.69 24.4558
v 33.6393 49.4264 24.4307
v 33.2627 49.1251 24.3052
v 32.7793 49.3071 24.3868
v 32.2018 49.4201 24.4684
v 31.7122 49.5205 24.5563
v 31.3544 49.7277 24.7948
v 30.8397 49.8532 24.9015
v 30.3501 50.029 24.9454
v 29.8228 50.1231 24.9392
v 29.0068 50.0855 25.0082
v 28.6301 49.7904 24.8576
v 28.6239 50.393 25.4978
v 27.9208 50.4495 25.7991
v 27.5191 50.6692 25.9372
v 27.2115 50.9454 25.9184
v 27.2743 51.4351 26.5336
v 27.1111 51.7866 26.7219
v 27.4375 52.0377 26.8349
v 27.7262 52.2636 26.6905
v 27.8831 52.8097 26.7344
v 27.6509 52.6277 26.929
v 27.042 52.6214 27.2366
v 26.5084 52.7219 27.1424
v 25.9812 52.86 26.8662
v 25.9686 53.3496 27.3496
v 25.5229 53.5756 27.607
v 24.9768 53.7137 28.1782
v 24.6755 53.4751 28.1719
v 24.0792 53.5944 28.1342
v 23.4577 53.6697 28.0715
v 22.9556 53.8266 28.1719
v 22.6229 53.563 28.1154
v 22.2965 53.3056 28.0903
v 21.9763 53.0546 28.1342
v 21.5683 53.2366 28.4732
v 21.2356 52.9792 28.4544
v 20.9155 53.268 28.7431
v 20.4259 53.3245 29.0005
v 19.9739 53.45 29.2139
v 19.2395 53.3872 29.4587
v 18.8378 53.6069 29.9044
v 18.5113 53.3559 29.8165
v 18.0343 52.9792 29.4775
v 17.5886 53.1299 29.6972
v 17.0927 53.3056 29.8918
v 16.6094 53.4626 30.0802
v 16.2578 53.1927 30.0739
v 16.0319 53.563 30.2559
v 15.5422 53.7011 30.4003
v 15.1907 53.4249 30.3438
v 14.7953 53.1173 30.2057
v 14.2052 53.2178 30.1241
v 13.973 53.6069 30.4254
v 13.634 53.3433 30.3124
v 13.0565 53.5253 30.4631
v 12.5669 53.6509 30.5949
v 12.2154 53.8706 30.62
v 11.8576 53.5881 30.5321
v 11.506 53.3119 30.4317
v 10.9976 53.4312 30.5572
v 10.6774 53.1801 30.5007
v 10.3573 52.9353 30.4568
v 10.1 53.2429 30.6702
v 9.74843 52.9667 30.6263
v 9.5099 53.2366 30.8711
v 8.98889 53.381 31.1159
v 8.70014 53.155 31.1535
v 8.30468 53.4186 31.4109
v 7.96572 53.1487 31.3481
v 7.64558 52.8976 31.2728
v 7.26895 53.1738 31.5113
v 6.95509 53.4312 31.6871
v 6.60985 53.1613 31.6181
v 6.22694 53.4061 31.7499
v 5.84404 53.1048 31.6055
v 5.47996 53.3747 31.731
v 6.21439 52.8537 31.4674
v 6.58474 52.6403 31.3795
v 6.8986 52.3201 31.0908
v 7.22501 52.0063 30.7706
v 7.45727 51.6359 30.4693
v 7.09947 51.3534 30.3877
v 7.35683 51.1024 30.1743
v 7.56398 50.7508 29.9107
v 7.62047 50.2801 29.5403
v 7.89667 50.0039 29.4336
v 8.09126 49.6523 29.1951
v 8.27957 49.1627 28.9754
v 8.53694 48.7861 28.8059
v 8.75664 48.4032 28.6552
v 9.22743 48.2463 28.4795
v 9.5099 47.9198 28.3602
v 9.65427 47.493 28.1468
v 9.76726 47.0222 27.7262
v 9.83631 46.5765 27.3998
v 10.2883 46.3945 27.1864
v 10.3887 45.9551 26.8537
v 10.5456 45.5973 26.6277
v 10.6963 45.2834 26.3704
v 11.0792 45.0449 26.2385
v 11.211 44.6432 26.0063
v 11.7634 44.5239 25.8682
v 11.9266 44.0971 25.7175
v 12.4413 43.915 25.6359
v 12.9058 43.7079 25.4978
v 13.0377 43.2371 25.3221
v 13.1758 42.8416 25.1526
v 13.4268 43.5447 25.4351
v 13.8098 43.8397 25.5794
v 14.2868 43.7079 25.5543
v 14.5756 43.9338 25.5104
v 15.0526 43.7581 25.4602
v 15.4606 44.0782 25.6987
v 15.8749 44.3984 25.9686
v 16.2453 44.6871 26.0816
v 16.1888 45.1956 26.1506
v 16.5152 45.4529 26.2197
v 16.8605 45.7166 26.2636
v 17.1994 45.9865 26.2825
v 17.6074 45.7542 26.2071
v 17.9464 46.0241 26.2887
v 18.2477 46.2564 26.2197
v 18.5867 46.5263 26.3013
v 19.001 46.3254 26.1255
v 19.3525 46.6016 26.1632
v 19.635 46.8213 26.1193
v 19.9802 46.6267 26.0126
v 20.3443 46.9155 26.0879
v 20.6456 47.1478 26.0126
v 20.8527 47.311 25.7803
v 20.8716 46.9029 25.4225
v 21.1478 46.6456 24.8701
v 21.6939 46.6267 24.776
v 21.8822 46.7711 24.4684
v 21.5056 46.9218 24.9705
v 21.1729 47.1352 25.3974
v 21.493 47.3926 25.366
v 22.0642 47.3612 25.5104
v 22.2588 47.0724 25.3283
v 22.127 47.8822 25.3911
v 22.6731 47.3863 25.548
v 23.1188 47.2294 25.2718
v 22.7422 47.8947 25.6485
v 23.4201 47.4679 25.2405
v 23.169 48.2274 25.1651
v 22.3906 48.0893 25.2467
v 22.466 48.1458 26.1569
v 23.238 48.2839 25.9937
v 23.1251 48.6668 26.1946
v 23.3573 48.8489 26.0879
v 23.5142 48.4973 25.184
v 23.6147 48.127 24.9266
v 23.2506 47.8445 24.7822
v 24.0666 47.4302 24.9957
v 23.7402 47.1791 24.9643
v 23.4075 46.9155 24.9392
v 22.8928 47.0473 25.4915
v 24.0039 46.7774 24.8513
v 23.6335 46.4886 24.7948
v 23.3008 46.2313 24.7383
v 23.916 46.0995 24.9894
v 24.2863 46.3945 25.0835
v 24.6881 46.1057 24.7697
v 24.619 46.6456 25.0773
v 24.8889 46.2627 24.5688
v 24.6692 45.5847 24.1043
v 25.0898 45.9174 24.3617
v 24.958 45.2458 23.7653
v 24.2424 45.252 23.9034
v 24.0101 45.5722 23.9348
v 24.5814 44.9507 23.6084
v 25.1902 44.9005 23.0121
v 25.4413 45.6224 23.3636
v 25.548 45.183 23.1062
v 25.5167 44.6745 22.5978
v 25.1589 44.3921 22.5162
v 24.7195 44.5365 22.6417
v 25.3221 44.0406 22.4346
v 25.5857 43.6765 22.3718
v 25.6924 43.2057 22.1898
v 25.3535 42.9358 22.083
v 24.9517 42.6219 21.901
v 24.4621 42.7977 22.0077
v 24.0792 42.4964 21.8885
v 23.6335 42.1511 21.6813
v 23.1816 41.7933 21.2984
v 22.6417 41.944 21.3486
v 22.5036 42.3143 21.493
v 21.9889 42.3959 21.5495
v 21.6185 42.1072 21.4114
v 21.2859 41.8436 21.3423
v 20.9406 41.5736 21.2607
v 20.6456 41.8749 21.2168
v 20.4196 42.2641 21.7253
v 20.1999 42.0884 21.9261
v 19.5094 42.057 21.6374
v 20.3254 41.6176 21.1854
v 20.5891 41.3037 21.1791
v 19.999 41.3665 21.1038
v 20.2376 41.0275 21.0913
v 19.9112 40.7702 21.0913
v 19.7166 41.1468 21.1791
v 19.3964 40.8957 21.2042
v 18.9759 41.1342 21.3926
v 19.1391 40.6948 21.2921
v 18.844 40.4626 21.3612
v 18.7562 40.9585 21.5683
v 18.7059 41.423 21.9638
v 18.323 41.1217 21.8194
v 18.1473 41.5862 21.901
v 18.5867 41.9314 22.1772
v 18.8629 42.1511 22.1144
v 19.1202 41.7431 22.1898
v 19.1642 42.3834 22.0893
v 18.6181 42.5717 22.083
v 18.2791 42.9107 22.6166
v 18.4674 43.5886 22.648
v 18.1159 43.3124 22.6292
v 17.8146 43.0802 22.6919
v 17.5698 42.8918 22.7986
v 17.2245 42.6156 22.7359
v 16.9169 42.3771 22.7484
v 16.6784 42.7035 22.83
v 16.3959 42.4838 22.9367
v 16.0758 42.2327 22.8991
v 15.7871 42.0068 22.9556
v 16.6533 42.17 22.8426
v 16.9609 41.8749 22.4973
v 17.2057 42.0695 22.3467
v 17.6074 41.7745 22.0454
v 17.4191 41.0212 21.7253
v 17.5949 40.5567 21.6813
v 17.2747 40.3056 21.7253
v 17.099 40.1675 21.9952
v 16.8416 39.9667 22.1019
v 17.3187 39.8349 21.901
v 17.507 39.9855 21.5997
v 17.733 39.59 21.0975
v 17.9464 39.2323 20.9845
v 18.0719 38.8431 20.859
v 18.1347 38.4162 20.6016
v 18.3481 38.0082 20.4447
v 18.4611 37.5437 20.2564
v 18.7436 37.2047 20.0053
v 18.9319 36.8469 19.9865
v 19.2081 36.4891 19.9174
v 19.2269 35.9493 19.9488
v 19.0386 35.7924 20.2564
v 19.6161 35.7045 19.6977
v 19.8672 35.4095 19.6915
v 20.4447 35.2902 19.8358
v 20.633 34.8822 19.6726
v 20.8464 34.493 19.4592
v 20.8967 34.0285 19.3274
v 21.0975 33.6267 19.1956
v 21.2921 33.2376 19.0826
v 21.6311 32.9614 18.6683
v 21.2733 32.6852 18.5741
v 20.8778 32.3713 18.3544
v 20.52 32.0951 18.2728
v 20.1497 31.8064 18.1724
v 20.1497 31.323 17.846
v 20.0806 30.6828 17.4317
v 20.3757 30.3312 17.212
v 20.4824 29.8981 16.6031
v 20.7711 29.7098 16.3583
v 20.972 29.3959 16.1762
v 20.9281 28.9754 16.0444
v 20.8904 28.605 15.9565
v 20.8339 28.2158 15.7871
v 20.8841 27.789 15.6552
v 20.9908 27.3998 15.5171
v 21.3612 27.2115 15.4795
v 21.4302 26.8286 15.3351
v 21.8445 26.6089 15.31
v 22.1647 26.339 15.1531
v 22.5287 26.1004 15.0212
v 22.7861 25.7929 14.9334
v 23.0623 25.4476 14.8204
v 23.3573 25.184 14.676
v 23.6398 24.9454 14.6634
v 23.9348 24.7822 14.6321
v 24.1671 24.5123 14.5316
v 24.3742 24.2298 14.3433
v 24.7697 24.1043 14.4563
v 25.0898 23.9725 14.4877
v 25.3786 23.69 14.2743
v 25.6924 23.395 14.1236
v 25.6422 22.8551 13.8474
v 26.0063 22.6605 13.7784
v 26.0439 23.169 13.9981
v 26.0628 23.6837 14.224
v 26.4268 23.9725 14.3245
v 26.4394 24.5123 14.5128
v 26.1695 24.8199 14.7074
v 26.1758 25.2028 14.7827
v 26.2511 25.6987 14.8204
v 26.6089 25.9749 14.9083
v 26.6591 26.4645 15.197
v 27.0232 26.747 15.2096
v 26.8914 27.0922 15.3979
v 26.5461 27.2178 15.4669
v 26.3201 27.5065 15.5485
v 26.6465 27.7639 15.5799
v 26.3704 28.0338 15.718
v 26.113 28.3979 15.9189
v 25.9561 28.7871 16.17
v 25.5857 29.013 16.352
v 25.2342 29.2641 16.4336
v 24.845 29.5027 16.4775
v 24.3742 29.5717 16.4838
v 24.3868 30.0613 16.6156
v 23.8658 30.1241 16.5905
v 23.872 30.6012 16.8416
v 23.8595 30.9401 16.9169
v 23.5456 31.0343 16.9107
v 23.4954 31.367 17.5196
v 23.2757 31.6746 17.7393
v 23.351 32.1453 17.9715
v 23.7465 32.4592 18.1347
v 23.7779 32.9928 18.3984
v 24.1796 33.3129 18.5867
v 24.5563 33.6079 18.6746
v 24.5876 34.2105 18.9759
v 24.9078 34.4616 19.0198
v 24.6316 34.8257 19.2207
v 24.5939 35.2839 19.5282
v 24.5311 35.7735 19.9112
v 24.9266 36.0811 20.0555
v 24.7634 36.4954 20.2752
v 25.1651 36.8093 20.451
v 24.958 37.211 20.5326
v 25.3409 37.5123 20.6644
v 25.7238 37.8073 20.8025
v 25.6171 38.2342 20.9029
v 25.9686 38.5041 20.9845
v 26.3139 38.7803 21.0975
v 26.6905 39.069 21.2042
v 27.0546 39.3578 21.267
v 27.4061 39.634 21.3549
v 27.8078 39.4394 21.2545
v 28.3665 39.3139 21.198
v 28.9503 39.2323 21.2231
v 29.421 39.0628 21.1854
v 29.9923 39.0251 21.2796
v 30.4379 38.7929 21.3423
v 30.8271 38.5104 21.4365
v 30.9401 38.0898 21.4239
v 31.3293 37.9768 21.493
v 31.3419 37.5123 21.5181
v 31.2728 37.0792 21.4365
v 31.2603 36.7339 21.3047
v 31.2414 36.3699 21.2419
v 31.3481 35.987 21.2294
v 31.5678 35.6794 21.2733
v 31.6557 35.2714 21.3423
v 31.323 35.0077 21.2921
v 31.3732 34.6123 21.1478
v 31.7624 34.3737 21.1478
v 32.1579 34.1603 21.0034
v 32.5031 33.9092 20.8904
v 32.6852 33.5451 20.6205
v 33.0367 33.8151 20.7021
v 33.338 34.0536 20.746
v 33.6832 34.3235 20.7711
v 33.9657 34.5495 20.7397
v 34.267 34.7817 20.7146
v 34.5997 34.4742 20.6205
v 34.9136 34.2356 20.5451
v 35.1584 33.9594 20.4887
v 35.4973 33.8339 20.4887
v 35.7798 34.0536 20.3568
v 36.0058 33.7774 20.3192
v 36.0874 34.2921 20.3945
v 36.7779 33.9406 20.6644
v 36.4201 34.5558 20.4824
v 36.8218 34.4177 20.746
v 37.1294 34.2168 20.7021
v 37.1106 33.7586 20.6456
v 37.0666 33.3443 20.5891
v 37.4056 33.6079 20.6142
v 37.4495 33.1309 20.4887
v 37.1168 32.8735 20.5075
v 37.7885 32.8609 20.4761
v 37.2424 32.4341 20.7586
v 36.7402 32.5785 20.3568
v 36.4577 32.3525 20.3819
v 37.2298 31.9194 21.0724
v 37.4746 31.6243 21.7001
v 37.7383 31.2854 22.0266
v 37.8262 30.8585 22.0579
v 37.7195 30.2999 21.8885
v 37.2424 30.4003 21.4679
v 37.1859 29.8793 21.3988
v 37.1106 29.4148 21.2042
v 36.7653 29.5529 21.1729
v 36.7339 29.1197 21.1478
v 36.7653 28.6866 21.0097
v 36.5707 28.0526 20.407
v 36.2318 27.789 20.3443
v 35.9179 27.5442 20.3568
v 35.6543 27.337 20.4259
v 35.6794 26.8851 20.2438
v 36.3008 26.5022 20.3757
v 36.5205 26.6779 20.1748
v 36.7151 25.9686 20.1811
v 36.5833 25.479 20.0681
v 36.9536 25.3346 19.6663
v 37.211 25.1086 19.5596
v 37.3365 24.7446 19.3525
v 36.9788 24.4684 19.2646
v 36.5896 24.1608 19.07
v 36.0497 24.1985 19.1956
v 35.5413 24.2298 19.3525
v 35.7359 23.9536 19.2018
v 35.8928 23.621 18.9884
v 36.056 23.3448 18.8378
v 35.7296 23.0874 18.8566
v 35.3655 22.8049 18.7562
v 35.0266 22.5413 18.6557
v 34.6562 22.2525 18.5302
v 34.5181 21.6688 18.3042
v 34.1666 21.3988 18.21
v 34.4679 21.1352 18.1724
v 34.6499 20.8276 18.0971
v 34.8069 20.5263 17.9276
v 34.4553 20.2501 17.8774
v 34.6436 19.8609 17.8397
v 34.5118 19.2395 17.6577
v 35.0705 19.183 17.7267
v 35.4471 19.0449 17.4631
v 35.5915 18.6746 17.3815
v 35.6794 18.2728 17.0802
v 35.7735 17.8711 16.9044
v 35.8614 17.5447 16.6408
v 35.8426 17.0613 16.3206
v 36.2255 16.8856 16.0381
v 36.4766 16.6219 15.7306
v 36.5017 16.2076 15.5109
v 36.7904 15.9314 15.2472
v 37.0729 15.6866 14.9083
v 37.3742 15.4544 14.563
v 37.5437 15.1845 14.1927
v 37.732 14.8831 13.7093
v 38.0333 14.6697 13.3264
v 38.3597 14.9271 13.3515
v 38.6799 15.1782 13.3766
v 39.0377 15.4544 13.4645
v 39.408 15.2974 13.1632
v 39.747 15.197 12.9435
v 40.0985 15.4669 12.9937
v 40.494 15.7745 13.0942
v 40.8455 16.0507 13.182
v 41.2535 16.3646 13.3892
v 41.5987 16.1511 13.1004
v 42.0319 15.9942 12.8368
v 42.4085 16.2892 13.0251
v 42.76 16.5591 13.0565
v 43.1115 16.8353 13.0628
v 43.4442 17.0927 13.1004
v 43.7769 17.3563 13.0942
v 44.1222 17.62 13.1381
v 44.4172 17.8522 13.0879
v 44.6683 17.6012 12.5983
v 44.9821 17.4254 12.1714
v 45.3085 17.6765 12.1651
v 45.5847 17.3752 11.6002
v 45.6098 16.8981 11.1294
v 45.5973 16.3834 10.6147
v 45.252 16.1197 10.577
v 44.9445 15.8749 10.5707
v 44.6243 15.6301 10.5582
v 44.2351 15.3288 10.4138
v 43.9276 15.084 10.4452
v 44.0719 14.7764 9.83631
v 43.802 14.563 9.90536
v 43.4944 14.3245 9.93047
v 43.6012 13.9416 9.52873
v 43.2685 13.6779 9.53501
v 42.9107 13.4017 9.44085
v 42.5278 13.1067 9.36552
v 42.5466 12.6673 8.89474
v 42.5089 12.2216 8.51183
v 42.1888 11.9643 8.53066
v 41.8436 11.7006 8.52438
v 41.9816 11.4433 8.2733
v 41.6113 11.1608 8.18542
v 41.2535 10.8783 8.0536
v 40.9396 10.6335 8.14148
v 40.5944 10.3699 8.11637
v 40.2429 10.0937 8.03477
v 39.8537 9.79237 7.98455
v 39.4331 9.46596 7.73346
v 39.1255 9.22115 7.6958
v 39.3578 8.95123 7.32545
v 39.6528 8.76292 6.93626
v 39.7156 8.39884 6.66007
v 40.0734 8.68131 6.77306
v 40.3935 8.50555 6.60985
v 40.6446 8.21053 6.23322
v 40.9271 7.94688 5.8001
v 41.2912 7.71463 5.61806
v 41.2535 7.26267 5.34186
v 41.5485 7.03042 4.99662
v 41.4858 6.52825 4.65138
v 41.1531 6.26461 4.60116
v 41.7682 6.3211 4.24336
v 41.9942 6.12651 3.99855
v 42.3834 5.95075 3.40222
v 42.8918 5.90681 3.11347
v 43.2685 5.76871 2.66152
v 43.5823 5.59923 2.35394
v 43.5196 5.07822 2.39788
v 43.9841 5.0029 2.34138
v 44.3419 5.27281 2.40415
v 44.7499 5.59295 2.5548
v 44.6243 5.93192 2.70546
v 45.0072 6.23322 2.83728
v 45.0826 6.7605 2.76195
v 44.9319 7.05553 2.78078
v 45.2772 7.32545 2.81844
v 45.5847 7.56398 2.84355
v 45.7982 7.31917 2.85611
v 46.3819 7.29406 2.99421
v 46.1309 7.57026 2.92516
v 46.2815 8.10381 2.86866
v 45.9237 7.82762 2.85611
v 45.7354 8.11009 2.91888
v 46.0744 8.37373 2.92516
v 46.5828 8.76919 3.37711
v 47.1415 8.3549 3.06325
v 47.085 8.72525 3.1888
v 47.2921 8.88846 2.91888
v 47.3988 8.55577 2.93143
v 47.6436 7.8339 3.24529
v 47.2042 7.93433 3.30179
v 47.5244 7.30034 3.21391
v 47.8069 7.52004 3.1323
v 47.9763 7.65186 2.831
v 47.5558 8.20425 3.41478
v 47.7127 8.80058 2.84983
v 47.5872 9.11444 2.86239
v 47.8822 9.34041 2.80589
v 48.5413 8.97006 2.79334
v 48.422 8.44278 2.76823
v 48.7421 8.68759 2.74312
v 48.3592 9.30275 2.81844
v 48.4408 9.77982 3.33945
v 48.3216 10.1188 3.63448
v 48.1647 10.4389 3.95461
v 48.014 10.7967 4.43168
v 48.1207 11.2487 4.68276
v 48.4973 11.5374 4.77064
v 48.466 11.9392 4.99034
v 48.8489 12.2405 5.07822
v 49.2318 12.5355 5.21632
v 49.6398 12.8493 5.37325
v 50.0227 13.1507 5.51762
v 50.4182 13.4582 5.69338
v 50.7257 13.2699 5.49879
v 51.1086 13.5649 5.59923
v 51.5104 13.8788 5.75616
v 51.5857 14.3621 6.20183
v 51.9498 14.6446 6.3211
v 52.339 14.5191 6.16417
v 52.3139 14.9271 6.39643
v 52.7281 15.2409 6.57846
v 53.1236 15.128 6.49686
v 53.4563 15.0087 6.4592
v 53.8266 15.3037 6.52197
v 54.2912 15.1845 6.17045
v 54.8184 15.1468 5.95703
v 55.1951 15.4418 6.1014
v 55.6847 15.3916 5.85031
v 56.0676 15.2723 5.68083
v 56.4379 15.5611 5.73732
v 56.8209 15.379 5.34186
v 57.21 15.2472 5.14099
v 57.5113 15.4795 5.09705
v 57.8126 15.7117 5.07195
v 58.1453 15.9691 5.07822
v 58.4717 16.2202 5.07195
v 58.3336 16.5591 5.14727
v 58.0637 16.3457 5.24771
v 57.6745 16.5152 5.65572
v 57.3481 16.6784 5.98841
v 56.9025 16.7663 6.2395
v 56.802 17.1304 6.76678
v 56.7267 17.5509 7.32545
v 57.0782 17.8209 7.35055
v 57.4423 18.1033 7.43843
v 57.8691 17.959 7.04297
v 57.7436 18.3356 7.43216
v 57.7373 18.7059 7.58909
v 57.5867 19.0135 8.08498
v 57.5616 19.4529 8.40512
v 57.8691 19.6915 8.44278
v 57.9319 20.1999 8.7943
v 58.3023 20.4887 8.85707
v 58.7166 20.3506 8.80686
v 59.0618 20.6142 8.91984
v 59.4635 20.9218 9.08933
v 59.8778 21.2482 9.25881
v 60.3549 21.1603 9.34041
v 60.6374 20.9532 9.02656
v 60.9261 20.8025 8.82569
v 61.3341 20.6456 8.42395
v 61.5978 20.4008 8.21053
v 62.056 20.3254 7.94688
v 62.4201 20.6079 8.07243
v 62.759 20.4573 7.84017
v 63.1608 20.2941 7.45099
v 63.2549 19.9237 7.18735
v 63.5437 20.1497 7.10575
v 63.8199 20.3631 7.03042
v 64.1275 20.6016 7.00531
v 64.0459 20.9783 7.26267
v 64.3848 21.2419 7.26895
v 64.7238 21.5056 7.36311
v 65.0502 21.7566 7.31917
v 65.3641 22.0014 7.29406
v 65.6528 22.2274 7.30661
v 66.0357 22.083 6.9802
v 66.337 22.3153 6.93626
v 66.6258 22.535 6.87349
v 66.9334 22.7798 6.86094
v 67.2598 23.0309 6.89232
v 67.5422 23.2506 6.83583
v 67.4606 23.6272 7.05553
v 67.3602 24.0164 7.34428
v 67.2912 24.3868 7.6142
v 67.2221 24.7634 7.95316
v 67.2912 25.2656 8.12892
v 67.5422 25.4602 8.02221
v 67.7996 25.661 7.89667
v 68.0946 25.8933 7.74602
v 68.3583 26.0942 7.60792
v 68.1197 26.3829 7.82134
v 68.0695 26.7219 7.85273
v 67.7808 26.9227 8.12892
v 68.0507 27.1299 8.75664
v 68.0256 27.5693 9.12699
v 68.013 28.0275 9.24626
v 68.2767 28.2284 9.12699
v 68.6156 28.492 9.22743
v 69.0174 28.8059 9.41574
v 69.3563 28.605 9.15838
v 69.6576 28.8373 9.14582
v 70.0154 28.6552 8.90101
v 70.3105 28.8812 8.8508
v 70.5804 28.6678 8.55577
v 70.9194 28.5548 8.41767
v 71.1956 28.7682 8.3549
v 71.5282 29.0319 8.46789
v 71.8358 29.2641 8.40512
v 72.1308 29.4964 8.38629
v 72.1497 29.8856 8.493
v 72.4384 30.1115 8.40512
v 72.7335 30.3438 8.38001
v 73.0285 30.5698 8.34235
v 73.3361 30.8083 8.33607
v 73.6311 31.0406 8.30468
v 73.9449 30.9025 8.12265
v 74.422 30.7957 7.82134
v 74.9305 30.7455 7.58909
v 75.2569 30.5572 7.65814
v 75.508 31.1912 7.40705
v 75.8155 31.4297 7.338
v 75.577 31.6934 7.46354
v 75.4326 32.0575 7.98455
v 75.4703 32.4655 8.14775
v 75.4891 32.9049 8.493
v 75.4452 33.3317 8.69387
v 75.7465 33.564 8.61854
v 75.69 33.9845 8.90101
v 76.0227 34.2419 8.9324
v 76.3365 34.4867 8.84452
v 76.6127 34.7001 8.77547
v 76.914 34.4679 8.54322
v 77.184 34.675 8.41139
v 77.3283 34.3361 8.3549
v 76.8575 34.8885 8.6311
v 76.6065 35.127 8.99517
v 76.845 35.3153 8.83824
v 76.4935 35.5601 9.02028
v 76.7759 35.7735 8.93868
v 77.3158 35.6794 9.20232
v 77.2844 35.2211 9.66055
v 77.6673 35.0517 9.57895
v 77.592 35.4597 9.58522
v 78.0439 35.3467 9.65427
v 78.1695 34.9826 9.62289
v 77.7677 34.6688 9.39063
v 78.4394 34.7629 9.22115
v 78.1381 34.5369 9.30275
v 78.2322 34.2294 9.38435
v 78.4708 34.4114 9.27137
v 78.5273 33.9783 9.29647
v 79.1236 34.4428 9.19604
v 79.0797 34.4051 8.34862
v 79.3433 34.1666 9.05167
v 79.381 34.1917 8.36118
v 79.6948 34.4365 8.3549
v 79.7513 34.9261 8.48044
v 80.0212 35.1395 8.43023
v 79.6823 35.353 9.06422
v 79.6007 35.6668 9.014
v 80.2723 35.3279 9.02656
v 80.5297 35.535 8.96378
v 80.5987 35.1333 9.014
v 80.2849 36.2004 9.18976
v 80.6803 36.1251 9.18349
v 80.0275 36.8846 9.20859
v 79.676 37.0792 8.6562
v 79.3872 37.2863 8.90729
v 79.0357 37.5311 9.18349
v 78.7093 37.7697 9.36552
v 78.634 38.2028 9.62289
v 78.6779 38.661 9.8112
v 78.5587 38.9874 9.8928
v 78.8349 39.2009 9.82376
v 79.0922 39.4017 9.73588
v 79.0232 39.7721 9.98068
v 79.6258 39.816 10.2318
v 79.4751 40.1236 10.2632
v 79.3935 40.5191 10.3322
v 79.3684 40.8706 9.97441
v 79.6634 41.0966 9.91164
v 79.7513 41.5925 10.6586
v 80.0463 41.8247 10.6021
v 79.8894 42.1511 10.6774
v 79.3559 42.2139 10.1502
v 79.971 42.6847 10.0183
v 80.1154 43.2308 9.96185
v 80.4041 43.0237 10.3385
v 80.7745 43.3124 10.4264
v 81.1511 43.6074 9.88025
v 81.6219 43.5007 10.351
v 81.9734 43.7706 10.3887
v 82.1931 43.9464 10.1627
v 82.2496 44.4611 10.3385
v 82.9464 44.5302 10.4891
v 83.2163 44.7373 10.4075
v 83.7624 44.7059 10.508
v 83.8566 44.3481 10.3887
v 84.1391 44.2038 10.4577
v 84.1956 43.7832 10.5017
v 84.5533 44.0657 10.577
v 84.8107 43.8334 10.6586
v 85.1873 43.7141 10.5205
v 85.4698 43.9338 10.4515
v 85.6832 44.1033 10.1753
v 86.2042 44.0719 10.4829
v 86.4491 44.2665 10.3887
v 86.7755 44.5176 10.3824
v 87.2086 43.8648 10.0497
v 87.1709 43.325 10.4075
v 87.1835 42.8981 10.1627
v 87.6605 42.804 10.2632
v 87.7359 43.7581 10.2004
v 87.5413 44.6181 10.4075
v 88.0937 44.0343 10.3322
v 87.9995 44.4862 10.508
v 88.5268 44.3732 10.621
v 88.8532 44.1912 10.5958
v 88.8344 44.6118 10.5958
v 89.1608 44.8691 10.69
v 89.5814 44.7562 10.7528
v 89.7446 44.4172 10.8093
v 89.0352 43.8648 10.621
v 89.5374 43.7957 10.7088
v 89.8952 44.0719 10.8281
v 89.958 44.1222 11.7383
v 89.4558 44.1912 11.6567
v 89.6504 44.8064 11.6943
v 90.1337 44.7185 11.776
v 89.2863 44.5302 11.663
v 88.2694 45.183 10.6398
v 87.8991 44.8942 10.5456
v 87.5476 45.5471 11.0792
v 88.0372 45.4969 11.2487
v 88.3636 45.7479 11.2675
v 88.5582 45.4027 11.3428
v 88.985 45.7354 11.6379
v 89.0478 45.296 11.6253
v 88.7779 45.0826 11.663
v 88.169 45.1014 11.2173
v 88.508 44.8754 11.7508
v 88.2192 44.6494 11.7697
v 88.0183 44.9821 11.5625
v 87.6543 44.6997 11.4684
v 87.6982 44.2477 11.2549
v 87.1772 44.8252 11.3554
v 87.3718 45.409 11.3617
v 87.8112 45.3211 11.4433
v 88.3134 44.2038 11.619
v 87.9556 43.9276 11.5437
v 87.9556 43.4944 11.3114
v 87.466 43.5447 11.1231
v 87.2337 43.8836 10.8532
v 87.466 43.1178 10.8469
v 87.648 42.7914 11.0792
v 88.4703 42.9672 11.1608
v 88.395 42.4838 10.6649
v 88.2631 42.3771 11.142
v 87.9681 42.1511 11.2047
v 87.5413 42.2453 11.1106
v 87.1458 42.8667 11.6127
v 87.7296 41.5862 11.2361
v 87.309 42.0695 11.3052
v 88.0497 41.3539 11.2675
v 87.9932 41.3163 10.3134
v 88.2945 42.0256 10.3824
v 88.2506 41.0652 10.9788
v 88.6398 41.8122 11.1294
v 89.029 41.6615 11.4244
v 89.3365 41.9 11.393
v 89.7508 42.2265 11.5876
v 89.6881 42.6282 11.4056
v 89.4935 42.9483 11.776
v 89.4684 43.3124 11.776
v 89.7948 43.5698 11.8136
v 90.1777 43.4819 11.8638
v 90.4915 43.7267 11.9078
v 90.7426 43.9213 11.7697
v 90.3848 44.028 11.8199
v 90.1337 43.8271 11.9078
v 89.393 43.6828 11.9203
v 88.9411 43.7895 11.9078
v 89.0227 44.323 11.7006
v 88.7716 44.1284 11.7948
v 88.9913 44.731 11.7571
v 89.2863 44.9633 11.7006
v 89.5562 45.1704 11.6504
v 89.3617 45.5345 11.5876
v 88.4075 46.2125 11.6002
v 88.9536 46.2125 12.0521
v 88.9223 46.6142 12.071
v 88.7088 46.8653 11.9141
v 88.5268 47.154 11.9454
v 88.7339 47.7692 11.958
v 89.098 48.0517 11.3052
v 88.9913 48.3404 12.253
v 89.3114 48.5915 12.2718
v 88.8595 48.6668 12.366
v 88.2569 48.6605 12.14
v 87.9995 48.4534 12.3535
v 87.4722 48.5162 12.4288
v 87.3153 48.83 12.4351
v 86.7755 48.9116 12.4288
v 86.606 49.282 12.592
v 86.3737 49.1062 12.0208
v 86.3172 49.5896 11.6253
v 86.4553 49.1753 11.506
v 86.198 48.466 11.7885
v 86.2231 48.9932 12.4099
v 85.6958 49.1062 12.3535
v 86.4867 48.6919 12.4978
v 86.9889 48.1458 12.0019
v 86.0975 47.8822 11.6755
v 86.2294 47.9826 11.2298
v 86.1729 47.5118 11.6065
v 85.9155 47.311 11.6818
v 85.8778 47.7127 11.8827
v 85.1434 47.6436 11.4307
v 85.4008 47.8445 12.0584
v 85.8339 48.1772 12.4162
v 85.6079 48.5099 12.4539
v 86.0975 48.3844 12.3409
v 85.9406 48.7735 12.5292
v 85.3882 48.8677 12.3472
v 84.9237 48.9305 12.5229
v 84.9174 49.3761 12.8493
v 84.7668 49.759 13.2134
v 84.635 48.7045 12.5418
v 84.2332 48.8426 12.6548
v 83.6871 48.9179 12.7552
v 83.7122 48.4408 12.1902
v 83.097 48.4597 12.0208
v 82.8773 48.2902 12.2279
v 82.6953 48.1458 12.592
v 82.394 48.4032 12.9812
v 82.0174 48.4848 13.2385
v 81.9546 48.8802 13.4645
v 81.6972 48.6794 13.5775
v 81.3708 48.4283 13.5649
v 81.0884 48.6605 13.8851
v 80.7619 48.8551 14.1864
v 81.1386 49.1502 14.3308
v 80.4606 48.6229 14.1236
v 80.0401 48.6982 13.9604
v 79.7702 48.083 13.2323
v 79.4061 48.2086 13.2323
v 79.1362 48.9305 13.226
v 78.7407 49.1313 13.1507
v 78.3076 49.2318 13.1695
v 78.0251 49.0121 13.2134
v 78.0377 48.5852 12.9372
v 77.592 48.6731 12.8745
v 77.4664 49.0497 12.9372
v 77.2718 48.422 12.8556
v 77.2279 48.8677 13.069
v 76.9015 49.0874 13.4017
v 77.0208 48.7045 13.3013
v 76.6943 48.4471 13.2323
v 76.7006 48.9305 13.6779
v 76.6755 49.3824 14.0043
v 76.393 49.1627 14.0232
v 76.2487 49.4515 14.2115
v 76.7132 49.8155 14.563
v 77.1777 50.1733 14.1424
v 77.3158 49.4075 14.4124
v 77.661 49.6774 14.4437
v 77.5355 50.0541 14.5756
v 77.8682 50.7132 15.0275
v 78.1569 50.9392 14.9773
v 78.1381 51.3974 14.8015
v 77.8996 51.2091 14.971
v 77.3911 51.2907 14.9647
v 76.9078 51.4037 14.9083
v 76.9768 50.9705 14.789
v 76.4181 51.4602 14.2931
v 75.9285 51.5669 14.3056
v 75.7653 51.9686 14.5818
v 75.7277 52.4833 15.0464
v 75.7026 52.8914 15.4669
v 75.5707 53.2429 15.8498
v 75.4452 53.6446 16.1511
v 75.0999 53.3684 16.1323
v 74.6166 52.9981 16.4211
v 74.309 53.2303 16.3897
v 73.8947 52.9102 16.1951
v 73.606 52.6842 16.2265
v 73.9638 52.4833 16.4148
v 74.2086 52.182 16.2076
v 73.6436 52.2323 16.3332
v 73.3674 52.4959 16.3771
v 73.0661 52.2636 16.4713
v 73.5055 51.6296 16.0319
v 73.8885 51.9309 16.1888
v 74.0391 51.592 15.9879
v 73.6876 51.3221 15.1468
v 73.4302 51.5731 15.0715
v 73.9198 51.5041 14.9334
v 73.4302 52.069 15.128
v 73.1289 51.8368 15.084
v 72.8402 52.0879 15.0966
v 72.5389 51.8493 15.1845
v 72.1497 51.9498 15.5422
v 71.9049 51.7615 15.6866
v 71.7856 52.1318 16.0068
v 71.5408 52.3641 16.057
v 71.0261 52.408 16.1009
v 70.844 52.6528 16.4022
v 70.5741 52.4394 16.4901
v 70.141 52.5273 16.7977
v 70.0719 52.9102 17.1931
v 69.802 52.703 17.2496
v 69.6765 53.0859 17.7393
v 69.2622 53.155 18.1159
v 68.9797 52.9353 18.1912
v 68.7412 53.2178 18.5741
v 68.4587 52.9918 18.6369
v 68.1386 52.7533 18.6369
v 67.7619 52.9353 18.7248
v 67.4167 53.1299 18.8629
v 67.0338 52.8286 18.6557
v 66.6697 52.5461 18.5113
v 65.9102 52.8411 18.8252
v 66.5379 52.8474 19.0072
v 65.5084 52.5273 18.6243
v 65.2009 52.7846 18.8943
v 64.9372 53.1236 19.2207
v 64.6422 52.8914 19.3337
v 64.4853 53.2554 19.6224
v 64.1902 53.0232 19.6852
v 63.8952 52.7909 19.6977
v 63.6127 52.5649 19.7982
v 63.3365 52.8537 20.1685
v 63.0917 52.6654 20.3192
v 62.8469 53.0106 20.5828
v 62.5519 53.2931 20.79
v 62.2632 53.0671 20.9281
v 62.0309 53.2743 21.0787
v 61.7798 53.5128 21.2356
v 61.5036 53.2994 21.2984
v 61.2274 53.0859 21.3486
v 60.9763 53.337 21.6311
v 60.719 53.1362 21.7692
v 60.4679 52.9353 21.8696
v 60.2231 52.747 21.9387
v 60.0097 53.0294 22.0705
v 59.9029 53.3433 22.5727
v 59.5703 53.0797 22.535
v 59.2752 52.8474 22.5664
v 58.8672 52.9918 23.0309
v 58.3274 53.0608 23.4075
v 57.7875 53.2052 23.6084
v 57.4486 52.9353 23.5582
v 56.9276 53.0357 23.6335
v 56.5698 52.7595 23.5456
v 56.2245 53.0106 23.7842
v 55.8291 53.224 23.8344
v 55.2013 53.2743 23.9788
v 54.8059 53.4061 24.1231
v 54.4795 53.1487 24.0541
v 54.1405 53.3621 24.211
v 53.8266 53.1173 24.2173
v 53.3747 53.2366 24.2424
v 53.0169 52.9541 24.1545
v 52.6717 53.155 24.3303
v 52.339 52.8976 24.2487
v 51.9812 52.9604 24.2801
v 51.6548 52.7093 24.2236
v 51.3472 52.4645 24.1922
v 51.0459 52.5775 24.3742
v 50.8262 52.7784 24.4433
v 50.5374 53.0232 24.5186
v 50.2298 53.1989 24.732
v 50.1859 52.7533 24.4495
v 49.8846 52.929 24.6881
v 49.5645 52.6779 24.6127
v 49.1816 52.8914 24.6127
v 48.8551 53.2178 24.7822
v 48.5287 52.9604 24.7508
v 48.2086 52.7093 24.6943
v 47.8131 52.9855 24.7948
v 47.3988 53.1424 24.9203
v 47.085 52.8976 24.958
v 46.7397 52.6277 24.9015
v 46.2941 52.816 24.9643
v 45.7542 52.929 25.1149
v 45.365 53.1864 25.4853
v 44.9633 53.381 25.5983
v 44.6118 53.1048 25.5041
v 43.9527 53.1424 25.3409
v 43.4128 53.2743 25.4099
v 43.0739 53.0106 25.3535
v 42.4273 53.0734 25.2342
v 42.1072 52.8286 25.14
v 41.7682 52.5587 25.0521
v 41.4355 52.295 25.027
v 40.8706 52.3515 24.9454
v 40.5379 52.0879 24.8827
v 40.0106 52.2134 24.8576
v 39.6717 51.9498 24.8387
v 39.8851 51.5794 24.8011
v 39.5712 51.3283 24.7634
v 39.2323 51.0647 24.7383
v 38.8933 50.8011 24.6881
v 38.5606 50.5437 24.6441
v 38.2154 50.2738 24.6253
v 37.8827 50.0101 24.5876
v 37.5688 49.7653 24.5374
v 37.2361 49.5017 24.4935
v 36.9097 49.2506 24.4307
v 36.5582 48.9681 24.3052
v 36.3259 49.3322 24.3114
v 35.7673 49.4515 24.3868
v 35.4346 49.7653 24.3993
v 34.9387 49.8846 24.4684
v 34.5746 49.5958 24.3742
v 34.2419 49.3322 24.3428
v 33.9092 49.0748 24.2926
v 33.564 48.8049 24.1859
v 33.225 48.535 24.0855
v 32.8672 48.8238 24.1796
v 32.4153 49.0246 24.3366
v 31.8817 49.1753 24.3993
v 31.3419 49.2318 24.437
v 31.0343 49.4766 24.8011
v 30.5258 49.6084 24.9078
v 30.212 49.3573 24.8764
v 30.0864 49.8281 25.0584
v 29.7851 49.5896 25.027
v 29.5466 49.9034 25.0082
v 29.1135 49.5707 24.7697
v 28.7682 49.2945 24.7069
v 28.31 49.5393 24.8513
v 27.8015 49.7528 24.9329
v 28.0087 49.3008 24.8827
v 27.4061 49.4389 24.7697
v 27.0985 49.803 25.4664
v 27.7011 49.6712 25.4476
v 28.1405 50.0164 25.705
v 27.5379 50.1482 25.7301
v 28.4418 50.2549 25.7301
v 27.0985 50.3428 25.7175
v 26.8914 50.6943 25.8745
v 26.7156 51.0019 26.0188
v 26.9416 51.1777 26.5336
v 26.5147 51.3158 26.0502
v 26.7595 51.5041 26.6152
v 26.182 51.9435 26.6465
v 27.0483 52.1569 27.0169
v 26.747 52.3892 27.2429
v 25.9874 52.3139 26.6968
v 25.6673 52.6089 26.9165
v 25.6799 53.1236 27.3935
v 25.2154 53.3308 27.6572
v 24.9392 53.1236 27.7199
v 24.2361 53.1362 27.9271
v 23.7026 53.3056 28.015
v 23.0686 53.3621 27.858
v 22.7296 53.0985 27.7639
v 22.422 52.86 27.7702
v 22.1395 52.6403 27.8141
v 21.6813 52.8286 28.1844
v 21.3737 52.59 28.1593
v 20.8967 52.7156 28.4732
v 20.564 52.9918 28.6615
v 20.1246 53.0922 28.9879
v 19.5722 53.1362 29.0381
v 18.9005 53.1236 29.3959
v 18.4862 52.7972 29.1511
v 18.1975 52.5712 29.2704
v 17.7016 52.7219 29.4399
v 17.2622 52.8725 29.6282
v 16.7537 53.0357 29.8353
v 16.4336 52.7909 29.8856
v 15.9691 52.9604 30.0864
v 15.7243 53.3245 30.2245
v 15.3853 53.0608 30.1241
v 14.9961 52.7595 29.9923
v 14.3935 52.8035 29.9985
v 13.8349 52.9227 29.9985
v 13.2134 53.0169 30.0802
v 12.6799 53.2303 30.3312
v 12.1777 53.3433 30.4317
v 11.8136 53.0608 30.3438
v 11.4119 52.747 30.2057
v 11.1169 53.0106 30.2936
v 10.7402 52.7156 30.1806
v 10.3699 52.4268 30.0739
v 10.0121 52.6654 30.4317
v 9.68566 52.408 30.3877
v 9.44085 52.7281 30.6074
v 9.18349 52.9792 30.846
v 8.82569 52.703 30.7832
v 8.32979 52.8662 31.0594
v 7.97827 52.59 30.9841
v 7.60164 52.3013 30.8711
v 7.26895 52.6089 31.1787
v 6.91743 52.8976 31.4548
v 7.80251 51.9058 30.5509
v 7.71463 51.3786 30.2747
v 7.90294 51.0145 30.0237
v 7.98455 50.5688 29.6596
v 8.2168 50.2549 29.4336
v 8.36118 49.8595 29.1386
v 8.58088 49.4013 28.9691
v 8.83196 49.0183 28.7745
v 9.06422 48.6417 28.6427
v 9.56012 48.5099 28.536
v 9.8112 48.1521 28.379
v 10.0497 47.8006 28.2974
v 10.1753 47.3361 27.9522
v 10.1627 46.8339 27.4312
v 10.6084 46.6393 27.1927
v 10.7026 46.1999 26.8474
v 10.8469 45.8358 26.5963
v 10.9976 45.5157 26.3829
v 11.4119 45.3023 26.295
v 11.55 44.9131 26.0314
v 12.071 44.7687 25.8619
v 12.2467 44.3481 25.7489
v 12.7552 44.1598 25.6736
v 13.2825 44.0029 25.6108
v 13.6026 44.254 25.6359
v 14.1864 44.141 25.6924
v 14.5379 44.4109 25.7364
v 14.9899 44.254 25.6548
v 15.423 44.5992 25.9184
v 15.8247 44.9068 26.0879
v 15.6803 45.3085 26.2197
v 16.0068 45.5596 26.2574
v 16.352 45.8295 26.3641
v 16.7286 46.1246 26.4582
v 17.0425 46.3694 26.4268
v 17.507 46.225 26.3264
v 17.8397 46.4824 26.3829
v 18.1849 46.7586 26.4268
v 18.4925 46.9971 26.4394
v 18.9005 46.7648 26.3452
v 19.2144 47.0159 26.3076
v 19.4969 47.2356 26.2511
v 19.9425 47.0661 26.113
v 20.2627 47.3172 26.1381
v 19.8484 47.5118 26.3452
v 20.2815 47.8508 26.5524
v 19.5345 47.8131 26.5963
v 19.9488 48.1333 26.7846
v 20.3003 48.4095 26.8411
v 20.6707 48.1521 26.6842
v 21.0536 47.9324 26.5775
v 20.9783 48.3906 26.7093
v 21.2231 48.5852 26.521
v 21.3926 48.2023 26.5712
v 21.5809 48.3467 26.2825
v 21.3486 49.2318 26.4771
v 21.7441 48.4722 26.6403
v 22.2588 48.8802 26.3264
v 22.1647 48.3404 26.6152
v 22.2023 47.9387 26.2385
v 21.832 47.6562 25.4099
v 21.3298 47.6813 25.4162
v 21.1917 47.5746 25.8054
v 22.9242 48.9367 26.2762
v 23.2192 49.1627 26.1946
v 23.7214 49.1313 26.182
v 23.9285 48.8175 26.1255
v 24.2361 49.0623 26.0565
v 24.3993 48.7421 25.9309
v 24.5249 49.282 26.0565
v 24.7822 49.0435 26.069
v 24.958 48.6605 25.8807
v 24.6692 48.4346 25.9121
v 25.0459 49.2506 25.9372
v 25.2216 48.874 25.7991
v 25.3032 48.9367 25.2781
v 24.8136 49.5142 25.9937
v 25.184 49.803 26.1193
v 24.6881 49.8909 26.1946
v 25.1149 50.2173 26.4017
v 25.5041 50.0541 26.1946
v 25.7866 49.8281 26.1695
v 25.7615 50.2549 26.0879
v 26.0565 50.0415 26.0879
v 26.3327 49.7402 25.3911
v 26.5712 50.4433 25.8619
v 26.6968 50.029 25.5229
v 26.6654 49.464 25.1212
v 26.2762 49.1627 24.9768
v 25.9498 49.4452 25.2781
v 25.5292 49.1125 25.0773
v 25.6861 48.6982 24.9831
v 25.2028 48.3216 24.6441
v 25.7112 48.1144 24.4746
v 25.3095 47.8006 24.3617
v 24.8889 48.0768 24.6692
v 24.732 47.9512 24.9768
v 24.1608 48.0454 24.7634
v 23.9662 48.4032 24.9517
v 24.1168 47.4742 24.3554
v 24.3554 47.0536 24.9768
v 24.8889 46.8653 24.9831
v 25.2091 46.5075 24.5311
v 25.4288 46.1811 24.4433
v 25.548 46.7774 23.8344
v 25.7677 46.451 23.803
v 25.9561 47.0975 24.0415
v 26.2887 46.8527 24.3114
v 26.6968 46.6079 24.0164
v 26.1632 46.1873 23.5707
v 25.7301 45.8547 23.3008
v 26.408 45.8547 23.6649
v 25.9058 45.4655 23.2192
v 25.9435 45.0072 22.8238
v 26.0439 44.6055 22.6041
v 25.6422 44.2916 22.5162
v 25.9498 43.959 22.5225
v 26.069 43.5007 22.3153
v 26.0439 42.9169 22.0956
v 25.6736 42.6282 21.9638
v 25.2781 42.3206 21.8131
v 24.9078 42.0319 21.6939
v 24.6127 42.3583 21.8194
v 24.2487 42.0758 21.6939
v 23.8281 41.7431 21.4742
v 23.3887 41.4041 21.2042
v 22.8426 41.5297 21.2168
v 22.2337 41.6238 21.2168
v 22.1082 42.0068 21.3298
v 21.7629 41.7368 21.2796
v 21.4177 41.4669 21.2105
v 21.0473 41.1719 21.1289
v 20.6707 40.8831 21.0222
v 20.2501 40.5567 20.8151
v 19.9425 40.3119 20.8025
v 19.6098 40.5316 21.154
v 19.3148 40.3056 21.2105
v 18.9759 40.0357 21.1854
v 18.4674 40.1675 21.267
v 18.4297 40.7074 21.5997
v 17.8962 40.7953 21.6311
v 17.8774 41.3728 22.0266
v 17.9652 42.057 22.0642
v 18.323 42.3394 22.1207
v 17.959 42.6596 22.5601
v 17.4756 42.283 22.2337
v 18.1096 40.4563 21.5056
v 17.8271 40.2366 21.5683
v 18.0406 39.8349 20.9908
v 18.1787 39.4143 20.8151
v 18.3105 39.0314 20.6644
v 18.4486 38.6548 20.5765
v 18.6683 38.2593 20.3945
v 18.8001 37.8073 20.2313
v 19.0637 37.4558 20.0241
v 19.2709 37.1043 20.0179
v 19.5031 36.7214 19.9237
v 19.4843 36.1502 19.817
v 19.9425 35.9619 19.7605
v 20.1999 35.6668 19.7793
v 20.859 35.6166 20.0053
v 20.9783 35.1521 19.7542
v 21.2105 34.7817 19.5659
v 21.2042 34.2733 19.3399
v 21.4177 33.8716 19.2395
v 21.6813 33.5389 19.183
v 21.9952 33.2501 18.7938
v 22.1019 32.8484 18.5741
v 21.6939 32.5282 18.4172
v 21.3172 32.2332 18.2352
v 20.9469 31.9445 18.1473
v 20.5577 31.6369 18.0468
v 20.8276 31.2665 17.7581
v 20.4761 30.9966 17.6514
v 20.7711 30.6388 17.394
v 20.8276 30.168 17.3752
v 21.1729 30.0237 16.5717
v 21.3926 29.7161 16.3583
v 21.2859 29.2578 16.1574
v 21.2607 28.9 16.0507
v 21.2168 28.5171 15.8687
v 21.2482 28.0777 15.7494
v 21.3675 27.6948 15.6615
v 21.7378 27.5065 15.5799
v 21.8006 27.1173 15.4983
v 22.2086 26.8914 15.4418
v 22.5664 26.6528 15.31
v 22.9054 26.3955 15.1531
v 23.1376 26.069 15.0526
v 23.4389 25.7364 14.9522
v 23.7591 25.4978 14.8329
v 24.0478 25.2656 14.8455
v 24.2801 25.0521 14.7074
v 24.5437 24.8073 14.676
v 24.7634 24.5374 14.4563
v 25.1275 24.3805 14.5379
v 25.4476 24.2487 14.5567
v 25.7426 23.9662 14.3998
v 26.1004 24.2487 14.4563
v 25.8117 24.5374 14.6007
v 25.8054 24.914 14.6634
v 25.8745 25.4099 14.7199
v 25.6422 25.6673 14.9773
v 26.0126 25.9561 15.084
v 26.3578 26.2323 15.1531
v 26.182 26.5398 15.31
v 26.5336 26.816 15.3916
v 26.2009 26.9478 15.3853
v 25.9435 27.2115 15.4481
v 26.0502 27.7827 15.6866
v 25.7175 28.084 15.7808
v 25.5794 28.492 16.0193
v 25.184 28.6992 16.1762
v 24.8513 28.9565 16.3394
v 24.4809 29.2139 16.4022
v 23.985 29.2641 16.3771
v 24.0227 29.7726 16.4901
v 23.4577 29.804 16.4587
v 23.5142 30.325 16.7161
v 23.5205 30.6702 16.8667
v 23.1753 30.7455 16.7977
v 23.1816 31.1284 16.8228
v 22.9054 31.3795 17.6074
v 23.0372 31.9005 17.9841
v 22.9995 32.3839 18.1661
v 23.4577 32.7417 18.4235
v 23.1502 33.0869 18.5929
v 23.5205 33.3757 18.6808
v 23.8846 33.6644 18.8064
v 24.2361 33.9343 18.9131
v 24.2675 34.5432 19.1391
v 24.2236 34.9952 19.3964
v 24.1796 35.4973 19.7856
v 23.9976 35.8928 19.9676
v 24.3868 36.2004 20.1183
v 24.1608 36.5833 20.1811
v 24.5186 36.8658 20.3317
v 24.5311 37.3805 20.5703
v 24.9078 37.6755 20.6895
v 25.2593 37.9517 20.7962
v 24.9768 38.2844 20.8276
v 25.3597 38.5857 20.9406
v 25.7552 38.8933 21.0913
v 26.113 39.1695 21.1854
v 26.4896 39.4645 21.2859
v 26.8286 39.7344 21.3737
v 27.1801 40.0043 21.4553
v 27.7576 39.9102 21.3988
v 28.1405 39.703 21.2733
v 28.6929 39.5712 21.2545
v 29.0193 39.8286 21.3298
v 29.3583 39.5524 21.3863
v 29.8605 39.408 21.4051
v 30.4191 39.3578 21.5369
v 30.802 39.0816 21.4616
v 31.1787 38.7866 21.5056
v 31.2603 38.3409 21.4302
v 31.6683 38.2405 21.5244
v 31.6683 37.7697 21.5244
v 31.6118 37.3491 21.4365
v 31.5741 36.9788 21.3423
v 31.5804 36.6335 21.2859
v 31.662 36.2318 21.2105
v 31.8566 35.9054 21.198
v 31.9382 35.4911 21.2859
v 32.0637 35.1521 21.2356
v 31.7436 34.901 21.198
v 32.1077 34.6436 21.1791
v 32.4592 34.3988 20.9908
v 32.8233 34.1603 20.8778
v 33.1497 34.4177 20.8653
v 33.4698 34.6688 20.859
v 33.7774 34.9073 20.8276
v 34.0787 35.1458 20.8276
v 34.6374 35.0705 20.746
v 34.9261 34.7315 20.6016
v 35.2274 34.4804 20.5012
v 35.466 34.2042 20.4196
v 35.7924 34.4616 20.4259
v 36.1502 34.7378 20.5075
v 36.4954 35.0077 20.5514
v 36.7842 34.8382 20.564
v 37.0855 34.6248 20.564
v 37.4307 34.4491 20.6205
v 37.437 34.0159 20.6519
v 37.7508 33.3631 20.52
v 38.3786 33.3254 21.1164
v 38.1149 33.6456 20.6519
v 38.6548 33.5326 20.9908
v 38.5857 32.9802 21.3549
v 38.3158 32.7668 21.4239
v 38.5606 32.478 21.9324
v 38.2405 32.2269 21.8947
v 37.9203 32.4592 21.2419
v 37.8764 31.9382 21.8382
v 37.5876 32.1956 21.1729
v 37.5939 32.7103 20.7774
v 38.1024 31.5678 22.1898
v 38.2279 31.1724 22.2211
v 38.4413 30.8585 22.1395
v 38.1024 30.5949 22.0454
v 38.0773 30.1743 21.945
v 37.6379 29.8228 21.6876
v 37.663 29.3834 21.5432
v 37.1985 29.0193 21.2356
v 37.2236 28.5674 21.1478
v 37.2989 28.1531 21.0034
v 37.6943 28.4606 21.1917
v 37.8262 28.1782 21.0222
v 37.4998 27.9271 20.2878
v 36.9348 27.8769 20.1936
v 36.6398 27.6446 20.2313
v 36.2757 27.3559 20.1434
v 36.0309 27.1613 20.3129
v 36.508 27.1487 20.2125
v 36.7904 26.8914 20.0932
v 36.7653 26.4268 20.225
v 37.0101 26.2009 20.1434
v 37.2047 25.9623 19.9363
v 36.9474 25.7615 20.1183
v 37.3177 25.6171 19.7479
v 37.5751 25.3911 19.6726
v 37.6881 25.0208 19.4404
v 37.8387 24.732 19.1704
v 37.4935 24.4621 19.1516
v 37.1231 24.1733 19.0135
v 36.7591 23.8971 18.9256
v 36.2255 23.8783 19.001
v 36.3887 23.6021 18.8754
v 36.3322 23.0874 18.6871
v 35.9995 22.8238 18.662
v 35.6417 22.5476 18.6306
v 35.309 22.2902 18.5616
v 34.9261 21.9889 18.4297
v 34.8131 21.4051 18.2728
v 34.9638 21.0724 18.0908
v 35.1082 20.7648 17.9276
v 35.3027 20.3757 17.8334
v 35.0266 20.1622 17.9213
v 35.1835 19.7605 17.7769
v 34.9324 19.5596 17.8899
v 35.4032 19.4404 17.7079
v 35.8112 19.3274 17.4693
v 35.9179 18.9256 17.3752
v 36.0372 18.549 17.1366
v 36.0999 18.1222 16.9169
v 36.2004 17.8083 16.7161
v 36.4766 17.5572 16.3332
v 36.1376 17.2936 16.2892
v 36.508 17.1115 15.9754
v 36.8093 16.8793 15.7306
v 36.8344 16.465 15.5799
v 37.098 16.1637 15.2535
v 37.3679 15.9189 14.8204
v 37.663 15.6803 14.494
v 37.8576 15.4293 14.1236
v 38.1024 15.1719 13.7595
v 38.4162 15.4167 13.7595
v 38.7489 15.6741 13.7533
v 39.0628 15.9189 13.6968
v 39.3703 15.718 13.5084
v 39.7784 15.5862 13.3013
v 40.1048 15.8436 13.339
v 40.4563 16.1135 13.4143
v 40.7953 16.3771 13.5147
v 41.1719 16.6721 13.5838
v 41.6176 16.6533 13.452
v 42.0068 16.4713 13.2699
v 42.3771 16.7537 13.3955
v 42.7098 17.0174 13.408
v 43.0613 17.2936 13.452
v 43.3752 17.5321 13.4959
v 43.689 17.7769 13.5084
v 44.0154 18.0343 13.5147
v 44.3356 18.2791 13.5398
v 44.7185 18.0845 13.0439
v 44.9947 17.8522 12.5794
v 45.3274 18.1096 12.6045
v 45.6224 17.9213 12.1589
v 45.8986 17.62 11.6441
v 45.9237 17.1429 11.1106
v 45.9111 16.6282 10.6523
v 45.8547 16.1574 10.1376
v 45.5471 15.9189 10.1753
v 45.0198 15.5109 9.77982
v 44.7499 15.3037 9.88025
v 44.3984 15.0275 9.8677
v 44.5553 14.6823 9.51617
v 44.2226 14.4249 9.49734
v 43.9401 14.2052 9.51617
v 43.8899 13.7156 9.07677
v 43.5886 13.4833 9.09561
v 43.2245 13.2009 8.99517
v 42.9169 12.9623 9.00145
v 42.8856 12.5104 8.58716
v 42.9421 12.1902 8.30468
v 42.6156 11.9392 8.29213
v 42.3143 11.7069 8.26702
v 42.5215 11.4119 7.87784
v 42.1762 11.142 7.89667
v 41.8059 10.8532 7.8339
v 41.4732 10.5896 7.74602
v 41.1091 10.3134 7.67069
v 40.7953 10.0686 7.66441
v 40.3056 9.68566 7.24384
v 39.9541 9.41574 7.20618
v 39.6465 9.17721 7.29406
v 39.9981 9.02656 6.95509
v 40.494 9.00145 6.95509
v 40.8204 8.83824 6.75422
v 41.0715 8.53694 6.41526
v 41.2347 8.18542 5.78126
v 41.605 7.95944 5.57412
v 41.5799 7.51376 5.34814
v 41.8687 7.27523 5.00917
v 41.8436 6.80444 4.70159
v 42.1072 6.58474 4.2873
v 42.3332 6.39015 3.96717
v 42.691 6.19556 3.43988
v 42.9923 6.42781 3.38967
v 43.1994 6.13906 3.05698
v 43.576 6.00724 2.64896
v 43.9464 5.87542 2.50459
v 43.9338 5.39836 2.54853
v 44.2854 5.66828 2.66779
v 44.3481 6.18928 2.62385
v 44.7875 6.53452 2.81217
v 44.6118 6.81072 2.78078
v 44.7122 7.31917 2.84355
v 45.07 7.59536 2.87494
v 45.409 7.859 2.93143
v 45.2144 8.15403 3.16369
v 45.6663 8.49927 3.52776
v 46.3443 9.02656 3.58426
v 45.6224 8.93868 4.09899
v 45.9739 9.21487 4.12409
v 46.3129 9.47851 4.14293
v 46.6393 9.25881 3.5466
v 46.9845 9.52245 3.50266
v 47.1164 9.18349 3.15741
v 46.8716 8.99517 3.30806
v 47.4616 9.44713 3.24529
v 47.9575 9.83003 3.59681
v 47.7817 10.1439 3.86045
v 47.6625 10.5205 4.37518
v 47.7692 10.9788 4.61371
v 47.8069 11.4307 4.94013
v 48.1207 11.6755 4.97779
v 48.0956 12.1086 5.15983
v 48.4597 12.3911 5.19749
v 48.8175 12.6673 5.32931
v 49.2004 12.9686 5.47368
v 49.5707 13.2511 5.57412
v 49.9599 13.5524 5.75616
v 50.3428 13.8474 5.94447
v 50.7948 13.747 5.83148
v 51.1965 14.0608 6.0198
v 51.2091 14.5253 6.36504
v 51.592 14.8204 6.50942
v 52.0063 15.1468 6.66634
v 52.3641 15.423 6.77933
v 52.703 15.6803 6.82327
v 53.4814 15.4104 6.62868
v 53.8141 15.6678 6.64751
v 54.1719 15.5674 6.57219
v 54.6678 15.4795 6.29599
v 55.057 15.7745 6.38387
v 55.5717 15.7306 6.19556
v 56.0362 15.6615 5.95703
v 56.3815 15.9252 6.0198
v 56.7644 15.8122 5.73105
v 57.1222 15.6176 5.32931
v 57.436 15.8561 5.26654
v 57.7562 16.1072 5.24143
v 57.3732 16.283 5.66828
v 57.0154 16.4211 5.98841
v 56.5886 16.5215 6.27716
v 56.4505 16.8605 6.65379
v 56.4066 17.2999 7.28778
v 56.4317 17.6953 7.45099
v 56.7769 17.959 7.50121
v 57.1096 18.2226 7.55142
v 57.4235 18.4611 7.5577
v 57.21 18.7185 7.99082
v 57.21 19.1767 8.3549
v 57.2979 19.7103 8.77547
v 57.6306 19.9676 8.80058
v 57.6557 20.4196 9.11444
v 57.9507 20.6456 9.06422
v 58.3085 20.9218 9.13327
v 58.6726 20.7774 8.97006
v 59.1246 21.1289 9.34041
v 59.5075 21.4239 9.46596
v 59.8841 21.7127 9.61033
v 60.3047 21.5746 9.55384
v 60.7315 21.4491 9.47223
v 60.9701 21.2105 9.08933
v 61.2588 21.0599 8.89474
v 61.717 20.9406 8.493
v 61.9305 20.6644 8.27957
v 62.2694 20.9218 8.3549
v 62.7402 20.859 8.07243
v 63.1043 20.7209 7.82762
v 63.4307 20.5075 7.34428
v 63.7006 20.7146 7.2564
v 63.6943 21.1791 7.72091
v 64.027 21.4365 7.70208
v 64.3409 21.6813 7.70835
v 64.6548 21.9198 7.73346
v 64.9812 22.1772 7.74602
v 65.2825 22.4095 7.70835
v 65.5712 22.6354 7.72718
v 65.9792 22.4722 7.29406
v 66.2617 22.6919 7.22501
v 66.494 22.8802 7.11202
v 66.8455 23.1502 7.15596
v 67.1782 23.4075 7.10575
v 67.0903 23.8155 7.43216
v 66.9773 24.142 7.65186
v 66.9208 24.5311 8.00338
v 66.7262 24.8262 8.24819
v 67.0024 25.0396 8.22308
v 67.1217 25.6108 8.43023
v 67.3853 25.8117 8.31096
v 67.6176 25.9937 8.14148
v 67.8687 26.1883 7.96572
v 67.8059 26.521 8.00338
v 67.5109 26.7156 8.21053
v 67.5422 26.3139 8.16659
v 67.2598 26.521 8.36118
v 67.31 26.1318 8.32351
v 67.0087 26.3264 8.54949
v 67.084 25.9561 8.49927
v 66.7764 26.1444 8.71898
v 66.8266 25.7552 8.62482
v 66.5065 25.9309 8.8508
v 66.5191 25.5167 8.64993
v 66.2178 25.7112 8.95751
v 66.0734 26.0565 9.65427
v 66.4312 26.3327 9.75471
v 65.8097 26.3139 10.0435
v 66.155 26.5838 10.1816
v 66.4437 26.8035 10.0874
v 66.7388 26.5712 9.67938
v 66.7262 27.0232 10.0623
v 67.0087 26.7846 9.64172
v 66.9836 27.224 9.92419
v 67.266 26.9792 9.52245
v 67.2849 27.4563 9.79237
v 67.5611 27.2115 9.44085
v 67.5548 27.6634 9.6731
v 67.7808 27.381 9.2902
v 67.7745 27.8392 9.48479
v 67.7368 28.2409 9.65427
v 67.9754 28.423 9.42829
v 68.2892 28.6741 9.41574
v 68.691 28.9816 9.5915
v 69.055 29.2641 9.67938
v 69.325 29.0444 9.44713
v 69.6263 29.2767 9.47223
v 69.9527 29.0633 9.13327
v 70.2854 29.3269 9.13955
v 70.6934 29.1825 8.99517
v 70.8817 28.9063 8.55577
v 71.252 29.1888 8.68759
v 71.5722 29.4399 8.64993
v 71.8798 29.6784 8.58716
v 71.8358 30.0676 8.7943
v 72.156 30.3187 8.83824
v 72.4886 30.576 8.83824
v 72.7586 30.7895 8.71898
v 73.0661 31.0217 8.66876
v 73.3612 31.254 8.61854
v 73.6813 31.5051 8.62482
v 73.9198 31.2603 8.29841
v 74.2274 31.1222 8.09754
v 74.7735 31.0657 7.82762
v 75.0623 31.2916 7.78368
v 75.3259 31.4988 7.67697
v 75.0999 31.8001 8.01593
v 75.1941 32.252 8.22936
v 75.1376 32.635 8.43023
v 75.1251 33.0806 8.69387
v 75.0811 33.5138 8.91984
v 75.4012 33.7586 8.89474
v 75.4515 34.2294 9.17721
v 75.7716 34.4804 9.20232
v 76.0666 34.7064 9.15838
v 76.3554 34.9324 9.12699
v 76.2612 35.3718 9.22743
v 76.1545 35.7798 9.26509
v 76.3993 35.9744 9.08933
v 76.6881 36.1941 9.04539
v 76.9517 36.4013 9.00772
v 77.1526 36.0686 9.08305
v 77.7364 36.0058 9.44085
v 77.9498 35.7422 9.71704
v 78.3327 35.5727 9.60406
v 78.8286 35.0705 9.40946
v 79.0546 35.2463 9.21487
v 79.0797 34.8822 9.19604
v 79.3433 34.6123 8.98262
v 79.4061 34.6625 8.43023
v 79.0671 35.2525 8.46789
v 79.3182 35.4534 9.0705
v 79.3119 35.8677 9.33414
v 79.6132 36.1062 8.52438
v 80.0966 35.6731 9.31531
v 79.5818 36.0811 9.23998
v 79.4186 36.4138 9.20232
v 79.3433 36.8218 9.34669
v 78.8851 36.464 9.0705
v 78.9353 35.5789 9.22743
v 78.6026 35.7798 9.49107
v 78.5147 36.1753 9.58522
v 78.0879 36.2757 9.49107
v 78.0753 36.7842 9.08305
v 78.7093 37.2738 9.15838
v 78 37.2173 9.20232
v 78.3766 37.5123 9.30275
v 78.3139 37.958 9.51617
v 78.3139 38.3786 9.7296
v 78.2699 38.7615 9.92419
v 78.0377 39.0063 9.92419
v 78.3829 39.2762 9.93674
v 78.7093 39.5273 9.93047
v 78.6528 39.9416 10.0937
v 78.9541 40.1801 10.0811
v 78.8411 40.4626 10.1878
v 78.9604 40.9836 10.2129
v 78.6842 40.7702 10.2443
v 78.4268 41.0212 10.1062
v 78.6779 41.6866 10.6712
v 79.2554 41.6615 10.5833
v 79.5002 41.4041 10.7779
v 78.9604 41.9063 10.577
v 79.5567 41.8938 10.5707
v 78.8411 42.2453 10.5958
v 78.6277 42.5843 9.9493
v 78.9165 42.8102 9.93674
v 79.268 43.0802 10.0121
v 79.7764 42.9672 9.89908
v 80.015 43.6639 10.2569
v 80.2535 43.846 10.0937
v 80.4041 43.4568 9.9493
v 80.7117 43.6953 9.92419
v 81.0758 43.9778 10.0183
v 81.8542 44.1535 10.0623
v 82.1429 44.8064 10.3071
v 82.3563 44.9696 10.0686
v 82.7957 44.8817 10.1
v 83.097 45.1202 10.1251
v 83.5553 45.0072 10.5707
v 83.9507 45.3085 10.7591
v 84.1893 45.0386 10.7716
v 84.2458 44.6557 10.5582
v 84.4278 44.4235 10.4515
v 85.1308 44.5113 10.4264
v 85.3003 44.2226 10.4075
v 85.52 44.3921 10.2067
v 85.8464 44.6432 10.2443
v 86.0536 44.3921 10.3573
v 86.3361 44.6055 10.2945
v 85.52 44.8126 10.5958
v 85.156 44.9884 10.7277
v 85.4698 45.2332 11.4935
v 84.8421 45.1202 11.1985
v 85.3192 45.4843 11.5939
v 85.9218 45.5847 11.1294
v 86.0975 45.2646 11.3177
v 86.5118 45.1642 11.0729
v 86.7378 45.7605 11.3177
v 86.8696 45.4404 11.1608
v 86.9198 45.0575 10.985
v 87.3969 45.001 10.4264
v 87.5036 45.93 11.1733
v 87.9807 46.3003 10.8595
v 87.5664 46.407 11.1482
v 88.0874 46.3819 11.8576
v 88.2129 46.9029 12.0019
v 88.1313 47.3047 11.9266
v 88.4577 47.5558 11.9768
v 88.2694 47.7755 12.0333
v 88.4389 48.3467 11.3303
v 88.1941 48.1521 12.2467
v 87.604 47.6939 11.5625
v 88.0623 47.2482 10.9976
v 87.5852 47.2545 11.1294
v 87.3279 47.4804 11.6504
v 87.127 47.7817 11.6943
v 87.0077 47.2356 11.6504
v 86.8571 47.5683 11.8073
v 86.6499 46.9532 11.5563
v 86.2482 47.0913 11.7446
v 85.9594 46.8716 11.8199
v 85.3757 46.8904 11.845
v 85.5891 47.4804 11.9266
v 84.9676 47.0034 11.9517
v 84.8233 47.3988 12.1463
v 84.7479 47.8445 11.958
v 85.156 48.1584 12.1149
v 85.1748 48.6919 12.5167
v 84.8735 48.466 12.5732
v 84.4215 48.1144 12.2405
v 84.2709 48.422 12.3911
v 83.9696 48.1898 12.3848
v 83.9068 47.7127 11.6881
v 83.3293 48.1395 12.0208
v 82.8773 47.3423 11.958
v 82.5698 47.5495 12.4162
v 82.4693 47.9701 12.7552
v 82.1743 48.2274 13.1444
v 81.7726 48.2902 13.408
v 81.4587 48.0517 13.3892
v 81.0695 48.196 13.6277
v 80.8435 48.466 13.9918
v 80.5674 48.2525 14.0797
v 80.1154 48.353 14.0734
v 80.8373 48.014 13.8349
v 80.8624 47.5872 13.3641
v 80.2912 47.5872 13.2323
v 80.5234 47.3172 13.295
v 80.128 47.0159 13.0753
v 79.971 47.3361 13.182
v 79.8455 47.6876 13.1067
v 79.3747 47.7817 13
v 78.816 47.7441 13.2511
v 78.7909 48.196 13.408
v 79.0922 48.4346 13.3829
v 78.6277 48.535 12.7489
v 78.4206 48.8802 13.1695
v 78.4645 47.9387 13.3641
v 77.7928 47.8822 12.9121
v 77.5418 48.2023 12.5292
v 77.2028 47.9387 12.5355
v 77.1463 47.8885 13.1067
v 76.6504 47.9387 13.6528
v 75.8658 48.2776 13.2385
v 76.4433 48.7296 13.7972
v 76.1043 48.9367 14.0734
v 75.9411 49.2129 14.1676
v 75.7653 49.5456 14.2115
v 76.3491 50.0039 14.8706
v 76.619 50.211 14.7513
v 76.8262 50.3742 13.816
v 76.1733 50.3428 15.0401
v 76.3742 50.9894 14.381
v 76.732 50.7822 14.9522
v 77.0459 50.5437 15.0715
v 77.2216 49.8093 14.5505
v 77.2844 50.732 14.9334
v 77.5731 50.4809 15.1028
v 76.1168 51.2216 14.2805
v 75.6335 51.3409 14.3308
v 75.4326 51.7112 14.4877
v 75.3196 52.1695 14.8267
v 75.3134 52.59 15.2912
v 75.1815 52.9416 15.6427
v 75.0121 52.8097 15.9503
v 74.8237 52.6591 16.2014
v 74.5287 52.4268 16.2265
v 74.6982 52.1067 16.057
v 74.3843 51.8619 16.0507
v 75.0686 51.9686 15.7055
v 75.3196 52.1632 15.5611
v 74.9932 51.9121 14.7764
v 74.6605 51.6485 14.7137
v 74.8363 51.2405 14.5442
v 74.353 51.4162 14.7137
v 74.1019 51.2154 14.7827
v 73.8759 51.0396 15.0087
v 73.3235 51.0333 15.0589
v 73.5997 50.8199 15.1028
v 73.1917 50.506 14.8078
v 72.9783 50.7634 14.9334
v 73.1415 51.3472 15.1405
v 72.8276 51.5983 15.1468
v 72.564 51.3911 15.197
v 72.3254 51.6799 15.4167
v 72.0744 51.4915 15.5862
v 71.817 51.2844 15.6866
v 71.6789 51.5857 15.9063
v 71.5408 51.9435 16.1511
v 71.2395 52.1318 16.17
v 70.9068 51.8745 16.126
v 70.7185 52.1632 16.1386
v 70.436 51.9435 16.1449
v 70.3042 52.226 16.5466
v 70.0531 52.0314 16.6596
v 69.8648 52.3076 16.9169
v 69.5007 52.4645 17.3187
v 69.3689 52.8474 17.7706
v 69.1053 52.6403 17.846
v 68.6784 52.6968 18.2226
v 68.4273 52.5084 18.3419
v 68.1323 52.2762 18.3607
v 67.8498 52.5273 18.6934
v 67.4732 52.7093 18.7248
v 67.0777 52.4017 18.5239
v 66.7137 52.1193 18.4486
v 66.3119 52.2636 18.3921
v 65.9792 52.4143 18.4486
v 65.6465 52.1569 18.4109
v 65.2322 52.3076 18.6808
v 64.9309 52.5649 18.9821
v 64.6736 52.3703 19.07
v 64.4037 52.703 19.4153
v 64.1024 52.4708 19.4278
v 63.8199 52.2448 19.4906
v 63.5437 52.0251 19.522
v 63.3052 52.3264 19.8295
v 62.9913 52.0816 19.8547
v 62.8093 52.4457 20.407
v 62.5958 52.8097 20.7146
v 62.2883 52.5712 20.7335
v 61.987 52.8474 20.9908
v 61.761 53.0546 21.1666
v 61.4534 52.8223 21.2042
v 61.1521 52.5838 21.2545
v 60.9575 52.8725 21.4239
v 60.6939 52.6654 21.5369
v 60.4114 52.4457 21.6123
v 60.1477 52.2385 21.7441
v 59.9218 52.5084 22.0203
v 59.7021 52.7846 22.1647
v 59.4133 52.5649 22.2274
v 59.156 52.3641 22.2714
v 59.0053 52.634 22.648
v 58.5408 52.7344 22.9932
v 58.0072 52.8097 23.3197
v 57.7185 52.5838 23.3008
v 57.0845 52.6528 23.508
v 56.7706 52.408 23.4389
v 56.2559 52.5147 23.5268
v 55.9169 52.7721 23.7402
v 55.465 52.9353 23.7591
v 54.8812 53.0232 23.9536
v 54.5485 52.7595 23.8783
v 54.1656 52.9039 24.0227
v 53.858 52.6654 24.0729
v 53.5002 52.8662 24.1608
v 53.1362 52.5775 24.0039
v 52.6528 52.6717 23.9913
v 52.3013 52.3955 23.9599
v 51.9937 52.6214 24.1922
v 51.6422 52.3515 24.1231
v 51.3158 52.0942 24.0729
v 51.027 52.2134 24.1671
v 50.7257 52.3201 24.2926
v 50.4684 52.4959 24.3805
v 50.1168 52.226 24.2926
v 49.8532 52.4896 24.3805
v 49.5268 52.2323 24.3177
v 49.2443 52.4268 24.5688
v 48.8551 52.634 24.5814
v 48.5287 52.3766 24.5625
v 47.8885 52.4582 24.6253
v 47.5118 52.747 24.776
v 47.198 52.5022 24.7885
v 46.8904 52.2636 24.7634
v 46.4447 52.3955 24.8889
v 45.9488 52.5461 24.9454
v 45.4278 52.6779 25.0584
v 44.957 52.8725 25.2154
v 44.6118 52.5963 25.1589
v 44.21 52.7909 25.3472
v 43.8585 52.5147 25.2467
v 43.6325 52.8914 25.297
v 43.2873 52.6214 25.2279
v 42.7161 52.7281 25.2656
v 42.3897 52.4708 25.1777
v 42.0381 52.2009 25.1086
v 41.6803 51.9184 25.0459
v 41.1217 52.0565 24.9643
v 40.7639 51.774 24.8638
v 40.2052 51.8242 24.8199
v 40.0797 51.2405 24.732
v 39.747 50.9768 24.6881
v 39.3766 50.6818 24.6567
v 39.0502 50.4307 24.6065
v 38.7301 50.1796 24.5563
v 38.4099 49.9348 24.5625
v 38.1086 49.69 24.5186
v 37.7822 49.4389 24.4684
v 37.437 49.169 24.437
v 37.0917 48.8991 24.3366
v 36.7277 48.6103 24.2173
v 36.2004 48.6919 24.2236
v 35.9681 49.0497 24.2487
v 35.4095 49.1753 24.3114
v 35.1207 49.5142 24.3742
v 34.8006 49.2694 24.2926
v 34.4616 48.9995 24.2738
v 34.1038 48.717 24.2047
v 33.7711 48.4597 24.1168
v 33.3757 48.1521 24.0039
v 32.8547 48.2463 23.9599
v 32.5282 48.5538 24.0855
v 32.07 48.7484 24.2298
v 31.5553 48.9179 24.3303
v 30.9966 48.9618 24.3491
v 30.7455 49.2506 24.8638
v 30.4693 49.0309 24.958
v 29.8605 49.0811 24.7948
v 29.3771 49.2757 24.8701
v 29.0319 48.9995 24.7508
v 28.6992 48.7421 24.6504
v 28.4167 49.0246 24.6504
v 28.0526 48.7359 24.5876
v 27.6697 49.0372 24.8513
v 27.0985 49.2004 24.7571
v 26.3892 50.7446 26.0314
v 26.2323 51.0961 26.1506
v 26.3704 51.6234 26.1946
v 25.8682 51.6987 26.6465
v 25.6673 52.0628 26.6842
v 25.366 52.3766 26.9667
v 25.4037 52.9102 27.4563
v 25.071 52.6465 27.4124
v 24.6127 52.8662 27.6634
v 24.2801 52.6089 27.6132
v 23.8658 52.8474 27.8392
v 23.3259 53.0106 27.8267
v 22.9556 52.7219 27.7262
v 22.5099 52.3703 27.4751
v 22.196 52.1255 27.45
v 21.8257 52.3892 27.8204
v 21.5056 52.1381 27.8455
v 21.0661 52.3452 28.1782
v 20.5828 52.4771 28.4481
v 20.2627 52.7595 28.6552
v 19.7731 52.8097 28.8498
v 19.1704 52.816 28.9063
v 18.8691 52.5838 28.8875
v 18.6369 52.4017 29.0507
v 18.3544 52.182 29.0946
v 17.8209 52.2762 29.1386
v 17.3626 52.4582 29.352
v 16.9358 52.6214 29.5968
v 16.647 52.3955 29.6282
v 16.1072 52.5336 29.9044
v 15.6113 52.6842 29.9985
v 15.2096 52.3703 29.8856
v 14.5756 52.4268 29.7224
v 14.0106 52.5084 29.7977
v 13.4582 52.634 29.8605
v 12.8682 52.747 30.0425
v 12.3723 52.9918 30.2747
v 12.0145 52.7156 30.2057
v 11.619 52.408 30.0676
v 11.0101 52.4331 29.9797
v 10.6649 52.1695 29.8856
v 10.3385 51.9121 29.8416
v 9.99324 52.1381 29.986
v 9.68566 51.8933 29.9546
v 9.31531 52.1193 30.2622
v 9.09561 52.4582 30.4882
v 8.76292 52.1946 30.4882
v 8.50555 52.452 30.7518
v 8.16659 52.1883 30.6765
v 8.07871 51.6673 30.3312
v 8.24819 51.2844 30.0802
v 8.34235 50.845 29.7224
v 8.58088 50.5374 29.465
v 8.70014 50.1294 29.1574
v 8.8759 49.6335 28.9
v 9.11444 49.2443 28.7306
v 9.40946 48.9116 28.6741
v 9.95558 48.8175 28.5987
v 10.1627 48.4283 28.4167
v 10.3636 48.0454 28.2723
v 10.4891 47.5809 27.9522
v 10.5833 47.1603 27.6823
v 11.0352 46.972 27.3684
v 11.0164 46.451 26.8349
v 11.1733 46.0932 26.5838
v 11.2926 45.7479 26.3892
v 11.732 45.5596 26.2699
v 11.8889 45.1704 26.0377
v 12.3848 45.0135 25.8745
v 12.5794 44.6055 25.7301
v 13.1318 44.4486 25.7238
v 13.4833 44.7248 25.8117
v 13.9541 44.5302 25.7238
v 14.3119 44.8064 25.8054
v 14.6634 45.0826 25.9247
v 14.971 44.7499 26.0063
v 15.3477 45.0449 26.1695
v 15.4104 45.6663 26.1569
v 15.7745 45.9488 26.2323
v 16.0256 46.156 26.8035
v 16.3771 46.4322 26.8725
v 17.0111 46.9218 26.8411
v 17.1869 47.0536 26.5398
v 17.3877 46.6393 26.4833
v 17.8146 46.972 26.6905
v 18.1222 47.2168 26.6905
v 18.8064 47.2419 26.4017
v 19.2018 47.5558 26.5084
v 19.2207 48.0705 27.0357
v 19.6098 48.3781 27.2303
v 19.9112 48.6166 27.2366
v 20.1497 48.7986 27.042
v 20.4196 49.0121 26.9165
v 20.5765 48.6292 26.816
v 20.8088 48.8049 26.6152
v 21.0975 49.0372 26.5461
v 21.0159 49.4766 26.7846
v 21.3361 49.7277 26.7972
v 21.8069 49.5896 26.7784
v 21.9512 49.1564 26.7784
v 22.4911 49.5833 26.5838
v 22.9807 49.4389 26.5524
v 23.2506 49.6523 26.4394
v 23.6523 49.5017 26.408
v 24.0541 49.395 26.2511
v 24.4056 49.6649 26.3452
v 24.3303 50.0352 26.5398
v 24.6316 50.2675 26.4645
v 24.9392 50.5123 26.4645
v 25.4162 50.4558 26.4331
v 25.7615 50.7257 26.4331
v 26.1444 50.55 26.1632
v 26.3766 50.2926 26.0942
v 25.5983 51.0208 26.5524
v 25.9121 51.2718 26.5838
v 26.1569 51.4602 26.4708
v 25.548 51.4476 26.6465
v 25.3911 51.8493 26.7093
v 25.0584 52.1318 26.973
v 24.7697 52.4143 27.4312
v 24.4244 52.1444 27.381
v 24.0101 52.3955 27.7199
v 23.5142 52.5712 27.745
v 23.1376 52.2762 27.6509
v 22.7108 51.9435 27.3747
v 22.3969 51.6987 27.337
v 22.0517 51.4288 27.2492
v 21.901 51.8996 27.5379
v 21.5746 51.6359 27.5567
v 21.1854 51.8933 27.8329
v 20.7523 52.1004 28.1468
v 20.2627 52.226 28.4355
v 19.93 52.4959 28.6427
v 19.4278 52.5461 28.7933
v 19.1265 52.3076 28.7871
v 18.844 52.0879 28.8687
v 18.5616 51.8682 28.9628
v 18.0092 51.9121 29.0444
v 17.5384 52.0565 29.2265
v 17.0425 52.2071 29.3959
v 16.7349 51.9686 29.4148
v 16.3394 52.1506 29.6408
v 15.7871 52.2825 29.8416
v 15.4293 52 29.7349
v 14.7953 52.0502 29.6596
v 14.1801 52.1193 29.5152
v 13.6152 52.1946 29.6219
v 13.1067 52.3578 29.8353
v 12.5606 52.5084 30.0299
v 12.2028 52.226 29.9672
v 11.8262 51.9372 29.8793
v 11.1859 52.069 29.7349
v 10.8344 51.7928 29.6847
v 10.4766 51.5104 29.6408
v 9.99324 51.6422 29.7788
v 9.648 51.3723 29.6784
v 9.35297 51.6359 29.8981
v 8.95751 51.8431 30.2245
v 8.44906 51.9561 30.4568
v 8.61226 51.5669 30.1618
v 8.69387 51.1149 29.804
v 8.95123 50.8262 29.5717
v 9.02028 50.3805 29.1951
v 9.20859 49.8909 28.8875
v 9.44085 49.4954 28.7243
v 9.73588 49.169 28.718
v 10.2694 49.0623 28.6113
v 10.4891 48.6794 28.4544
v 10.6963 48.309 28.3163
v 10.8281 47.8445 27.9961
v 10.9474 47.4491 27.7262
v 11.3617 47.2294 27.3873
v 11.6065 46.9092 26.8035
v 11.2863 46.6581 26.7721
v 11.4935 46.3443 26.5901
v 11.6379 46.0179 26.4017
v 12.0459 45.8044 26.2574
v 12.2216 45.4341 26.0502
v 12.705 45.2646 25.8996
v 12.9184 44.8754 25.7677
v 13.2385 45.1265 25.8368
v 13.6026 45.409 25.887
v 13.8662 45.0261 25.9247
v 14.2178 45.3023 25.9812
v 14.5756 45.5785 26.0753
v 15.0338 45.3713 26.069
v 14.9396 45.8672 26.182
v 15.2786 46.1309 26.2071
v 15.5987 46.3819 26.9165
v 15.7117 47.0599 27.1111
v 16.3394 46.9657 27.2303
v 16.5843 47.1603 27.1048
v 16.7851 46.7523 27.042
v 16.8667 47.38 27.0295
v 17.2496 47.675 27.1236
v 17.6388 47.4114 26.8474
v 18.0154 47.7001 27.0169
v 18.5051 47.5181 26.8349
v 18.8817 47.8069 26.9604
v 18.6997 48.24 27.1801
v 19.0951 48.5476 27.3308
v 19.4655 48.8363 27.4249
v 19.7856 49.0874 27.3935
v 19.9928 49.2506 27.1738
v 20.2313 49.4326 26.9604
v 20.6958 49.2318 26.7909
v 20.5075 49.6523 26.8914
v 20.8276 49.9034 26.929
v 21.1729 50.1733 27.0106
v 21.6876 50.0039 26.8788
v 22.1144 49.8281 26.6905
v 22.3718 50.029 26.5838
v 22.7924 49.8155 26.634
v 23.1376 50.0792 26.6026
v 23.6461 49.9599 26.6591
v 24.0227 49.7904 26.5524
v 24.0039 50.2424 26.7784
v 24.3114 50.4809 26.7972
v 24.619 50.7257 26.747
v 24.8952 50.9392 26.6403
v 25.2781 50.7759 26.5461
v 25.2216 51.1965 26.6403
v 25.0961 51.6171 26.7156
v 24.6943 51.8493 26.9227
v 24.4746 51.6736 27.1111
v 24.1608 51.9372 27.4814
v 23.6712 52.1255 27.607
v 23.282 51.8242 27.4626
v 22.8489 51.4853 27.2178
v 22.5036 51.2154 27.155
v 22.1521 50.9392 27.0985
v 21.7315 51.1777 27.2429
v 21.2733 51.4037 27.5002
v 20.8716 51.6485 27.8518
v 20.4322 51.8493 28.1154
v 19.9237 51.9561 28.3728
v 19.5847 52.226 28.5925
v 19.2646 51.9749 28.5925
v 18.9445 51.7238 28.649
v 18.731 51.5606 28.8373
v 18.2665 51.6359 29.0005
v 17.7895 51.7426 29.2202
v 17.1869 51.7866 29.1762
v 16.8918 51.548 29.1511
v 16.4085 51.7112 29.4022
v 16.013 51.8996 29.6156
v 15.6552 51.6171 29.534
v 15.0464 51.705 29.5529
v 14.4061 51.7426 29.465
v 13.8286 51.8431 29.5089
v 13.3264 51.9686 29.6659
v 12.8054 52.1255 29.9044
v 12.4915 51.8745 29.8542
v 12.1463 51.6045 29.7788
v 11.7822 51.3221 29.6533
v 11.4433 51.6359 29.7098
v 11.0227 51.3095 29.5403
v 10.6586 51.027 29.4022
v 10.1251 51.2405 29.5529
v 9.73588 50.9392 29.4524
v 9.29647 51.0961 29.6345
v 9.02656 51.3786 29.8542
v 9.40319 50.6755 29.4022
v 9.51617 50.1294 28.9189
v 9.79237 49.7653 28.7619
v 10.0686 49.4264 28.7682
v 10.577 49.3071 28.605
v 10.7653 48.8991 28.4481
v 10.9976 48.5413 28.2849
v 11.1608 48.1082 27.9899
v 11.2361 47.675 27.7199
v 11.663 47.4616 27.3747
v 11.9203 47.154 26.8035
v 11.8387 46.6142 26.6591
v 11.9517 46.2627 26.4268
v 12.3409 46.0304 26.2699
v 12.5292 45.6726 26.0251
v 13.0188 45.5031 25.9058
v 13.3515 45.7668 25.9058
v 13.9353 45.6663 25.9498
v 14.3056 45.9614 26.1444
v 14.6634 46.2376 26.2134
v 15.2661 46.7146 26.8098
v 15.4606 47.4239 27.0357
v 16.1009 47.3675 27.2178
v 16.4399 47.6311 27.2554
v 16.76 47.8822 27.3056
v 17.1492 48.1835 27.4249
v 17.6451 47.9826 27.2492
v 17.9841 48.2525 27.3496
v 18.3544 47.9701 27.0859
v 18.3481 48.535 27.4186
v 18.7185 48.8238 27.5253
v 19.0386 49.0748 27.5944
v 19.3337 49.3008 27.563
v 19.6287 49.5331 27.4877
v 19.8735 49.7214 27.4124
v 20.1057 49.9034 27.1864
v 20.4322 50.1608 27.1362
v 20.7711 50.4244 27.224
v 21.0975 50.6818 27.2366
v 21.5056 50.4307 27.0546
v 22.0266 50.2675 26.9227
v 22.3341 50.506 26.9478
v 22.6919 50.2801 26.5838
v 23.0121 50.5311 26.5336
v 23.5268 50.3868 26.7533
v 23.9474 50.7195 27.0106
v 24.2612 50.9643 26.973
v 24.5311 51.1777 26.8662
v 24.7697 51.3597 26.7344
v 24.2298 51.4853 27.1927
v 23.8532 51.6987 27.5253
v 23.4891 51.4162 27.4689
v 22.9995 51.0333 27.0797
v 22.6292 50.7446 26.9227
v 21.8006 50.663 27.0546
v 21.4428 50.9517 27.2554
v 20.9469 51.1526 27.4814
v 20.5263 51.3786 27.8204
v 20.1371 51.6171 28.1719
v 19.6287 51.7301 28.3665
v 19.3148 51.4853 28.3665
v 19.001 51.2405 28.3853
v 18.7122 51.0145 28.423
v 18.4988 51.3786 28.9565
v 17.9778 50.9705 29.2202
v 18.0531 51.4664 29.2453
v 17.7706 51.2467 29.3771
v 17.0111 51.1337 28.9189
v 16.5968 51.3221 29.1637
v 16.057 51.4351 29.3897
v 15.7368 51.1902 29.3332
v 15.2849 51.3283 29.3959
v 14.6446 51.3911 29.3269
v 14.0797 51.4915 29.4462
v 13.816 51.2781 29.4964
v 13.5398 51.6234 29.578
v 13.2385 51.3786 29.6094
v 13.0565 51.7615 29.7475
v 12.7552 51.5229 29.7788
v 12.3911 51.2405 29.7098
v 12.0082 50.9454 29.5591
v 11.393 51.0208 29.4587
v 11.0415 50.7446 29.3897
v 10.6837 50.4621 29.3081
v 10.3197 50.7571 29.2892
v 9.93674 50.4621 29.1511
v 10.1439 50.0478 28.8247
v 10.3824 49.6712 28.7745
v 10.9097 49.5645 28.5674
v 11.0604 49.1313 28.3916
v 11.2863 48.7673 28.197
v 11.4809 48.3592 27.9647
v 11.5311 47.901 27.7137
v 11.9894 47.719 27.3245
v 12.3597 47.4993 27.0734
v 12.6045 47.2105 26.9541
v 12.1714 46.8716 26.6968
v 12.2907 46.5263 26.452
v 12.6736 46.2878 26.295
v 12.8745 45.9425 26.069
v 13.2699 46.2501 26.2574
v 13.7784 46.0995 26.1381
v 14.1487 46.3882 26.2197
v 14.5505 46.7021 26.4143
v 15.1154 47.154 26.9855
v 14.858 47.4993 27.0734
v 15.4606 47.9701 27.6697
v 15.9377 47.7943 27.3998
v 16.2767 48.0579 27.4877
v 16.6408 48.3467 27.607
v 16.9483 48.5789 27.5944
v 17.507 48.466 27.5316
v 17.8334 48.717 27.6132
v 18.1661 48.9807 27.6321
v 18.4988 49.2443 27.6886
v 18.8126 49.4891 27.7325
v 19.1453 49.7465 27.6823
v 19.4529 49.9787 27.6383
v 19.7417 50.2047 27.6195
v 19.9865 50.3993 27.3935
v 20.3129 50.6504 27.4249
v 20.6205 50.8952 27.4751
v 20.1497 51.0835 27.7011
v 19.7731 51.3346 28.0715
v 19.4529 51.0898 28.0715
v 19.1328 50.845 28.1028
v 18.844 50.6127 28.1719
v 18.5365 50.3742 28.197
v 18.323 50.7132 29.0507
v 17.6074 50.6818 29.057
v 17.2559 50.845 28.9314
v 16.8981 50.5625 28.7933
v 16.6721 50.8701 28.8875
v 16.2516 51.0521 29.1135
v 15.9126 50.7885 29.0256
v 15.3853 50.914 29.1951
v 14.8329 50.9768 29.1135
v 14.3245 51.14 29.3332
v 14.0106 50.8952 29.3583
v 13.4896 51.0333 29.4713
v 12.8745 51.0961 29.5717
v 12.5355 50.8387 29.4713
v 12.1965 50.5688 29.3457
v 11.6316 50.6441 29.4524
v 11.2487 50.3491 29.352
v 10.916 50.0855 29.2641
v 11.4935 50.0164 29.2013
v 11.6567 49.5958 28.9691
v 12.0521 49.9097 29.17
v 12.2216 49.4954 28.9503
v 11.9266 49.2632 28.9628
v 12.5857 49.7779 29.057
v 12.7489 49.351 28.6678
v 13.1318 49.6461 28.8184
v 13.1381 49.1564 28.4042
v 12.6485 48.7735 28.1154
v 13.1444 48.6229 27.8204
v 12.7552 48.3216 27.6948
v 12.1526 48.3844 27.7074
v 12.0961 48.8426 27.9334
v 11.776 48.5915 27.9271
v 11.7948 49.169 27.9961
v 11.55 48.9744 28.128
v 11.8262 48.1333 27.6258
v 12.3409 47.9952 27.4124
v 12.818 47.8571 27.3559
v 13.0502 47.562 27.2805
v 13.1695 47.2168 26.973
v 12.7112 46.8527 26.6089
v 13.1193 46.6456 26.5775
v 13.634 46.5389 26.3892
v 13.9792 46.8025 26.4457
v 14.5002 47.2168 26.929
v 14.3747 47.6248 27.2303
v 14.9522 48.0705 27.8329
v 14.3935 48.1709 27.563
v 14.9271 48.5852 28.0777
v 15.3477 48.3844 27.9899
v 15.8059 48.24 27.7011
v 16.2076 48.5538 27.8831
v 16.5089 48.7924 27.8329
v 16.9609 49.1439 28.128
v 17.3689 48.9116 27.8267
v 17.7141 49.1816 27.8329
v 18.0594 49.4577 27.8894
v 18.3921 49.7151 27.9334
v 18.7059 49.9599 27.902
v 19.0261 50.211 27.9145
v 19.3148 50.437 27.8894
v 19.6036 50.6567 27.8518
v 19.8233 50.8262 27.6383
v 18.2289 50.1357 28.2096
v 18.5804 50.4056 28.9942
v 17.9213 49.8909 28.1844
v 17.6012 49.6461 28.1782
v 17.3877 49.9787 28.3916
v 17.0739 49.7339 28.3728
v 17.0237 50.2236 28.5234
v 17.7393 50.2487 29.17
v 18.0657 50.506 29.17
v 16.5466 50.2926 28.718
v 16.2892 50.5688 28.7871
v 15.9189 50.2801 28.6678
v 15.5234 50.4872 28.8749
v 14.9522 50.5751 28.9691
v 14.5002 50.7132 29.126
v 14.155 50.4495 29.0695
v 13.6779 50.6379 29.3081
v 13.1381 50.7571 29.4462
v 12.7803 50.4746 29.3206
v 12.4476 50.211 29.2704
v 11.845 50.2989 29.3332
v 12.9498 50.0666 29.1449
v 13.4645 49.9097 28.9
v 13.5649 49.4891 28.6615
v 13.6214 48.9932 28.2033
v 13.6403 48.4973 27.745
v 13.2574 48.196 27.5693
v 13.452 47.8696 27.5065
v 13.5963 47.5432 27.1927
v 13.521 46.9532 26.8411
v 13.973 47.311 27.0859
v 14.0232 47.8822 27.3873
v 13.8725 48.2023 27.7074
v 14.2743 48.5162 27.8643
v 14.7011 48.8489 28.0966
v 15.2661 48.8489 28.0903
v 15.6992 48.6543 28.0275
v 16.0256 48.9116 28.0966
v 16.4336 49.2318 28.2849
v 16.7977 49.5205 28.4104
v 17.2622 49.3824 28.1154
v 16.6784 49.9536 28.4418
v 16.1637 49.9913 28.5234
v 15.5485 49.985 28.4983
v 15.1531 50.1922 28.7996
v 14.6321 50.324 28.9126
v 14.2931 50.0604 28.831
v 13.8349 50.1985 29.0193
v 13.3139 50.3554 29.2265
v 13.9227 49.7716 28.7619
v 14.0169 49.3071 28.4481
v 14.0797 48.8363 28.0087
v 14.4877 49.1564 28.2033
v 15.0777 49.1439 28.2221
v 15.5736 49.0937 28.1593
v 15.9942 49.4201 28.3853
v 16.3269 49.6837 28.3351
v 15.8059 49.7151 28.4355
v 15.1907 49.7088 28.4042
v 14.7639 49.8909 28.6239
v 14.4061 49.6084 28.5548
v 14.8392 49.4389 28.2912
v 15.4795 49.4577 28.4167
v 23.4829 50.9015 26.9478
v 23.9034 51.2342 27.1927
v 26.7972 48.9618 24.7571
v 26.4457 48.6919 24.7383
v 26.1004 48.422 24.6379
v 26.0439 48.9807 25.14
v 26.2699 47.9449 24.5625
v 25.8933 47.6499 24.3742
v 25.3848 47.2482 24.6316
v 24.5939 47.2419 24.1106
v 25.1275 47.0473 24.7822
v 25.5167 46.7523 24.4809
v 24.619 47.2607 24.9078
v 26.3955 47.4365 24.2926
v 26.6152 47.1101 24.2926
v 26.9918 46.8402 24.0039
v 27.1487 46.4322 23.8469
v 26.8098 46.1685 23.803
v 26.7533 45.6412 23.2506
v 27.1738 45.9676 23.4954
v 27.3308 45.6098 23.3259
v 26.8914 45.2646 23.0999
v 26.3264 45.3085 22.9807
v 26.4771 44.9445 22.8677
v 26.6905 44.5427 22.761
v 26.3327 44.2603 22.648
v 26.4645 43.8083 22.4408
v 26.3892 43.1869 22.2149
v 26.5649 42.8165 22.0956
v 26.2134 42.5403 21.9889
v 25.774 42.1951 21.8194
v 25.3911 41.9 21.6813
v 25.0396 41.6238 21.5432
v 24.5374 41.7368 21.562
v 24.1231 41.4104 21.3926
v 23.7402 41.1154 21.267
v 23.3699 40.8267 21.1729
v 23.0372 41.128 21.1164
v 22.4785 41.2472 21.154
v 21.8822 41.3477 21.1289
v 21.6436 41.1593 21.2733
v 21.8508 40.7513 21.1101
v 21.6436 40.5881 21.4051
v 20.8716 40.5567 20.9281
v 20.4949 40.2617 20.7774
v 20.1497 39.9918 20.7523
v 19.8107 39.7281 20.677
v 19.6475 40.0797 20.8464
v 19.3964 39.8851 20.9532
v 19.0951 39.6465 20.9971
v 18.6494 39.7784 21.198
v 18.6181 39.2762 20.6519
v 18.7813 38.9184 20.5765
v 19.001 38.5229 20.4322
v 19.1077 38.0521 20.1936
v 19.3776 37.7006 20.0367
v 19.6036 37.3679 19.9928
v 19.8547 36.9913 19.9174
v 19.8107 36.4075 19.817
v 20.3129 36.2506 19.8295
v 20.6644 36.0372 20.1057
v 21.2356 35.9116 20.112
v 21.3863 35.4722 19.9112
v 21.5746 35.0642 19.6726
v 21.6123 34.5872 19.4215
v 21.788 34.1666 19.3337
v 22.0328 33.8151 19.2081
v 22.3655 33.5389 18.9005
v 22.4911 33.156 18.7185
v 22.7735 32.7919 18.4611
v 22.4095 32.5031 18.3419
v 22.0077 32.1893 18.1975
v 21.5809 31.8566 17.9903
v 21.1854 31.549 17.846
v 21.1791 30.959 17.5698
v 21.154 30.4254 17.4128
v 21.5683 30.3312 16.6972
v 21.8006 30.0425 16.5278
v 21.675 29.5654 16.3081
v 21.6374 29.1888 16.1637
v 21.5683 28.7933 16.0068
v 21.6311 28.3728 15.8373
v 21.7315 27.9836 15.7808
v 22.1333 27.8141 15.7243
v 22.1647 27.3998 15.5987
v 22.5789 27.1801 15.5674
v 22.9744 26.973 15.4732
v 23.2945 26.6968 15.3037
v 23.5519 26.3892 15.1782
v 23.8658 26.069 15.0903
v 24.142 25.7929 14.9773
v 24.4182 25.5543 14.9334
v 24.6441 25.3346 14.789
v 24.914 25.0961 14.7513
v 25.1651 24.845 14.5693
v 25.4727 24.6567 14.5944
v 25.5167 25.1212 14.6383
v 25.2718 25.3786 14.8267
v 25.4099 25.9372 15.0589
v 25.8117 26.2511 15.1531
v 25.8619 26.6842 15.3477
v 25.5606 26.9039 15.3539
v 25.3535 27.2366 15.5297
v 25.6987 27.5065 15.6301
v 25.3095 27.7702 15.6803
v 25.2216 28.2096 15.9314
v 24.8324 28.423 16.0884
v 24.4872 28.6741 16.2453
v 24.1106 28.9252 16.283
v 23.621 28.9754 16.2516
v 23.6147 29.4524 16.3081
v 23.0937 29.5215 16.3457
v 23.0999 29.9985 16.5843
v 23.1564 30.3877 16.7286
v 22.7924 30.4442 16.6847
v 22.8677 30.8836 16.7726
v 22.4722 31.0406 17.3815
v 22.3279 31.3419 17.8585
v 22.2902 31.8315 17.9025
v 22.7108 31.6432 17.9778
v 22.6668 32.1202 18.0845
v 22.8489 33.4322 18.8754
v 23.1941 33.7021 18.9319
v 23.5268 33.9657 18.9821
v 23.8846 34.2482 19.0826
v 23.8658 34.7127 19.3399
v 23.8281 35.2211 19.6977
v 23.6021 35.5852 19.8547
v 23.4452 36.0246 19.9865
v 23.8155 36.3134 20.0744
v 23.7402 36.7591 20.2376
v 24.1294 37.0666 20.4133
v 23.9097 37.4433 20.5703
v 24.2926 37.7446 20.7146
v 24.6253 38.0082 20.7774
v 24.4495 38.4288 20.8967
v 24.776 38.6799 20.9343
v 25.1651 38.9874 21.0661
v 25.5355 39.2762 21.154
v 25.8745 39.5398 21.2607
v 26.2134 39.8098 21.3298
v 26.5775 40.0922 21.4177
v 26.8976 40.3433 21.5181
v 27.5065 40.2617 21.4867
v 28.1028 40.1801 21.4553
v 28.4858 39.973 21.3423
v 28.8373 40.2492 21.4114
v 29.4022 40.1236 21.4365
v 30.1241 40.1487 21.6939
v 30.3375 39.7784 21.7566
v 30.6074 39.9918 21.6185
v 30.7267 39.6026 21.606
v 31.141 39.3452 21.5369
v 31.5427 39.0753 21.562
v 31.6118 38.6108 21.5056
v 31.9947 38.4978 21.5495
v 31.9633 38.0019 21.5307
v 31.9445 37.6127 21.4365
v 31.9005 37.2298 21.3423
v 31.9068 36.8909 21.3047
v 31.9507 36.4577 21.2231
v 32.1579 36.1502 21.198
v 32.1956 35.6919 21.1666
v 32.3713 35.3906 21.2168
v 32.3839 34.8571 21.1603
v 32.7542 34.6248 20.9594
v 33.0618 34.8696 20.9594
v 33.3568 35.1019 20.9155
v 33.6519 35.3341 20.9155
v 34.0097 35.6103 20.9657
v 34.4428 35.4283 20.9029
v 34.9763 35.3404 20.7962
v 35.2463 34.9826 20.6707
v 35.5664 34.7441 20.5828
v 35.9116 35.014 20.6205
v 36.2443 35.2776 20.6707
v 36.5582 35.5224 20.6895
v 36.8281 35.2651 20.5765
v 37.1106 35.0956 20.5765
v 37.4307 34.8947 20.6456
v 37.7508 35.1521 20.7021
v 37.4621 35.3718 20.6707
v 37.4998 35.7924 20.6707
v 37.7948 36.0309 20.6832
v 37.5186 36.2757 20.7586
v 37.8764 36.5519 20.8088
v 38.1526 36.3071 20.7586
v 38.2091 35.9556 21.5432
v 38.5418 36.2129 21.6311
v 38.5292 35.7547 21.7315
v 38.1714 35.4785 21.6625
v 38.9749 35.2149 22.0579
v 38.4539 34.8069 21.5432
v 38.1526 35.014 21.5432
v 38.4664 34.4365 21.5056
v 39.0565 34.8947 22.1709
v 39.3013 35.0893 22.0203
v 39.6779 34.8696 22.014
v 39.6905 34.3486 21.9324
v 39.9227 34.5307 21.7566
v 39.5649 33.746 21.3486
v 40.0985 34.1603 21.8508
v 40.0169 33.6142 21.6123
v 39.7093 33.3757 21.6311
v 39.2197 33.4761 21.3047
v 39.0314 33.8276 21.1038
v 38.7238 34.1289 21.311
v 38.887 33.2125 21.3235
v 38.8933 32.7354 21.9198
v 38.818 32.1328 22.3718
v 38.4915 31.8754 22.3216
v 38.5983 31.4611 22.3028
v 38.7866 31.1284 22.2086
v 38.774 30.7141 22.0705
v 38.4288 30.4442 21.9763
v 38.3974 29.9609 21.8445
v 38.0521 29.691 21.7566
v 38.0647 29.2202 21.5495
v 37.7006 28.9314 21.4365
v 38.071 28.7619 21.3612
v 38.1714 28.4544 20.9971
v 38.1526 27.9522 21.0787
v 37.7697 27.6509 20.8653
v 37.9894 27.381 20.746
v 37.619 27.0922 20.633
v 37.142 27.6446 20.1497
v 36.803 27.381 20.1622
v 37.142 27.1613 20.1183
v 37.0855 26.6779 20.2187
v 37.3617 26.4708 20.2627
v 37.5876 26.2636 20.1309
v 37.732 25.9435 20.0053
v 37.9831 25.7112 19.886
v 38.0145 25.2718 19.5157
v 38.2342 25.0459 19.3588
v 38.2656 24.6002 18.731
v 37.9643 24.3617 18.8064
v 37.619 24.0917 18.8064
v 37.2549 23.8093 18.6997
v 36.9474 23.5707 18.7122
v 36.6272 23.3134 18.7059
v 36.8218 22.9744 18.4737
v 36.4891 22.7108 18.4423
v 36.1439 22.4471 18.4109
v 35.7986 22.1772 18.4109
v 35.4973 21.9387 18.4046
v 35.1647 21.6813 18.367
v 35.3027 21.3361 18.0908
v 35.4157 21.0034 17.9527
v 35.6103 20.6142 17.8271
v 35.8049 20.2438 17.6702
v 35.4722 19.9865 17.7016
v 35.6919 19.6663 17.6514
v 36.1502 19.591 17.5133
v 36.2443 19.183 17.4066
v 36.351 18.7938 17.1178
v 36.4201 18.3732 16.9295
v 36.5393 18.0719 16.7349
v 36.8344 17.8334 16.3269
v 36.8281 17.3626 15.9628
v 37.1294 17.1241 15.718
v 37.1106 16.6784 15.5171
v 37.3868 16.3959 15.1531
v 37.6692 16.1449 14.7262
v 37.9329 15.8938 14.4124
v 38.1589 15.6678 14.0734
v 38.4664 15.9 14.0734
v 38.7803 16.1511 14.0169
v 39.0942 16.3897 14.042
v 39.3829 16.17 13.7156
v 39.6842 15.9628 13.5336
v 40.0295 16.2327 13.5336
v 40.3684 16.4964 13.5587
v 40.7388 16.7851 13.6528
v 41.1217 17.0802 13.7846
v 41.5548 16.9734 13.6842
v 41.9816 16.9358 13.5712
v 42.3206 17.1931 13.6654
v 42.6721 17.4693 13.703
v 43.0048 17.7267 13.7658
v 43.3187 17.9715 13.7658
v 43.7079 18.2791 13.8349
v 44.0468 18.5427 13.8725
v 44.3607 18.7875 13.8851
v 44.6432 18.5239 13.4582
v 45.0261 18.323 13.0377
v 45.3337 18.5616 13.0439
v 45.6412 18.3544 12.5732
v 45.9676 18.1912 12.1965
v 46.2125 17.8648 11.6316
v 46.2501 17.394 11.098
v 46.2376 16.8856 10.6272
v 46.156 16.3959 10.1313
v 46.2501 16.0005 9.74215
v 45.8044 15.6552 9.44085
v 45.409 15.3477 9.34669
v 45.1265 15.1217 9.39691
v 44.8817 14.9396 9.51617
v 44.8252 14.4375 8.97006
v 44.5239 14.2052 9.03911
v 44.1912 13.9479 9.07677
v 44.2289 13.5524 8.7127
v 43.9338 13.3264 8.74408
v 43.6074 13.069 8.75664
v 43.2622 12.7991 8.7127
v 43.2622 12.4351 8.29213
v 43.168 11.9141 7.87784
v 42.8291 11.6441 7.86528
v 42.8416 11.2361 7.50121
v 42.534 10.9976 7.49493
v 42.2013 10.7402 7.46354
v 41.8687 10.4829 7.43216
v 41.5234 10.2129 7.36939
v 41.1844 9.9493 7.35683
v 40.8141 9.66055 7.26267
v 40.4249 9.35925 7.12458
v 40.8455 9.27764 7.05553
v 41.1531 9.09561 6.82955
v 41.423 8.81313 6.46548
v 41.5987 8.46789 5.88798
v 41.9252 8.21053 5.54273
v 41.8373 7.71463 5.28537
v 42.1762 7.51376 4.99662
v 42.1951 7.07436 4.73926
v 42.4022 6.817 4.25591
v 42.6282 6.61613 3.96089
v 43.0048 6.91115 4.03621
v 43.325 6.68518 3.37084
v 43.5133 6.38387 3.07581
v 43.9464 6.28971 2.72429
v 44.3481 6.60357 2.87494
v 44.4297 7.09947 2.98165
v 44.5741 7.65186 3.21391
v 44.8629 7.87784 3.08836
v 44.5553 8.11009 3.97972
v 44.3481 7.48237 3.4085
v 44.2916 7.90922 4.03621
v 44.367 8.33607 4.26219
v 44.9005 8.38001 3.96717
v 44.7185 8.61226 4.30613
v 45.0449 8.86963 4.30613
v 45.2772 8.67504 4.02994
v 45.3713 9.12071 4.31869
v 45.6977 9.3718 4.31869
v 46.0241 9.62289 4.36263
v 46.3568 9.88653 4.40029
v 46.6832 9.76098 4.30613
v 47.0222 10.0246 4.29358
v 47.3675 9.81748 3.62192
v 47.3675 10.2945 4.35635
v 47.3988 10.69 4.52583
v 47.4804 11.1796 4.91502
v 47.4491 11.6065 5.14099
v 47.7755 11.8638 5.1661
v 47.719 12.2781 5.33559
v 48.0579 12.5418 5.34186
v 48.4095 12.8117 5.42347
v 48.7735 13.0942 5.59295
v 49.1753 13.408 5.70594
v 49.577 13.7219 5.84404
v 50.0164 14.0608 6.12651
v 50.7508 14.1676 6.07629
v 50.4621 14.4061 6.36504
v 50.8952 14.745 6.60357
v 51.2781 15.0401 6.79189
v 51.7112 15.3728 6.99903
v 52.069 15.6552 7.11202
v 52.4143 15.9189 7.24384
v 53.2554 16.1072 7.31917
v 53.2303 15.6364 6.95509
v 53.5881 15.9126 7.0367
v 54.1468 15.9252 6.73539
v 54.5297 15.8498 6.70401
v 54.8561 16.1009 6.70401
v 55.3834 16.0319 6.41526
v 55.7035 16.283 6.44037
v 55.9358 16.013 6.28344
v 56.2747 16.2767 6.27716
v 56.6953 16.17 6.03863
v 57.0594 16.0381 5.71222
v 56.0801 16.5717 6.51569
v 56.0362 17.0111 7.21246
v 56.0927 17.4317 7.40077
v 56.1618 17.9087 7.84017
v 56.5384 18.1975 7.92805
v 56.8773 18.4611 7.95316
v 56.8773 18.9194 8.29841
v 56.8899 19.3901 8.66876
v 57.0343 19.9363 9.09561
v 57.3607 20.1873 9.13327
v 57.4046 20.7335 9.54128
v 57.7122 20.972 9.49734
v 58.0449 21.2356 9.52245
v 58.4278 21.5307 9.62916
v 58.7982 21.3047 9.5099
v 59.2376 21.6436 9.76726
v 59.9155 22.1709 9.84259
v 60.2294 21.9826 9.76726
v 60.6625 21.8571 9.65427
v 61.0642 21.7127 9.48479
v 61.3027 21.4742 9.12071
v 61.6229 21.3423 8.94495
v 62.0811 21.2231 8.55577
v 62.577 21.1603 8.3549
v 63.0604 21.1038 8.05987
v 63.4056 20.9594 7.77112
v 63.324 21.311 7.98455
v 63.6253 21.5432 7.95944
v 63.9329 21.7817 7.94061
v 64.2593 22.0328 7.97827
v 64.5857 22.2902 7.94061
v 64.9184 22.5476 7.94688
v 65.226 22.7861 7.94061
v 65.5273 23.0183 7.87784
v 65.8851 22.8802 7.65814
v 66.1927 23.1125 7.58909
v 66.4877 23.3448 7.56398
v 66.8078 23.5896 7.51376
v 66.7199 23.9474 7.75229
v 66.6258 24.2989 8.0536
v 66.4124 24.5814 8.24819
v 66.4877 25.1212 8.47417
v 66.8266 25.3786 8.53066
v 66.2052 25.2718 8.64365
v 65.8851 25.4476 8.92612
v 65.5524 25.6485 9.13955
v 65.7784 25.8242 9.66683
v 65.4833 26.0565 9.99324
v 65.5336 26.5273 10.351
v 65.8474 26.7721 10.3448
v 66.1738 27.0232 10.3448
v 66.5128 27.2931 10.395
v 66.7827 27.5002 10.3008
v 67.0275 27.6948 10.1502
v 67.266 27.8769 9.98068
v 67.4983 28.0589 9.8112
v 67.492 28.5674 10.056
v 67.6992 28.7306 9.79865
v 67.9252 28.9 9.57895
v 68.3143 29.2076 9.77354
v 68.6784 29.4901 9.87397
v 69.3312 29.4775 9.61033
v 69.9778 29.5529 9.49107
v 70.323 29.8165 9.52873
v 70.6055 29.5717 9.21487
v 70.9947 29.4148 8.98262
v 71.2897 29.647 8.9324
v 71.5659 29.8605 8.86335
v 71.5471 30.3061 9.16465
v 71.8421 30.5321 9.12071
v 72.1999 30.8083 9.13955
v 72.4698 31.0217 9.07677
v 72.7648 31.2477 9.05167
v 73.041 31.4611 8.92612
v 73.3361 31.6934 8.9324
v 73.6311 31.9194 8.91984
v 73.9952 31.7436 8.59971
v 74.2463 31.5176 8.29841
v 74.5538 31.3795 8.10381
v 74.8489 31.6055 8.08498
v 74.874 32.001 8.24819
v 74.8614 32.4215 8.49927
v 74.8614 32.8735 8.76292
v 74.8426 33.3254 9.03283
v 74.8426 33.7586 9.25253
v 75.1439 33.9908 9.19604
v 75.1251 34.493 9.52245
v 75.3824 34.6939 9.42829
v 75.6586 34.9073 9.3718
v 75.9913 35.1709 9.37808
v 75.9285 35.6041 9.41574
v 75.7779 35.987 9.49107
v 76.0352 36.1816 9.30903
v 76.3052 36.395 9.1521
v 76.5751 36.6084 9.10188
v 76.8827 36.8469 9.06422
v 77.3158 36.6837 9.05167
v 77.7175 36.508 8.95123
v 78.1004 35.8551 8.59971
v 77.6422 36.9411 9.0705
v 77.6045 37.4056 9.32786
v 77.9498 37.6755 9.42202
v 77.9372 38.0898 9.60406
v 77.9058 38.479 9.79865
v 77.6924 38.7426 9.84259
v 77.4225 38.9874 10.0183
v 77.8117 39.2887 10.2694
v 78.1255 39.5336 10.2506
v 78.4017 39.747 10.1753
v 78.4959 40.1864 10.1502
v 78.3641 40.5191 10.2255
v 78.182 40.8329 10.2757
v 77.9498 41.1217 10.3448
v 78.2009 41.3163 10.238
v 78.0502 41.6301 10.2067
v 78.5524 42.0193 10.6523
v 78.4457 42.4462 10.2569
v 78.2071 42.76 10.3322
v 78.6465 43.099 10.6272
v 78.929 43.3187 10.4891
v 79.7262 42.9232 10.4954
v 78.5273 43.5258 10.7026
v 78.9855 43.8836 11.0604
v 79.2178 44.0657 10.9348
v 79.4375 43.7079 10.9725
v 79.7262 43.9338 10.9285
v 80.0589 44.1975 10.2255
v 80.2912 44.3795 10.0937
v 80.5109 44.0468 9.95558
v 80.8247 44.2854 9.93047
v 81.1637 44.549 10.0309
v 81.5717 44.3607 10.4389
v 81.6345 44.9194 10.4452
v 81.9672 45.1767 10.5331
v 82.6137 44.7436 10.464
v 81.7161 44.9759 11.3742
v 82.0362 45.2332 11.4244
v 82.5635 45.1265 11.324
v 82.3501 45.4717 11.4558
v 82.7957 45.3085 11.1294
v 82.9652 45.4466 10.8281
v 83.3481 45.7417 10.2757
v 83.6745 45.5659 10.69
v 83.9821 45.8044 11.437
v 84.5471 45.7731 11.4119
v 84.2897 46.043 11.437
v 84.7982 45.9676 11.2926
v 85.0806 46.1873 11.1733
v 85.2752 45.886 11.9078
v 85.7899 45.4843 11.6065
v 86.1352 46.1246 11.3177
v 86.7755 46.6205 11.393
v 87.2023 46.1183 11.776
v 87.2525 46.6205 11.2487
v 87.4973 46.8088 11.1545
v 87.353 47.0661 11.3679
v 87.7861 47.0348 11.0666
v 88.4389 47.085 10.9474
v 87.0893 46.8653 11.4558
v 86.154 47.0222 10.7716
v 86.0724 46.0744 11.8827
v 85.4384 46.4698 11.2738
v 84.8295 46.4635 11.2298
v 84.4969 46.633 11.5876
v 84.4529 47.1101 11.9831
v 84.5157 47.6625 12.071
v 84.2269 47.4365 12.1024
v 83.6997 47.0222 11.5625
v 83.5616 47.4428 11.663
v 83.3858 47.7378 11.7006
v 82.8522 47.3172 11.142
v 82.7455 47.6876 11.3742
v 82.0927 47.1791 11.2549
v 82.2434 46.8464 11.1608
v 81.9169 46.5954 11.1733
v 82.1806 46.7962 11.8073
v 81.647 46.3819 12.0773
v 81.8416 46.0995 11.958
v 81.3269 46.1309 12.0208
v 81.4148 46.6519 12.5983
v 81.1197 46.4196 12.6359
v 80.9251 46.7711 12.8368
v 81.2265 47.0034 12.7803
v 81.5717 47.2733 12.8996
v 81.1951 47.4679 13.069
v 81.5905 47.7755 13.295
v 81.9483 47.562 13.1004
v 82.1931 47.2545 12.9749
v 82.4317 47.4428 12.7991
v 82.2434 47.7943 12.9937
v 81.9107 48.0203 13.3327
v 81.1009 47.7692 13.2197
v 80.9063 47.2419 13.2009
v 80.6113 47.0097 13.2448
v 80.2347 46.7146 13
v 79.7137 47.1415 12.5543
v 79.4186 47.3612 12.7991
v 79.1362 47.5934 13.1004
v 78.8349 47.3549 13.1632
v 78.4206 47.4428 13.0565
v 78.0063 47.5872 13.0251
v 77.5794 47.7252 12.4099
v 77.2656 47.4742 12.3409
v 77.0019 47.267 12.4602
v 76.5186 47.3988 13.0942
v 76.8387 46.677 12.4853
v 77.1651 46.9343 12.5606
v 77.2342 46.5138 12.366
v 76.914 46.2689 12.3597
v 76.5939 46.4886 12.6296
v 76.2487 46.6832 12.9561
v 75.8406 46.3631 12.818
v 75.8155 46.8527 13.5963
v 75.3134 46.4698 13.1067
v 75.1564 46.7774 13.7658
v 74.9116 47.0599 13.4833
v 75.3071 47.3675 13.6528
v 75.7402 47.2294 13.7281
v 75.7088 47.6813 13.8474
v 75.4891 47.9889 13.7281
v 75.7904 48.2211 13.7533
v 75.2318 48.6605 13.9165
v 75.4577 49.3071 14.2178
v 75.5456 49.8532 14.224
v 75.3322 49.69 14.45
v 74.9242 50.2926 14.3245
v 75.4577 50.7132 14.1299
v 74.9744 50.8262 14.2994
v 75.2883 51.071 14.2492
v 75.8155 50.9894 14.2931
v 74.5413 51.0145 14.5944
v 74.2839 50.8136 14.6823
v 73.9073 50.5186 14.5818
v 73.5683 50.2549 14.5316
v 72.9029 50.2801 14.9083
v 72.7021 50.55 14.9773
v 72.564 50.8952 15.2912
v 72.3694 51.2405 15.423
v 72.0744 51.0082 15.5171
v 71.7731 50.7759 15.5297
v 71.5094 51.0459 15.6741
v 71.2081 51.6799 16.0821
v 70.6181 51.6485 16.1009
v 70.1222 51.705 16.17
v 69.7832 51.8305 16.76
v 69.6074 52.1067 17.0048
v 69.2308 52.2574 17.4003
v 68.8479 52.4394 17.9464
v 68.5591 52.2197 18.0468
v 68.2892 52.0125 18.1347
v 67.8498 52.0565 18.3732
v 67.4606 52.226 18.5427
v 67.1091 51.9498 18.4737
v 67.1217 51.4853 18.1222
v 66.8266 51.7301 18.4925
v 66.4061 51.8807 18.4235
v 65.9478 51.9812 18.1975
v 65.6528 51.7489 18.2289
v 65.3829 51.9498 18.4988
v 64.9498 52.0879 18.7813
v 64.6736 51.8682 18.8817
v 64.3974 52.1506 19.1328
v 64.1024 51.9184 19.2144
v 63.7948 51.6799 19.1956
v 63.5311 51.4727 19.3023
v 63.2738 51.818 19.591
v 62.9725 51.5857 19.6852
v 62.7151 51.8682 19.9112
v 62.5331 52.226 20.5012
v 62.0058 52.3515 20.7586
v 61.7045 52.6277 21.0159
v 61.3969 52.3892 21.0348
v 61.1207 52.1695 21.0913
v 60.8633 52.3578 21.3172
v 60.606 52.1569 21.4114
v 60.3486 51.9561 21.5307
v 60.0975 51.7552 21.6374
v 59.8716 52.0188 21.8194
v 59.6519 52.295 22.083
v 59.3757 52.0816 22.1521
v 59.0806 51.8493 22.2211
v 58.8609 52.1318 22.3655
v 58.6852 52.3892 22.6543
v 58.2081 52.4708 22.9367
v 57.9382 52.2636 23.0183
v 57.3984 52.3327 23.2883
v 57.0845 52.0879 23.2757
v 56.7832 51.8493 23.2443
v 56.4568 52.1569 23.3699
v 55.8981 52.2385 23.4389
v 55.5654 52.4896 23.6335
v 55.1574 52.6968 23.7465
v 54.8498 52.4582 23.6963
v 54.536 52.2071 23.6649
v 54.2096 52.4959 23.8909
v 53.9145 52.2636 23.9536
v 53.5379 52.408 24.0415
v 53.1299 52.0942 23.8281
v 52.7909 52.3076 23.8846
v 52.4771 52.0628 23.8846
v 51.9812 52.1444 23.9725
v 51.6924 51.9184 23.9599
v 51.3534 51.6548 23.9034
v 50.9392 51.7991 24.0039
v 50.6818 51.9435 24.0855
v 50.3805 52.0565 24.211
v 50.0604 51.7991 24.1545
v 49.7967 51.9749 24.2424
v 49.4075 51.6736 24.1545
v 49.1941 51.9749 24.3177
v 48.9179 52.1695 24.5311
v 48.6041 51.9247 24.506
v 48.1835 52.1067 24.5186
v 47.8508 51.8493 24.506
v 47.562 52.2071 24.6692
v 47.2356 51.9498 24.6379
v 46.9343 51.7112 24.619
v 46.5828 52.0188 24.7446
v 46.1371 52.1569 24.8889
v 45.6161 52.2887 24.9392
v 45.1077 52.4268 25.0019
v 44.7687 52.1569 24.9894
v 44.2603 52.3201 25.0459
v 43.9401 52.0753 24.9894
v 43.4819 52.2197 25.071
v 42.9295 52.339 25.14
v 42.5654 52.0565 25.0459
v 42.2013 51.7677 24.9705
v 41.9 51.5355 24.9517
v 41.3728 51.6799 25.0396
v 41.0024 51.3911 24.9768
v 40.6697 51.1275 24.8952
v 40.4124 51.4978 24.8199
v 40.3621 50.8889 24.8513
v 40.0169 50.619 24.7634
v 39.6465 50.324 24.663
v 39.339 50.0855 24.6065
v 38.9812 49.8093 24.5311
v 38.6548 49.5456 24.5249
v 38.3283 49.2945 24.4746
v 37.9831 49.0183 24.4495
v 37.6253 48.7421 24.4056
v 37.2989 48.4848 24.3052
v 36.9411 48.2086 24.2047
v 36.3636 48.3279 24.1545
v 35.8363 48.4095 24.1231
v 35.6417 48.7986 24.1985
v 35.0705 48.9054 24.2236
v 34.719 48.6292 24.1796
v 34.3612 48.3467 24.1043
v 33.9908 48.0579 23.9788
v 33.633 47.7755 23.8783
v 32.9928 47.8508 23.8595
v 32.5031 47.9763 23.8658
v 32.1893 48.2902 23.9913
v 31.6997 48.466 24.0917
v 31.1724 48.6166 24.2236
v 30.6765 48.7108 24.3052
v 30.1241 48.761 24.9392
v 29.8291 48.5287 24.2612
v 29.4713 48.7735 24.6567
v 29.0381 48.4346 24.3554
v 28.6741 48.1584 24.2926
v 28.3225 48.4471 24.5563
v 27.7137 48.4722 24.4746
v 27.2805 48.7359 24.7257
v 26.9478 48.4722 24.6881
v 26.6026 48.2023 24.6127
v 26.7972 47.7566 24.506
v 26.929 47.3612 24.3177
v 27.3182 47.0913 24.0541
v 27.5191 46.7209 23.9662
v 27.5316 46.2501 23.621
v 27.7137 45.9111 23.4954
v 27.8769 45.4655 23.3322
v 27.4751 45.1516 23.1564
v 27.0922 44.8566 23.0183
v 27.2617 44.436 22.8112
v 26.8474 44.1096 22.5727
v 26.7721 43.4882 22.3781
v 26.9541 43.1241 22.2651
v 27.2052 42.7475 22.1835
v 26.7846 42.421 21.9701
v 26.4394 42.1511 21.8445
v 26.0628 41.8561 21.7315
v 25.7364 41.5987 21.6688
v 25.3848 41.3225 21.5181
v 24.9831 41.0087 21.4051
v 24.6692 41.3351 21.4365
v 24.3052 41.0526 21.3047
v 23.985 40.8015 21.2231
v 23.6147 40.5065 21.1666
v 23.0246 40.5567 21.0661
v 22.6919 40.858 21.0975
v 22.1647 41.0024 21.1038
v 22.3404 40.5818 21.0348
v 22.0077 40.3245 21.0285
v 21.8257 40.1801 21.3235
v 21.4114 40.4061 21.562
v 20.9971 40.0859 21.3737
v 20.7648 39.9039 20.8464
v 20.3443 39.5712 20.6832
v 19.9676 39.2762 20.5263
v 19.4843 39.4708 20.6644
v 19.1014 39.1695 20.6079
v 19.3085 38.7615 20.4949
v 19.4529 38.3221 20.2438
v 19.7166 37.9643 20.1309
v 19.9739 37.6567 20.1371
v 20.225 37.2801 20.0116
v 20.1811 36.69 19.9174
v 20.5075 36.9474 19.9676
v 20.7586 36.6021 20.0932
v 21.0222 36.3134 20.1936
v 21.5809 36.1816 20.2062
v 21.7629 35.7673 20.0179
v 21.9198 35.3341 19.7542
v 21.9826 34.8759 19.5282
v 22.127 34.4302 19.409
v 22.3718 34.0787 19.296
v 22.7233 33.8213 18.957
v 23.1376 34.1478 19.114
v 23.5142 34.4365 19.2583
v 23.4703 34.9387 19.5847
v 23.2192 35.2902 19.6977
v 23.0999 35.7547 19.8923
v 23.0246 36.2004 20.1309
v 23.3824 36.4829 20.1811
v 23.2067 36.8971 20.3506
v 23.5268 37.1482 20.3757
v 23.3071 37.5311 20.5263
v 23.6963 37.8387 20.7084
v 24.098 38.1526 20.8339
v 23.8846 38.5543 20.859
v 24.2424 38.8368 20.9406
v 24.55 39.0753 21.0097
v 24.8952 39.3515 21.0724
v 25.2844 39.6528 21.1791
v 25.6359 39.929 21.2733
v 26.0126 40.224 21.3612
v 26.3766 40.5065 21.4491
v 26.7344 40.789 21.5683
v 27.268 40.6383 21.5872
v 27.8329 40.5191 21.5369
v 28.4355 40.4375 21.5056
v 28.7745 40.7011 21.5495
v 29.2139 40.5442 21.4742
v 29.7726 40.4124 21.5997
v 30.1241 40.6948 21.7001
v 30.4568 40.4124 21.7127
v 30.9401 40.2554 21.6436
v 31.0406 39.8474 21.5872
v 31.4988 39.6214 21.5934
v 31.8943 39.3452 21.606
v 31.9507 38.8807 21.5432
v 32.365 38.7866 21.6185
v 32.3085 38.2718 21.6311
v 32.2709 37.8638 21.4616
v 32.2207 37.4872 21.38
v 32.3274 37.2173 21.4742
v 32.3023 36.7277 21.2545
v 32.478 36.395 21.1854
v 32.4969 35.9305 21.1729
v 32.6412 35.6041 21.0536
v 32.6977 35.1019 21.1289
v 33.0053 35.3467 21.0222
v 33.3568 35.6229 21.1226
v 33.7335 35.9179 21.2607
v 34.0724 36.1816 21.2545
v 34.3926 35.9116 21.0724
v 34.7629 35.6794 20.9532
v 35.3027 35.5915 20.8464
v 35.6166 35.2714 20.7711
v 35.9807 35.5601 20.8151
v 36.3134 35.8175 20.8653
v 36.6398 36.0748 20.8967
v 36.8846 35.7798 20.7272
v 37.1733 35.535 20.6519
v 37.1922 36.0183 20.7335
v 36.9913 36.351 20.8967
v 37.3114 36.5958 20.9532
v 37.6379 36.8532 21.0034
v 38.2342 36.8344 20.859
v 38.4602 36.5456 20.7837
v 38.8807 36.4829 20.9218
v 38.9498 36.5331 21.8257
v 38.8745 36.0246 21.8194
v 39.3013 35.4722 22.1019
v 39.6779 35.3844 22.127
v 39.973 35.1019 21.9261
v 40.3308 34.8445 21.9763
v 40.381 34.38 21.7566
v 40.3496 33.8778 21.7127
v 40.5128 33.4573 21.8257
v 40.337 33.3192 22.1584
v 40.042 33.0869 22.2714
v 39.747 32.8609 22.2776
v 39.4394 33.1622 21.7504
v 39.2009 32.9739 21.8633
v 39.452 32.6287 22.3655
v 39.1318 32.3776 22.4283
v 39.2636 31.9821 22.3718
v 38.9372 31.7248 22.3341
v 39.1193 31.3921 22.2588
v 39.1381 31.0029 22.1772
v 39.0565 30.4756 21.9638
v 38.7489 30.2308 21.8947
v 39 29.9483 21.4867
v 38.7803 29.7788 21.7001
v 38.4225 29.5027 21.6436
v 38.4162 29.0256 21.4239
v 38.6108 28.7933 21.2607
v 38.5292 28.2472 21.1854
v 38.3723 27.6823 20.9092
v 38.5292 27.381 20.7335
v 38.14 27.0797 20.6142
v 37.776 26.7972 20.4698
v 38.0145 26.5963 20.3317
v 38.0773 26.2071 20.1183
v 38.297 25.9561 19.8421
v 38.3723 25.5543 19.591
v 38.4915 25.2467 19.3023
v 38.6422 24.8889 18.9068
v 38.7803 24.4998 18.5929
v 38.4351 24.2361 18.5176
v 38.1337 23.9976 18.5113
v 37.8324 23.7653 18.5365
v 37.4809 23.4891 18.4862
v 37.1482 23.2318 18.4674
v 37.2361 22.8489 18.1975
v 36.8846 22.5727 18.1473
v 36.6021 22.353 18.1787
v 36.282 22.1019 18.1787
v 35.9681 21.8571 18.1787
v 35.6354 21.5997 18.1222
v 35.7673 21.2796 17.9401
v 35.9493 20.8778 17.8271
v 36.1564 20.52 17.7079
v 36.3385 20.1685 17.7016
v 36.0121 19.9174 17.6639
v 36.4766 19.8484 17.5572
v 36.5582 19.4278 17.4505
v 36.6712 19.0386 17.1366
v 36.7465 18.6306 16.9358
v 36.8532 18.323 16.691
v 37.1796 18.1033 16.3771
v 37.4307 17.8334 15.9503
v 37.1043 17.576 15.8875
v 37.3993 17.3375 15.605
v 37.3868 16.8981 15.3539
v 37.6253 16.578 14.9522
v 37.9517 16.3708 14.6383
v 38.2342 16.126 14.3935
v 38.5167 16.3457 14.3308
v 38.8556 16.6094 14.3496
v 39.182 16.8605 14.3182
v 39.3892 16.6219 14.0232
v 39.7156 16.4273 13.7407
v 40.0232 16.6659 13.6905
v 40.3496 16.9232 13.7595
v 40.6823 17.1806 13.7972
v 41.0903 17.5007 14.0106
v 41.4858 17.3626 13.86
v 41.9503 17.281 13.8411
v 42.3143 17.5635 13.9165
v 42.6659 17.8334 13.9792
v 43.0237 18.1159 14.0797
v 43.3563 18.3732 14.0985
v 43.6765 18.6243 14.1048
v 43.9966 18.8691 14.1487
v 44.3168 19.1202 14.1801
v 44.7059 19.0512 13.8788
v 44.9821 18.7875 13.452
v 45.2772 19.0198 13.4394
v 45.6287 18.7938 13.0126
v 45.9676 18.6118 12.5794
v 46.3066 18.4549 12.1777
v 46.5577 18.1284 11.6755
v 46.6142 17.6828 11.2173
v 46.9343 17.4254 10.7026
v 46.5703 17.1429 10.6147
v 46.4824 16.647 10.0937
v 46.5703 16.2516 9.70449
v 46.8213 15.9942 9.12071
v 46.4447 15.6992 8.96378
v 46.1309 15.4606 8.99517
v 45.7982 15.197 8.93868
v 45.4717 14.9459 8.95751
v 45.1202 14.6697 8.90729
v 45.1202 14.2492 8.61226
v 44.8566 14.042 8.71898
v 44.5616 13.8098 8.76292
v 44.5929 13.4708 8.32979
v 44.2603 13.2134 8.2733
v 43.9087 12.9435 8.28585
v 43.6012 12.705 8.34862
v 43.7581 12.3723 7.76485
v 43.4944 12.1651 7.84017
v 43.4568 11.7195 7.43216
v 43.1429 11.4746 7.48865
v 43.1743 11.0855 7.14341
v 42.8479 10.8344 7.16852
v 42.534 10.5896 7.14969
v 42.1197 10.2694 6.99903
v 41.831 10.0435 7.09947
v 41.5109 9.79865 7.14341
v 41.1719 9.53501 7.08691
v 41.4795 9.35297 6.8421
v 41.7619 9.07677 6.45292
v 41.9628 8.75036 5.99469
v 42.2327 8.44906 5.5239
v 42.1323 7.94061 5.21004
v 42.4775 7.75229 4.91502
v 42.534 7.338 4.72042
v 42.7412 7.08064 4.2873
v 43.0488 7.31289 4.25591
v 43.3124 7.14969 3.97972
v 43.6702 6.95509 3.42105
v 43.7957 6.60985 3.01304
v 44.1598 6.88604 3.11347
v 44.0406 7.23757 3.46499
v 43.9715 7.65814 4.05505
v 44.0343 8.07871 4.26219
v 44.0782 8.53694 4.56977
v 44.4109 8.7943 4.58233
v 44.7185 9.03283 4.61371
v 45.0637 9.30275 4.61371
v 45.3901 9.55384 4.59488
v 45.7605 9.84259 4.68904
v 46.112 10.1125 4.73926
v 46.4698 10.3887 4.78947
v 46.6958 10.1439 4.47562
v 47.041 10.4138 4.48817
v 46.7837 10.6398 4.7832
v 47.1478 10.916 4.88363
v 47.0787 11.3177 5.12216
v 47.1038 11.8011 5.33559
v 47.4114 12.0396 5.3042
v 47.4365 12.4853 5.56156
v 47.7629 12.7426 5.56784
v 48.1144 13.0126 5.62434
v 48.5099 13.3201 5.78754
v 48.8865 13.6152 5.88798
v 49.2506 13.8976 6.01352
v 49.6586 14.2115 6.22694
v 50.0855 14.5442 6.47803
v 50.5249 14.8894 6.77933
v 50.9454 15.2096 6.97393
v 51.3723 15.5422 7.18735
v 51.8117 15.8812 7.44471
v 52.1883 16.17 7.55142
v 52.521 16.4336 7.5577
v 52.9102 16.3018 7.6142
v 53.2994 16.6094 7.73974
v 53.6007 16.3771 7.42588
v 53.9585 16.2014 7.13713
v 54.5234 16.2139 6.817
v 54.9189 16.5215 6.94254
v 55.1825 16.352 6.73539
v 55.5278 16.6219 6.86721
v 55.7224 17.1429 7.31289
v 55.5152 17.4066 7.78996
v 55.8353 17.6514 7.8339
v 55.8416 18.1159 8.12265
v 56.2057 18.3984 8.21053
v 56.5698 18.6808 8.2733
v 56.5635 19.1391 8.63737
v 56.3563 19.409 9.00145
v 56.7079 19.6852 9.08933
v 56.733 20.2125 9.54128
v 57.0908 20.4949 9.57895
v 57.1347 21.0097 9.86142
v 57.4235 21.2356 9.84886
v 57.7562 21.493 9.8677
v 58.1077 21.7629 9.9493
v 58.4215 22.0077 10.0183
v 58.9488 21.9324 10.1251
v 59.3129 22.2149 10.2192
v 59.5326 22.3844 10.0246
v 59.7962 22.5915 9.94302
v 60.2419 22.422 9.83631
v 60.5934 22.2651 9.80492
v 60.9952 22.1144 9.66683
v 61.4095 21.9763 9.52245
v 61.6166 21.719 9.16465
v 61.9242 21.5809 8.9324
v 62.4075 21.4804 8.61226
v 62.9034 21.4114 8.32351
v 63.2047 21.6499 8.2733
v 63.5311 21.901 8.26702
v 63.845 22.1458 8.22936
v 64.1651 22.3906 8.22936
v 64.4727 22.6354 8.22308
v 64.7803 22.874 8.19169
v 65.0879 23.1125 8.2168
v 65.3703 23.3322 8.14775
v 65.634 23.5331 8.0536
v 65.816 23.2443 7.78996
v 66.0797 23.4452 7.70835
v 66.3872 23.6837 7.6958
v 66.2617 24.0227 7.97199
v 66.0232 24.2801 8.11637
v 66.1613 24.8638 8.48672
v 65.9165 25.0521 8.70642
v 65.6152 25.2467 9.03911
v 65.2887 25.4476 9.32786
v 65.1067 25.7677 9.89908
v 65.1758 26.2511 10.3008
v 64.9121 26.5649 10.69
v 65.2574 26.8286 10.7339
v 65.5336 27.0483 10.6523
v 65.8286 27.2743 10.6084
v 66.1362 27.5128 10.5833
v 66.381 27.7011 10.4829
v 66.6258 27.8957 10.3699
v 66.9271 28.128 10.2632
v 67.1907 28.3288 10.1313
v 67.1782 28.8059 10.3824
v 67.4544 29.0193 10.2632
v 67.6615 29.1825 10.0309
v 68.0005 29.4462 10.1439
v 68.4022 29.76 10.3008
v 69.0362 29.7663 9.99952
v 69.3815 30.0299 10.1
v 69.7267 29.7851 9.77982
v 70.0719 30.055 9.86142
v 70.3419 30.2622 9.78609
v 70.6243 30.055 9.51617
v 70.8942 29.7977 9.20232
v 71.2144 30.0425 9.10816
v 71.2646 30.5509 9.47851
v 71.5408 30.7644 9.44713
v 71.8484 31.0029 9.37808
v 72.1685 31.254 9.42202
v 72.4447 31.4674 9.40946
v 72.746 31.6997 9.36552
v 73.0285 31.9194 9.25881
v 73.3361 32.1516 9.22743
v 73.6688 32.4153 9.21487
v 73.9512 32.1704 8.92612
v 74.309 31.9884 8.61854
v 74.5727 31.7687 8.27957
v 74.604 32.2144 8.60599
v 74.5413 32.6287 8.81941
v 74.5852 33.1309 9.14582
v 74.5601 33.5451 9.32158
v 74.5664 34.0599 9.648
v 74.8237 34.2607 9.52873
v 74.8175 34.7441 9.77354
v 75.0999 34.9638 9.72332
v 75.3385 35.1458 9.57267
v 75.6774 35.4095 9.55384
v 75.5331 35.7986 9.62289
v 75.464 36.169 9.61661
v 75.6963 36.351 9.42202
v 75.9411 36.5393 9.24626
v 76.1859 36.7277 9.08305
v 76.5186 36.9913 9.1521
v 76.9203 37.2989 9.34669
v 77.2718 37.1482 9.21487
v 77.2781 37.5751 9.49107
v 77.5857 37.8199 9.53501
v 77.5669 38.2154 9.72332
v 77.3974 38.5104 9.83631
v 77.0961 38.7364 10.0183
v 76.9643 39 10.2129
v 77.3158 39.2762 10.3448
v 77.6485 39.5336 10.4326
v 77.9623 39.7784 10.3887
v 78.2511 39.9981 10.2883
v 78.113 40.3245 10.3887
v 77.9184 40.6258 10.464
v 77.6987 40.9271 10.5519
v 77.5606 41.2472 10.5958
v 77.8117 41.4418 10.4013
v 77.6234 41.7996 10.4703
v 77.8556 41.9879 10.3008
v 78.2071 42.2578 10.4013
v 77.6296 42.8353 10.7904
v 77.9812 43.1053 10.8407
v 78.2009 43.281 10.6774
v 78.4206 43.8711 10.985
v 78.7972 44.1598 11.1106
v 79.0608 44.367 10.9976
v 79.5128 44.2916 10.9285
v 80.0275 44.1724 10.8783
v 79.9082 44.6055 11.0666
v 79.4124 44.6432 11.0855
v 78.9667 44.7499 11.2047
v 78.6716 44.5176 11.1985
v 78.3955 44.8001 11.1922
v 78.3201 44.2477 11.0855
v 78.0377 44.5239 11.0666
v 78.1758 45.114 11.7571
v 77.705 44.2665 11.0541
v 77.5731 44.6494 11.029
v 77.4225 44.9068 11.098
v 77.1149 44.6745 11.0604
v 76.958 45.001 11.1608
v 77.3032 45.2646 11.2173
v 77.6547 45.5408 11.2989
v 77.9812 45.3462 11.7446
v 77.2279 45.6601 11.3114
v 77.1714 46.0618 11.4307
v 76.8324 45.7982 11.3868
v 77.1902 46.0744 12.2405
v 77.3283 45.7354 12.2467
v 76.9517 45.8923 12.4162
v 77.8242 46.5703 12.184
v 77.5167 47.2042 12.6234
v 77.9058 47.041 12.5104
v 78.0816 46.7711 12.1086
v 78.4017 46.564 12.6485
v 78.3013 46.043 12.8619
v 78.6968 45.8986 12.6799
v 78.6026 46.2752 12.8368
v 79.0671 46.1873 12.7991
v 79.2429 45.9488 12.7991
v 78.8725 45.6601 12.7112
v 79.3433 45.5345 12.705
v 79.0608 45.3148 12.8054
v 79.337 45.0323 12.0961
v 79.7199 45.3274 12.2781
v 80.2535 44.8691 11.8952
v 80.2033 45.2583 12.2405
v 80.9314 45.3964 12.0082
v 79.971 46.0241 12.7238
v 79.7199 45.8295 12.8431
v 79.5693 46.5828 13.2699
v 79.858 46.8025 13.1758
v 80.6992 46.5891 12.9435
v 80.6176 46.0241 12.9623
v 81.0068 45.886 12.6799
v 81.2076 45.6098 11.8764
v 81.6219 45.409 11.8638
v 81.9232 45.6412 11.8262
v 82.2434 45.8923 11.7571
v 82.6012 46.1685 11.8701
v 82.3815 46.5263 11.8387
v 82.6074 46.7021 11.6253
v 83.0594 47.0536 11.9705
v 82.1366 46.3317 11.8952
v 81.5466 45.8735 12.0333
v 79.3056 46.8213 13.0439
v 79.1424 47.1478 12.9058
v 78.5022 47.0975 13.1255
v 78.0942 46.7774 12.8368
v 78.8788 46.9406 13.0816
v 76.6378 46.0492 12.4476
v 76.029 46.0492 11.9705
v 76.3052 45.7919 11.6316
v 75.9662 45.5345 11.6065
v 75.7653 45.8484 12.0647
v 75.6147 46.1999 12.2718
v 74.9744 46.2062 12.2844
v 74.8363 46.5326 12.9812
v 74.5413 46.7711 13.3515
v 74.3279 47.562 12.9247
v 74.8551 47.4867 13.6717
v 75.1376 47.7064 13.6403
v 74.874 48.3781 13.7658
v 74.5727 48.6166 13.6403
v 74.5162 49.0497 13.973
v 74.2776 48.8614 14.1299
v 74.127 49.2318 14.1738
v 73.5055 49.1878 13.9604
v 73.7441 49.8658 14.2554
v 74.2023 49.7277 14.8706
v 74.2839 50.2863 14.8518
v 74.5978 50.0352 15.0589
v 74.7359 49.7026 14.9647
v 74.8426 50.2298 14.8769
v 75.0623 49.4766 14.563
v 74.6794 50.5939 14.3433
v 73.4553 49.6398 14.2743
v 73.1917 49.9599 15.1405
v 72.5891 50.0352 14.9459
v 72.4573 50.3554 15.1154
v 72.2313 50.6379 15.2723
v 71.9676 50.4244 15.3414
v 71.4655 50.5374 15.5046
v 70.7562 50.8701 15.9816
v 70.9633 51.4853 16.2139
v 70.5992 51.2091 16.1072
v 70.323 51.4225 16.1574
v 69.7455 51.4099 16.0633
v 69.4756 51.5857 16.7663
v 69.3375 51.9058 17.0802
v 68.9609 52.0502 17.4819
v 68.6847 51.8305 17.6451
v 68.421 51.6296 17.7895
v 67.7557 51.592 17.5949
v 68.0256 51.7991 18.2352
v 67.4606 51.7552 18.1912
v 67.4355 51.3409 17.6451
v 67.1531 51.1212 17.7141
v 66.8078 51.2405 18.1033
v 65.9792 51.548 18.1849
v 65.5712 51.2279 18.0029
v 65.3703 51.5292 18.3356
v 65.1255 51.7426 18.5804
v 64.8431 51.5229 18.6243
v 64.3848 51.6422 18.957
v 64.1024 51.4225 18.9947
v 63.845 51.2216 19.0826
v 63.5625 51.0019 19.1391
v 63.2298 51.2342 19.4153
v 62.9474 51.0208 19.4969
v 62.7214 51.3848 19.7731
v 62.4577 51.661 20.0179
v 62.2067 51.9686 20.5012
v 61.6857 52.1004 20.7648
v 61.3655 51.8493 20.7586
v 61.0893 51.6359 20.8213
v 60.8508 51.9623 21.154
v 60.5872 51.7615 21.3047
v 60.3235 51.5543 21.4114
v 60.0787 51.3597 21.5244
v 59.8276 51.548 21.7127
v 59.5703 51.7866 21.8822
v 59.2689 51.5543 21.9512
v 58.9928 51.3346 21.9826
v 58.7919 51.6234 22.2965
v 58.6098 51.9309 22.4408
v 58.3713 52.1444 22.6794
v 58.07 51.9058 22.717
v 57.6494 52.0377 23.0937
v 57.3105 51.774 23.0811
v 56.9715 51.5041 23.0183
v 56.4254 51.5669 23.1816
v 56.1178 51.8933 23.3197
v 55.5591 51.9686 23.4013
v 55.239 52.2385 23.5896
v 54.9314 52 23.6021
v 54.605 51.7426 23.577
v 54.2409 51.9812 23.7088
v 53.9334 51.7364 23.6649
v 53.5944 52.0125 23.8658
v 53.2303 51.7301 23.7653
v 52.7972 51.8305 23.8218
v 52.4457 51.5543 23.7528
v 52.1506 51.8054 23.8469
v 51.8305 51.5543 23.8155
v 51.4978 51.297 23.7842
v 51.0208 51.3974 23.8469
v 50.6253 51.5543 23.9599
v 50.3303 51.6673 23.9913
v 50.0164 51.4225 23.9788
v 49.7214 51.5355 24.0792
v 49.3573 51.253 23.9599
v 49.0435 51.3848 24.0415
v 48.8363 51.6924 24.211
v 48.2714 51.661 24.4307
v 47.9261 51.3911 24.3868
v 47.5369 51.6045 24.4558
v 47.2168 51.3472 24.4182
v 46.8841 51.0898 24.3114
v 46.5326 51.3974 24.4998
v 46.2376 51.7489 24.7257
v 45.8233 51.9121 24.8513
v 45.3211 52.0565 24.9266
v 45.0135 51.8117 24.914
v 44.6808 51.548 24.8324
v 44.4486 51.9121 24.9768
v 44.1096 51.6485 24.9392
v 43.576 51.7928 24.9203
v 43.1304 51.9498 24.9705
v 42.8102 51.6924 24.914
v 42.5027 51.4539 24.9078
v 42.2013 51.2154 24.9392
v 41.8687 50.958 24.9203
v 41.5925 51.2907 24.9329
v 41.2535 51.027 24.8576
v 40.9208 50.7697 24.8136
v 40.6007 50.5123 24.7571
v 40.2429 50.2361 24.6818
v 39.8976 49.9662 24.5939
v 39.5273 49.6774 24.4872
v 39.1506 49.3824 24.3742
v 38.8054 49.1125 24.3366
v 38.4978 48.8677 24.2989
v 38.1777 48.6166 24.2738
v 37.8513 48.3655 24.2173
v 37.4998 48.0893 24.1231
v 37.1671 47.8257 24.0729
v 36.5958 47.9324 24.1043
v 36.0058 48.0454 24.0478
v 35.4911 48.1395 24.0541
v 35.3027 48.5287 24.1043
v 34.9701 48.2714 24.0478
v 34.6123 47.9952 23.9348
v 34.2419 47.7064 23.7967
v 33.8778 47.4114 23.6963
v 33.2564 47.4867 23.7339
v 32.6287 47.5683 23.7402
v 32.1328 47.6876 23.7465
v 31.844 48.0203 23.9097
v 31.3042 48.1521 23.9788
v 30.8334 48.353 24.1545
v 30.3501 48.4534 24.2424
v 30.0048 48.1835 24.1796
v 29.5152 48.2902 24.2989
v 29.1825 48.0266 24.2047
v 28.9 47.8006 24.2612
v 28.2974 47.8633 24.2236
v 27.9899 48.1898 24.5249
v 27.6572 47.9261 24.4307
v 27.4186 48.24 24.5123
v 27.1048 47.9952 24.4998
v 27.2743 47.6311 24.3742
v 27.6634 47.3612 24.0917
v 27.8455 46.9783 23.9536
v 27.8769 46.52 23.7402
v 28.0526 46.1748 23.5958
v 28.2221 45.7417 23.4075
v 28.379 45.3085 23.1941
v 28.0401 45.0449 23.1188
v 27.6634 44.7499 22.9807
v 27.9585 44.4172 22.8802
v 27.5253 44.0782 22.6731
v 27.1362 43.7706 22.5036
v 27.3684 43.4442 22.422
v 27.6132 43.0676 22.3404
v 27.5065 42.4273 22.0956
v 27.0985 42.1072 21.9073
v 26.747 41.831 21.8194
v 26.3704 41.5422 21.6939
v 26 41.2472 21.606
v 25.6171 40.9459 21.4804
v 25.2342 40.6509 21.3549
v 24.6253 40.7262 21.311
v 24.2863 40.4626 21.2294
v 23.9097 40.1675 21.1603
v 23.5394 39.8788 21.0661
v 23.238 40.2115 21.041
v 22.6857 40.2868 21.0034
v 22.3718 40.042 20.9845
v 22.0768 39.816 21.0473
v 21.8194 39.6089 21.1666
v 21.5683 39.9792 21.4302
v 21.4114 39.2887 21.6876
v 21.5746 38.9121 21.6185
v 21.8382 39.1193 20.8088
v 21.4679 38.8242 20.7084
v 20.9657 39.5084 20.7648
v 20.8904 38.8807 20.5138
v 20.5326 39.1695 20.4949
v 20.156 38.8682 20.3631
v 19.6538 39.0314 20.5075
v 19.7856 38.5794 20.2501
v 20.112 38.2781 20.2501
v 20.3192 37.9266 20.2062
v 20.6832 37.6441 20.3254
v 20.9845 37.3177 20.3254
v 21.1729 36.9285 20.2878
v 21.3423 36.5645 20.269
v 21.9261 36.4515 20.2376
v 22.1082 36.0372 20.0492
v 22.2776 35.6166 19.8547
v 22.3655 35.1772 19.7103
v 22.4534 34.6876 19.5031
v 22.7359 34.3675 19.365
v 23.1251 34.6688 19.522
v 22.8489 34.9952 19.6036
v 22.7547 35.4848 19.8107
v 22.6292 35.8928 19.9614
v 22.4848 36.3322 20.1811
v 22.8551 36.621 20.2941
v 22.5978 36.9788 20.3568
v 22.9556 37.2549 20.4573
v 22.8175 37.7195 20.5954
v 23.1878 38.0082 20.677
v 23.508 38.2593 20.7648
v 23.3134 38.5983 20.8339
v 23.6461 38.8619 20.8904
v 24.0039 39.1381 20.9657
v 24.3617 39.4206 21.0348
v 24.732 39.7093 21.1226
v 25.0898 39.9918 21.2105
v 25.4476 40.268 21.2859
v 25.7929 40.5442 21.3486
v 26.1569 40.8267 21.4804
v 26.521 41.1154 21.606
v 26.8537 41.3728 21.6499
v 27.0985 41.0777 21.6625
v 27.6509 40.9334 21.6562
v 28.1719 40.7827 21.6374
v 28.5485 41.084 21.7253
v 29.1009 40.9585 21.6123
v 29.578 40.8267 21.606
v 29.9358 41.1028 21.7064
v 30.5509 41.0275 21.8571
v 30.802 40.6823 21.7755
v 31.2854 40.5191 21.7127
v 31.4046 40.1362 21.6625
v 31.8126 39.8725 21.6562
v 32.252 39.6277 21.719
v 32.2834 39.1381 21.6123
v 32.6915 39.0439 21.6688
v 32.6852 38.5669 21.7127
v 32.6475 38.1589 21.5809
v 32.6287 37.8011 21.5809
v 32.9425 37.7006 21.4804
v 33.0053 37.2801 21.3737
v 32.6538 37.0039 21.2607
v 32.817 36.6586 21.2168
v 32.8358 36.1941 21.1854
v 32.9551 35.8489 21.1164
v 33.3254 36.1376 21.2796
v 33.6832 36.4201 21.3298
v 33.9908 36.6586 21.3737
v 34.3926 36.4326 21.311
v 34.7253 36.169 21.1101
v 35.0893 35.9367 20.9908
v 35.6731 35.8865 20.9218
v 36.0058 36.1439 20.9657
v 36.3385 36.4013 21.041
v 36.6712 36.6649 21.085
v 37.0039 36.9223 21.1226
v 37.324 37.1796 21.2168
v 37.6818 37.4558 21.2231
v 37.9768 37.1231 21.0473
v 38.297 37.3679 21.0913
v 38.8054 37.2801 21.4616
v 38.4853 36.5645 21.5244
v 38.8431 36.8469 21.6625
v 39.1004 37.0478 21.5056
v 39.4582 36.9348 21.5683
v 39.2762 36.7904 21.8194
v 39.2071 36.2883 21.945
v 39.59 36.1376 21.9261
v 39.6152 35.717 22.0705
v 39.973 35.6166 22.1207
v 40.3433 35.3906 22.0705
v 40.6383 35.083 22.014
v 40.6823 34.6185 21.7441
v 40.6823 34.1352 21.7692
v 40.7576 33.6519 21.7315
v 41.0275 33.3631 22.1395
v 40.8267 33.2062 22.3969
v 40.789 32.6977 22.3655
v 40.5567 32.9928 22.4785
v 40.2303 32.7354 22.4408
v 39.8851 32.4655 22.3592
v 39.5838 32.2332 22.3655
v 39.7533 31.888 22.2274
v 39.4394 31.6432 22.2588
v 39.4833 31.2728 22.2086
v 39.4206 30.7581 22.0203
v 39.3892 30.2559 21.6876
v 39.4833 29.8667 21.6688
v 39.0188 29.5027 21.3612
v 38.7301 29.2704 21.4428
v 38.9937 29.0946 21.4553
v 39.2699 28.8184 21.3988
v 38.9184 28.5485 21.3235
v 39.1318 28.2786 21.1603
v 38.774 27.9961 21.0599
v 38.9309 27.7011 20.8904
v 39.0942 27.4437 20.6644
v 38.7238 27.1487 20.52
v 38.3848 26.8914 20.4322
v 38.4602 26.5084 20.1811
v 38.6296 26.2134 19.8735
v 38.7112 25.818 19.5722
v 38.7991 25.4853 19.2332
v 39.0314 25.1965 19.001
v 39.1569 24.8011 18.7624
v 39.3703 24.5123 18.6118
v 39.0063 24.2298 18.5051
v 38.6234 23.9285 18.3481
v 38.2718 23.6586 18.2979
v 37.9392 23.395 18.2854
v 37.5814 23.1188 18.21
v 37.6818 22.7735 17.8648
v 37.3491 22.5162 17.8774
v 37.0415 22.2714 17.8899
v 36.7528 22.0517 17.9338
v 36.4201 21.7943 17.9841
v 36.1062 21.5432 17.9778
v 36.2569 21.1226 17.8522
v 36.4766 20.7711 17.733
v 36.6649 20.4259 17.733
v 36.8532 20.1434 17.6137
v 36.8846 19.6789 17.4693
v 36.9976 19.296 17.1555
v 37.0729 18.888 16.9169
v 37.1608 18.5553 16.7161
v 37.4684 18.3293 16.3269
v 37.7571 18.0845 15.9628
v 37.7383 17.6012 15.6364
v 37.6567 17.1053 15.2472
v 37.9078 16.7977 14.902
v 38.2656 16.6156 14.607
v 38.6045 16.8793 14.6132
v 38.8996 17.1115 14.5756
v 39.2385 17.3752 14.6195
v 39.5336 17.1366 14.3559
v 39.7093 16.8667 14.0169
v 40.0546 17.1366 14.0483
v 40.381 17.394 14.0608
v 40.7388 17.6702 14.0671
v 41.1091 17.959 14.2052
v 41.4795 17.802 14.1676
v 41.8875 17.6765 14.0357
v 42.2892 17.9841 14.2178
v 42.6031 18.2352 14.268
v 42.9546 18.5051 14.3245
v 43.2747 18.7562 14.3559
v 43.6263 19.0261 14.3998
v 43.9841 19.3085 14.45
v 44.3419 19.5847 14.5065
v 44.662 19.3901 14.1989
v 45.0198 19.296 13.8976
v 45.3399 19.5471 13.9227
v 45.6098 19.2772 13.4268
v 45.9551 19.0449 13.0063
v 46.2501 18.8315 12.5292
v 46.6519 18.7248 12.2467
v 46.8778 18.3795 11.7571
v 46.9092 17.9087 11.1671
v 47.2858 17.6953 10.7653
v 47.4679 17.4128 10.2004
v 47.1478 17.168 10.2443
v 46.8276 16.9169 10.169
v 46.9029 16.5089 9.68566
v 47.1415 16.2453 9.1521
v 47.1729 15.8436 8.80058
v 46.8213 15.5674 8.70642
v 46.4259 15.2598 8.58088
v 46.0995 15.0087 8.55577
v 45.7793 14.7576 8.56205
v 45.4466 14.5002 8.59343
v 45.5408 14.2115 8.28585
v 45.2458 13.9792 8.30468
v 44.8942 13.7093 8.27957
v 45.0072 13.339 7.74602
v 44.6934 13.0942 7.72718
v 44.3858 12.8556 7.68952
v 44.0657 12.6108 7.72091
v 44.0908 12.2091 7.33172
v 43.7957 11.9768 7.43843
v 43.802 11.5751 7.1183
v 43.5007 11.3428 7.13085
v 43.3689 10.8218 6.74167
v 43.0676 10.5833 6.76678
v 42.6847 10.2883 6.63496
v 42.3457 10.0246 6.71028
v 42.0946 9.83003 6.81072
v 41.7808 9.58522 6.79189
v 42.0884 9.33414 6.45292
v 42.2578 8.98262 5.97586
v 42.5529 8.70014 5.53646
v 42.4587 8.19797 5.17866
v 42.7726 7.97827 4.88991
v 42.8228 7.56398 4.66393
v 43.3187 7.52632 4.2057
v 43.6451 7.40705 4.04249
v 43.6765 7.80251 4.22453
v 43.7644 8.29841 4.59488
v 43.7141 8.70642 4.82714
v 44.0531 8.97006 4.83969
v 44.3732 9.22115 4.77692
v 44.6683 9.44713 4.72042
v 45.001 9.70449 4.75181
v 45.409 10.0246 4.87735
v 45.7228 10.2694 4.92757
v 46.0492 10.5205 4.97779
v 46.4259 10.8155 5.07195
v 46.7648 11.0729 5.14727
v 46.746 11.5249 5.32931
v 46.7523 11.958 5.56156
v 47.0975 12.2279 5.5804
v 47.0536 12.705 5.73105
v 47.3988 12.9749 5.78126
v 47.7692 13.2574 5.87542
v 48.1019 13.5147 5.93819
v 48.5413 13.86 6.22694
v 48.8928 14.1299 6.31482
v 49.3259 14.4689 6.56591
v 49.7465 14.789 6.72284
v 50.1796 15.128 6.94882
v 50.6379 15.4858 7.25012
v 51.0835 15.831 7.53887
v 51.5229 16.17 7.78996
v 51.887 16.4524 7.92178
v 52.2574 16.7412 8.04732
v 53.0546 16.8416 8.02849
v 53.6697 16.8918 7.87156
v 53.9585 16.6533 7.53887
v 54.3351 16.4901 7.2564
v 54.6992 16.7726 7.36939
v 55.3018 16.8228 7.09319
v 55.0758 17.0676 7.53259
v 55.1386 17.576 7.9971
v 55.4964 17.8522 8.03477
v 55.534 18.3419 8.39884
v 55.873 18.5992 8.49927
v 56.2559 18.9005 8.61854
v 56.0111 19.1391 8.94495
v 55.7537 19.4529 9.41574
v 56.099 19.7228 9.47851
v 56.4317 19.9802 9.53501
v 56.1931 20.2815 9.91791
v 56.5447 20.5514 10.0183
v 56.8648 20.8025 9.96813
v 56.8585 21.2859 10.3322
v 57.1724 21.5307 10.351
v 57.4925 21.7817 10.3134
v 57.8503 22.0579 10.351
v 58.2081 22.3404 10.4766
v 58.5408 22.5978 10.508
v 58.886 22.3655 10.2945
v 59.1873 22.6041 10.2067
v 59.4824 22.83 10.1816
v 60.1917 22.8991 10.1502
v 60.5746 22.6857 9.8928
v 60.9512 22.5413 9.84259
v 61.2965 22.3467 9.6731
v 61.717 22.2211 9.51617
v 61.9242 21.9512 9.12071
v 62.2192 21.8069 8.9324
v 62.7339 21.7315 8.56832
v 63.0415 21.9701 8.55577
v 63.3365 22.196 8.53066
v 63.6504 22.4408 8.48672
v 63.9454 22.6731 8.48044
v 64.2153 22.8802 8.4365
v 64.5355 23.1251 8.41139
v 64.8556 23.3761 8.38001
v 65.1444 23.6021 8.32979
v 65.4645 23.8469 8.24819
v 65.7407 24.0666 8.17286
v 65.9478 23.7716 7.99082
v 65.4896 24.3428 8.38001
v 65.8035 24.5876 8.44906
v 65.59 24.8011 8.70642
v 65.3578 25.0459 9.13955
v 64.9874 25.2091 9.38435
v 64.7803 25.5167 9.8677
v 64.8054 25.9686 10.2129
v 64.5857 26.3076 10.6649
v 64.6045 26.8098 11.0352
v 64.9184 27.0483 10.9976
v 65.1695 27.2429 10.872
v 65.4582 27.4751 10.8532
v 65.7595 27.7074 10.7214
v 66.0357 27.9208 10.621
v 66.3245 28.1468 10.6021
v 66.6823 28.423 10.621
v 66.9396 28.6176 10.4954
v 66.8518 29.0507 10.7151
v 67.1468 29.283 10.6398
v 67.4418 29.5089 10.5017
v 67.7494 29.7475 10.5394
v 68.1762 30.0802 10.7779
v 68.7726 30.0425 10.3761
v 69.1178 30.3187 10.4891
v 69.4568 30.576 10.4829
v 69.7079 30.2873 10.1627
v 70.0029 30.5133 10.0874
v 70.323 30.7644 10.0372
v 70.6055 30.4693 9.6731
v 70.9005 30.2685 9.36552
v 70.9068 30.7016 9.6731
v 71.2646 30.9778 9.75471
v 71.5847 31.2289 9.7296
v 71.8735 31.4548 9.66055
v 72.2062 31.7122 9.69821
v 72.5326 31.9633 9.70449
v 72.8151 32.183 9.62289
v 73.0787 32.3901 9.55384
v 73.3549 32.6036 9.45968
v 73.6311 32.817 9.39691
v 73.9324 32.6224 9.12071
v 74.2463 32.3964 8.88846
v 74.2337 32.8547 9.10188
v 74.2776 33.3192 9.43457
v 74.2588 33.8213 9.65427
v 74.2149 34.2733 9.91791
v 74.4848 34.4804 9.81748
v 74.4973 34.9952 10.1
v 74.7798 35.2086 10.0058
v 75.0435 35.4157 9.93674
v 75.282 35.6041 9.80492
v 75.2192 35.9807 9.79237
v 75.1125 36.3071 9.83631
v 75.3448 36.4891 9.69821
v 75.5707 36.6649 9.50362
v 75.759 36.8155 9.23998
v 76.0917 37.0729 9.25881
v 76.5186 37.3993 9.48479
v 76.8827 37.6881 9.5915
v 77.2405 37.9643 9.71704
v 77.1086 38.2844 9.91791
v 76.8073 38.5104 10.1
v 76.6755 38.774 10.2757
v 76.5123 39.0816 10.3824
v 76.8827 39.3641 10.4577
v 77.2593 39.6591 10.5896
v 77.5669 39.8976 10.5833
v 77.8744 40.1362 10.5394
v 77.6924 40.45 10.6523
v 77.479 40.7576 10.7339
v 77.3283 41.0652 10.7716
v 77.1337 41.423 10.8155
v 77.3723 41.6113 10.6398
v 77.3723 42.1135 10.5519
v 77.8368 42.4713 10.9474
v 77.297 42.5717 10.7528
v 77.5229 43.1743 11.0352
v 77.7928 43.3877 10.9788
v 77.6485 43.7267 10.9913
v 78.1381 43.6514 11.1043
v 78.0439 44.028 11.1859
v 77.4162 44.0468 11.1231
v 77.253 44.4046 11.0729
v 76.8513 44.4737 11.1859
v 76.6692 44.7813 11.2487
v 76.6378 45.2018 11.2926
v 76.9392 45.4278 11.2989
v 76.506 45.5534 11.3303
v 76.2424 45.3462 11.4495
v 75.985 45.1453 11.55
v 75.69 45.3148 11.7006
v 75.4452 45.5973 12.0459
v 75.3008 45.9488 12.1526
v 75.0309 45.7417 12.2342
v 74.7108 45.999 12.4162
v 74.2714 46.0932 12.3535
v 74.2086 46.52 12.5543
v 74.1646 46.9594 12.705
v 74.0391 47.3361 12.8933
v 73.8445 46.7083 12.7615
v 73.8947 46.746 13.6089
v 73.5495 46.4824 13.5084
v 73.198 46.677 13.8098
v 73.9198 47.2356 14.1048
v 73.0097 46.928 13.8537
v 72.6707 46.6644 13.7533
v 72.564 47.0536 13.9667
v 72.7648 47.6876 14.2617
v 72.1246 47.6813 13.8286
v 72.7335 48.1521 13.7909
v 73.0913 47.9449 13.6152
v 73.3612 47.6813 14.3935
v 73.0787 48.422 13.8349
v 73.8571 48.0642 14.1111
v 73.7629 47.5181 14.1362
v 74.2337 47.4867 14.0985
v 74.4597 47.6562 13.9102
v 74.6794 47.832 13.7784
v 74.4157 48.0203 14.1613
v 74.6354 48.1898 13.9479
v 74.2086 48.3341 14.2429
v 73.9638 48.6166 14.1927
v 73.2042 48.9618 14.0232
v 73.1226 49.3824 14.2429
v 72.8025 49.1376 14.224
v 72.5765 49.4829 14.3496
v 72.5138 48.9116 14.2868
v 72.3505 49.3071 14.4877
v 72.2878 49.803 14.9522
v 72.9343 49.759 15.2158
v 73.5118 49.6837 15.1907
v 72.2062 50.1608 15.2347
v 71.9049 49.9348 15.2409
v 71.6726 50.2047 15.3288
v 71.4341 50.0164 15.4858
v 71.2395 50.3617 15.7682
v 70.4674 50.6441 15.9879
v 70.254 50.9392 16.013
v 69.9966 51.1651 16.0821
v 69.689 50.9266 16.0633
v 69.1555 50.9517 16.1449
v 69.5886 51.2907 16.4148
v 69.1806 51.3534 16.804
v 69.0801 51.6987 17.1492
v 68.7726 51.4602 17.1618
v 68.4524 51.2091 17.1115
v 67.9691 51.2718 17.3689
v 67.6301 51.0082 17.3187
v 67.3225 50.7634 17.2747
v 66.6634 50.7383 17.212
v 66.9899 50.9894 17.9903
v 66.494 50.9956 18.0908
v 66.2178 50.7822 17.4317
v 65.9102 51.0082 17.7204
v 65.6214 50.7822 17.7706
v 65.3327 51.0333 18.0782
v 65.1067 51.3221 18.3921
v 64.8117 51.0898 18.4549
v 64.5606 51.3032 18.6746
v 64.2844 51.0898 18.7624
v 64.0145 50.8764 18.8629
v 63.7383 50.663 18.9445
v 63.2801 50.7822 19.1956
v 63.0101 50.5688 19.2772
v 62.6837 50.8073 19.5345
v 62.4326 51.1589 19.8547
v 62.2255 51.479 20.1497
v 61.8802 51.7112 20.4761
v 61.5852 51.4853 20.4761
v 61.309 51.2718 20.52
v 61.0768 51.0898 20.6895
v 60.8131 51.4162 20.9657
v 60.5746 51.2342 21.1729
v 60.3172 51.0333 21.2231
v 60.0222 50.8011 21.3047
v 59.7711 51.1212 21.606
v 59.5514 51.3346 21.7943
v 59.2564 51.1024 21.8445
v 58.9614 50.8701 21.8696
v 58.7291 51.1275 22.0517
v 58.5094 51.4037 22.3718
v 58.3462 51.7301 22.5036
v 58.0386 51.4853 22.5538
v 57.8064 51.6987 22.8238
v 57.5239 51.479 22.8551
v 57.2226 51.2405 22.83
v 56.9087 50.9956 22.8363
v 56.6702 51.2718 23.0246
v 56.099 51.3158 23.1313
v 55.8165 51.661 23.3008
v 55.5027 51.4162 23.2757
v 55.2265 51.705 23.3887
v 54.9377 51.479 23.4075
v 54.6238 51.2405 23.3761
v 54.2598 51.4727 23.508
v 53.9083 51.1965 23.4389
v 53.5881 51.4664 23.621
v 53.2429 51.1965 23.5645
v 52.929 51.4915 23.7465
v 52.6089 51.2467 23.6837
v 52.1318 51.3095 23.6963
v 51.8054 51.0521 23.6586
v 51.4853 50.8011 23.5958
v 51.1589 51.027 23.7151
v 50.7006 51.1463 23.7653
v 50.2926 51.2907 23.8344
v 49.985 51.0521 23.8532
v 49.6461 51.1337 23.872
v 49.2945 50.8576 23.8155
v 49.0435 51.0082 23.9536
v 48.7735 51.1714 24.0541
v 48.5162 51.4413 24.1608
v 48.1458 51.1526 24.0917
v 47.5934 51.1337 24.3428
v 47.2545 50.8701 24.2863
v 46.8904 50.5814 24.211
v 46.5451 50.8262 24.2424
v 46.1748 51.1212 24.4056
v 45.9174 51.4978 24.663
v 45.5031 51.661 24.8136
v 45.1579 51.3911 24.7383
v 44.7875 51.1024 24.6316
v 44.3481 51.2907 24.7697
v 43.7581 51.3723 24.9078
v 43.2371 51.5229 24.8387
v 42.9169 51.2718 24.8073
v 42.5843 51.0082 24.8513
v 42.2516 50.7508 24.8073
v 41.944 50.5123 24.7508
v 41.5234 50.6881 24.845
v 41.1844 50.4244 24.8073
v 40.8392 50.1545 24.7508
v 40.4689 49.8658 24.6379
v 40.1362 49.6021 24.5563
v 39.7846 49.3259 24.437
v 39.4457 49.0623 24.3742
v 39.1569 48.83 24.4244
v 38.9121 48.6417 24.55
v 38.8556 48.0893 24.1545
v 38.4413 48.2714 24.2047
v 38.1149 48.0203 24.211
v 37.7634 47.7441 24.1043
v 37.4056 47.4616 24.0541
v 36.8218 47.5558 24.029
v 36.4829 47.2921 23.9474
v 36.3196 47.719 24.1482
v 35.9116 47.3988 23.9411
v 35.648 47.7629 23.9788
v 35.127 47.8508 23.9662
v 34.7378 47.5495 23.8281
v 34.3549 47.2482 23.6963
v 34.0097 46.972 23.5645
v 33.4886 47.1101 23.5331
v 32.9112 47.2168 23.577
v 32.2709 47.2858 23.6586
v 31.7687 47.3988 23.6523
v 31.48 47.7378 23.7842
v 30.9213 47.8508 23.8218
v 30.5007 48.0893 24.0792
v 30.1304 47.8006 24.029
v 29.6721 47.9261 24.1357
v 29.3332 47.6625 24.0855
v 28.9 47.3235 23.8407
v 28.5799 47.5495 24.2361
v 28.2347 47.2796 24.142
v 27.9836 47.6123 24.142
v 28.5297 47.0285 23.7214
v 28.2033 46.7774 23.7277
v 28.4104 46.4573 23.6335
v 28.5799 46.0179 23.4326
v 28.6992 45.5596 23.2192
v 28.6678 44.9696 23.0309
v 28.3225 44.6997 22.9744
v 28.5046 44.3356 22.8928
v 28.128 44.0406 22.7861
v 27.7388 43.733 22.5915
v 27.9961 43.3689 22.4911
v 27.8957 42.7349 22.2776
v 27.9961 42.2704 22.0579
v 27.5756 41.9377 21.8822
v 27.1989 41.6427 21.7441
v 24.9078 40.3935 21.2984
v 24.5625 40.1236 21.2168
v 24.2298 39.86 21.154
v 23.8658 39.5775 21.0473
v 23.5205 39.3076 20.972
v 23.1627 39.5838 20.9343
v 22.8991 39.9478 20.9594
v 22.535 39.6654 20.9406
v 22.2211 39.4143 20.9469
v 22.1709 38.8054 20.7397
v 21.8006 38.5167 20.6707
v 22.4346 38.4539 20.7021
v 22.0579 38.1651 20.6205
v 21.4365 38.2342 20.5577
v 21.0975 38.5355 20.5514
v 20.7586 38.2718 20.4447
v 20.5891 38.6485 20.5765
v 21.0913 37.958 20.4761
v 21.3423 37.6002 20.4133
v 21.5244 37.2047 20.3443
v 21.7064 36.8469 20.3129
v 22.2902 36.7339 20.3192
v 22.0956 37.1545 20.4196
v 22.4597 37.4433 20.5514
v 22.2525 37.7697 20.5514
v 22.6103 38.0521 20.6393
v 22.9681 38.3346 20.7586
v 22.8238 38.7615 20.859
v 23.1816 39.0439 20.9469
v 22.8489 39.339 20.9532
v 22.5036 39.0628 20.8402
v 21.6625 37.8513 20.4824
v 21.8759 37.4746 20.4196
v 27.4626 41.3602 21.7566
v 27.9899 41.197 21.7504
v 28.3665 41.4983 21.8571
v 28.9189 41.3665 21.8006
v 29.465 41.2472 21.7253
v 29.8165 41.5234 21.8382
v 30.3061 41.3979 21.788
v 30.733 41.7306 22.0642
v 30.9903 41.3665 22.1458
v 31.141 40.9459 21.8571
v 31.6181 40.789 21.7692
v 31.7562 40.4061 21.7504
v 32.1579 40.1362 21.7566
v 32.5973 39.8976 21.7629
v 32.5973 39.3829 21.6374
v 33.0179 39.3013 21.719
v 33.0241 38.8368 21.7629
v 32.999 38.4351 21.6688
v 32.9425 38.0459 21.5118
v 33.3129 37.9957 21.5495
v 33.3757 37.5688 21.4679
v 33.52 37.211 21.4553
v 33.1622 36.9348 21.3298
v 33.2564 36.5268 21.38
v 33.5891 36.7842 21.4177
v 33.9469 37.0666 21.4993
v 34.3486 36.9411 21.4616
v 34.7127 36.6837 21.3298
v 35.0705 36.4452 21.1603
v 35.4157 36.1941 21.041
v 35.7359 36.4452 21.0348
v 36.1251 36.7465 21.154
v 36.4891 37.0352 21.2482
v 36.8469 37.3114 21.3423
v 37.2047 37.5939 21.4365
v 37.5311 37.845 21.4239
v 38.0333 37.732 21.2796
v 38.3597 37.9894 21.3361
v 39.0565 37.9643 21.3612
v 39.3703 37.7195 21.2733
v 39.5398 36.9976 21.0787
v 39.4833 36.056 20.9657
v 39.8788 37.2612 21.0913
v 40.1864 37.0541 21.1352
v 40.1989 37.5123 21.1603
v 40.5128 37.3114 21.1917
v 40.7702 37.0666 21.7943
v 40.5253 36.872 21.9952
v 39.8976 36.8281 21.9826
v 39.7909 37.1922 21.6499
v 39.5649 36.5645 21.9638
v 39.973 36.4389 22.083
v 39.9541 35.987 22.1082
v 40.2492 35.8363 22.083
v 40.6446 35.6292 22.0328
v 40.9773 35.353 22.014
v 41.0526 34.9073 21.8508
v 41.015 34.3926 21.7441
v 41.0966 33.9155 21.7378
v 41.2786 33.5577 21.945
v 41.3225 32.7103 22.0768
v 41.0652 32.5031 22.2525
v 40.7199 32.2395 22.2525
v 40.4375 32.4215 22.309
v 40.1048 32.1642 22.2651
v 40.0608 31.7185 22.1647
v 39.7658 31.4925 22.2086
v 39.7909 31.0468 22.0705
v 39.6905 30.4944 21.6562
v 39.8474 30.1492 21.7504
v 39.7344 29.6721 21.6499
v 39.3829 29.3959 21.5746
v 39.6528 29.126 21.4679
v 39.8223 28.8122 21.3047
v 39.4771 28.5485 21.2419
v 39.6465 28.2598 21.0661
v 39.2887 27.9773 20.972
v 39.4896 27.7513 20.8151
v 39.6403 27.4312 20.6393
v 39.1318 27.0357 20.2564
v 38.7929 26.7721 20.225
v 38.9309 26.452 19.8923
v 39.0377 26.0753 19.5847
v 39.2762 25.8619 19.6412
v 39.3578 25.4476 19.7417
v 39.5147 25.0773 19.5596
v 39.6779 24.7508 19.296
v 39.7721 24.4056 19.0512
v 39.5084 24.1985 18.4486
v 39.2009 23.9599 18.5051
v 38.7866 23.6398 18.2791
v 38.3974 23.3385 18.1473
v 38.0333 23.0497 18.0217
v 38.2781 22.6982 18.0217
v 37.9015 22.4032 17.8836
v 37.5374 22.1207 17.8585
v 37.1859 21.8445 17.7957
v 36.872 21.5997 17.8083
v 36.5582 21.3549 17.8711
v 36.8093 21.0285 17.7518
v 36.9536 20.6519 17.7204
v 37.1608 20.3819 17.6325
v 37.2549 19.9676 17.5196
v 37.324 19.5534 17.1931
v 37.4244 19.1642 16.9609
v 37.4684 18.8001 16.7035
v 37.8073 18.5929 16.3143
v 38.0521 18.3168 15.8875
v 38.0459 17.846 15.605
v 38.0333 17.4003 15.3288
v 38.2279 17.0488 14.9271
v 38.5543 17.3061 14.9145
v 38.8556 17.5384 14.9459
v 39.2071 17.8083 14.971
v 39.5587 17.6263 14.6321
v 39.8662 17.4003 14.3873
v 40.1927 17.6451 14.3747
v 40.5379 17.915 14.4124
v 40.8769 18.1849 14.4814
v 41.5109 18.2728 14.3998
v 41.9189 18.141 14.3747
v 42.2955 18.4423 14.4689
v 42.6345 18.7059 14.5379
v 42.9985 18.9821 14.5881
v 43.3563 19.2646 14.6572
v 43.6702 19.5094 14.7011
v 43.9966 19.7668 14.745
v 44.3607 20.043 14.8204
v 44.6369 19.817 14.4751
v 44.9947 19.6475 14.2052
v 45.3399 19.9237 14.2303
v 45.6852 19.817 13.9541
v 45.9363 19.5282 13.4143
v 46.3003 19.3148 13.0377
v 46.6079 19.1077 12.6485
v 46.972 18.9759 12.2593
v 47.2042 18.6306 11.7069
v 47.2796 18.1975 11.2926
v 47.6248 17.959 10.7779
v 47.8069 17.6765 10.2569
v 47.9198 17.2999 9.83003
v 47.5997 17.0488 9.83631
v 47.2607 16.7851 9.8112
v 47.4616 16.4901 9.17093
v 47.493 16.0946 8.80058
v 47.5307 15.7557 8.42395
v 47.2105 15.5109 8.39884
v 46.8151 15.197 8.31096
v 46.451 14.9145 8.24191
v 46.156 14.6886 8.22936
v 45.8358 14.4375 8.2733
v 46.0367 14.1424 7.78368
v 45.7103 13.8851 7.82762
v 45.3588 13.6152 7.73346
v 45.3964 13.226 7.36311
v 45.0637 12.9686 7.33172
v 44.7122 12.6924 7.28151
v 44.3858 12.4413 7.28778
v 44.367 12.0145 6.96765
v 44.0782 11.7885 7.0367
v 44.0217 11.324 6.70401
v 43.6953 11.0729 6.67262
v 43.62 10.5205 6.30227
v 43.2936 10.2632 6.30227
v 42.9672 10.0121 6.2395
v 42.6972 9.80492 6.35249
v 42.3771 9.55384 6.4027
v 42.5905 9.23998 5.95075
v 42.8793 8.95123 5.53646
v 42.7788 8.44278 5.17238
v 43.0676 8.21053 4.8648
v 43.1492 7.81506 4.65765
v 43.4568 8.05987 4.60116
v 43.3563 8.4365 4.7832
v 43.4505 8.96378 5.14727
v 43.7393 9.18976 5.09705
v 44.0657 9.44713 5.0845
v 44.3732 9.67938 5.03428
v 44.6871 9.92419 5.07822
v 45.0637 10.2192 5.19121
v 45.3776 10.464 5.19749
v 45.7228 10.7277 5.26026
v 46.0932 11.0164 5.29165
v 46.4384 11.2863 5.31675
v 46.4447 11.7195 5.56156
v 46.4133 12.2091 5.74988
v 46.7272 12.4539 5.71222
v 46.4761 12.7364 6.13906
v 46.8088 12.9937 6.16417
v 47.1038 13.226 6.19556
v 47.4679 13.5084 6.24577
v 47.8571 13.8098 6.31482
v 48.2211 14.0922 6.44037
v 48.6668 14.4437 6.69145
v 49.0937 14.7702 6.89232
v 49.464 15.0589 7.04925
v 49.8909 15.3853 7.26267
v 50.2801 15.6866 7.42588
v 50.7195 16.0319 7.7774
v 51.1902 16.3959 8.11009
v 51.6045 16.7161 8.2733
v 52 17.0237 8.45533
v 52.6591 17.0488 8.23563
v 53.0671 17.3689 8.48672
v 53.4186 17.1304 8.16031
v 54.0715 17.2057 7.95944
v 54.3288 16.9421 7.64558
v 54.7243 17.2496 7.82762
v 54.8122 17.7769 8.23563
v 55.1888 18.0719 8.30468
v 55.2704 18.5616 8.73781
v 55.6596 18.8629 8.8759
v 55.4022 19.1767 9.32158
v 55.4587 19.704 9.79237
v 55.8479 20.0116 9.88025
v 55.9107 20.5514 10.282
v 56.2308 20.8025 10.3636
v 56.5384 21.041 10.3636
v 56.2936 21.2733 10.69
v 56.6514 21.5495 10.7465
v 56.9966 21.8194 10.803
v 57.3356 22.083 10.8344
v 57.6745 22.3404 10.8532
v 57.9947 22.5915 10.8595
v 58.296 22.83 10.8532
v 58.6098 23.0748 10.8532
v 58.8609 22.8489 10.4515
v 59.1434 23.0623 10.4264
v 59.4824 23.3259 10.5017
v 59.9469 23.1941 10.4829
v 60.562 23.1816 10.2255
v 60.8885 22.9242 9.93047
v 61.2714 22.7861 9.85514
v 61.5852 22.5727 9.66683
v 62.0121 22.4471 9.46596
v 62.2632 22.2149 9.10816
v 62.5393 22.0517 8.91357
v 62.8093 22.2651 8.83824
v 63.1106 22.4973 8.83196
v 63.4495 22.761 8.78175
v 63.7697 23.0121 8.77547
v 64.0647 23.238 8.75664
v 64.3723 23.4766 8.66248
v 64.661 23.7026 8.61226
v 64.9247 23.9034 8.54949
v 65.2197 24.1357 8.45533
v 65.1695 24.4746 8.493
v 65.0879 24.8324 9.22743
v 64.6673 24.9643 9.37808
v 64.479 25.2781 9.88653
v 64.479 25.7112 10.1502
v 64.2279 26.0314 10.5833
v 63.9705 26.3139 10.9725
v 64.3221 26.5838 11.0352
v 64.2342 27.0169 11.2047
v 64.5229 27.2429 11.1169
v 64.8431 27.4877 11.0792
v 65.1632 27.7388 11.1294
v 65.4394 27.9522 11.029
v 65.7219 28.1719 10.9285
v 66.0294 28.4104 10.9662
v 66.3182 28.6364 10.9223
v 66.6132 28.8624 10.8595
v 66.6697 29.3332 11.1357
v 66.9083 29.5215 10.9725
v 67.2284 29.7663 10.9348
v 67.6929 30.1241 11.3114
v 68.0005 30.3689 11.2926
v 68.2641 30.5698 11.1859
v 68.5152 30.3438 10.7904
v 68.804 30.5635 10.7904
v 69.1366 30.8209 10.8407
v 69.4505 31.0719 10.8218
v 69.7455 30.802 10.4138
v 70.0217 31.0154 10.3824
v 70.367 31.2854 10.4075
v 70.6243 30.9966 10.0058
v 70.9445 31.2477 10.0121
v 71.2646 31.4925 9.99952
v 71.6098 31.7624 10.0748
v 71.9488 32.0261 10.1564
v 72.2062 32.2269 10.0435
v 72.4635 32.4278 9.92419
v 72.7648 32.6601 9.95558
v 73.0599 32.8923 9.8677
v 73.3361 33.1057 9.73588
v 73.6562 33.3568 9.74843
v 73.9387 33.0555 9.42829
v 73.9638 33.5891 9.71704
v 73.9324 34.0536 9.96185
v 73.9073 34.5307 10.1816
v 74.2086 34.7629 10.169
v 74.2023 35.1835 10.3699
v 74.4973 35.4157 10.3259
v 74.7296 35.5978 10.1816
v 74.9932 35.7986 10.0497
v 74.8802 36.1251 10.0372
v 74.9493 36.6084 9.96185
v 75.2067 36.8093 9.84259
v 75.4829 37.0227 9.69821
v 75.6963 37.1922 9.48479
v 76.0415 37.4558 9.56639
v 76.4119 37.7446 9.6731
v 76.7759 38.027 9.80492
v 76.437 38.2216 9.94302
v 76.3114 38.4915 10.1251
v 76.1859 38.8242 10.3071
v 76.0792 39.1946 10.4891
v 76.4307 39.4708 10.5331
v 76.8011 39.7533 10.6837
v 77.1212 40.0043 10.7716
v 77.4288 40.2429 10.7528
v 77.2028 40.5442 10.8407
v 77.0898 40.8831 10.916
v 76.8952 41.2347 11.0101
v 76.8952 41.7431 10.8909
v 77.1589 41.944 10.7151
v 77.0019 42.3457 10.7904
v 76.5939 42.4524 11.0164
v 77.0459 42.804 11.3679
v 77.3095 43.0111 11.2675
v 76.8575 43.1115 11.3868
v 77.479 43.5949 11.3366
v 77.2216 43.8962 11.3303
v 76.7069 43.9778 11.2675
v 77.0145 44.2226 11.2738
v 76.5876 44.2665 11.2675
v 76.3805 44.549 11.2675
v 76.3679 44.9884 11.4495
v 76.0541 44.7499 11.4244
v 75.7528 44.9633 11.6692
v 75.3699 45.07 11.7132
v 75.0686 45.3085 11.9141
v 74.6857 45.4717 12.1589
v 74.3341 45.704 12.3032
v 74.0203 45.8986 12.5104
v 73.9324 46.3003 12.6234
v 73.788 46.1936 12.9812
v 73.2168 46.2187 13.5336
v 72.8402 46.4008 13.7344
v 72.5765 46.1936 13.0942
v 72.1748 46.7523 13.7909
v 72.1936 47.2482 13.6089
v 71.9928 47.0913 13.9102
v 71.9551 47.5432 14.2366
v 72.0492 48.0517 14.1111
v 72.3568 48.2965 14.1424
v 72.7146 48.5789 14.2743
v 72.9657 48.7735 14.1424
v 72.2438 48.6982 14.381
v 72.0995 49.1125 14.6886
v 71.999 49.577 15.0715
v 71.635 49.7214 15.3728
v 71.3399 49.4891 15.3916
v 71.1516 49.7967 15.5422
v 70.3732 50.1608 15.8624
v 70.1096 50.3679 15.8373
v 69.8962 50.663 15.9126
v 69.4254 50.7195 16.1825
v 68.9107 50.3177 16.4211
v 68.7537 50.6316 16.6031
v 68.9985 50.8262 16.5278
v 68.873 51.1149 16.8165
v 68.5843 50.8889 16.8667
v 68.1511 50.9768 17.1618
v 67.8435 50.732 17.168
v 67.536 50.4935 17.2057
v 67.0087 50.5249 17.2434
v 66.6634 50.2549 17.1806
v 66.337 50.4809 17.212
v 65.9227 50.55 17.4944
v 65.6152 50.3114 17.5321
v 65.3452 50.5688 17.8334
v 65.0439 50.8073 18.1347
v 64.7238 50.5625 18.1473
v 64.479 50.8262 18.4549
v 64.1965 50.6127 18.5176
v 63.8889 50.3679 18.5553
v 63.3993 50.393 18.8943
v 63.1106 50.1671 18.9696
v 62.7151 50.3365 19.3399
v 62.4012 50.5876 19.6412
v 62.1376 50.9266 19.9551
v 61.9179 51.2405 20.1622
v 61.6417 51.027 20.225
v 61.3592 50.8073 20.3066
v 61.0705 50.5751 20.3694
v 60.832 50.8952 20.8213
v 60.562 50.6881 20.9281
v 60.267 50.4558 20.9908
v 59.9845 50.2361 21.0661
v 59.7523 50.5876 21.3612
v 59.4761 50.8889 21.6625
v 59.1748 50.6504 21.6813
v 58.8735 50.4182 21.7127
v 58.6412 50.619 21.8885
v 58.4341 50.8952 22.083
v 58.183 51.1526 22.4095
v 57.7436 51.253 22.6103
v 57.4486 51.0208 22.6041
v 57.1096 50.7571 22.6041
v 56.5823 50.7446 22.8112
v 56.3626 51.027 22.9995
v 56.0613 50.7948 22.9744
v 55.804 51.0835 23.1439
v 55.4524 50.8073 23.1564
v 55.1762 51.1526 23.2883
v 54.8435 50.8952 23.2129
v 54.2974 50.9831 23.2945
v 53.9836 50.732 23.2945
v 53.5756 50.9329 23.4138
v 53.268 50.6943 23.395
v 52.9227 50.9454 23.5142
v 52.5336 50.6441 23.4201
v 52.2574 50.9705 23.6147
v 51.8933 50.6818 23.5017
v 51.5983 50.4495 23.4891
v 51.1651 50.55 23.5519
v 50.7948 50.7446 23.6335
v 50.3554 50.8701 23.6837
v 49.9913 50.5876 23.6147
v 49.6272 50.7697 23.7528
v 49.3196 50.5311 23.69
v 48.987 50.619 23.8344
v 48.717 50.7446 23.9097
v 48.4408 50.9078 24.0039
v 48.1144 50.6567 23.985
v 47.8006 50.8764 24.0415
v 47.5055 50.6504 24.0039
v 47.1666 50.3805 23.9788
v 46.8464 50.1357 23.916
v 46.52 50.2926 24.1231
v 46.2062 50.5562 24.1796
v 45.8798 50.8889 24.3805
v 45.5596 51.2216 24.5751
v 45.1704 50.914 24.4621
v 44.8503 50.663 24.4244
v 44.4737 50.8513 24.5939
v 44.0092 51.027 24.7006
v 43.4631 51.14 24.8701
v 43.1304 50.8827 24.8011
v 42.7977 50.619 24.7634
v 42.5027 50.3868 24.7634
v 42.1825 50.1357 24.732
v 41.605 50.2487 24.732
v 41.3037 50.0101 24.6881
v 40.9647 49.7402 24.5939
v 40.6132 49.464 24.5437
v 40.2429 49.1816 24.4244
v 39.9227 48.9242 24.3491
v 39.5524 48.6354 24.2863
v 39.2385 48.3906 24.3114
v 39.4582 48.0014 24.2298
v 39.1255 47.7441 24.1608
v 38.5104 47.8257 24.1106
v 38.2028 47.5809 24.0729
v 37.8889 47.3361 24.0164
v 37.5437 47.0661 23.9788
v 37.0541 47.1917 23.9976
v 36.7277 46.9343 23.916
v 36.1125 47.0034 23.8469
v 35.5287 47.0975 23.8155
v 35.2776 47.4742 23.8407
v 34.9387 47.2105 23.7277
v 34.562 46.9218 23.5707
v 34.1226 46.5703 23.3197
v 33.6393 46.6832 23.4201
v 33.1309 46.8339 23.4577
v 32.5596 46.9406 23.5205
v 31.9256 47.0159 23.5456
v 31.4046 47.1164 23.5394
v 31.1347 47.4616 23.7088
v 30.6137 47.606 23.803
v 30.2496 47.3235 23.7151
v 29.76 47.5118 23.9034
v 29.3394 47.1854 23.6837
v 29.0256 46.9343 23.6837
v 28.7117 46.6895 23.6398
v 28.9189 46.2815 23.5017
v 29.0758 45.8547 23.3699
v 29.3708 45.522 23.1941
v 29.0319 45.2583 23.1376
v 29.1449 44.8378 23.0183
v 28.8247 44.5867 22.9619
v 28.7745 43.9715 22.7547
v 28.3728 43.6576 22.6166
v 28.6364 43.3124 22.5538
v 28.2723 43.0237 22.4346
v 28.4167 42.5968 22.2839
v 28.5485 42.2076 22.1333
v 28.1782 41.9189 22.0014
v 27.789 41.6176 21.8633
v 28.7431 41.7871 21.945
v 29.283 41.6552 21.9136
v 29.6345 41.9314 21.9889
v 30.1806 41.8059 21.9261
v 30.576 42.1135 22.0893
v 31.0406 41.9691 22.1019
v 31.254 41.5799 22.0517
v 31.4611 41.197 21.9073
v 31.9696 41.0652 21.832
v 32.1202 40.6886 21.7817
v 32.522 40.4249 21.8508
v 32.9425 40.1675 21.8194
v 32.93 39.6465 21.719
v 33.3882 39.59 21.7943
v 33.3882 39.1193 21.8508
v 33.3254 38.6924 21.7064
v 33.3003 38.3283 21.606
v 33.6267 38.2405 21.6185
v 33.7335 37.8576 21.5369
v 33.859 37.4746 21.5118
v 34.3047 37.3428 21.562
v 34.719 37.2298 21.4993
v 35.0642 36.9599 21.3863
v 35.4032 36.7026 21.1854
v 35.7359 36.9662 21.2419
v 36.0811 37.2298 21.2921
v 36.4452 37.5186 21.4428
v 36.803 37.7948 21.5369
v 37.1106 38.0396 21.5369
v 37.4433 38.297 21.5746
v 37.845 38.0961 21.4491
v 38.1337 38.3221 21.4365
v 38.6799 38.2405 21.2859
v 39.0126 38.5041 21.3298
v 39.3578 38.2028 21.3298
v 39.6465 37.9392 21.2419
v 39.9604 37.7257 21.2482
v 39.9604 38.184 21.2419
v 39.6403 38.4288 21.2482
v 40.0169 38.7238 21.3549
v 40.2994 38.4476 21.2921
v 40.5128 38.1526 21.7755
v 40.3998 39.0188 21.5181
v 40.9334 38.4853 22.0266
v 40.8392 38.0145 21.8885
v 40.8518 37.5751 21.2733
v 41.1593 37.3679 21.9261
v 41.2096 36.9662 22.0328
v 40.8141 36.6586 21.8822
v 40.5316 36.4389 21.9512
v 40.2805 36.6837 22.1082
v 40.2805 36.238 22.0893
v 40.5881 36.0999 22.1144
v 40.9899 35.8991 22.0705
v 41.3288 35.6292 22.0579
v 41.4732 35.24 22.127
v 41.3539 34.6625 21.8069
v 41.4041 34.154 21.7504
v 41.5422 33.7648 21.8069
v 41.8373 33.52 21.945
v 41.5987 33.3317 22.1082
v 41.6238 32.9425 22.0893
v 41.6929 32.5408 22.0893
v 41.3728 32.2897 22.0642
v 41.0338 32.0261 22.0391
v 40.7074 31.7687 21.9889
v 40.3935 31.9821 22.1835
v 40.4124 31.5365 22.0579
v 40.0985 31.2916 22.0893
v 40.0357 30.7644 21.7504
v 40.1864 30.4128 21.7817
v 40.0483 29.9169 21.7127
v 39.9855 29.3834 21.5118
v 40.1362 29.0633 21.3486
v 40.3496 28.8059 21.2042
v 40.0232 28.5485 21.1478
v 40.1613 28.2786 20.9594
v 39.7784 27.9773 20.8339
v 39.9541 27.6697 20.6519
v 40.1362 27.3935 20.4698
v 39.6089 26.9792 20.0116
v 39.2448 26.703 19.8923
v 39.3892 26.3515 19.6601
v 39.6842 26.1758 19.8672
v 39.703 25.7175 19.817
v 39.8537 25.3409 19.5847
v 40.0357 25.0333 19.4153
v 40.1801 24.7195 19.1704
v 40.2868 24.2612 18.9884
v 39.703 23.8093 18.4235
v 39.0126 23.2757 18.2352
v 38.6296 22.9681 18.1347
v 38.6045 22.4283 18.2603
v 38.1589 22.083 17.9276
v 37.9768 21.9387 18.2477
v 38.3597 21.7504 17.8962
v 38.2091 21.6311 18.2854
v 37.9957 21.4679 18.5302
v 38.1714 21.1666 17.7832
v 37.6943 21.2294 18.5992
v 38.4664 21.3988 17.7895
v 38.6171 21.0348 17.6953
v 38.2844 20.7711 17.6263
v 37.8011 20.8778 17.6074
v 37.9454 20.5138 17.5949
v 37.4684 20.6205 17.6074
v 37.2801 20.9029 17.6765
v 37.0917 21.2482 17.6388
v 37.5814 20.225 17.5572
v 37.6755 19.8295 17.2936
v 37.7697 19.4278 17.0237
v 37.9957 19.2081 16.5215
v 37.8262 19.0763 16.7788
v 38.0396 18.775 16.1323
v 38.3346 18.5365 15.7808
v 38.3409 18.0719 15.5862
v 38.3848 17.6765 15.3539
v 38.6673 17.8962 15.3225
v 39.0063 18.1598 15.3477
v 39.5712 18.0971 15.015
v 39.8662 17.8648 14.6383
v 40.1864 18.1159 14.676
v 40.5505 18.3921 14.7199
v 40.9145 18.6808 14.8078
v 41.2598 18.4862 14.6634
v 41.9189 18.5929 14.563
v 42.2955 18.888 14.7074
v 42.6282 19.1453 14.8078
v 42.9797 19.4215 14.8392
v 43.3124 19.6852 14.9208
v 43.6828 19.9676 15.0401
v 44.0657 20.269 15.0777
v 44.4109 20.5389 15.1405
v 44.6683 20.2878 14.8957
v 45.0072 20.1057 14.563
v 45.3525 20.3757 14.6132
v 45.6726 20.1811 14.268
v 45.9802 20.0492 13.9479
v 46.2501 19.7731 13.4582
v 46.6267 19.5722 13.0251
v 46.9155 19.3525 12.6045
v 47.2984 19.2269 12.2216
v 47.562 18.9131 11.7697
v 47.5934 18.4423 11.3052
v 47.901 18.1724 10.69
v 48.0956 17.9025 10.2129
v 48.2525 17.5572 9.8928
v 48.5162 17.3124 9.2902
v 48.1647 17.0362 9.24626
v 47.8006 16.7537 9.17093
v 47.8257 16.352 8.8508
v 47.8696 16.0193 8.45533
v 48.0014 15.6678 7.90294
v 47.6625 15.4042 7.859
v 47.3737 15.1782 7.86528
v 47.041 14.9208 7.859
v 46.677 14.6383 7.77112
v 46.3819 14.4124 7.81506
v 46.3192 13.9416 7.338
v 45.999 13.6905 7.31917
v 45.6977 13.4582 7.35683
v 45.6538 13.0126 6.8986
v 45.365 12.7866 6.99903
v 45.0072 12.5104 6.9802
v 44.6683 12.2467 6.96137
v 44.6369 11.8011 6.60985
v 44.3105 11.55 6.66007
v 44.2665 11.0227 6.33365
v 43.9338 10.7653 6.30227
v 43.9025 10.2569 5.90681
v 43.5384 9.97441 5.83148
v 43.2496 9.75471 5.95703
v 42.9546 9.52245 5.98841
v 43.2057 9.20232 5.56156
v 43.1304 8.7127 5.17238
v 43.4693 9.40946 5.47368
v 43.7832 9.65427 5.39836
v 44.1535 9.94302 5.46741
v 44.4611 10.1816 5.46113
v 44.8126 10.4515 5.47368
v 45.1391 10.7088 5.47996
v 45.4655 10.9536 5.48624
v 45.7919 11.211 5.51135
v 46.1309 11.4746 5.56156
v 46.0995 11.9643 5.78126
v 46.156 12.4915 6.17045
v 46.156 12.9874 6.47175
v 46.5263 13.2699 6.50942
v 46.8716 13.5398 6.60357
v 47.1917 13.7846 6.59102
v 47.5432 14.0608 6.60357
v 47.8759 14.3182 6.6789
v 48.2149 14.5818 6.74795
v 48.648 14.9145 6.95509
v 49.056 15.2347 7.21873
v 49.508 15.5862 7.52004
v 49.9034 15.8938 7.58909
v 50.3679 16.2516 7.94061
v 50.8324 16.6156 8.27957
v 51.3221 16.9923 8.5746
v 51.6861 17.281 8.73153
v 52.0314 17.5447 8.80686
v 52.4206 17.3501 8.61226
v 52.8223 17.6577 8.78802
v 53.4751 17.689 8.66876
v 53.7953 17.4191 8.30468
v 54.1405 17.689 8.36745
v 54.4544 17.5007 8.12892
v 54.492 17.959 8.48044
v 54.8687 18.254 8.59343
v 54.6678 18.6118 9.12071
v 55.0444 18.9068 9.24626
v 54.7494 19.1579 9.5915
v 55.1072 19.4341 9.71077
v 54.8561 19.7354 10.0623
v 55.2013 20.0053 10.1502
v 55.5654 20.2815 10.2632
v 55.6407 20.7648 10.6335
v 55.9797 21.0285 10.7214
v 55.9734 21.4365 10.9411
v 56.2999 21.6876 10.9599
v 56.6451 21.9575 11.029
v 56.9715 22.2086 11.0666
v 57.3042 22.466 11.1169
v 57.6118 22.7045 11.1231
v 57.9319 22.9556 11.1294
v 58.2709 23.2192 11.1294
v 58.6036 23.4766 11.1106
v 58.8986 23.2945 10.8155
v 59.1936 23.5268 10.7967
v 59.6205 23.8595 11.0227
v 59.9343 23.6774 10.7779
v 60.2984 23.464 10.5331
v 60.901 23.4452 10.2318
v 61.2211 23.1816 9.95558
v 61.5978 23.0435 9.84259
v 61.9367 22.8489 9.67938
v 62.3322 22.6919 9.47851
v 62.5833 22.4597 9.10816
v 62.8971 22.7045 9.09561
v 63.1984 22.943 9.02028
v 63.5123 23.1878 9.02656
v 63.7885 23.395 8.95123
v 64.071 23.621 8.88846
v 64.3346 23.8218 8.76919
v 64.5857 24.0227 8.69387
v 64.8996 24.2612 8.61854
v 64.6485 24.4935 8.92612
v 64.3472 24.7132 9.40319
v 64.1526 25.027 9.94302
v 64.2028 25.4978 10.2004
v 63.8764 25.7615 10.5582
v 63.5688 26.0063 10.7904
v 63.5562 26.4896 11.1608
v 63.9392 26.7846 11.2424
v 63.9329 27.2052 11.393
v 64.2593 27.4563 11.3868
v 64.5418 27.676 11.3052
v 64.887 27.9459 11.4056
v 65.1946 28.1844 11.3993
v 65.4959 28.4167 11.3742
v 65.7784 28.6427 11.3491
v 66.0734 28.8687 11.2738
v 66.3747 29.1072 11.211
v 66.5944 29.6847 11.3052
v 66.8957 29.9232 11.2801
v 67.3665 30.2873 11.6755
v 67.6803 30.5258 11.6504
v 67.9879 30.7706 11.6002
v 68.2955 31.0092 11.5625
v 68.578 30.8146 11.2047
v 68.8981 31.0657 11.2738
v 69.1931 31.2916 11.1796
v 69.5195 31.549 11.1859
v 69.7016 31.2665 10.7591
v 70.0343 31.5239 10.7716
v 70.3732 31.7875 10.7653
v 70.662 31.5176 10.3887
v 70.9507 31.7373 10.4075
v 71.2646 31.9821 10.3761
v 71.591 32.2332 10.3699
v 71.9237 32.4906 10.4201
v 72.2627 32.7542 10.4201
v 72.5389 32.9676 10.3259
v 72.7962 33.1685 10.2255
v 73.085 33.3945 10.1251
v 73.3612 33.6079 10.0497
v 73.6436 33.8276 10.056
v 73.606 34.2984 10.2318
v 73.6185 34.7378 10.4389
v 73.9198 34.9701 10.4138
v 73.8759 35.3467 10.6712
v 74.1709 35.5727 10.5958
v 74.4408 35.7861 10.4703
v 74.6731 35.9681 10.282
v 74.6919 36.4075 10.1627
v 74.717 36.8846 10.282
v 74.8991 37.029 10.0372
v 75.1627 37.2361 9.93674
v 75.6649 37.619 9.69194
v 76.0352 37.914 9.79865
v 75.9285 38.1965 9.94302
v 75.8218 38.5418 10.1627
v 75.7339 38.9247 10.3636
v 75.5017 39.2134 10.4829
v 75.8281 39.4708 10.5958
v 76.1984 39.7595 10.7277
v 76.55 40.0357 10.8532
v 76.8513 40.268 10.8281
v 76.8199 40.676 10.9788
v 76.6127 41.015 11.1231
v 76.6755 41.5674 11.0666
v 76.4684 41.9314 11.1043
v 76.7383 42.1386 10.9599
v 76.3303 42.2516 11.1733
v 76.1733 42.578 11.2298
v 76.4181 42.7663 11.098
v 76.2173 43.1115 11.1231
v 76.6253 43.4317 11.4056
v 76.324 43.6828 11.1043
v 76.1859 43.9527 11.0478
v 76.0541 44.2979 11.2173
v 75.803 44.5553 11.5688
v 75.4452 44.7248 11.7195
v 75.0748 44.8378 11.7195
v 74.7798 45.0826 11.9768
v 74.3969 45.2458 12.1902
v 74.0705 45.5031 12.3974
v 73.4616 45.4592 12.6799
v 73.8131 45.7354 12.7489
v 73.4051 45.8923 12.7803
v 73.1477 45.6914 12.9058
v 73.7629 45.2583 12.479
v 73.4804 45.0386 12.5167
v 72.8653 45.4717 12.9623
v 72.9783 45.0826 13.0377
v 72.6205 45.2772 13.1444
v 72.4322 45.6098 13.1067
v 72.6707 45.7919 12.9937
v 72.2376 45.93 13.7658
v 72.5891 46.1999 13.8223
v 72.4322 46.4761 13.9165
v 72.1811 46.2815 14.0357
v 71.8609 46.0304 13.9918
v 71.7354 46.407 14.268
v 71.9049 47.0222 14.3998
v 71.7731 47.3988 14.563
v 71.6601 47.7504 14.7011
v 71.8986 47.9324 14.4814
v 71.8672 48.4095 14.2805
v 71.8547 48.9179 14.8141
v 71.7479 49.3824 15.1782
v 71.4843 49.1753 15.2096
v 71.0888 49.2945 15.5548
v 70.888 49.5958 15.649
v 70.21 49.5582 15.5485
v 69.9715 49.8532 15.6992
v 69.4317 49.8407 15.7055
v 69.6953 50.0415 16.3394
v 69.1241 50.0541 16.3143
v 68.6659 49.6963 15.9503
v 68.578 50.0604 16.4211
v 68.4524 50.3993 16.5905
v 68.2892 50.6567 16.9421
v 68.0005 50.4307 17.0174
v 67.718 50.211 17.0488
v 67.2158 50.2424 17.1869
v 66.8392 49.9474 17.0864
v 66.3433 49.9976 17.1492
v 66.0734 50.2738 17.2559
v 65.7909 50.0541 17.3061
v 65.2887 50.0541 17.5258
v 65.0188 50.3114 17.8146
v 64.705 50.0666 17.8146
v 64.4727 50.3617 18.1912
v 64.1777 50.1357 18.2414
v 63.8889 49.9097 18.3481
v 63.6253 50.1608 18.6494
v 63.3679 49.9599 18.7059
v 63.1168 49.7653 18.8629
v 62.8155 49.9348 19.0575
v 62.4264 50.1106 19.3901
v 62.1313 50.3742 19.6726
v 61.8551 50.7069 20.0053
v 61.5852 50.4935 20.0681
v 61.2839 50.2612 20.1057
v 61.0328 50.0666 20.1748
v 60.8131 50.3742 20.4949
v 60.5558 50.1733 20.6644
v 60.2733 49.9599 20.7837
v 60.0159 49.7528 20.859
v 59.7083 50.0164 21.1352
v 59.4698 50.3679 21.3737
v 59.1936 50.1482 21.4804
v 58.8986 49.9223 21.5244
v 58.591 50.1985 21.7504
v 58.3399 50.3805 21.9512
v 58.1579 50.6818 22.1521
v 57.9194 50.9392 22.4471
v 57.6243 50.7069 22.4283
v 57.3105 50.4621 22.4471
v 56.7832 50.4998 22.5789
v 56.4756 50.2612 22.5601
v 56.2747 50.4998 22.7924
v 55.7475 50.55 22.9744
v 55.4022 50.2738 22.8865
v 55.1072 50.5374 23.0748
v 54.5046 50.6316 23.1502
v 54.1656 50.3679 23.1753
v 53.6823 50.4998 23.3071
v 53.3559 50.2424 23.2694
v 52.9478 50.4433 23.351
v 52.6089 50.1796 23.2632
v 52.1883 50.3679 23.351
v 51.8933 50.1357 23.3071
v 51.5606 49.8783 23.2632
v 51.2467 50.1796 23.4515
v 50.8324 50.2926 23.4891
v 50.4307 50.4558 23.5519
v 50.1231 50.2173 23.5142
v 49.6837 50.3491 23.5833
v 49.3385 50.0729 23.5519
v 48.9932 50.2738 23.7277
v 48.6731 50.3742 23.8155
v 48.3844 50.4935 23.8971
v 48.0328 50.2173 23.8407
v 47.8006 50.4119 23.9097
v 47.4616 50.142 23.8846
v 47.1164 49.872 23.8281
v 46.7962 49.621 23.7653
v 46.5389 49.8909 23.8783
v 46.2313 50.0666 24.0855
v 45.8672 50.2926 24.1168
v 45.5408 50.6253 24.3428
v 45.2332 50.3805 24.2989
v 44.9256 50.1357 24.2549
v 44.5365 50.4182 24.393
v 44.1159 50.5751 24.5374
v 43.6388 50.7383 24.5939
v 43.3312 50.4935 24.5814
v 42.9985 50.2298 24.55
v 42.6345 49.9474 24.4872
v 42.3018 49.69 24.4684
v 41.8373 49.8658 24.7069
v 41.5046 49.6084 24.6316
v 41.1593 49.3322 24.5625
v 40.7827 49.0372 24.4998
v 40.4249 48.761 24.393
v 40.0985 48.5036 24.3114
v 39.7533 48.2337 24.2549
v 40.0043 47.8885 24.1294
v 39.6717 47.6248 24.098
v 39.3013 47.3361 24.0101
v 38.774 47.4679 24.1482
v 38.4476 47.2105 24.0792
v 38.1149 46.9469 24.0227
v 37.7383 46.6581 23.9348
v 37.1985 46.79 23.9034
v 36.872 46.5389 23.8344
v 36.3824 46.6581 23.8281
v 36.0058 46.3694 23.6774
v 35.7233 46.7021 23.7151
v 35.1521 46.8025 23.6272
v 34.7504 46.4949 23.4891
v 34.3361 46.1685 23.3134
v 33.8276 46.3443 23.3134
v 33.2941 46.4196 23.3322
v 32.7605 46.5389 23.3448
v 32.2081 46.6644 23.4326
v 31.5867 46.7523 23.4264
v 31.0406 46.8276 23.4829
v 30.7706 47.1854 23.5958
v 30.4317 46.9155 23.5582
v 29.9295 47.0724 23.6523
v 29.6094 46.8213 23.6147
v 29.2578 46.5451 23.5707
v 29.3834 46.0932 23.4013
v 29.6972 45.7793 23.2443
v 29.8605 45.3964 23.1502
v 29.5215 45.1328 23.0874
v 29.7914 44.7687 22.9681
v 29.4462 44.4988 22.9054
v 29.1135 44.2414 22.874
v 29.3457 43.8711 22.761
v 28.9879 43.5823 22.6605
v 29.1574 43.1806 22.5162
v 28.7871 42.8856 22.4095
v 28.9189 42.4964 22.2839
v 29.1072 42.0758 22.127
v 29.4713 42.3583 22.2086
v 30.0111 42.2202 22.0956
v 30.3187 42.465 22.1144
v 30.6451 42.7224 22.1207
v 30.915 42.3771 22.1082
v 31.3732 42.2327 22.1082
v 31.6118 41.8624 22.0956
v 31.775 41.4481 21.9512
v 32.3023 41.3163 21.901
v 32.4592 40.9585 21.8445
v 32.8609 40.6886 21.8822
v 33.2564 40.4124 21.8445
v 33.3003 39.9353 21.8069
v 33.7021 39.8411 21.8508
v 33.7335 39.3892 21.8696
v 33.6707 38.9623 21.7817
v 33.6393 38.5983 21.6688
v 33.9594 38.4978 21.6876
v 34.0724 38.1149 21.6374
v 34.2168 37.7571 21.5809
v 34.6562 37.619 21.6499
v 35.0391 37.4809 21.5181
v 35.3592 37.1922 21.3988
v 35.6543 37.4244 21.4051
v 36.0497 37.732 21.5118
v 36.4138 38.0145 21.606
v 36.7591 38.2907 21.6562
v 37.0855 38.5418 21.6436
v 37.3993 38.7929 21.675
v 37.7634 38.5543 21.5558
v 38.0898 38.8054 21.562
v 38.4351 38.5606 21.4051
v 38.7175 38.7803 21.3737
v 39.339 38.7552 21.38
v 39.7219 39.0565 21.493
v 40.0985 39.3515 21.6813
v 40.4186 39.6026 21.7755
v 40.8015 39.3327 21.7315
v 41.2158 38.705 21.9575
v 41.2598 38.3409 22.0454
v 41.5674 38.14 21.4867
v 41.0903 37.7634 21.8257
v 41.6427 38.6485 21.5118
v 41.8749 38.3723 21.5056
v 42.1386 38.1337 21.9638
v 41.5046 37.6379 21.9763
v 41.5485 37.6755 21.3235
v 41.5485 37.2361 22.1082
v 41.5925 36.8846 22.1647
v 41.5548 36.3385 21.9826
v 41.1844 36.5645 22.0391
v 40.8455 36.3008 21.9889
v 41.2598 36.1062 22.0014
v 41.7243 35.9367 22.2337
v 41.8122 35.4973 22.196
v 41.8561 35.0517 22.1772
v 41.8749 34.5244 22.1521
v 42.2013 33.8025 22.0956
v 42.2955 33.4698 22.1082
v 41.9314 33.1873 22.0203
v 42.0319 32.8044 22.2086
v 42.0946 32.3776 22.0328
v 41.7619 32.114 22.0014
v 41.4355 31.8566 21.9952
v 41.1154 31.6055 22.014
v 40.7953 31.3544 22.0203
v 40.4124 31.0594 21.9136
v 40.5316 30.6828 21.8382
v 40.6948 30.4254 21.7566
v 40.3935 30.1869 21.7629
v 40.6634 29.9169 21.606
v 40.3245 29.647 21.5997
v 40.4689 29.3206 21.4114
v 40.6823 29.0695 21.2356
v 40.8706 28.831 21.0661
v 40.563 28.5862 21.0661
v 40.676 28.2409 20.8213
v 40.3119 27.9522 20.7586
v 40.5253 27.6948 20.5891
v 40.6132 27.3056 20.269
v 40.1487 26.9416 19.9237
v 39.7658 26.6465 19.7731
v 40.0232 26.4394 19.817
v 40.0546 25.9874 19.9049
v 40.2805 25.6736 19.7919
v 40.4061 25.3221 19.5596
v 40.5567 25.0208 19.3525
v 40.676 24.5688 19.183
v 40.8518 24.1859 18.9068
v 40.5128 23.916 18.844
v 40.0357 23.5456 18.5176
v 39.2887 22.9619 18.2665
v 38.9435 22.6982 18.2854
v 38.9247 22.1898 18.4297
v 38.9435 21.7755 18.0406
v 39.0126 21.3423 17.8271
v 39.069 20.9092 17.4631
v 38.6924 20.6205 17.3815
v 38.3221 20.3317 17.2873
v 37.9831 20.0681 17.2873
v 38.0961 19.6789 17.0111
v 38.4037 19.9237 16.9797
v 38.7364 20.1873 17.0425
v 39.1004 20.4635 17.1429
v 39.182 20.1309 16.9295
v 39.0753 19.5785 16.3394
v 39.4017 19.8358 16.4399
v 39.4268 19.3901 16.0444
v 39.1004 19.1328 16.013
v 38.7112 19.296 16.2327
v 38.6987 18.8189 15.8373
v 38.3409 19.0135 16.1386
v 38.6296 18.2979 15.5234
v 38.9623 18.5553 15.5548
v 39.3452 18.4235 15.3477
v 39.8914 18.3481 15.0275
v 40.2554 18.6306 15.0966
v 40.5881 18.888 15.1091
v 40.9459 19.1642 15.2284
v 41.3414 19.0135 15.0212
v 41.6615 18.7938 14.8329
v 42.013 19.07 14.9585
v 42.3646 19.3462 15.015
v 42.7412 19.635 15.0903
v 43.0927 19.9112 15.1342
v 43.4631 20.1999 15.2598
v 43.8271 20.4824 15.3163
v 44.1598 20.746 15.3602
v 44.7373 20.7962 15.1907
v 45.0198 20.5577 14.902
v 45.3776 20.8402 14.9271
v 45.6789 20.6267 14.6572
v 46.0179 20.451 14.3182
v 46.2815 20.2752 13.9604
v 46.5891 20.0367 13.4959
v 46.9594 19.8295 13.0314
v 47.2168 19.5847 12.6045
v 47.606 19.4655 12.2467
v 47.8759 19.1579 11.7822
v 47.8822 18.662 11.2926
v 48.2211 18.4297 10.7088
v 48.4973 18.2163 10.3385
v 48.6166 17.8397 10.0058
v 48.8928 17.6012 9.40946
v 48.83 17.1304 8.95751
v 48.4597 16.8416 8.88218
v 48.1521 16.6031 8.8759
v 48.24 16.3081 8.51183
v 48.353 15.944 7.97827
v 48.4032 15.5548 7.56398
v 48.0077 15.2535 7.41333
v 47.6499 14.971 7.36311
v 47.3172 14.7137 7.32545
v 47.0034 14.4689 7.37566
v 46.6205 14.1738 7.28151
v 46.633 13.7721 6.92371
v 46.3066 13.521 6.89232
v 45.9676 13.2574 6.8986
v 45.8358 12.7364 6.49686
v 45.522 12.4915 6.50314
v 45.2081 12.2467 6.54708
v 44.9131 12.0208 6.57219
v 44.8942 11.5123 6.18928
v 44.6055 11.2863 6.28971
v 44.5365 10.7465 5.89425
v 44.2163 10.5017 5.91308
v 44.8315 10.9788 5.85659
v 45.1077 11.1985 5.78754
v 45.4404 11.4495 5.8252
v 45.7731 11.7069 5.81265
v 45.8609 12.2593 6.16417
v 45.5471 12.0145 6.19556
v 45.2144 11.7571 6.22067
v 46.972 14.0357 6.95509
v 47.2921 14.2868 6.98648
v 47.606 14.5316 6.99276
v 47.9324 14.7827 7.04297
v 48.3341 15.0966 7.16852
v 48.7735 15.4355 7.4196
v 49.2255 15.7871 7.70208
v 49.6335 16.1009 7.859
v 50.0039 16.3897 7.97827
v 49.5519 16.4524 8.05987
v 49.5833 16.8981 8.48672
v 49.0811 16.5089 8.1352
v 48.9054 16.8228 8.61226
v 49.3259 17.1492 8.81313
v 49.2506 17.4568 9.13327
v 49.8595 17.5698 9.36552
v 50.1733 17.3563 9.14582
v 49.4264 18.0217 9.88025
v 49.872 17.9401 9.8112
v 50.0039 18.4674 10.4577
v 50.4872 18.0531 10.1062
v 50.4621 18.3984 10.4013
v 50.9956 18.4486 10.4577
v 51.2342 18.1724 10.0246
v 50.8387 17.8711 9.88025
v 51.1714 17.7079 9.5099
v 50.6567 17.3061 9.10816
v 51.071 17.2183 8.95123
v 50.6127 16.8667 8.64993
v 51.4664 17.5258 9.14582
v 51.8242 17.8083 9.26509
v 52.4582 17.8774 9.014
v 52.8914 18.21 9.32786
v 53.2554 17.9966 9.0705
v 53.8831 18.0029 8.78802
v 54.2535 18.2916 8.9324
v 53.9961 18.5741 9.29647
v 54.379 18.8691 9.47851
v 54.4481 19.4153 9.92419
v 54.2096 19.6538 10.2318
v 54.5862 19.9488 10.3761
v 54.9503 20.225 10.4703
v 55.2892 20.4949 10.5645
v 55.283 20.8967 10.8344
v 55.6345 21.1729 10.9034
v 55.5027 21.493 11.0478
v 55.8165 21.7378 11.0917
v 56.1241 21.9763 11.098
v 56.4693 22.2463 11.1043
v 56.8083 22.5036 11.1545
v 57.1661 22.7861 11.1922
v 57.5051 23.0497 11.2361
v 57.8378 23.3071 11.2801
v 58.2018 23.5896 11.3554
v 58.5345 23.8469 11.393
v 58.9111 23.7151 11.098
v 59.2376 23.9725 11.1169
v 59.6267 24.2738 11.2863
v 60.0034 24.1545 11.1294
v 60.2733 23.9411 10.8972
v 60.6185 23.7151 10.5833
v 60.9575 23.9788 10.6147
v 61.2525 23.7214 10.3008
v 61.5538 23.4389 10.0309
v 61.9242 23.3008 9.86142
v 62.2506 23.0874 9.65427
v 62.6272 22.9242 9.45968
v 62.9034 23.1376 9.39063
v 63.2424 23.4013 9.41574
v 63.5374 23.6272 9.34041
v 63.7885 23.8218 9.16465
v 64.0521 24.029 9.03911
v 64.3221 24.2424 8.91357
v 64.0647 24.4998 9.44085
v 63.8199 24.7697 9.8928
v 63.8952 25.2593 10.2318
v 63.55 25.5041 10.5519
v 63.2424 25.7552 10.7465
v 63.1482 26.1758 10.9034
v 63.2801 26.6968 11.3554
v 63.6316 26.973 11.4182
v 63.5437 27.3182 11.5563
v 63.8764 27.5756 11.6316
v 64.14 27.7764 11.5249
v 64.4727 28.0401 11.55
v 64.818 28.3037 11.5751
v 65.1193 28.536 11.5123
v 65.4645 28.8122 11.5876
v 65.7784 29.0507 11.5939
v 66.0734 29.283 11.5374
v 66.3621 29.5089 11.4809
v 66.2805 29.8667 11.7571
v 66.5881 30.1053 11.776
v 66.9961 30.4254 11.9392
v 67.3414 30.6953 11.9894
v 67.6803 30.9527 12.0898
v 67.9816 31.1849 12.0145
v 68.2704 31.4109 11.9517
v 68.5968 31.2414 11.5374
v 68.9421 31.5113 11.6002
v 69.2559 31.7562 11.6002
v 69.5384 31.9759 11.5311
v 69.8083 31.7687 11.098
v 70.1284 32.0198 11.098
v 70.4172 32.2458 11.0352
v 70.6683 32.0198 10.7465
v 70.957 32.2395 10.6774
v 71.3336 32.5345 10.7465
v 71.6161 32.7479 10.7088
v 71.9174 32.9865 10.7026
v 72.2313 33.2313 10.6774
v 72.5012 33.4384 10.6335
v 72.746 33.633 10.5268
v 73.0285 33.8464 10.3761
v 73.3047 34.0661 10.3008
v 73.3361 34.5118 10.508
v 73.2545 34.8633 10.7402
v 73.5997 35.1333 10.7779
v 73.7566 35.6794 10.8532
v 74.0579 35.9179 10.803
v 74.2776 36.0874 10.5896
v 74.466 36.2318 10.3761
v 74.4534 36.6837 10.4264
v 74.5162 37.098 10.4201
v 74.7296 37.2675 10.1627
v 75.0121 37.4809 10.0435
v 75.3071 37.7132 9.98068
v 75.5519 37.9015 9.8112
v 75.4452 38.253 9.98068
v 75.3322 38.6171 10.1816
v 75.1251 38.9247 10.3197
v 75.0686 39.3076 10.5519
v 75.4389 39.5963 10.6649
v 75.8218 39.8914 10.8344
v 76.2047 40.1927 10.9788
v 76.5311 40.4437 11.0101
v 76.3303 40.7953 11.2361
v 76.437 41.379 11.2361
v 76.2738 41.7808 11.2989
v 76.098 42.0695 11.3303
v 75.916 42.3771 11.3617
v 75.6963 42.7098 11.437
v 75.9662 42.9169 11.2926
v 75.8406 43.3061 11.3491
v 76.0604 43.4756 11.1985
v 75.9223 43.7518 11.211
v 75.7779 44.0845 11.2738
v 75.5393 44.3481 11.732
v 75.1125 44.4674 11.6692
v 74.7798 44.6118 11.7446
v 74.5664 44.9131 12.2028
v 74.1082 45.0261 12.2154
v 73.832 44.8064 12.3283
v 73.5746 44.5992 12.4413
v 73.0097 44.6745 12.8054
v 72.7146 44.8754 13.2071
v 72.4573 44.6745 13.2887
v 72.4447 45.1453 13.4771
v 72.2501 45.4655 13.4394
v 71.9174 45.6789 13.816
v 71.522 45.7668 13.9353
v 71.3713 46.1246 14.1801
v 71.4027 46.6267 14.7325
v 71.6852 46.8464 14.6195
v 71.5471 47.2294 14.6948
v 71.4215 47.5683 14.8643
v 71.4592 48.083 14.7513
v 71.6977 48.2714 14.6132
v 71.5157 48.6605 14.7199
v 71.252 48.4534 14.8894
v 71.2583 48.9995 15.423
v 70.7687 49.0435 15.5736
v 70.5427 49.3259 15.5862
v 70.1975 49.0497 15.4983
v 69.8962 49.3134 15.5109
v 69.62 49.577 15.5799
v 69.1053 49.5833 15.6615
v 68.8479 49.3761 15.7871
v 68.4085 49.4954 16.0444
v 68.1511 49.7277 16.1825
v 68.1197 50.1357 16.5717
v 67.7431 49.8469 16.3708
v 67.4355 49.985 17.0802
v 67.0777 49.7088 16.9546
v 66.5065 49.69 16.986
v 66.0106 49.7402 17.0676
v 65.4582 49.7967 17.2999
v 64.9812 49.8093 17.5007
v 64.6799 49.577 17.5007
v 64.3848 49.8155 17.7957
v 64.0835 49.5833 17.8711
v 63.5939 49.6774 18.3356
v 63.3052 49.4515 18.4297
v 62.8281 49.5393 18.9131
v 62.5582 49.7402 19.1453
v 62.0246 49.7967 19.1704
v 61.8175 50.1357 19.6412
v 61.5162 49.8971 19.6977
v 61.2463 49.6837 19.7731
v 60.9952 49.4891 19.886
v 60.8006 49.8846 20.3506
v 60.5495 49.6837 20.5451
v 60.2858 49.4766 20.6205
v 59.9908 49.2506 20.6644
v 59.7335 49.5331 20.9218
v 59.3945 49.7716 21.1666
v 59.0932 49.5393 21.2356
v 58.6036 49.69 21.5307
v 58.3085 49.9725 21.7441
v 58.001 50.1168 21.8885
v 57.8315 50.4244 22.0956
v 57.5176 50.1796 22.1082
v 56.9966 50.2173 22.4032
v 56.7079 49.9913 22.4346
v 56.3752 49.7277 22.4283
v 56.1555 50.0101 22.5727
v 55.9546 50.2487 22.7861
v 55.6094 49.9787 22.7359
v 55.0758 50.0227 22.8489
v 54.7871 50.2863 22.9807
v 54.4606 50.0352 22.9932
v 54.1656 49.803 22.9807
v 53.8329 50.1106 23.1313
v 53.5442 49.8783 23.1062
v 53.0043 49.9662 23.1878
v 52.6591 49.6963 23.1188
v 52.2825 49.9223 23.1878
v 51.9686 49.6774 23.1878
v 51.6422 49.4264 23.2004
v 51.2593 49.6461 23.2883
v 50.9203 49.9223 23.4515
v 50.4872 50.0227 23.4577
v 50.1733 49.7779 23.4326
v 49.8155 49.9725 23.4829
v 49.4703 49.7088 23.4201
v 48.9995 49.8155 23.5331
v 48.6731 50.0227 23.6963
v 48.353 50.1231 23.7779
v 48.0517 49.8846 23.7402
v 47.6939 49.9474 23.7842
v 47.3675 49.6963 23.7151
v 47.0473 49.4389 23.6774
v 46.7335 49.1941 23.6398
v 46.4322 49.3385 23.7088
v 46.1936 49.621 23.8344
v 45.8923 49.803 24.0352
v 45.5345 50.0352 24.0792
v 45.183 49.759 24.0101
v 44.5741 49.8658 24.2236
v 44.1849 50.142 24.3303
v 43.7706 50.3052 24.506
v 43.4505 50.0478 24.4809
v 43.1304 49.803 24.437
v 42.804 49.5456 24.393
v 42.4901 49.3008 24.3428
v 42.0005 49.4515 24.4621
v 41.6678 49.1941 24.3868
v 41.3477 48.9367 24.3303
v 41.0087 48.6731 24.2801
v 40.6823 48.422 24.2361
v 40.337 48.1458 24.1608
v 40.4626 47.7127 24.0478
v 40.1299 47.4491 24.0352
v 39.7972 47.1917 23.9725
v 39.4833 46.9469 23.9223
v 38.9498 47.0661 23.9662
v 38.6359 46.8151 23.9034
v 38.2844 46.5389 23.7904
v 37.9329 46.2689 23.6837
v 37.3805 46.3757 23.8532
v 37.0164 46.0869 23.7402
v 36.4703 46.225 23.69
v 36.0811 45.9174 23.4954
v 35.6166 46.0618 23.4891
v 35.3153 46.3757 23.5142
v 34.9324 46.0806 23.3322
v 34.5558 45.7793 23.169
v 33.9406 45.8547 23.1062
v 33.4635 46.0555 23.2067
v 32.9425 46.1434 23.2318
v 32.3776 46.2376 23.2255
v 31.844 46.3819 23.2945
v 31.254 46.4886 23.4201
v 30.689 46.5577 23.4264
v 30.0864 46.6456 23.4954
v 29.7537 46.3819 23.464
v 30.0299 46.043 23.3008
v 30.2182 45.6726 23.2255
v 30.4379 45.2772 23.1125
v 30.1178 45.0261 23.0372
v 30.3877 44.6808 22.9305
v 30.055 44.4235 22.8865
v 29.7035 44.1473 22.8238
v 29.8479 43.7204 22.6731
v 29.5089 43.4568 22.6103
v 29.6659 43.0802 22.4346
v 29.3206 42.8165 22.4157
v 29.7977 42.6156 22.2463
v 30.1178 42.8667 22.3153
v 30.4505 43.1241 22.3718
v 30.9652 42.9734 22.1647
v 31.2414 42.6345 22.1333
v 31.6746 42.4713 22.1395
v 31.9507 42.1197 22.1647
v 32.1704 41.7557 22.0893
v 32.7103 41.6364 22.1458
v 32.8295 41.2472 22.0014
v 33.1936 40.9522 21.9136
v 33.5954 40.6823 21.8947
v 33.6832 40.2366 21.9324
v 34.0285 40.0922 21.9073
v 34.0536 39.6403 21.9073
v 33.9783 39.2009 21.788
v 33.9908 38.8682 21.7064
v 34.3047 38.7677 21.7315
v 34.4177 38.3911 21.6876
v 34.5746 38.0396 21.6625
v 34.9952 37.8889 21.7315
v 35.353 37.7257 21.5244
v 35.717 38.0082 21.5746
v 36.0686 38.2844 21.7001
v 36.4075 38.5543 21.7566
v 36.7277 38.8054 21.7566
v 36.9976 39.0188 21.7253
v 37.2863 39.2448 21.7001
v 37.6881 39.0126 21.5997
v 38.0082 39.2636 21.5872
v 38.3974 39.0502 21.5369
v 38.7426 39.3201 21.606
v 39.1067 39.0816 21.5056
v 39.5022 39.3892 21.6436
v 39.8914 39.6968 21.8069
v 40.2554 39.9855 21.9261
v 40.789 39.8914 21.8759
v 41.1468 39.6026 21.7566
v 41.3665 39.2887 21.562
v 41.6427 39.0377 21.5118
v 41.9879 38.9184 21.5244
v 42.4713 38.3974 22.0077
v 42.5654 38.0333 22.3592
v 42.2139 37.7508 22.196
v 41.8938 37.4998 22.196
v 41.9691 37.1796 22.3341
v 42.0068 36.6963 22.2776
v 42.17 36.2883 22.5287
v 42.1323 35.7547 22.2588
v 42.2516 35.3655 22.3592
v 42.3081 34.8571 22.422
v 42.4838 34.5055 22.4911
v 42.6094 34.1226 22.2714
v 42.1135 34.2105 22.3781
v 42.76 33.3694 22.3906
v 42.7851 32.9174 22.1772
v 42.3771 33.0744 22.3028
v 42.4273 32.635 22.1019
v 42.4524 32.183 21.9575
v 42.1135 31.9194 21.9324
v 41.7933 31.6683 21.8947
v 41.4732 31.4172 21.8759
v 41.1782 31.1849 21.8696
v 40.8518 30.9338 21.8571
v 41.0212 30.6765 21.788
v 40.9899 30.168 21.6374
v 41.1531 29.8605 21.4679
v 40.8141 29.5905 21.4365
v 41.0024 29.3143 21.2607
v 41.2158 29.1009 21.1038
v 41.2849 28.718 20.859
v 40.9899 28.4858 20.8716
v 41.2096 28.2347 20.6895
v 40.8769 27.971 20.6393
v 40.9647 27.5818 20.3443
v 41.1782 27.3433 20.2438
v 40.7388 27.0043 20.0304
v 40.3684 26.7093 19.8484
v 40.6132 26.4268 19.7605
v 40.3559 26.2323 19.8735
v 40.6007 25.9247 19.7542
v 40.7137 25.5606 19.5471
v 40.8957 25.2844 19.3776
v 40.9961 24.8199 19.2018
v 41.1782 24.437 18.9507
v 41.2723 24.0227 18.7122
v 40.9585 23.7779 18.7436
v 40.6195 23.5142 18.7185
v 40.6886 23.1376 18.367
v 40.2303 23.2129 18.5365
v 39.9165 22.9619 18.5302
v 40.042 22.6292 18.3105
v 39.6779 22.3404 18.254
v 39.339 22.083 18.2163
v 39.3578 21.6123 17.8711
v 39.4268 21.1917 17.5447
v 39.4582 20.746 17.2245
v 39.5147 20.3945 16.9483
v 39.816 20.1622 16.578
v 39.7846 19.6663 16.1009
v 39.6842 19.1202 15.7055
v 39.339 18.8503 15.6803
v 39.6591 18.6683 15.423
v 40.0043 18.9382 15.4858
v 40.3308 19.1893 15.492
v 40.6948 19.4718 15.5925
v 41.3477 19.478 15.3728
v 41.7243 19.3085 15.1531
v 42.0821 19.591 15.2284
v 42.4587 19.8798 15.3602
v 42.8102 20.156 15.4293
v 43.1366 20.4133 15.4983
v 43.4944 20.6895 15.5736
v 43.8397 20.9594 15.6615
v 44.1975 21.2419 15.7243
v 44.5176 21.0222 15.4795
v 45.1014 21.0787 15.2221
v 45.4341 21.3361 15.2849
v 45.6977 21.085 14.9459
v 46.0053 20.8778 14.6948
v 46.3443 20.7021 14.3119
v 46.633 20.5514 13.9604
v 46.9155 20.2878 13.521
v 47.2796 20.0806 13.0565
v 47.5432 19.8358 12.5983
v 47.9198 19.7103 12.2656
v 48.3279 19.5094 12.0396
v 48.2525 18.9507 11.3366
v 48.4597 20.1309 12.7238
v 48.8551 19.9174 12.4727
v 49.2757 19.7479 12.1714
v 49.2443 20.2187 12.6673
v 49.6712 20.0555 12.3095
v 49.6712 19.5471 11.8764
v 49.2067 19.1893 11.5311
v 49.5582 19.0386 11.2989
v 50.0164 19.3964 11.5563
v 50.1294 19.0135 11.2236
v 50.5374 19.3274 11.3742
v 50.5249 18.8691 10.916
v 50.9517 18.7813 10.7842
v 51.3409 18.7122 10.5205
v 51.5355 18.4109 10.0497
v 51.5355 17.9903 9.61033
v 52.1758 18.0782 9.35925
v 52.6214 18.4172 9.59778
v 53.268 18.4988 9.49734
v 53.6258 18.2854 9.17721
v 53.7011 18.8378 9.67938
v 54.0715 19.1265 9.82376
v 53.8204 19.3525 10.0811
v 53.8078 19.7542 10.4577
v 54.1405 20.0116 10.5205
v 54.536 20.3192 10.6523
v 54.9189 20.6142 10.7591
v 54.8122 20.9532 10.9474
v 55.1574 21.2231 10.9913
v 55.2578 21.7566 11.3491
v 55.5591 21.9952 11.3742
v 55.8604 22.2211 11.3052
v 56.2057 22.4911 11.3114
v 56.4756 22.7045 11.2738
v 56.7769 22.9367 11.2549
v 57.1096 23.1941 11.2612
v 57.4109 23.4326 11.3114
v 57.7938 23.7277 11.4307
v 58.2207 24.0604 11.5751
v 58.8295 24.0792 11.4056
v 59.1622 24.3303 11.4433
v 59.5075 24.6065 11.5249
v 60.0159 24.5751 11.4433
v 60.4051 24.4621 11.3114
v 60.6374 24.2236 11.0101
v 60.9763 24.4872 10.9599
v 61.2902 24.2361 10.6649
v 61.5727 23.9725 10.3134
v 61.8677 23.6837 10.0121
v 62.2255 23.5331 9.85514
v 62.5707 23.3385 9.66055
v 62.9034 23.5958 9.66055
v 63.2361 23.8532 9.68566
v 63.5374 24.0855 9.6731
v 63.8199 24.3052 9.55384
v 63.5123 24.5311 9.9493
v 63.2173 24.732 10.1
v 63.5814 25.0145 10.2192
v 63.2236 25.253 10.508
v 62.9411 25.5167 10.7779
v 62.8595 25.9498 10.9034
v 62.8595 26.3704 11.1545
v 62.8909 26.8098 11.4872
v 63.2487 27.0859 11.5876
v 63.1168 27.4061 11.8011
v 63.4809 27.6886 11.8576
v 63.7822 27.9271 11.8324
v 64.0773 28.1531 11.7446
v 64.4099 28.4104 11.7634
v 64.7238 28.6552 11.8073
v 65.0502 28.9063 11.8011
v 65.3703 29.1574 11.8513
v 65.6591 29.3834 11.8513
v 65.9667 29.6219 11.845
v 66.042 30.1366 12.0773
v 66.3433 30.3689 12.0835
v 66.6572 30.62 12.1024
v 67.0526 30.9213 12.2718
v 67.3539 31.1535 12.3283
v 67.6615 31.3984 12.2781
v 68.013 31.6683 12.2907
v 68.5278 31.6118 11.8952
v 68.8542 31.8691 11.9266
v 69.1492 32.0951 11.8889
v 69.4254 32.3148 11.8136
v 69.8083 32.183 11.4558
v 70.0908 32.4027 11.3868
v 70.3607 32.6161 11.3491
v 70.7059 32.4717 10.9913
v 71.0198 32.7103 10.9788
v 71.3462 32.9676 11.0415
v 71.6036 33.1622 10.9285
v 71.9049 33.4008 10.916
v 72.2501 33.6707 10.985
v 72.5138 33.8716 10.8407
v 72.7711 34.0787 10.6586
v 73.0536 34.2921 10.5896
v 72.9657 34.6374 10.7653
v 72.9594 35.0579 11.1985
v 73.2482 35.2839 11.098
v 73.5495 35.5162 11.0478
v 73.493 35.9305 11.2173
v 73.7817 36.1564 11.0917
v 74.0328 36.351 10.9034
v 74.2274 36.5017 10.6712
v 74.2776 36.9097 10.5394
v 74.1646 37.2487 10.6586
v 74.4534 37.4809 10.6021
v 74.6668 37.6441 10.3636
v 74.8677 37.8011 10.0686
v 75.1502 38.0208 10.0121
v 74.9618 38.3283 10.0811
v 74.7484 38.6296 10.1941
v 74.5664 39.4268 10.6335
v 74.9305 39.7093 10.7465
v 75.3008 39.9981 10.916
v 75.6586 40.2743 11.0415
v 76.029 40.563 11.211
v 75.8595 40.9334 11.3742
v 76.1671 41.1719 11.3868
v 76.0227 41.5862 11.4495
v 75.8469 41.8749 11.4998
v 75.6586 42.1762 11.4307
v 75.4264 42.4964 11.4935
v 75.3134 42.8981 11.6127
v 75.5833 43.1053 11.5186
v 75.4452 43.3752 11.55
v 75.6837 43.5635 11.3679
v 75.5205 43.8836 11.4119
v 75.1878 44.0719 11.6253
v 74.8489 44.2603 11.7634
v 74.5476 44.4235 11.8952
v 74.2086 44.6369 12.1338
v 73.9324 44.4172 12.2656
v 73.7064 44.2414 12.4162
v 73.5055 44.0845 12.6485
v 73.0724 44.2163 12.8431
v 72.8088 44.0029 12.9121
v 72.5263 44.2916 13.1067
v 72.8088 44.5113 13.1004
v 72.112 44.4046 13.1758
v 72.1748 44.9319 13.5775
v 72.043 45.3023 13.6465
v 71.5973 45.4278 13.7721
v 71.2081 45.522 13.929
v 71.0575 45.8798 14.1173
v 70.9194 46.2501 14.2931
v 70.8378 46.6707 14.4877
v 71.2897 47.0222 14.858
v 71.1893 47.38 15.0715
v 71.0951 48.3279 15.2598
v 70.9696 48.7735 15.492
v 70.4109 48.7673 15.5046
v 70.1159 48.535 15.4795
v 69.8836 48.8049 15.4858
v 69.6012 49.0811 15.492
v 69.3124 49.3322 15.5862
v 69.0174 49.1062 15.7243
v 68.5843 49.169 15.9189
v 68.1009 49.2569 16.0444
v 67.8687 49.5017 16.2139
v 67.536 49.2443 16.1951
v 67.5109 49.6586 16.5529
v 67.2096 49.4326 16.647
v 66.6321 49.3573 16.6094
v 66.2303 49.4703 17.0237
v 65.9981 49.2883 17.1931
v 65.7344 49.5268 17.2308
v 65.1695 49.5707 17.3061
v 64.887 49.351 17.3689
v 64.3848 49.351 17.507
v 64.1212 49.1439 17.6263
v 63.8073 49.3636 17.9966
v 63.5374 49.1564 18.0217
v 63.2989 48.9618 18.1912
v 63.0855 48.7986 18.3984
v 62.5896 48.8928 18.957
v 62.5958 49.3573 19.0512
v 62.2757 49.5142 19.1579
v 61.9179 49.2318 19.0386
v 61.6731 49.5268 19.1202
v 61.4157 49.3259 19.2709
v 61.1772 49.1313 19.3964
v 60.9575 48.9618 19.591
v 60.7504 49.2945 20.1183
v 60.4616 49.0686 20.1936
v 60.1917 48.8614 20.3066
v 59.6644 48.9995 20.7021
v 59.4573 49.3196 20.9657
v 59.1685 49.0937 20.9908
v 58.8358 49.3385 21.3172
v 58.2646 49.4264 21.5432
v 57.9884 49.7214 21.7566
v 57.7185 49.8971 21.9324
v 57.2038 49.9285 22.0956
v 56.9087 49.7026 22.1395
v 56.576 49.4389 22.1458
v 56.055 49.4829 22.3781
v 55.8353 49.759 22.5287
v 55.5152 49.508 22.422
v 55.2641 49.7088 22.6605
v 54.7306 49.7528 22.7798
v 54.4041 49.4954 22.7861
v 53.8455 49.5519 22.9116
v 53.5065 49.2883 22.8991
v 53.2115 49.621 23.0811
v 52.86 49.3448 22.9367
v 52.3076 49.4264 23.0372
v 51.9623 49.1502 23.0121
v 51.661 48.9116 22.9995
v 51.3283 49.1753 23.1753
v 50.9517 49.4075 23.2255
v 50.5688 49.6461 23.3699
v 50.2549 49.4013 23.3636
v 49.8407 49.5142 23.4013
v 49.4954 49.2443 23.3573
v 49.1564 49.464 23.3824
v 48.6919 49.5707 23.508
v 48.3592 49.7779 23.6586
v 47.9889 49.4891 23.6147
v 47.7001 49.6084 23.6586
v 47.3675 49.3448 23.6147
v 47.041 49.0937 23.5707
v 46.7209 48.8363 23.5519
v 46.407 48.9367 23.5896
v 46.0869 49.0686 23.6586
v 45.8672 49.3699 23.8093
v 45.5659 49.5456 23.9788
v 45.2207 49.2757 23.8595
v 44.844 49.4954 23.985
v 44.254 49.6147 24.211
v 43.915 49.9285 24.3554
v 43.5949 49.6774 24.3303
v 43.2496 49.4075 24.2926
v 42.9169 49.1502 24.2173
v 42.5968 48.8991 24.1859
v 42.1574 49.0372 24.2989
v 41.8122 48.7673 24.2298
v 41.4795 48.5099 24.1671
v 41.1593 48.2588 24.1545
v 40.8141 47.9826 24.1106
v 40.9083 47.5746 23.9285
v 40.6007 47.3298 23.9097
v 40.268 47.0724 23.9097
v 39.9416 46.8213 23.8407
v 39.6089 46.5577 23.7842
v 39.1444 46.6832 23.8532
v 38.7991 46.407 23.7653
v 38.4413 46.1309 23.6523
v 38.0584 45.8295 23.5205
v 37.5939 45.999 23.6147
v 37.2361 45.7228 23.508
v 36.6586 45.8107 23.6461
v 36.3259 45.5471 23.5519
v 35.6857 45.6098 23.3322
v 35.2211 45.7542 23.2945
v 34.8069 45.4278 23.0811
v 34.1854 45.4906 22.9932
v 33.5891 45.5847 23.0183
v 33.0869 45.7668 23.1125
v 32.6036 45.8735 23.1816
v 32.0826 46.0116 23.2129
v 31.5113 46.1183 23.2883
v 30.9213 46.225 23.3824
v 30.3626 46.3003 23.3448
v 30.5823 45.9614 23.3008
v 30.8209 45.5785 23.1753
v 30.733 44.957 22.9807
v 30.8397 44.4988 22.8614
v 30.5133 44.2414 22.7924
v 30.1931 43.9903 22.7484
v 30.3815 43.6451 22.6166
v 29.9985 43.3438 22.535
v 30.8146 43.4128 22.422
v 31.2916 43.2245 22.2149
v 31.5804 42.8981 22.1772
v 32.0072 42.7286 22.1647
v 32.3399 42.4273 22.3906
v 32.5534 42.057 22.2086
v 33.043 41.9 22.2023
v 33.1873 41.5297 22.0517
v 33.5828 41.2598 22.014
v 33.9281 40.9396 21.9763
v 34.0285 40.5065 21.9763
v 34.3612 40.3559 21.9324
v 34.3675 39.8851 21.901
v 34.2858 39.4394 21.8131
v 34.3047 39.1193 21.7378
v 34.6311 39.0251 21.788
v 34.7566 38.6548 21.7378
v 34.9512 38.3283 21.7504
v 35.309 38.1337 21.7253
v 35.6166 38.3723 21.7441
v 35.9242 38.6108 21.7755
v 36.2506 38.8682 21.7441
v 36.577 39.1255 21.7504
v 36.8971 39.3766 21.7315
v 37.2424 39.6465 21.7943
v 37.6379 39.521 21.6939
v 37.9705 39.7784 21.7253
v 38.3221 39.5084 21.6436
v 38.6422 39.7658 21.675
v 39.1381 39.6277 21.7629
v 39.5084 39.9165 21.9073
v 39.8411 40.1738 21.9952
v 40.1989 40.4626 22.083
v 40.6069 40.2554 21.9638
v 41.1531 40.1738 21.9512
v 41.4544 39.8474 21.8069
v 41.6803 39.5336 21.5558
v 41.9377 39.2699 21.5369
v 42.3081 39.1632 21.5809
v 42.6156 38.9561 21.7378
v 42.7977 38.6485 22.0454
v 42.9044 38.297 22.4032
v 43.0174 37.9957 22.5664
v 42.6847 37.7383 22.4973
v 42.2892 37.4307 22.353
v 42.3394 36.9599 22.3844
v 42.4964 36.5393 22.535
v 42.534 36.0686 22.422
v 42.6596 35.6857 22.6041
v 42.7286 35.1898 22.6292
v 42.7349 34.7001 22.3467
v 43.0048 34.4365 22.4032
v 43.0676 34.0724 22.5036
v 42.76 33.8339 22.5099
v 43.1429 33.6707 22.5601
v 43.1178 33.1748 22.2651
v 43.1806 32.7542 22.1144
v 42.8165 32.4717 22.0391
v 42.7161 32.001 21.9387
v 42.4022 31.7562 21.9324
v 42.057 31.4862 21.9387
v 41.718 31.2226 21.8194
v 41.3602 30.9464 21.7692
v 41.2849 30.4003 21.6688
v 41.4669 30.099 21.4302
v 41.5862 29.7726 21.2294
v 41.3037 29.5529 21.2607
v 41.5297 29.3457 21.0661
v 41.6364 28.9879 20.9092
v 41.5674 28.5109 20.7397
v 41.6364 28.1028 20.4949
v 41.2974 27.8392 20.4133
v 41.5297 27.6195 20.338
v 41.7055 27.2805 20.043
v 41.3225 26.9855 19.9112
v 40.9396 26.6842 19.8547
v 41.1593 26.3641 19.5847
v 40.8518 26.1193 19.6098
v 41.0087 25.7929 19.478
v 41.1907 25.5104 19.2646
v 41.3288 25.0773 19.1391
v 41.492 24.6818 18.9256
v 41.6238 24.2989 18.7687
v 41.5799 23.8344 18.2854
v 41.2912 23.6084 18.3042
v 41.0212 23.395 18.3356
v 41.0652 22.943 18.1661
v 40.7262 22.6794 18.1724
v 40.3621 22.8802 18.3168
v 40.381 22.4095 18.0845
v 40.042 22.1458 18.0343
v 39.6779 21.8633 17.9464
v 39.7972 21.4804 17.6514
v 39.7658 20.9845 17.2559
v 39.86 20.6644 16.9421
v 40.1927 20.4573 16.6659
v 40.4563 20.1873 16.2014
v 40.1299 19.9363 16.1637
v 40.0546 19.409 15.7871
v 40.3998 19.6789 15.8561
v 40.7639 19.9614 15.9503
v 41.0715 19.7731 15.7055
v 41.718 19.7731 15.5046
v 42.057 20.0367 15.6239
v 42.4148 20.3066 15.7117
v 42.8165 20.6205 15.8561
v 43.168 20.8967 15.9252
v 43.5384 21.1854 15.9816
v 43.8773 21.4553 16.013
v 44.21 21.7127 16.0884
v 44.5553 21.5181 15.7682
v 44.8817 21.3047 15.5674
v 45.1956 21.5495 15.5862
v 45.7417 21.5746 15.2849
v 46.0367 21.3549 14.971
v 46.3192 21.1289 14.6948
v 46.6456 20.9406 14.2994
v 46.972 20.8213 14.0106
v 47.1854 20.5012 13.4959
v 47.5997 20.3254 13.0314
v 47.9449 20.1497 12.7426
v 47.9324 20.5891 13.0753
v 48.4911 20.5765 13.2385
v 48.8551 20.4384 12.9749
v 49.2694 20.7586 13.1569
v 49.6147 20.5138 12.7615
v 50.0478 20.3443 12.4413
v 50.0541 19.8484 12.0082
v 50.4307 19.7166 11.7634
v 50.9078 19.6224 11.5311
v 50.8889 19.1516 11.0541
v 51.2781 19.0261 10.8218
v 51.705 19.001 10.5896
v 51.8996 18.6934 10.1376
v 51.9372 18.3042 9.78609
v 52.2762 18.5616 9.79865
v 52.6654 18.8629 9.96813
v 53.042 18.7499 9.79865
v 53.45 19.0637 9.96813
v 53.4375 19.4655 10.282
v 53.4186 19.8735 10.6523
v 53.7639 20.1434 10.7339
v 54.1154 20.4133 10.7904
v 54.492 20.7084 10.8846
v 54.4481 21.1289 11.0855
v 54.9063 21.4867 11.3491
v 54.8435 21.8006 11.6316
v 55.2076 22.083 11.732
v 55.4964 22.309 11.732
v 55.7663 22.5225 11.619
v 56.0739 22.761 11.6379
v 56.4003 23.0121 11.6253
v 56.7141 23.2569 11.5625
v 57.0406 23.508 11.55
v 57.3481 23.7465 11.55
v 57.8503 24.1357 11.9517
v 58.2207 24.4307 12.071
v 58.635 24.3805 11.845
v 58.9425 24.6253 11.8073
v 59.2752 24.8764 11.7948
v 59.5703 25.1086 11.7948
v 59.8716 24.8827 11.6567
v 60.2042 25.1463 11.6379
v 60.3612 24.845 11.5374
v 60.7378 24.7195 11.324
v 61.0203 24.9454 11.2424
v 61.2463 24.7006 10.8909
v 61.5852 24.4621 10.6712
v 61.9054 24.2298 10.3322
v 62.1941 23.9411 9.98696
v 62.5582 23.7842 9.85514
v 62.8783 24.0352 9.89908
v 63.1545 24.2549 9.8677
v 62.8407 24.4433 9.99952
v 62.8469 24.958 10.3385
v 62.5833 25.2405 10.7465
v 62.5456 25.705 10.9411
v 62.5393 26.1255 11.1671
v 62.5331 26.5336 11.3805
v 62.4829 26.9165 11.7634
v 62.759 27.1299 11.7508
v 62.7842 27.607 11.8827
v 63.1859 27.9145 12.0333
v 63.4998 28.1656 12.1212
v 63.8199 28.4104 12.1338
v 64.1463 28.6678 12.1526
v 64.4413 28.8938 12.14
v 64.7489 29.1323 12.0773
v 65.1004 29.4085 12.071
v 65.4017 29.6408 12.0961
v 65.7219 29.8918 12.0898
v 65.5587 30.1304 12.2342
v 65.8662 30.3689 12.253
v 66.2052 30.6325 12.3032
v 66.5505 30.9025 12.3158
v 66.9083 31.1787 12.4099
v 67.2158 31.4172 12.3974
v 67.536 31.6683 12.3848
v 67.9252 31.9696 12.5606
v 68.3394 31.9256 12.3346
v 68.6282 32.1516 12.253
v 68.9358 32.3839 12.2028
v 69.1869 32.5847 12.1024
v 69.4693 32.8044 12.0082
v 69.7267 32.5408 11.7006
v 70.0029 32.7605 11.6002
v 70.2916 32.9865 11.5751
v 70.6745 32.8547 11.2926
v 70.9884 33.0995 11.2549
v 71.2897 33.338 11.211
v 71.5659 33.5514 11.1043
v 71.9049 33.8151 11.142
v 72.1999 34.0473 11.142
v 72.4635 34.2482 11.0164
v 72.7083 34.4365 10.872
v 72.6205 34.7943 11.1106
v 72.6707 35.2902 11.4809
v 72.9594 35.5162 11.4119
v 73.2294 35.7296 11.3177
v 73.1038 35.9995 11.4558
v 73.3988 36.2255 11.4056
v 73.6374 36.4075 11.1985
v 73.8508 36.577 10.9976
v 74.0768 36.7528 10.8155
v 73.9449 37.0792 10.9223
v 74.0517 37.619 10.8658
v 74.2651 37.7885 10.6963
v 74.4785 37.9517 10.464
v 74.7484 38.1651 10.3322
v 74.2965 38.2781 10.5958
v 74.604 38.5229 10.6021
v 74.6292 38.9686 11.0855
v 74.2211 39.1569 11.3177
v 74.3655 39.7721 10.7904
v 74.7421 40.0671 10.9788
v 75.0874 40.3308 11.1169
v 75.4577 40.6195 11.1922
v 75.4075 41.1028 11.3993
v 75.759 41.379 11.55
v 75.5456 41.6364 11.5814
v 75.4012 41.9754 11.5751
v 75.1313 42.2641 11.5939
v 75.0121 42.6596 11.5814
v 75.169 43.1555 11.6818
v 75.056 43.5196 11.7634
v 75.3134 43.7204 11.6253
v 74.9305 43.8711 11.7948
v 74.5978 44.0657 11.9454
v 74.309 44.2414 12.0584
v 74.0579 44.0468 12.2154
v 73.832 43.8711 12.4225
v 73.5558 43.6514 12.5041
v 73.2231 43.8648 12.7112
v 72.9029 43.6137 12.661
v 72.5326 43.7895 12.9623
v 72.2376 44.0719 13.2071
v 71.8358 44.1912 13.2574
v 71.478 44.3858 13.4708
v 71.8547 44.6808 13.5963
v 71.7668 45.0826 13.6905
v 71.3085 45.2018 13.7909
v 70.888 45.2709 13.9039
v 70.7373 45.6287 14.0797
v 70.5678 45.9739 14.2303
v 70.5239 46.4259 14.4124
v 70.3481 46.7272 14.5818
v 70.775 47.0599 14.8769
v 70.436 47.8131 15.2598
v 70.957 47.6939 15.7368
v 70.6997 48.5664 15.5234
v 69.8648 48.3341 15.6301
v 69.6514 48.6229 15.718
v 69.3312 48.874 15.6113
v 69.0864 48.6794 15.7619
v 68.691 48.3718 15.536
v 68.4462 48.6543 15.7243
v 68.239 48.9054 15.8687
v 67.7557 48.987 15.9565
v 67.2096 48.987 16.1323
v 66.8015 49.1125 16.3771
v 66.563 48.9242 16.5968
v 66.3998 49.1816 16.7914
v 66.155 48.9932 16.9923
v 65.7156 49.0686 17.2496
v 65.4519 49.3008 17.2936
v 65.226 49.1251 17.5007
v 65.2009 48.6668 17.5321
v 65.4582 48.8677 17.3563
v 65.4206 48.4157 17.507
v 65.1444 48.196 17.6074
v 65.069 48.5601 17.9527
v 65.113 49.0372 17.9778
v 64.8996 48.874 18.1849
v 64.6045 49.1251 18.2603
v 64.6296 48.6605 18.21
v 64.3221 48.9054 18.3356
v 64.3786 48.466 18.4109
v 64.1902 48.3153 18.6934
v 64.0082 49.0497 18.8252
v 64.14 49.1564 18.3795
v 63.506 49.1251 18.6871
v 63.4809 48.6354 19.0512
v 63.7508 48.4534 19.0888
v 63.2361 48.4471 18.4737
v 63.8889 48.0768 18.6746
v 63.4119 47.7064 18.3168
v 63.1859 48.014 18.5427
v 63.0729 48.3216 18.8817
v 62.7026 48.4973 18.9445
v 62.0623 48.4785 19.1077
v 62.2506 49.0874 19.0135
v 61.6417 49.0183 19.114
v 61.3027 48.7547 19.0323
v 61.0956 48.5915 19.296
v 60.6939 48.7547 19.704
v 60.4553 48.5664 19.8484
v 60.1603 48.3404 19.8923
v 59.8778 48.6103 20.3066
v 59.6079 48.4032 20.338
v 59.3819 48.7735 20.7523
v 59.0681 48.5287 20.7837
v 58.8923 48.8802 21.085
v 58.5408 49.1062 21.3361
v 58.252 48.8802 21.38
v 57.957 49.1816 21.5495
v 57.6934 49.4954 21.7692
v 57.4109 49.6523 21.901
v 57.1159 49.4264 21.9198
v 56.8083 49.1816 21.901
v 56.4882 48.9305 21.8885
v 56.2434 49.1753 22.127
v 55.7161 49.2192 22.3404
v 55.1888 49.2506 22.4283
v 54.9189 49.4389 22.6292
v 54.605 49.1941 22.5978
v 54.0777 49.238 22.761
v 53.7137 48.9556 22.6668
v 53.1738 49.0246 22.8363
v 52.8349 48.761 22.7233
v 52.5273 49.0874 22.8614
v 52.1946 48.8238 22.8551
v 51.8807 48.5727 22.8238
v 51.3534 48.6731 22.987
v 50.9831 48.9054 23.0937
v 50.5814 49.1188 23.1313
v 50.2424 48.8489 23.0999
v 49.9285 49.1439 23.3134
v 49.6272 48.9116 23.2632
v 49.1313 48.9618 23.2632
v 48.8112 49.1878 23.2883
v 48.353 49.3008 23.464
v 48.0077 49.0372 23.395
v 47.6311 49.2067 23.5394
v 47.3361 48.9744 23.4954
v 47.0034 48.717 23.4703
v 46.6707 48.4534 23.395
v 46.3443 48.5476 23.464
v 46.0744 48.6794 23.5519
v 45.7605 48.8112 23.6147
v 45.5408 49.1062 23.7339
v 45.2081 48.8489 23.7528
v 44.9194 49.0372 23.9097
v 44.5239 49.2443 24.0039
v 43.959 49.3824 24.211
v 43.5823 49.0874 24.1231
v 43.2308 48.8112 24.0541
v 42.8981 48.5538 24.0101
v 42.578 48.2965 24.0101
v 42.239 48.6166 24.1608
v 41.9 48.353 24.0729
v 41.5548 48.0768 24.0352
v 41.2347 47.832 24.029
v 41.2912 47.2921 23.8469
v 40.971 47.041 23.803
v 40.6446 46.7837 23.8218
v 40.2931 46.5075 23.7465
v 39.9478 46.2376 23.6712
v 39.5712 45.9425 23.5958
v 39.2385 46.2689 23.7026
v 38.8807 45.9865 23.6021
v 38.4853 45.6789 23.4577
v 38.0835 45.3588 23.3008
v 37.6818 45.5345 23.3887
v 37.3114 45.2458 23.2506
v 36.8783 45.4404 23.4264
v 36.5331 45.1704 23.3699
v 35.9744 45.2772 23.4326
v 35.5727 44.957 23.2632
v 35.2714 45.2834 23.169
v 34.8947 44.9947 22.9932
v 34.4051 45.114 22.8677
v 33.7837 45.1767 22.7861
v 33.2125 45.2897 22.874
v 32.7542 45.5031 23.0309
v 32.2646 45.6098 23.1251
v 31.7562 45.7542 23.1816
v 31.1535 45.8358 23.2129
v 31.0908 45.2332 23.0623
v 31.1912 44.7687 22.9054
v 31.3858 44.4297 22.8112
v 31.0531 44.1661 22.7673
v 30.7204 43.9087 22.6919
v 31.1724 43.689 22.535
v 31.6306 43.4944 22.3028
v 31.9194 43.168 22.2337
v 32.3901 43.0299 22.2274
v 32.6036 42.6345 22.2211
v 32.9174 42.3394 22.2714
v 33.338 42.1323 22.1395
v 33.52 41.7871 22.0956
v 33.9092 41.5109 22.0579
v 34.2482 41.197 22.0454
v 34.3675 40.7702 22.014
v 34.7064 40.6195 22.0014
v 34.7504 40.1864 22.0266
v 34.6374 39.7219 21.8445
v 34.6311 39.3703 21.7692
v 34.9701 39.2887 21.8131
v 35.0579 38.8933 21.7692
v 35.24 38.5606 21.7127
v 35.5789 38.8242 21.7378
v 35.8991 39.0753 21.7441
v 36.2255 39.3327 21.7755
v 36.5017 39.5461 21.7378
v 36.8469 39.816 21.8006
v 37.1796 40.0797 21.8885
v 37.5939 39.9227 21.8571
v 37.8889 40.155 21.8382
v 38.3346 40.0671 21.8382
v 39.0314 40.0671 21.8508
v 39.3892 40.3433 21.945
v 39.7658 40.6383 22.0391
v 40.1236 40.9208 22.1082
v 40.5191 40.7137 22.1395
v 40.9522 40.5253 22.0454
v 41.4795 40.4312 21.9889
v 41.7745 40.0922 21.8382
v 42.013 39.7909 21.562
v 42.283 39.5398 21.5809
v 42.6596 39.4394 21.6813
v 42.9985 39.2511 21.8822
v 43.1366 38.9184 22.127
v 43.2308 38.548 22.353
v 43.3124 38.2342 22.5915
v 43.4254 37.8011 22.6166
v 43.0864 37.5437 22.5601
v 42.6721 37.2173 22.4157
v 42.8102 36.7842 22.535
v 42.9044 36.3573 22.5036
v 43.0739 36.0058 22.7861
v 43.1931 35.5538 22.9619
v 43.1366 35.014 22.5601
v 43.3501 34.7001 22.4597
v 43.3815 34.3235 22.4848
v 43.507 33.9594 22.6292
v 43.5007 33.4698 22.4346
v 43.5447 33.043 22.2274
v 43.7204 32.7856 22.1082
v 43.3877 32.5282 22.0642
v 43.0425 32.2583 22.0014
v 43.3061 31.9759 21.8885
v 42.9985 31.7373 21.8822
v 42.6659 31.48 21.8445
v 42.2955 31.1912 21.8194
v 41.9189 30.8962 21.675
v 41.6113 30.6514 21.6436
v 41.8122 30.3689 21.4804
v 41.9252 30.0362 21.2231
v 41.831 29.578 21.0787
v 41.944 29.2265 20.8841
v 41.8687 28.7494 20.7397
v 42.0068 28.3916 20.5703
v 42.2139 28.1531 20.451
v 41.8749 27.8894 20.4322
v 42.0946 27.5881 20.2187
v 42.2453 27.2052 19.8986
v 41.8687 26.9165 19.7542
v 41.5297 26.6465 19.6789
v 41.6615 26.3013 19.4655
v 41.2786 26 19.3462
v 41.4293 25.6987 19.1391
v 41.6113 25.297 19.0512
v 41.7745 24.9078 18.8817
v 41.9 24.5123 18.662
v 41.8812 24.0666 18.2289
v 42.0068 23.6837 18.0782
v 41.6992 23.4389 18.1473
v 41.4041 23.2129 18.1661
v 41.4355 22.761 17.8397
v 41.1028 22.4973 17.7769
v 40.7639 22.2337 17.7267
v 40.4563 21.9952 17.7079
v 40.1173 21.7315 17.6702
v 40.1362 21.2733 17.325
v 40.1675 20.9029 16.9546
v 40.5379 20.7209 16.7475
v 40.8706 20.5138 16.4273
v 41.1405 20.2501 16.0444
v 41.4983 20.0995 15.8624
v 41.8436 20.3694 15.944
v 42.2139 20.6581 16.0507
v 42.6094 20.9657 16.1888
v 42.9232 21.2105 16.2265
v 43.2622 21.4742 16.3018
v 43.5949 21.7378 16.3018
v 43.9087 21.9763 16.3457
v 44.2289 22.2337 16.3708
v 44.549 21.9701 16.0821
v 44.9194 21.8006 15.8436
v 45.252 22.0579 15.8812
v 45.5157 21.8006 15.6427
v 45.8672 22.0705 15.6615
v 46.0995 21.8508 15.3351
v 46.3819 21.6248 14.9899
v 46.5891 21.3361 14.6258
v 46.9469 21.1729 14.2805
v 47.2796 21.0536 13.9667
v 47.5369 20.7711 13.5084
v 47.8885 21.0473 13.5022
v 48.4408 20.9845 13.5398
v 48.9242 20.9092 13.4833
v 49.3071 21.2105 13.6089
v 49.6837 21.0787 13.2887
v 49.9662 20.7837 12.8745
v 50.4056 20.6267 12.5229
v 50.437 20.1434 12.1212
v 50.7571 19.9676 11.8324
v 51.2844 19.9112 11.619
v 51.2279 19.4153 11.1106
v 51.6359 19.3085 10.8909
v 52.0753 19.2834 10.6523
v 52.2636 18.9759 10.2632
v 52.5649 19.2081 10.2945
v 53.0671 19.1767 10.169
v 52.9855 19.5345 10.4703
v 53.1048 20.0869 10.8093
v 53.4124 20.3254 10.8783
v 53.7388 20.5765 10.9034
v 54.0777 20.8402 10.9285
v 53.6383 20.8653 11.0604
v 53.2366 20.5514 10.916
v 52.8851 20.7084 11.211
v 53.3433 21.0599 11.4809
v 53.7764 21.3988 11.7446
v 53.4124 21.5683 12.1714
v 53.8015 21.8696 12.2593
v 54.1091 21.6562 11.8199
v 54.4481 21.493 11.4684
v 54.5297 21.9826 12.0773
v 54.8373 22.2274 12.0521
v 55.1574 22.4722 12.0898
v 55.4399 22.6919 11.9768
v 55.804 22.9744 12.0396
v 56.1241 23.2255 12.0459
v 56.4379 23.464 12.0208
v 56.733 23.6963 11.9517
v 57.0468 23.9411 11.9517
v 57.5929 24.3617 12.4853
v 57.9131 24.6127 12.5041
v 58.2144 24.845 12.4978
v 58.5345 24.6692 12.0898
v 58.8107 24.8889 12.0082
v 59.0869 25.0961 11.9141
v 59.3882 25.3283 11.9392
v 59.9657 25.4162 11.9705
v 60.311 25.6799 12.0208
v 60.6185 25.4664 11.8136
v 60.6688 25.0835 11.5311
v 60.9449 25.297 11.4872
v 61.2902 25.1526 11.1357
v 61.5789 24.958 10.916
v 61.9305 24.732 10.7339
v 62.2255 24.4746 10.3197
v 62.5268 24.1985 9.99952
v 62.5268 24.7069 10.3134
v 62.2632 24.9894 10.7277
v 62.2443 25.4727 10.9788
v 62.2129 25.8745 11.1231
v 62.2443 26.3076 11.4621
v 62.1753 26.6779 11.7634
v 62.1753 27.1362 11.8952
v 62.4577 27.3559 11.8827
v 62.2757 27.5818 11.9705
v 62.6021 27.8329 12.0019
v 63.0352 28.1719 12.2907
v 63.4119 28.4606 12.3786
v 63.7634 28.7306 12.4225
v 64.071 28.9754 12.4225
v 64.3534 29.1888 12.3158
v 64.6673 29.4336 12.3095
v 64.9498 29.6533 12.2593
v 65.2574 29.8981 12.2593
v 65.1506 30.2434 12.4288
v 65.4833 30.5007 12.4225
v 65.8097 30.7518 12.4539
v 66.155 31.0217 12.5104
v 66.4751 31.2665 12.5041
v 66.8015 31.5239 12.548
v 67.1405 31.7875 12.6108
v 67.536 32.0951 12.818
v 67.8435 32.3337 12.8305
v 68.2453 32.2144 12.5857
v 68.5152 32.4278 12.5104
v 68.7977 32.6475 12.4351
v 69.055 32.8484 12.3535
v 69.3375 33.0681 12.2467
v 69.733 33.0053 11.8952
v 70.0154 33.225 11.8889
v 70.2854 33.4384 11.8073
v 70.6118 33.2376 11.5437
v 70.8942 33.4573 11.4433
v 71.1579 33.6581 11.3993
v 71.4466 33.8841 11.3428
v 71.7793 34.1415 11.3742
v 72.043 34.3423 11.3554
v 72.3568 34.5872 11.2801
v 72.3882 35.0705 11.4621
v 72.5514 35.5664 11.6504
v 72.8276 35.7798 11.5437
v 72.7335 36.1376 11.6881
v 73.0034 36.3448 11.6253
v 73.2607 36.5456 11.506
v 73.4993 36.7339 11.3366
v 73.7001 36.8909 11.1294
v 73.5809 37.2487 11.2361
v 73.8508 37.4621 11.1106
v 73.832 37.9203 11.029
v 73.9512 38.4413 10.8783
v 74.4346 38.8117 11.3052
v 73.5871 39.1632 11.1106
v 74.0077 39.4959 11.4056
v 73.5809 39.6842 10.872
v 73.9073 39.9353 10.8595
v 74.3341 40.268 11.0666
v 74.6919 40.5442 11.2298
v 75.0623 40.8392 11.3554
v 74.8928 41.1342 11.4872
v 75.2129 41.379 11.5563
v 75.1125 41.7494 11.6127
v 74.8175 42.0256 11.6379
v 74.7108 42.421 11.663
v 74.5789 42.7035 11.7508
v 74.8614 42.9232 11.7195
v 74.7735 43.2999 11.8324
v 74.6919 43.6828 11.958
v 74.3404 43.8648 12.0898
v 74.1019 43.6765 12.2467
v 73.8194 43.4568 12.3974
v 73.5746 43.2622 12.5041
v 73.2356 43.4066 12.5292
v 72.9469 43.1806 12.6108
v 72.633 43.4066 12.7552
v 72.3757 43.2057 12.9247
v 72.4761 43.7455 13.6214
v 71.6726 44.0657 13.5901
v 71.2081 44.1787 13.5461
v 70.9445 44.4486 13.9792
v 71.0386 44.9947 13.929
v 70.5867 45.0386 13.9604
v 70.4046 45.3713 14.0232
v 70.2226 45.7103 14.2303
v 70.1787 46.156 14.3621
v 70.0719 46.5075 14.6321
v 69.9087 46.8778 14.7199
v 69.6576 46.6832 14.8706
v 69.3752 46.9845 14.8518
v 69.3563 46.4447 14.9145
v 68.8918 47.154 15.0526
v 69.2434 47.4239 15.0903
v 69.7267 47.2545 15.6992
v 69.4882 47.6185 15.6803
v 69.7895 47.8508 15.6176
v 70.0719 47.5307 15.7619
v 70.662 47.4616 15.7808
v 71.0261 47.2545 15.4732
v 69.6263 48.1521 15.7494
v 69.3626 48.4032 15.8184
v 68.9232 48.0579 15.4795
v 68.6219 47.8194 15.4606
v 68.3583 48.1144 15.5485
v 68.1135 48.3969 15.6866
v 67.4795 48.7735 16.0507
v 66.9459 48.7861 16.1637
v 66.676 48.5727 16.2955
v 66.494 48.4283 16.5843
v 66.337 48.7484 16.8605
v 66.1487 48.5978 17.0676
v 65.9416 48.8238 17.212
v 65.7093 48.6417 17.4003
v 65.6717 48.2274 17.4066
v 65.4206 48.0266 17.5007
v 65.1695 47.8257 17.6388
v 64.9309 48.0328 17.8146
v 64.8054 48.353 18.0719
v 64.5104 48.127 18.1473
v 64.184 47.8696 18.141
v 63.9329 47.675 18.2414
v 63.6441 47.4491 18.2665
v 63.3617 47.2294 18.323
v 63.142 47.4993 18.4486
v 62.5707 47.5307 18.4925
v 62.985 47.8633 18.7687
v 62.7967 48.1019 18.9947
v 62.4389 48.2902 19.07
v 62.2632 48.1584 19.3901
v 61.8802 48.3341 19.4278
v 61.6103 48.1207 19.5534
v 62.1439 47.5872 19.5722
v 61.8049 47.7943 19.8295
v 61.353 47.9198 19.635
v 61.1521 48.2274 19.4592
v 61.083 47.7127 19.7605
v 61.0956 47.2419 19.6287
v 60.6499 47.832 19.6789
v 60.7692 47.4679 19.8233
v 60.3549 47.5997 19.6977
v 60.5746 46.8339 19.8107
v 59.9029 47.2482 19.3211
v 60.38 47.1603 18.9068
v 60.6562 47.8382 18.9382
v 60.267 47.9449 19.5973
v 60.5558 48.1709 19.4906
v 60.8257 48.3781 19.4027
v 61.4973 48.4973 18.6871
v 61.5601 48.083 18.6557
v 59.8778 48.1144 19.9551
v 59.564 47.8696 19.9488
v 59.3254 48.1835 20.3568
v 59.0053 47.9324 20.4008
v 58.7793 48.3027 20.8464
v 58.5847 48.6354 21.1038
v 58.3023 48.4157 21.1603
v 57.9759 48.6605 21.4239
v 57.6745 48.9618 21.6185
v 57.4235 49.282 21.8571
v 57.1033 49.0309 21.8633
v 56.7769 48.7735 21.8445
v 56.4317 48.5099 21.7629
v 56.1618 48.6794 21.8571
v 55.9546 48.9556 22.1144
v 55.6282 48.6982 22.0705
v 55.3646 48.9367 22.309
v 54.8624 48.9995 22.3844
v 54.5611 48.761 22.3655
v 54.3037 48.9556 22.5664
v 53.9899 48.7045 22.5413
v 53.6446 48.4408 22.4597
v 53.3935 48.7045 22.6103
v 53.0671 48.4471 22.5476
v 52.4457 48.4534 22.6292
v 52.1193 48.2023 22.6229
v 51.5543 48.3216 22.7861
v 51.0145 48.4095 22.8928
v 50.6379 48.6354 23.0686
v 50.2863 48.3592 22.9995
v 49.9097 48.5915 23.0058
v 49.2883 48.648 23.238
v 48.8049 48.7045 23.1941
v 48.4785 48.9305 23.2757
v 48.1521 48.6731 23.2255
v 47.7127 48.8049 23.351
v 47.38 48.5413 23.3071
v 47.0222 48.2651 23.2255
v 46.7021 48.014 23.1753
v 46.3694 48.2149 23.3699
v 46.0618 48.3216 23.5142
v 45.7856 48.4534 23.5896
v 45.4466 48.5664 23.6084
v 45.1328 48.3153 23.5707
v 44.888 48.5978 23.7465
v 44.6055 48.7924 23.9223
v 44.2289 49.0121 23.9913
v 43.9025 48.7547 23.9411
v 43.5949 48.5099 23.9285
v 43.2559 48.2463 23.8595
v 42.9421 48.0014 23.8658
v 42.6156 47.7441 23.8344
v 42.2704 48.0579 23.9599
v 41.9628 47.8194 23.9223
v 41.6238 47.5558 23.9034
v 41.605 46.9532 23.7277
v 41.2849 46.7021 23.7339
v 40.9773 46.4635 23.7151
v 40.6446 46.2062 23.6649
v 40.3182 45.9488 23.5833
v 39.973 45.6789 23.5017
v 39.6277 45.4027 23.4264
v 39.2197 45.6663 23.464
v 38.8682 45.3964 23.3197
v 38.4978 45.1077 23.2129
v 38.1024 44.7938 22.987
v 37.7257 45.0826 23.1251
v 37.3805 44.8064 23.0309
v 36.9474 44.9633 23.1941
v 36.5896 44.6808 23.1125
v 36.1878 44.9005 23.3008
v 35.8175 44.6055 23.2004
v 35.1647 44.6369 23.0183
v 34.5118 44.6934 22.7673
v 34.0473 44.8315 22.7924
v 33.4447 44.9131 22.7296
v 32.9112 45.0512 22.8489
v 32.4153 45.2332 23.0183
v 31.9194 45.3399 23.0748
v 31.4172 45.4906 23.1313
v 31.5553 45.0575 22.9932
v 31.731 44.6997 22.8865
v 31.8754 44.2414 22.6417
v 31.5365 43.9778 22.6041
v 32.001 43.7832 22.3844
v 32.2897 43.4568 22.3467
v 32.7542 43.3187 22.3655
v 32.9237 42.8856 22.2776
v 33.225 42.578 22.2839
v 33.7146 42.4273 22.2463
v 33.8276 42.0319 22.1584
v 34.2733 41.7933 22.1709
v 34.6436 41.4983 22.1584
v 34.7127 41.0401 22.0893
v 35.0642 40.902 22.0768
v 35.4534 40.7325 22.2651
v 35.5915 40.1236 21.8885
v 35.2714 39.8725 21.8069
v 34.9512 39.6214 21.788
v 35.3279 39.5712 21.8257
v 35.3906 39.1506 21.8131
v 35.7359 39.4206 21.8382
v 36.0497 39.6654 21.8445
v 36.3887 39.9353 21.8696
v 36.7591 40.224 21.9512
v 37.1043 40.494 22.0517
v 37.5186 40.3496 21.9261
v 37.8576 40.6132 21.9261
v 38.2593 40.4437 21.9512
v 38.7489 40.3872 22.014
v 39.0816 40.6509 22.0893
v 39.4582 40.9396 22.2274
v 39.816 41.2221 22.2965
v 40.1362 41.4732 22.3781
v 40.4563 41.1782 22.1709
v 40.8831 40.9961 22.2274
v 41.2786 40.789 22.1082
v 41.8373 40.7074 22.014
v 42.0884 40.3433 21.8508
v 42.3771 40.0734 21.6625
v 42.7349 39.8914 21.8382
v 43.0676 39.7595 21.8633
v 43.3877 39.5587 21.9889
v 43.4819 39.1883 22.2149
v 43.5635 38.8117 22.3969
v 43.6451 38.4915 22.5915
v 43.7832 38.0835 22.7108
v 43.8522 37.6065 22.8363
v 43.4756 37.3114 22.648
v 43.2182 37.1043 22.7673
v 43.4003 36.7465 22.8928
v 43.4631 36.3134 22.9556
v 43.5949 35.8677 23.1251
v 43.846 35.5664 22.7861
v 43.5447 35.3341 22.7798
v 43.6765 34.9575 22.4973
v 43.6953 34.562 22.5538
v 43.8711 34.2419 22.6982
v 43.8522 33.746 22.535
v 43.9213 33.3317 22.3592
v 44.0657 33.0618 22.2651
v 44.028 32.5471 22.0642
v 43.6953 32.2834 22.0014
v 43.8334 31.957 21.8508
v 43.4756 31.6746 21.7441
v 43.1429 31.4109 21.6813
v 42.8353 31.1724 21.6499
v 42.5152 30.9213 21.6374
v 42.17 30.6514 21.562
v 42.3081 30.3375 21.3235
v 42.5089 30.1115 21.1729
v 42.17 29.8416 21.1101
v 42.2767 29.4901 20.9155
v 42.2013 29.0068 20.7837
v 42.3269 28.649 20.564
v 42.5089 28.3853 20.4322
v 42.4399 27.858 20.225
v 42.6031 27.4877 20.0179
v 42.7098 27.1236 19.6601
v 42.3646 26.8537 19.6161
v 41.9879 26.5587 19.4843
v 42.1009 26.226 19.2332
v 41.7494 25.9498 19.1767
v 41.9189 25.5418 19.07
v 42.0381 25.1086 18.8001
v 42.2139 24.7571 18.6432
v 42.2265 24.3366 18.2728
v 42.3143 23.9223 18.0594
v 42.4273 23.5331 17.8083
v 42.1009 23.2757 17.8334
v 41.7682 23.0183 17.8397
v 41.8938 22.648 17.6388
v 41.5611 22.3906 17.5949
v 41.2284 22.127 17.5635
v 40.8706 21.8445 17.4944
v 40.5253 21.5809 17.438
v 40.5002 21.1603 16.9985
v 40.8894 20.9971 16.76
v 41.1907 20.7648 16.4838
v 41.5234 20.5514 16.2202
v 41.8749 20.8276 16.3143
v 42.239 21.1101 16.3959
v 42.5529 21.3549 16.4399
v 42.9295 21.6436 16.5403
v 43.2873 21.9261 16.578
v 43.6263 22.1898 16.6156
v 43.9527 22.4471 16.647
v 44.2916 22.7108 16.6533
v 44.6118 22.5287 16.4148
v 44.9068 22.2525 16.1637
v 45.2018 22.4848 16.1888
v 45.5973 22.3279 15.9252
v 45.9237 22.5852 15.944
v 46.2125 22.3404 15.6866
v 46.4008 22.0893 15.3665
v 46.7021 21.8696 15.0338
v 46.9218 21.5934 14.6195
v 47.2419 21.3988 14.2366
v 47.6123 21.3172 13.9416
v 47.9638 21.5872 14.042
v 48.3467 21.4051 13.86
v 48.8426 21.2921 13.7407
v 49.2192 21.5872 13.8914
v 49.6272 21.4553 13.6152
v 50.0101 21.3361 13.3327
v 50.3177 21.0536 12.9749
v 50.7383 20.8841 12.5732
v 50.8136 20.4384 12.2342
v 51.1086 20.2438 11.9078
v 51.6422 20.1873 11.6943
v 51.9184 19.9551 11.2361
v 51.5543 19.6663 11.1545
v 51.9247 19.5282 10.8595
v 52.3892 19.5282 10.69
v 52.7407 19.8044 10.7402
v 52.8851 20.2815 10.872
v 52.5273 20.4322 11.098
v 52.59 20.9281 11.7257
v 52.9855 21.2356 11.9831
v 52.929 21.6562 12.4162
v 53.3119 21.9575 12.5104
v 53.6886 22.2463 12.6171
v 54.1782 22.1584 12.4099
v 54.536 22.4408 12.4664
v 54.9252 22.7422 12.6045
v 55.2076 22.9619 12.592
v 55.4713 23.169 12.4476
v 55.7788 23.4075 12.4288
v 56.0739 23.6335 12.4413
v 56.5447 23.9976 12.7991
v 56.1053 24.1231 13.1318
v 56.4568 24.3993 13.1381
v 56.9087 24.2863 12.8493
v 56.7581 24.6379 13.1193
v 57.2351 24.5374 12.8745
v 57.5804 24.8011 12.887
v 57.8942 25.0459 12.8556
v 58.183 25.2718 12.8368
v 58.4906 25.0647 12.4351
v 58.7542 25.2656 12.2656
v 59.0806 25.5229 12.2718
v 59.3945 25.7677 12.2467
v 59.8151 25.6673 12.14
v 60.154 25.9309 12.1714
v 60.5997 25.9058 12.0208
v 60.9198 25.705 11.8262
v 61.2274 25.5167 11.3868
v 61.5978 25.3911 11.1231
v 61.9493 25.2467 10.985
v 61.9116 25.6359 11.1482
v 61.8991 26.0377 11.4119
v 61.8551 26.4268 11.7885
v 61.8551 26.8851 11.9266
v 61.9556 27.3245 11.9392
v 61.8112 27.6446 12.0208
v 62.1815 27.9334 12.1149
v 62.5833 28.2472 12.2781
v 62.985 28.5548 12.479
v 63.3491 28.8373 12.5732
v 63.7195 29.126 12.7175
v 64.0396 29.3771 12.7301
v 64.3095 29.5843 12.6548
v 64.5983 29.8102 12.6045
v 64.8619 30.0174 12.5355
v 64.8242 30.4442 12.8431
v 65.0879 30.6451 12.6861
v 65.3766 30.8711 12.6108
v 65.6654 31.0971 12.6422
v 65.9981 31.3544 12.6799
v 66.3496 31.6243 12.705
v 66.8078 31.9821 13.0565
v 67.1531 32.252 13.0753
v 67.4983 32.5157 13.1318
v 67.7808 32.7417 13.1004
v 68.1449 32.5659 12.8305
v 68.4399 32.7982 12.7489
v 68.7286 33.0241 12.6736
v 69.0111 33.2438 12.5669
v 69.2873 33.4573 12.4539
v 69.62 33.2878 12.1526
v 69.915 33.52 12.0961
v 70.21 33.746 12.0208
v 70.5867 33.6707 11.7257
v 70.8942 33.9155 11.7132
v 71.2269 34.1666 11.6943
v 71.5471 34.4177 11.6881
v 71.8295 34.6374 11.6692
v 72.0932 34.8445 11.5186
v 71.8735 35.0391 11.6002
v 72.2689 35.3467 11.7634
v 72.1873 35.7108 11.9203
v 72.4573 35.9242 11.8011
v 72.2941 36.2506 11.9517
v 72.6016 36.4891 11.8638
v 72.8276 36.6649 11.7132
v 73.085 36.8658 11.5437
v 73.3486 37.0729 11.393
v 73.3235 37.5186 11.3617
v 73.5809 37.7257 11.2236
v 73.2733 37.9078 11.4495
v 73.606 38.6736 11.4056
v 73.2921 38.9309 11.2047
v 73.38 39.5273 11.1294
v 73.2168 39.8223 11.1608
v 73.4491 40.0106 10.9662
v 73.8068 40.2868 11.0729
v 74.1835 40.5818 11.2361
v 74.5287 40.8455 11.3679
v 74.4597 41.2472 11.5563
v 74.8112 41.5171 11.6441
v 74.5852 41.8373 11.7508
v 74.4346 42.2076 11.7697
v 74.2839 42.4713 11.7634
v 74.1584 42.8165 11.9329
v 74.4722 43.0676 11.8827
v 74.4408 43.4882 12.0333
v 74.1584 43.2747 12.1024
v 73.901 43.0676 12.253
v 73.6562 42.873 12.3472
v 73.2545 43.0174 12.4288
v 72.9532 42.7788 12.4853
v 72.6456 42.9421 12.6673
v 72.3945 42.7475 12.7803
v 72.2125 42.6031 13.0439
v 72.5075 42.4273 12.8242
v 72.2627 42.239 13.0628
v 71.9363 41.9879 13.0377
v 71.9802 42.4273 13.226
v 71.6224 42.1449 13.0942
v 71.3148 42.3708 13.4331
v 71.3713 41.9503 13.2323
v 71.0826 42.1951 13.6089
v 71.1265 42.691 14.0106
v 70.8126 42.4462 14.0859
v 70.4737 42.691 14.2303
v 70.8315 42.9734 14.3433
v 71.0888 43.1743 14.2052
v 70.7624 43.3501 14.4124
v 71.0386 43.5698 14.3119
v 71.3085 43.7832 14.2115
v 71.5973 43.5698 14.7639
v 72.1497 43.9966 14.4626
v 71.4969 43.9276 13.8914
v 72.2627 44.0908 14.0357
v 72.4322 43.7079 14.1738
v 72.4259 43.2434 14.5567
v 71.9739 43.8585 14.8518
v 72.0555 42.9546 14.45
v 72.0304 42.9295 15.1531
v 72.5577 43.3375 14.0922
v 72.4196 42.7663 14.2743
v 70.9947 44.0092 13.7407
v 70.6808 44.2414 14.1487
v 70.7875 44.7938 13.9667
v 70.3544 44.8566 14.1864
v 70.1849 45.2018 14.2115
v 70.0029 45.5345 14.3621
v 69.8899 45.9363 14.45
v 69.8271 46.3192 14.8015
v 69.5258 46.0806 14.789
v 69.0676 46.2187 14.9961
v 69.2936 45.8986 14.9459
v 69.0048 45.6789 15.0275
v 68.8228 46.0241 15.1782
v 69.3626 46.4447 15.6992
v 68.691 45.4341 15.0024
v 68.3394 45.6475 15.4481
v 68.1511 46.0241 15.6113
v 67.8247 45.7731 15.6741
v 67.9 46.3819 15.5234
v 68.4336 46.79 16.1072
v 67.649 46.1811 15.6615
v 67.6364 46.5954 15.5046
v 68.2013 47.041 15.3037
v 67.423 46.8841 15.5548
v 67.3853 46.4008 15.6866
v 67.2347 46.7335 15.8247
v 67.2033 47.2105 15.7619
v 67.0087 47.0536 15.9942
v 66.9773 47.5055 15.9252
v 67.3916 47.832 16.1888
v 67.9503 47.788 16.0633
v 67.7055 48.0768 16.1449
v 68.1197 47.9261 15.6992
v 68.534 47.2984 16.1009
v 68.421 47.2105 16.6156
v 68.239 47.5244 16.7412
v 67.8749 47.7315 16.7098
v 68.0005 47.3298 16.9232
v 67.6992 47.5934 16.9421
v 66.9522 47.8947 16.4462
v 66.7953 47.3675 16.2139
v 66.7137 47.7127 16.5968
v 66.7074 48.1647 16.4901
v 67.2284 48.1144 16.3834
v 67.2974 48.6292 16.3457
v 67.9252 48.2463 15.9503
v 68.7851 47.493 15.2158
v 66.3056 48.2839 16.873
v 66.1362 48.1458 17.2245
v 65.8537 47.9261 17.3124
v 65.6089 47.7315 17.4819
v 65.3076 47.4993 17.5823
v 64.8619 47.5872 17.689
v 64.705 47.8508 17.9903
v 64.4162 47.6248 18.0029
v 64.1337 47.4051 18.0594
v 63.8889 47.2168 18.2414
v 63.6065 46.9908 18.3042
v 63.0855 47.0097 18.3732
v 62.8281 47.2482 18.4172
v 62.508 47.0034 18.4988
v 62.2694 47.2984 18.5741
v 62.3071 47.719 18.5302
v 62.056 47.5244 18.6494
v 62.2632 46.8088 18.5804
v 61.9932 47.085 18.6683
v 61.943 47.041 19.3023
v 61.5915 47.1603 19.7103
v 61.2149 46.8653 19.5785
v 61.2337 46.8778 18.8566
v 60.8885 46.6079 18.8001
v 60.562 46.3568 18.7562
v 60.1603 46.5075 18.8189
v 60.1164 46.9532 18.9633
v 59.8276 46.7272 19.0763
v 59.633 47.0348 19.4278
v 59.6958 47.493 19.6915
v 59.9532 47.7001 19.6098
v 59.2689 47.6374 20.0116
v 58.9739 47.4114 20.0932
v 58.7605 47.7378 20.5075
v 58.5094 48.0893 20.8464
v 57.9947 48.1709 21.1854
v 57.6871 48.4346 21.4742
v 57.4109 48.7547 21.7378
v 57.1033 48.5162 21.7315
v 56.7644 48.2525 21.5872
v 56.4066 47.9701 21.4993
v 56.0801 48.2274 21.7504
v 55.8479 48.4283 21.8759
v 55.3018 48.4471 22.0266
v 55.0444 48.6919 22.2839
v 54.7306 48.4471 22.2274
v 54.2158 48.4911 22.3404
v 53.858 48.2086 22.2337
v 53.3182 48.1835 22.3906
v 52.7407 48.1898 22.4722
v 52.408 47.9324 22.4346
v 52.0879 47.6813 22.422
v 51.8054 47.9512 22.5915
v 51.2091 48.0517 22.7547
v 50.7195 48.1772 22.9179
v 50.4056 47.9324 22.8865
v 49.9662 48.1082 22.9305
v 49.577 48.3279 23.0121
v 48.9493 48.3781 23.1816
v 48.466 48.4408 23.1439
v 48.1458 48.1835 23.0497
v 47.7817 48.3844 23.1188
v 47.4302 48.1082 23.0623
v 47.1038 47.8508 23.0435
v 46.8151 47.6248 23.0372
v 46.3819 47.7629 23.1816
v 46.0681 47.9826 23.4389
v 45.7228 48.0579 23.508
v 45.4341 48.1772 23.5456
v 45.1328 47.9387 23.5707
v 44.8691 48.1144 23.6398
v 44.5678 48.3467 23.7339
v 44.2791 48.5413 23.8658
v 43.9276 48.2588 23.803
v 43.576 47.9889 23.7591
v 43.2685 47.7441 23.7842
v 42.9295 47.4804 23.7026
v 42.6407 47.2482 23.7151
v 42.2955 47.493 23.7967
v 41.9503 47.2294 23.7591
v 42.0068 46.7586 23.6837
v 41.6678 46.4886 23.6084
v 41.3539 46.2438 23.6147
v 41.015 45.9802 23.5833
v 40.6697 45.7103 23.5268
v 40.3056 45.4215 23.4264
v 39.929 45.1328 23.3197
v 39.6152 44.888 23.2945
v 39.2699 45.1202 23.3259
v 38.8933 44.8315 23.1941
v 38.4225 44.4611 22.874
v 37.7446 44.5113 22.8551
v 37.3617 44.2163 22.7673
v 37.0478 44.549 22.9995
v 36.7277 44.2979 22.9367
v 36.2694 44.4297 23.0748
v 35.943 44.1724 23.0246
v 35.4346 44.3105 23.0937
v 35.0203 43.9841 22.8175
v 34.7315 44.3042 22.7296
v 34.1603 44.4172 22.7045
v 33.677 44.5427 22.7108
v 33.0806 44.6306 22.6354
v 32.5785 44.7938 22.8112
v 32.0449 44.9445 22.9619
v 32.2081 44.4988 22.717
v 32.365 44.0657 22.4722
v 32.6287 43.7204 22.4471
v 33.0869 43.576 22.4157
v 33.2438 43.1366 22.353
v 33.5577 42.8416 22.309
v 34.0599 42.6972 22.2714
v 34.1791 42.3018 22.2149
v 34.6374 42.0821 22.2588
v 34.9952 41.7745 22.2211
v 35.0705 41.3225 22.1647
v 35.4785 41.2284 22.24
v 35.7547 40.971 22.2337
v 35.7359 40.5818 22.1458
v 35.9807 40.4312 22.0014
v 35.9932 40.0922 21.9387
v 35.648 39.816 21.8696
v 36.3636 40.381 22.0077
v 36.7026 40.6446 22.1019
v 37.0227 40.902 22.1709
v 37.4244 40.745 22.0579
v 37.7634 41.0087 22.083
v 38.2216 40.8957 22.0266
v 38.6171 40.7199 22.083
v 38.9623 40.9961 22.1898
v 39.3327 41.2849 22.3279
v 39.6779 41.5548 22.3969
v 40.0608 41.8561 22.5099
v 40.4626 41.7306 22.4346
v 40.8204 41.4669 22.2714
v 41.2221 41.2598 22.2463
v 41.5987 41.0338 22.1333
v 42.1386 40.9459 22.0014
v 42.4085 40.5881 21.8382
v 42.7224 40.3496 21.7692
v 43.0488 40.1424 21.832
v 43.3815 40.0043 21.9261
v 43.6765 39.7846 21.945
v 43.8271 39.4582 22.3341
v 43.9276 39.0942 22.4973
v 43.9778 38.7489 22.6731
v 44.1473 38.3723 22.7924
v 44.1975 37.8764 22.9367
v 44.2916 37.4433 22.7861
v 43.9527 37.1733 22.7108
v 43.6451 36.9348 22.7359
v 43.9527 36.6963 22.6982
v 43.7393 36.5268 22.9367
v 44.1347 35.7924 22.761
v 44.0406 35.2463 22.5915
v 44.0657 34.8508 22.6543
v 44.1849 34.4867 22.7422
v 44.1975 34.0159 22.5727
v 44.2791 33.6142 22.4471
v 44.4423 33.3506 22.3279
v 44.3732 32.817 22.1772
v 44.5992 32.5534 22.0956
v 44.2351 32.2646 22.0203
v 44.4611 32.0198 21.9324
v 44.1284 31.7562 21.8759
v 43.6953 31.4235 21.5997
v 43.3501 31.1535 21.5307
v 42.9985 30.8774 21.4428
v 42.6721 30.62 21.4302
v 42.8353 30.3626 21.2545
v 42.9672 30.0299 21.0159
v 42.6282 29.7663 20.9281
v 42.5152 29.2516 20.7837
v 42.6659 28.9063 20.5828
v 42.8165 28.6239 20.4824
v 43.0488 28.3288 20.2125
v 42.7537 28.0966 20.2313
v 42.9044 27.7262 20.0367
v 43.0488 27.381 19.704
v 43.1743 27.0608 19.4718
v 42.76 26.7407 19.3462
v 42.421 26.4708 19.3148
v 42.5529 26.0314 19.0198
v 42.239 25.7929 19.0449
v 42.4085 25.3974 18.8754
v 42.5654 25.027 18.7059
v 42.578 24.6065 18.3419
v 42.5843 24.1357 17.9966
v 42.7161 23.7591 17.7706
v 42.8228 23.3699 17.62
v 42.5215 23.1376 17.6325
v 42.2202 22.8991 17.6577
v 42.2516 22.5287 17.3626
v 41.9063 22.2588 17.2936
v 41.5674 21.9952 17.3375
v 41.2096 21.7127 17.212
v 40.9334 21.4993 17.2308
v 41.2661 21.2921 16.8918
v 41.5548 21.0473 16.5529
v 41.9252 21.3361 16.6156
v 42.3143 21.6374 16.7412
v 42.6533 21.901 16.804
v 43.0048 22.1772 16.8542
v 43.3375 22.4346 16.873
v 43.6451 22.6794 16.8856
v 43.9527 22.9179 16.873
v 44.2603 23.1564 16.8667
v 44.5992 22.9493 16.6408
v 44.9319 22.7735 16.4462
v 45.522 22.7296 16.1825
v 45.8421 22.9807 16.2014
v 46.2438 22.83 15.9628
v 46.5263 22.5852 15.6678
v 46.6832 22.309 15.3351
v 47.0034 22.1019 14.9899
v 47.2607 21.8633 14.6132
v 47.5432 21.6374 14.2303
v 47.9763 21.9763 14.4689
v 48.4157 21.9387 14.3559
v 48.7986 21.7566 14.1299
v 49.1564 22.0328 14.1801
v 49.6021 21.8885 14.0232
v 49.9913 21.7441 13.7533
v 50.3617 21.6123 13.4017
v 50.6441 21.311 13.0063
v 51.0584 21.1352 12.6108
v 51.1589 20.7084 12.253
v 51.4539 20.5138 11.9454
v 51.9561 20.4322 11.7257
v 52.2699 20.225 11.2675
v 52.2574 19.7919 10.916
v 52.5524 20.0179 10.872
v 52.2699 20.677 11.7195
v 52.1381 21.041 12.0835
v 52.5084 21.3298 12.1651
v 52.5838 21.8131 12.6359
v 52.9478 22.0956 12.7615
v 53.3119 22.3844 12.8807
v 53.7011 22.6794 13.0188
v 54.0275 22.5099 12.7112
v 54.4293 22.8238 12.8745
v 54.7682 23.0874 12.9435
v 55.057 23.3134 12.9372
v 55.3959 23.5707 12.9749
v 55.7475 23.8469 13.0251
v 55.7663 24.2863 13.3264
v 56.0927 24.5437 13.3641
v 56.4191 24.8011 13.4017
v 56.7204 25.0333 13.408
v 57.0657 24.8701 13.1004
v 57.4109 25.14 13.1193
v 57.731 25.3911 13.1507
v 58.0072 25.6045 13.1193
v 58.4843 25.5104 12.7866
v 58.7793 25.7364 12.6987
v 58.999 25.9121 12.5606
v 59.2627 26.113 12.4288
v 59.5577 26.3452 12.4037
v 59.746 26.0377 12.3158
v 60.041 26.2699 12.2593
v 60.4742 26.1758 12.1463
v 60.7566 26.3955 12.0647
v 60.8947 26.1381 11.9957
v 61.24 25.9498 11.7446
v 61.6103 25.8117 11.4935
v 61.5476 26.1883 11.7383
v 61.5224 26.6277 11.9392
v 61.6605 27.0985 11.9454
v 61.4848 27.3935 12.027
v 61.422 27.7953 12.2091
v 61.7484 28.0464 12.3032
v 62.1125 28.3288 12.4037
v 62.508 28.6364 12.592
v 62.8344 28.8938 12.6924
v 63.1796 29.1637 12.705
v 63.6316 29.5152 12.9686
v 63.9392 29.7537 13
v 64.2656 30.0048 12.9561
v 64.5606 30.2371 12.8933
v 64.3221 30.5196 13.0377
v 64.6108 30.7393 13.0439
v 64.8682 30.9401 12.8996
v 65.1444 31.1598 12.7991
v 65.5084 31.4423 12.8996
v 65.9918 31.8189 13.2448
v 66.2366 32.0072 13.0628
v 66.6132 32.3023 13.2511
v 67.0024 32.6036 13.3829
v 67.3037 32.8358 13.3578
v 67.5611 33.0367 13.3013
v 68.0758 32.9676 13.0314
v 68.3583 33.1873 12.9623
v 68.6219 33.3945 12.9121
v 68.9044 33.6142 12.818
v 69.1743 33.8213 12.7301
v 69.5635 33.6707 12.3848
v 69.846 33.8904 12.3032
v 70.141 34.1226 12.2718
v 70.4925 33.9657 11.9454
v 70.7875 34.198 11.9141
v 71.0951 34.4365 11.8952
v 71.3839 34.6562 11.8576
v 71.6789 34.8885 11.8262
v 71.5847 35.2463 11.9831
v 71.8484 35.4471 11.845
v 71.704 35.7924 12.0082
v 72.0241 36.0372 12.0961
v 71.8107 36.3448 12.1777
v 72.0932 36.5645 12.071
v 72.3631 36.7716 11.958
v 72.6079 36.9662 11.8324
v 72.8464 37.1482 11.6253
v 73.0975 37.3428 11.506
v 72.9971 37.6943 11.5625
v 72.7962 38.0521 11.6881
v 73.0913 38.2781 11.6316
v 73.1164 38.7991 11.5311
v 73.1791 39.3703 11.393
v 73.1415 39.7658 11.7257
v 73.0285 40.1299 11.9078
v 73.311 40.3496 11.845
v 73.4867 40.4877 11.55
v 73.7001 40.6509 11.2863
v 74.083 40.9459 11.4119
v 73.8822 41.2974 11.5814
v 74.2463 41.5799 11.6818
v 74.1646 42.0005 11.8701
v 73.7315 42.0444 11.8827
v 73.5934 42.3771 12.0459
v 73.9136 42.6282 12.1212
v 73.3047 42.6031 12.297
v 72.9908 42.3583 12.3409
v 72.6895 42.578 12.5732
v 72.7586 42.1762 12.4978
v 72.52 41.9942 12.7364
v 72.2878 41.8122 12.9749
v 72.0179 41.605 12.9812
v 71.6098 41.7368 12.9749
v 71.3274 41.5109 13.1255
v 71.1202 41.7557 13.4017
v 70.8629 42.0193 13.8035
v 70.549 42.2453 14.2052
v 70.2665 42.5278 14.4124
v 70.1473 42.873 14.5128
v 70.0908 43.3061 14.5379
v 70.5176 43.1618 14.607
v 70.3921 43.5384 14.4814
v 70.6306 43.7267 14.3308
v 70.8754 43.9213 14.1864
v 70.4109 44.028 14.2617
v 70.2728 44.3921 14.2743
v 70.5804 44.6306 14.2178
v 70.1096 44.662 14.3747
v 70.0029 45.0575 14.5128
v 69.7706 45.3525 14.5253
v 69.6514 45.7479 14.5693
v 69.7016 44.8189 14.5693
v 69.9966 45.0449 15.2723
v 69.8146 45.3839 15.3979
v 69.733 44.844 15.3728
v 69.62 45.2332 15.6301
v 69.3438 44.5427 16.0005
v 69.3061 45.4717 16.0507
v 68.7286 45.0261 15.4293
v 69.5823 45.2018 16.2704
v 69.1241 45.7668 16.7851
v 69.1241 46.2627 16.6219
v 68.9232 46.0995 16.8416
v 68.9232 46.6267 16.7349
v 69.3752 46.4573 16.5027
v 69.3061 45.9111 15.7368
v 69.3438 46.9532 16.2014
v 69.055 47.2796 16.1072
v 68.7161 47.4428 15.8059
v 68.4399 46.7962 16.804
v 68.0758 46.5138 16.6847
v 68.7286 46.4761 16.9923
v 68.3771 45.6726 17.0048
v 68.1511 46.0241 17.1931
v 67.8812 45.817 17.2308
v 67.6301 46.5891 16.9672
v 67.8938 46.7962 16.8918
v 68.1825 47.0222 16.8165
v 67.7368 47.1289 17.0362
v 67.4418 46.8967 17.1115
v 67.2723 46.3066 17.5447
v 66.6446 46.7711 17.325
v 66.7262 46.338 17.6388
v 66.45 46.1183 17.7079
v 66.5693 46.7083 17.9213
v 66.3872 46.564 18.2352
v 66.1487 46.859 18.3984
v 66.1299 47.2545 18.2603
v 65.9353 47.0975 18.5741
v 65.6905 47.3675 18.4611
v 65.8725 47.5118 18.1473
v 65.4268 47.1603 18.5678
v 65.7219 46.9343 18.7562
v 65.4331 46.7021 18.7875
v 65.2197 46.9971 18.8189
v 64.9184 47.1917 18.7813
v 64.9184 46.7648 18.8629
v 64.5731 46.9218 17.959
v 64.3283 46.7335 18.1159
v 64.5229 46.4573 17.9213
v 64.8117 46.6832 17.846
v 64.705 46.1371 17.7706
v 64.435 45.93 17.8397
v 64.071 46.5326 18.1849
v 64.1212 47.0097 18.2038
v 64.3534 47.1917 17.9715
v 64.5857 47.3737 17.7204
v 64.7803 47.085 17.7079
v 65.0188 46.8464 17.6012
v 65.0628 47.3047 17.689
v 65.3201 47.0787 17.5698
v 65.59 47.2921 17.4756
v 66.0106 47.1603 17.1869
v 65.8223 47.4742 17.2873
v 66.0483 47.6499 17.099
v 66.2554 47.3486 17.0174
v 66.381 47.041 16.8165
v 66.1927 46.8967 17.0488
v 66.45 47.5055 16.7412
v 66.5756 47.1917 16.534
v 66.5505 46.6958 16.3583
v 66.2303 46.451 16.3332
v 66.6823 46.3066 16.057
v 66.3935 46.0806 16.1511
v 65.9541 46.2313 16.4524
v 66.1487 45.8923 16.2641
v 65.86 45.6601 16.2955
v 65.6465 45.4969 16.4838
v 65.8788 45.2269 16.4462
v 65.4582 45.3462 16.7788
v 65.703 45.0826 16.7851
v 65.5084 44.9319 17.0739
v 65.295 45.2207 17.1178
v 66.1236 45.409 17.0237
v 65.2636 44.7373 17.2622
v 65.069 45.0386 17.3438
v 64.8305 45.3525 17.4944
v 64.8117 44.844 17.4819
v 64.5794 45.1579 17.6702
v 64.6296 45.6663 17.6953
v 64.3597 45.4592 17.8648
v 64.1777 45.7228 17.9778
v 63.5311 46.1057 18.436
v 63.6504 46.6393 18.5302
v 63.3365 46.7837 18.3984
v 63.0352 46.5451 18.4549
v 62.7967 46.7837 18.4235
v 62.5205 46.5703 18.5302
v 62.2255 46.338 18.5553
v 62.0121 46.6142 18.6808
v 61.6919 46.8464 18.7059
v 61.3655 46.5954 18.7562
v 61.6919 46.3631 18.6808
v 61.4032 46.1371 18.7059
v 61.0956 46.3819 18.7624
v 60.7943 46.1497 18.7624
v 60.4804 45.8986 18.7687
v 60.2482 46.112 18.7687
v 59.8527 46.2689 18.8252
v 59.5514 46.5138 19.1642
v 59.3254 46.7962 19.4592
v 59.4133 47.2733 19.7417
v 59.1183 47.041 19.7668
v 58.6412 47.1478 20.0492
v 58.4278 47.4804 20.4447
v 58.1956 47.8445 20.8339
v 57.6369 47.8947 21.1352
v 57.3481 48.1709 21.4239
v 57.0217 47.9136 21.3863
v 56.6451 47.6185 21.2482
v 56.0425 47.6876 21.3737
v 55.6972 47.9261 21.5307
v 55.5089 48.1647 21.8257
v 54.9691 48.1835 21.9198
v 54.3853 48.1772 22.1835
v 54.0401 47.9073 22.0266
v 53.5128 47.9387 22.1647
v 52.9604 47.901 22.3153
v 52.6277 47.6436 22.2714
v 52.3139 47.3988 22.2714
v 51.774 47.4365 22.4095
v 51.4853 47.7001 22.5978
v 51.1902 47.4679 22.5789
v 50.9078 47.8131 22.7861
v 50.5437 47.5307 22.6919
v 50.0478 47.6499 22.8049
v 49.621 47.8382 22.8614
v 49.2192 48.0454 22.9305
v 48.6166 48.1144 23.0811
v 48.2588 47.832 23.0058
v 47.8006 47.9198 22.9932
v 47.4804 47.6688 22.9493
v 47.1729 47.4239 22.9619
v 46.859 47.1791 22.9932
v 46.5263 47.3988 23.1188
v 46.0995 47.5432 23.2883
v 45.7542 47.7378 23.4452
v 45.4215 47.8257 23.4954
v 45.1014 47.5746 23.4515
v 44.8001 47.6813 23.5582
v 44.5302 47.8508 23.6021
v 44.254 48.1019 23.7591
v 43.9464 47.8633 23.7402
v 43.6388 47.6185 23.6649
v 43.3061 47.3612 23.6461
v 42.9797 47.1038 23.621
v 42.6721 46.859 23.5958
v 42.3206 47.0034 23.6837
v 42.3206 46.5891 23.5645
v 41.9942 46.3317 23.5456
v 41.6678 46.0806 23.5205
v 41.3037 45.7919 23.4766
v 40.9899 45.5471 23.4264
v 40.676 45.296 23.3573
v 40.3119 45.0135 23.2632
v 40.0043 44.775 23.2694
v 39.6842 44.5176 23.2004
v 39.3013 44.6369 23.2506
v 38.887 44.3105 23.0121
v 38.4351 43.959 22.6668
v 38.027 44.1535 22.7045
v 37.663 43.8648 22.6292
v 37.3428 43.6137 22.5852
v 37.0541 43.9715 22.7798
v 36.7277 43.7204 22.7422
v 36.395 44.0406 22.9116
v 36.056 43.7769 22.8928
v 35.6103 43.9087 22.9556
v 35.2274 43.6137 22.7861
v 34.6185 43.6702 22.5789
v 34.3549 44.0092 22.6543
v 33.8276 44.1535 22.6543
v 33.2941 44.2414 22.5664
v 32.7291 44.3481 22.5413
v 32.9739 43.9903 22.5225
v 33.451 43.8585 22.466
v 33.6205 43.4317 22.422
v 33.9218 43.1241 22.4032
v 34.4239 42.9797 22.3969
v 34.5244 42.578 22.3216
v 34.9826 42.352 22.3592
v 35.3467 42.0507 22.2839
v 35.4032 41.5799 22.2337
v 35.7673 41.4544 22.2023
v 36.0748 41.2221 22.2714
v 36.0686 40.8392 22.1709
v 36.3448 40.7137 22.0893
v 36.6963 40.9899 22.1458
v 37.0415 41.2598 22.1898
v 37.3554 41.1593 22.1709
v 37.6504 41.3853 22.196
v 38.071 41.2472 22.1458
v 38.5983 41.1907 22.1584
v 38.9686 41.4795 22.2714
v 39.3264 41.7619 22.3844
v 39.6779 42.0319 22.4722
v 40.0043 42.2892 22.5099
v 40.4061 42.126 22.5413
v 40.8204 42.0068 22.5099
v 41.1656 41.7368 22.2965
v 41.5485 41.5171 22.2525
v 41.8938 41.2661 22.1333
v 42.1888 41.4983 22.1207
v 42.4462 41.1844 22.0077
v 42.7851 40.8831 21.9638
v 43.0802 40.6258 21.8571
v 43.3877 40.4061 21.8822
v 43.6639 40.224 21.901
v 44.0908 40.1111 22.2023
v 44.2038 39.7533 22.4283
v 44.2854 39.3766 22.5789
v 44.3168 39.0188 22.7484
v 44.4548 38.6108 22.8175
v 44.5741 38.1651 23.0246
v 44.7373 37.7885 23.0686
v 44.6997 37.2738 23.0058
v 44.2791 36.9474 22.7547
v 44.4548 36.0435 22.7422
v 44.3732 35.5036 22.6417
v 44.4423 35.1521 22.717
v 44.5365 34.7629 22.7986
v 44.5427 34.2921 22.6292
v 44.5616 33.8339 22.3906
v 44.7499 33.5891 22.2839
v 44.7122 33.0806 22.2023
v 44.9382 32.817 22.1144
v 44.775 32.2709 21.9638
v 44.7373 31.8503 21.8759
v 44.3984 31.5867 21.8508
v 43.9903 31.2728 21.719
v 44.141 30.9464 21.5181
v 43.5886 30.9527 21.493
v 43.1555 30.62 21.2859
v 43.3501 30.3312 21.1352
v 43.5007 30.0174 20.8904
v 43.1492 29.7475 20.8464
v 42.8416 29.5089 20.8213
v 42.9985 29.17 20.5954
v 43.168 28.9 20.4887
v 43.4066 28.6113 20.2501
v 43.5886 28.2535 20.0555
v 43.2371 27.9836 20.0241
v 43.3626 27.6321 19.7417
v 43.5007 27.3119 19.5157
v 43.576 26.8349 19.2269
v 43.2057 26.5461 19.0826
v 42.8605 26.2762 19.0198
v 42.9923 25.8556 18.7122
v 42.691 25.6171 18.7624
v 42.8479 25.253 18.6306
v 42.9358 24.8889 18.3356
v 42.8918 24.3679 17.959
v 43.0488 24.0164 17.7706
v 43.1304 23.6147 17.6325
v 43.2371 23.3008 17.4003
v 42.9358 23.0623 17.4066
v 42.5968 22.7986 17.3815
v 42.6282 22.353 17.168
v 42.3143 22.1082 17.1178
v 41.9628 21.832 17.0237
v 41.5925 21.5495 16.9546
v 42.9358 22.5915 17.1366
v 43.281 22.8614 17.1618
v 43.5949 23.1062 17.1618
v 43.9338 23.3699 17.1429
v 44.254 23.621 17.1429
v 44.5616 23.3887 16.8667
v 44.9194 23.2004 16.6533
v 45.2646 23.0372 16.4713
v 45.6098 23.3071 16.465
v 46.1748 23.238 16.2578
v 46.564 23.0811 15.9942
v 46.8653 22.8489 15.7055
v 47.0285 22.5727 15.3037
v 47.3172 22.353 14.9773
v 47.5872 22.1144 14.6195
v 48.0077 22.4408 14.8455
v 48.422 22.3153 14.7074
v 48.8112 22.2463 14.4751
v 49.1564 22.5162 14.5944
v 49.5205 22.3216 14.3433
v 49.9536 22.1584 14.0608
v 50.3052 21.9826 13.747
v 50.7132 21.8822 13.4206
v 51.0145 21.5997 13.0879
v 51.4225 21.4177 12.7489
v 51.5418 21.0034 12.4037
v 51.7866 20.7711 12.0647
v 51.8807 21.267 12.4476
v 52.2197 21.5307 12.4978
v 52.1193 21.9638 12.8619
v 52.5336 22.2839 13.0565
v 52.9165 22.5789 13.1758
v 53.2554 22.8426 13.2134
v 53.6321 23.1376 13.3452
v 54.0652 22.9681 13.1004
v 54.4355 23.2569 13.182
v 54.7619 23.508 13.2134
v 55.0946 23.7653 13.2323
v 55.4336 24.0352 13.2762
v 55.2202 24.3679 13.4268
v 55.5529 24.6253 13.4394
v 55.9232 24.914 13.5022
v 56.2747 25.1902 13.5587
v 56.6012 25.4476 13.5838
v 57.0343 25.2718 13.3515
v 57.3984 25.5606 13.4394
v 57.6997 25.7929 13.3955
v 58.0198 26.0439 13.3892
v 58.3148 25.8431 13.069
v 58.5785 26.0502 12.9749
v 58.8358 26.2511 12.8745
v 59.156 26.5022 12.8054
v 59.4635 26.7407 12.7677
v 59.8464 26.5712 12.3409
v 60.3361 26.4959 12.2028
v 60.6248 26.7219 12.1526
v 61.0642 26.634 12.0396
v 61.2211 26.3892 11.9517
v 61.3592 26.8662 11.9894
v 61.196 27.1675 12.0584
v 61.1019 27.5442 12.2216
v 60.9449 27.8957 12.5355
v 61.2651 28.1405 12.5732
v 61.5664 28.3728 12.6171
v 61.9556 28.6803 12.7112
v 62.3196 28.9628 12.7929
v 62.6649 29.2327 12.8807
v 63.0352 29.5215 12.9561
v 63.393 29.7977 13.0439
v 63.7069 30.0425 13.069
v 64.0396 30.2999 13.0879
v 63.9392 30.6451 13.1758
v 64.2467 30.8899 13.1695
v 64.5669 31.1347 13.1507
v 64.8619 31.367 13.113
v 65.3201 31.7248 13.4771
v 65.5963 31.9319 13.3829
v 66.0483 32.2834 13.7219
v 66.2743 32.4655 13.5649
v 66.6321 32.7417 13.6089
v 66.971 33.0053 13.6654
v 67.2849 33.2501 13.6403
v 67.5674 33.4698 13.5398
v 67.8687 33.2752 13.2574
v 68.126 33.4761 13.1569
v 68.4273 33.7084 13.1444
v 68.7412 33.9532 13.0565
v 69.0111 34.1666 12.9498
v 69.4442 34.0285 12.6485
v 69.733 34.2607 12.5167
v 70.028 34.4867 12.4476
v 70.4172 34.3361 12.2091
v 70.6934 34.5558 12.14
v 70.9884 34.7817 12.1212
v 71.2646 34.9952 12.0145
v 71.1391 35.353 12.1589
v 71.4215 35.5727 12.0647
v 71.1453 35.83 12.1212
v 71.478 36.0874 12.1275
v 71.3964 36.4515 12.253
v 71.6977 36.6837 12.253
v 71.9676 36.8909 12.1651
v 72.2815 37.142 12.1526
v 72.5326 37.3303 11.9517
v 72.7523 37.506 11.7195
v 72.5765 37.8764 11.8701
v 72.6205 38.4162 11.9392
v 72.8904 38.6234 11.7446
v 72.9908 39.226 11.6943
v 72.928 39.5963 11.9894
v 72.8339 39.973 12.1526
v 72.8527 40.494 12.0459
v 73.3486 40.8769 11.732
v 73.5558 41.0401 11.4746
v 73.4553 41.4481 11.6881
v 73.7692 41.6929 11.7383
v 73.3988 41.7808 11.8576
v 73.3172 42.1637 12.1024
v 73.1101 42.0005 12.3409
v 72.8151 41.7745 12.3535
v 72.6079 41.6113 12.6171
v 72.3505 41.4104 12.7615
v 72.0618 41.1844 12.7991
v 71.704 41.3539 12.9623
v 71.3901 41.1154 12.9812
v 71.1893 40.9585 13.182
v 71.1265 41.3539 13.3955
v 70.9131 41.5925 13.6465
v 70.662 41.8624 14.0232
v 70.2916 42.0444 14.3747
v 69.9715 42.2955 14.494
v 69.8836 42.6659 14.5756
v 69.8146 43.0864 14.6195
v 69.9025 43.6263 14.5379
v 70.1724 43.8397 14.4375
v 70.0029 44.1849 14.337
v 69.8209 44.4423 14.3935
v 69.3752 44.5616 14.5128
v 68.8353 45.1077 14.9334
v 69.1931 44.4235 14.8455
v 68.9923 44.2665 15.1531
v 68.5529 44.3984 15.3163
v 68.5152 45.296 15.3351
v 68.6596 44.4862 15.5736
v 68.2829 44.1912 15.4293
v 68.7161 44.0531 15.2472
v 68.4713 43.8585 15.3853
v 68.2139 43.6576 15.5109
v 68.0068 43.9778 15.605
v 67.6741 44.1975 15.831
v 67.7682 43.7832 15.7557
v 67.423 44.0029 15.9252
v 67.2033 44.2665 15.9565
v 67.6552 45.114 16.013
v 67.0275 45.1453 15.9691
v 67.3037 45.365 15.8561
v 67.5485 45.5596 15.7682
v 67.1217 46.1936 15.7682
v 66.7827 46.8841 16.2327
v 66.2931 47.8382 16.9734
v 66.5505 48.0454 16.8667
v 67.1405 43.7832 16.0507
v 66.9522 44.0719 16.0695
v 66.6697 43.8522 16.1135
v 66.4688 44.1849 16.2327
v 66.2366 44.0029 16.4273
v 66.1173 44.436 16.7035
v 65.9981 43.8146 16.5654
v 65.9039 44.2728 16.9044
v 65.9102 44.8252 16.7977
v 66.3747 45.183 17.168
v 66.6823 44.8754 17.3187
v 66.6446 45.3964 17.0676
v 67.1217 44.6934 17.0048
v 67.4167 44.9256 16.9421
v 67.5799 44.5616 16.8479
v 67.831 44.7562 16.7349
v 68.4713 44.3356 16.7098
v 68.4085 44.7687 16.8291
v 69.0048 44.7499 17.1555
v 68.8291 45.1014 17.0613
v 69.3187 44.9947 17.1492
v 69.1304 45.3337 17.1178
v 69.5509 45.1767 16.9985
v 69.3815 45.5345 16.9923
v 69.7706 44.8691 16.2327
v 68.5968 45.3525 17.0739
v 68.0632 45.4278 16.9797
v 68.2578 45.0888 17.0425
v 67.5171 45.5282 17.1366
v 67.5234 46.0806 17.6514
v 66.9773 45.6538 17.1115
v 66.3998 45.6287 16.9421
v 65.7407 44.6871 17.0488
v 65.4771 44.48 17.2057
v 65.2385 44.2916 17.3626
v 65.0251 44.5553 17.4756
v 64.7928 44.3732 17.62
v 64.6171 44.6871 17.7769
v 64.3786 45.001 17.8899
v 64.6171 45.183 18.4486
v 64.4037 45.4906 18.7185
v 63.8387 45.9174 18.5427
v 63.2549 45.8923 18.4862
v 63.0604 46.1748 18.5365
v 63.3303 46.3882 18.5239
v 62.7277 46.3066 18.4925
v 62.4264 46.0681 18.5239
v 62.1439 45.8484 18.5678
v 61.9305 46.112 18.6432
v 61.6229 45.8672 18.6934
v 61.309 45.6224 18.7059
v 61.1144 45.9111 18.7248
v 60.788 45.6538 18.7436
v 60.4867 45.4215 18.7373
v 60.1917 45.6726 18.7938
v 59.9218 45.8547 18.7687
v 59.5389 46.0241 18.8252
v 59.2125 46.2501 19.0323
v 58.9614 46.5075 19.2772
v 58.7919 46.79 19.704
v 58.3211 46.8967 19.999
v 58.0637 47.198 20.3819
v 57.8566 47.5809 20.7837
v 57.2791 47.6123 21.0222
v 56.9338 47.3423 20.8967
v 56.5949 47.0787 20.8339
v 56.2622 47.3172 21.1352
v 55.7161 47.4302 21.311
v 55.3457 47.6562 21.3988
v 55.126 47.8633 21.6813
v 54.5925 47.8885 21.8006
v 54.2723 47.6374 21.7943
v 53.9522 47.3863 21.7566
v 53.7325 47.6625 22.0203
v 53.1613 47.6688 22.1458
v 52.8537 47.4239 22.1019
v 52.5524 47.1854 22.0642
v 52.2511 46.9532 22.1082
v 51.9812 47.1352 22.2651
v 51.4225 47.1603 22.3216
v 50.8764 47.2231 22.5162
v 50.5374 46.9532 22.5036
v 50.211 47.267 22.6543
v 49.69 47.3737 22.7233
v 49.3008 47.5872 22.7924
v 48.874 47.7755 22.8426
v 48.5476 47.5181 22.8175
v 48.2023 47.2482 22.7108
v 47.901 47.5558 22.9242
v 47.5934 47.3172 22.9242
v 47.2356 47.0348 22.8928
v 46.9343 46.8025 22.8928
v 46.5703 46.9532 23.056
v 46.2376 47.1729 23.1376
v 45.7793 47.2858 23.2506
v 45.4592 47.5055 23.4264
v 45.114 47.2356 23.4515
v 44.7687 47.311 23.3824
v 44.4611 47.4177 23.5205
v 44.1912 47.5809 23.5456
v 43.8711 47.3298 23.4954
v 43.5384 47.0724 23.4891
v 43.1869 46.7962 23.4138
v 42.8605 46.5389 23.395
v 42.5089 46.2689 23.3699
v 42.2013 46.0241 23.3322
v 41.9 45.7856 23.3071
v 41.5736 45.5345 23.3008
v 41.2472 45.2772 23.2443
v 40.9145 45.0135 23.169
v 40.5442 44.7248 23.0937
v 40.2366 44.4862 23.0999
v 39.9416 44.254 23.1376
v 39.4833 43.8962 22.8614
v 39.2762 44.2038 23.0686
v 38.8054 43.8334 22.6919
v 38.4853 43.5823 22.6417
v 38.1024 43.6953 22.6103
v 37.7383 43.4128 22.5476
v 37.4119 43.1555 22.4973
v 37.029 43.3689 22.5664
v 36.7088 43.1178 22.4973
v 36.3699 43.4379 22.717
v 35.7422 43.5258 22.8426
v 35.3216 43.1994 22.648
v 34.8194 43.2936 22.5852
v 34.2545 43.3815 22.4722
v 34.0097 43.733 22.5852
v 34.9073 42.873 22.5036
v 35.3592 42.647 22.535
v 35.6919 42.3206 22.353
v 35.7045 41.8184 22.2211
v 36.0999 41.7117 22.24
v 36.4201 41.4983 22.2965
v 36.395 41.0966 22.2211
v 36.7214 41.3539 22.24
v 37.0415 41.605 22.2776
v 37.3554 41.5046 22.196
v 37.7069 41.7745 22.2776
v 38.0019 41.6678 22.2839
v 38.4225 41.5234 22.2274
v 38.774 41.7996 22.309
v 39.113 42.0695 22.3969
v 39.4959 42.3708 22.5036
v 39.8537 42.647 22.5413
v 40.3245 42.5403 22.5601
v 40.7137 42.3646 22.5413
v 41.1217 42.2453 22.5099
v 41.4544 41.9628 22.309
v 41.8624 41.7619 22.2714
v 42.2013 42.0256 22.2839
v 42.5152 41.7494 22.0956
v 42.7663 41.4355 21.9701
v 43.1053 41.1405 21.9261
v 43.4066 40.8831 21.9136
v 43.733 40.676 21.9198
v 44.3858 40.3433 22.1207
v 44.4988 39.9792 22.3655
v 44.5992 39.6214 22.6166
v 44.6997 39.3139 22.8112
v 44.8126 38.8933 22.9179
v 44.9382 38.4539 23.1313
v 45.1014 38.0773 23.2255
v 45.1956 37.663 23.3573
v 45.2772 37.1859 23.4264
v 44.8315 36.8344 23.0686
v 44.8189 36.3322 22.8112
v 44.5176 36.5958 23.0435
v 45.0512 36.0309 22.7735
v 44.7436 35.7924 22.7798
v 44.775 35.4095 22.7986
v 44.8691 35.0203 22.83
v 44.888 34.5558 22.6543
v 44.888 34.085 22.4471
v 45.0826 33.8527 22.3404
v 45.2583 33.5075 22.1082
v 44.9947 33.3003 22.1458
v 45.2332 33.0492 22.083
v 45.4341 32.7793 22.0077
v 45.114 32.5282 22.0391
v 45.0763 32.114 21.9763
v 45.1767 31.7562 21.7943
v 44.8817 31.5239 21.7755
v 44.5113 31.2351 21.675
v 44.436 30.7518 21.5244
v 43.9401 30.3626 21.1415
v 43.7267 30.6263 21.2607
v 44.1033 30.0362 20.9532
v 43.6702 29.691 20.6832
v 43.3438 29.4399 20.6644
v 43.5258 29.1825 20.564
v 43.7518 28.8812 20.3694
v 43.9464 28.536 20.1371
v 44.0594 28.1782 19.9174
v 43.7079 27.902 19.8044
v 43.8397 27.5818 19.5596
v 43.8836 27.0734 19.2897
v 44.3356 27.4249 19.522
v 44.4548 26.9981 19.1328
v 44.8126 27.2743 19.2458
v 45.0072 26.9353 18.4862
v 44.731 26.7219 18.5741
v 44.3858 26.452 18.5302
v 44.8378 26.3704 18.3607
v 44.5239 26.1318 18.436
v 43.9903 26.1444 18.3921
v 43.8271 26.5084 18.436
v 43.5698 26.3076 18.5553
v 43.281 26.0816 18.6243
v 43.4066 25.6861 18.4925
v 43.1241 25.4664 18.5929
v 43.2182 25.1086 18.3105
v 43.2182 24.6253 17.9903
v 43.3689 24.2675 17.7769
v 43.4693 23.872 17.6074
v 43.5572 23.5456 17.3815
v 43.8962 23.8155 17.3752
v 44.1661 24.0227 17.3563
v 44.5427 23.8469 17.099
v 44.9068 23.6586 16.873
v 45.2207 23.4389 16.647
v 45.5596 23.6963 16.6972
v 45.9363 23.5582 16.5215
v 46.2376 23.7967 16.5215
v 46.5263 23.5205 16.2704
v 46.859 23.3071 15.9503
v 47.154 23.0748 15.6239
v 47.3549 22.8238 15.3037
v 47.5997 22.5727 14.9585
v 47.9889 22.874 15.1405
v 48.3718 22.7233 14.9271
v 48.7798 22.5978 14.7764
v 49.1627 22.8991 14.9396
v 49.5017 22.7861 14.7074
v 49.8595 22.5852 14.3747
v 50.2926 22.422 14.0797
v 50.619 22.2337 13.7533
v 51.027 22.127 13.4771
v 51.3534 21.8571 13.1381
v 51.7364 21.6625 12.7552
v 51.7364 22.1584 13.2323
v 52.0753 22.422 13.2699
v 52.4708 22.7296 13.4582
v 52.8537 23.0246 13.5649
v 53.1738 23.2757 13.6026
v 53.5002 23.5331 13.6654
v 53.971 23.4013 13.3704
v 54.2974 23.6523 13.4017
v 54.5987 23.8846 13.4017
v 54.9063 24.1231 13.408
v 54.8059 24.55 13.703
v 55.126 24.7948 13.6779
v 55.465 25.0584 13.7846
v 55.804 25.3221 13.7784
v 56.1492 25.592 13.8349
v 56.507 25.8682 13.973
v 56.9527 25.7175 13.6403
v 57.2603 25.9623 13.634
v 57.5616 26.1946 13.6089
v 57.8629 26.4268 13.5775
v 58.3211 26.2762 13.3264
v 58.5722 26.4708 13.2071
v 58.8986 26.7281 13.2009
v 59.1685 26.9353 13.1193
v 59.4635 27.1675 13.1255
v 59.7209 26.9416 12.6736
v 60.1666 26.8223 12.297
v 60.5055 27.0797 12.3032
v 60.9136 26.9478 12.1275
v 60.7817 27.2994 12.2656
v 60.6562 27.6697 12.6171
v 60.675 28.1091 12.9372
v 60.9889 28.3539 12.9121
v 61.3216 28.6113 12.9498
v 61.6417 28.8624 12.9686
v 61.9493 29.1009 12.9623
v 62.2883 29.3646 13.0439
v 62.621 29.6219 13.0879
v 62.9285 29.8605 13.1004
v 63.2675 30.1304 13.1444
v 63.6127 30.394 13.1695
v 63.4495 30.7706 13.2762
v 63.7446 31.0029 13.2699
v 64.0647 31.254 13.3013
v 64.3786 31.4925 13.3327
v 64.8368 31.8503 13.7093
v 65.1883 32.1265 13.7658
v 65.5838 32.4341 13.8914
v 65.9416 32.7103 13.973
v 66.224 32.93 13.9039
v 66.5567 33.1936 13.9353
v 66.8643 33.4322 13.9165
v 67.1468 33.6456 13.8662
v 67.4041 33.8527 13.7533
v 67.6615 34.0473 13.6465
v 67.8561 33.6958 13.4833
v 68.126 33.9029 13.3892
v 68.4148 34.1289 13.339
v 68.6972 34.3486 13.2762
v 68.9546 34.5495 13.1883
v 69.2685 34.3675 12.8556
v 69.5572 34.5934 12.7301
v 69.8334 34.8006 12.6296
v 70.3042 34.7001 12.4037
v 70.6243 34.9512 12.366
v 70.8942 35.1647 12.2656
v 70.8942 35.6292 12.3158
v 70.8315 36.0121 12.3597
v 71.1077 36.2255 12.2656
v 70.888 36.5645 12.3911
v 71.1956 36.803 12.3409
v 71.5031 37.0415 12.297
v 71.8044 37.2738 12.2467
v 72.1308 37.5311 12.297
v 72.3757 37.7195 12.1086
v 72.3882 38.2342 12.1149
v 72.3505 38.7238 12.3409
v 72.5765 38.8996 12.1275
v 72.8151 39.0816 11.9266
v 72.6456 39.3766 12.0835
v 72.6079 39.7972 12.3409
v 72.6581 40.337 12.3535
v 72.8213 40.9522 12.3597
v 72.9908 41.084 12.0396
v 73.1477 40.7199 12.0459
v 73.2482 41.2912 11.8764
v 73.1415 41.5799 11.9768
v 72.9218 41.4104 12.1965
v 72.6832 41.2221 12.4099
v 72.4824 41.0652 12.7175
v 72.1936 40.8392 12.7866
v 71.7166 40.9145 12.7615
v 71.4592 40.7199 12.9372
v 71.252 40.5567 13.2071
v 71.0198 40.3747 13.3704
v 71.0072 40.8141 13.4959
v 70.9319 41.2033 13.6026
v 70.6745 41.4104 13.8411
v 70.4172 41.6741 14.1864
v 70.0468 41.8498 14.5253
v 69.6828 42.0758 14.5944
v 69.5949 42.4399 14.6383
v 69.5635 42.8918 14.7764
v 69.4568 43.281 14.8769
v 69.6702 43.4505 14.7011
v 69.4944 43.7832 14.6948
v 69.7393 43.9778 14.4563
v 69.5698 44.2477 14.5065
v 69.3877 44.1033 14.7953
v 69.1806 43.9401 15.0338
v 68.9232 43.7393 15.1593
v 68.6533 43.5258 15.2849
v 68.4022 43.3312 15.423
v 67.9691 43.4631 15.6301
v 67.7055 43.2622 15.7117
v 67.5109 43.5886 15.8436
v 67.2409 43.3752 15.9628
v 66.563 43.3312 16.1888
v 66.1613 43.4505 16.4148
v 65.6842 43.576 16.5529
v 65.6152 44.0468 17.0362
v 65.3327 43.8271 17.1241
v 64.9686 44.0845 17.4254
v 64.7677 43.9276 17.7141
v 64.5857 44.21 17.846
v 64.3974 44.5176 18.0154
v 64.7426 44.7813 18.8315
v 64.4602 44.5616 18.9382
v 64.2091 44.8629 18.9696
v 63.958 45.1391 19.1642
v 64.1714 45.7166 19.4341
v 63.7132 45.817 19.6412
v 63.9705 46.0179 19.5471
v 64.2091 46.2062 19.4278
v 64.479 45.9551 19.4341
v 64.7175 46.1434 19.2583
v 65.0753 46.0179 18.7687
v 64.9498 46.3254 19.0575
v 65.1569 46.4886 18.8503
v 65.4331 46.2941 18.9068
v 65.4708 45.8484 19.0135
v 65.7533 46.0681 19.0072
v 65.9792 45.7479 18.7499
v 66.0232 46.2815 18.9256
v 66.268 46.4698 18.6683
v 66.3559 46.043 18.1661
v 65.9981 46.7397 18.7436
v 65.7407 46.5389 18.9131
v 64.4664 46.8402 19.1202
v 64.1589 46.5954 19.183
v 63.9203 46.8527 18.4486
v 64.1463 47.0285 18.9884
v 64.4915 47.2984 19.0888
v 63.5186 45.2081 19.4404
v 62.985 45.252 19.3839
v 63.3052 45.5031 18.6808
v 63.4244 44.7248 19.2834
v 63.142 44.9131 18.549
v 63.3805 44.6934 18.5113
v 63.1106 44.48 18.5365
v 62.8281 44.6683 18.5553
v 62.6272 44.9696 18.5302
v 62.9223 45.2081 18.5176
v 62.6084 45.3839 18.5365
v 62.9474 45.6538 18.5867
v 62.7402 45.93 18.5239
v 62.4264 45.6852 18.5553
v 62.1439 45.4655 18.5804
v 61.874 45.635 18.6369
v 61.5852 45.4153 18.662
v 61.2902 45.1767 18.6934
v 61.014 45.3901 18.7122
v 60.7252 45.1642 18.7122
v 60.4302 44.9319 18.7185
v 60.1854 45.183 18.7624
v 59.8904 45.4404 18.7938
v 59.6205 45.6161 18.8126
v 59.2501 45.7982 18.8817
v 58.9488 46.043 19.1202
v 58.6663 46.2815 19.3901
v 58.4655 46.5326 19.6915
v 58.001 46.6456 19.9614
v 57.731 46.9406 20.3129
v 57.5365 47.3298 20.7146
v 57.1661 47.041 20.6079
v 56.8083 46.7648 20.5326
v 56.2559 46.8151 20.746
v 55.9295 47.0661 21.0975
v 55.3708 47.1603 21.2859
v 55.0507 47.4239 21.4302
v 54.7808 47.5934 21.6248
v 54.4732 47.3549 21.606
v 54.128 47.085 21.4993
v 53.6258 47.1352 21.7692
v 53.4124 47.4114 22.0517
v 53.0985 47.1666 22.014
v 52.7909 46.9218 21.9889
v 52.4582 46.6644 22.0203
v 51.9121 46.6832 22.0266
v 51.6108 46.8464 22.1647
v 51.071 46.8841 22.24
v 50.7132 46.6079 22.196
v 50.1859 46.6832 22.3969
v 49.9097 47.0285 22.5978
v 49.3322 47.0913 22.6103
v 48.9744 47.3298 22.7422
v 48.6229 47.0599 22.6668
v 48.2776 46.7837 22.5978
v 47.8759 46.9971 22.6166
v 47.5872 46.7711 22.6982
v 47.267 46.52 22.6982
v 46.9908 46.3003 22.7296
v 46.6707 46.5891 22.9367
v 46.2501 46.7021 23.0497
v 45.9488 46.9469 23.169
v 45.6161 46.6895 23.1251
v 45.4969 47.0724 23.3824
v 45.1391 46.79 23.2632
v 44.7499 46.9532 23.3322
v 44.436 47.0536 23.351
v 44.141 47.1603 23.4515
v 43.8334 46.9218 23.4577
v 43.4819 46.6456 23.3573
v 43.1618 46.4008 23.3322
v 42.8416 46.1434 23.2945
v 42.5027 45.8798 23.2443
v 42.17 45.6224 23.2192
v 41.8498 45.3713 23.2129
v 41.4983 45.0951 23.1753
v 41.1468 44.8189 23.0937
v 40.8392 44.5741 23.0686
v 40.494 44.3105 22.9932
v 40.2366 44.1033 23.0937
v 39.8035 43.7644 22.8049
v 39.4457 43.4882 22.717
v 39.0942 43.5886 22.717
v 38.7866 43.3501 22.6543
v 38.4288 43.0676 22.5789
v 38.0961 43.2747 22.5538
v 37.7383 42.9985 22.4785
v 37.4433 42.7663 22.4471
v 37.0666 42.8856 22.4346
v 36.69 42.5905 22.3655
v 36.3761 42.8605 22.4597
v 36.0309 43.1743 22.6857
v 35.717 42.9295 22.6166
v 36.0372 42.5968 22.422
v 36.0309 42.0758 22.2525
v 36.4452 41.9879 22.2776
v 36.7591 41.7619 22.309
v 37.0729 42.0068 22.353
v 37.3617 41.8561 22.3216
v 37.6818 42.1072 22.3655
v 38.0333 42.0319 22.3028
v 38.3723 41.9565 22.3216
v 38.7175 42.2265 22.4095
v 39.0753 42.5027 22.5099
v 39.4457 42.7977 22.5664
v 39.7784 43.055 22.6543
v 40.1927 42.9107 22.648
v 40.6321 42.7851 22.5727
v 41.0401 42.6219 22.5476
v 41.4481 42.5027 22.4973
v 41.7619 42.2076 22.309
v 42.0695 42.4462 22.2902
v 42.4964 42.2578 22.2588
v 42.8542 42.013 22.1144
v 43.0802 41.6866 22.0014
v 43.4317 41.3916 21.9763
v 43.7204 41.128 21.9324
v 44.0594 40.9334 21.9763
v 44.0531 41.3916 22.014
v 44.731 41.4544 22.0956
v 44.5804 41.3414 22.466
v 44.6432 40.9899 22.6229
v 44.1473 40.6069 22.2086
v 44.9194 40.7639 22.6417
v 44.8503 39.816 22.4597
v 44.9759 39.5336 22.7233
v 45.1579 39.1569 22.9744
v 45.3337 38.7615 23.2757
v 45.4969 38.3848 23.4389
v 45.6161 37.9957 23.5582
v 45.6663 37.4935 23.5833
v 45.7166 37.029 23.4138
v 45.365 36.7591 23.3385
v 45.4466 36.3385 22.9807
v 45.4466 35.9367 22.8238
v 45.1014 35.6668 22.7986
v 45.1453 35.2337 22.7924
v 45.2018 34.8006 22.6605
v 45.2081 34.3423 22.4597
v 45.4215 34.1164 22.3467
v 45.635 33.8025 22.1835
v 45.8107 33.5012 21.9198
v 45.5282 33.2752 22.014
v 45.7354 33.0179 21.9575
v 45.6789 32.5847 21.8633
v 45.3964 32.365 21.9575
v 45.522 32.0261 21.8257
v 45.4717 31.5616 21.7253
v 45.1579 31.3168 21.719
v 44.8064 31.0406 21.6436
v 44.9131 30.6702 21.4114
v 44.549 30.3815 21.2733
v 44.7687 30.1492 21.1854
v 44.323 29.7977 20.8653
v 43.8585 29.4336 20.6016
v 44.0657 29.126 20.4133
v 44.3481 28.8498 20.3317
v 44.4737 28.4983 20.1183
v 44.6369 28.2033 19.9112
v 44.2289 27.8831 19.6475
v 44.7059 27.7137 19.5973
v 45.1014 27.5002 19.2081
v 45.5408 27.3559 18.957
v 45.4404 26.8411 18.3481
v 45.1202 26.5963 18.3544
v 45.2458 26.2071 18.1787
v 44.9256 25.9561 18.1849
v 44.5867 25.6924 18.1912
v 44.9947 25.5355 17.915
v 44.6494 25.2656 17.8899
v 44.3607 25.5167 18.3607
v 44.254 25.9184 18.4925
v 43.9841 25.705 18.5365
v 43.689 25.9058 18.4486
v 43.5509 25.3723 18.3356
v 43.5321 24.8701 18.0406
v 43.6702 24.4998 17.7518
v 43.7895 24.1231 17.5886
v 44.0908 24.3617 17.5509
v 44.4423 24.2424 17.2747
v 44.8817 24.1106 17.1115
v 45.2583 23.9348 16.9358
v 45.5785 24.1859 16.9295
v 45.8672 23.9348 16.7161
v 46.2313 24.2236 16.7851
v 46.5765 24.0604 16.5215
v 46.8653 23.7779 16.2516
v 47.154 23.5394 15.944
v 47.4742 23.3259 15.6301
v 47.6876 23.0811 15.3288
v 48.083 23.395 15.4481
v 48.3718 23.169 15.2096
v 48.7421 23.0183 15.0777
v 49.0937 23.2883 15.1405
v 49.4954 23.1564 14.9459
v 49.8344 23.0435 14.7137
v 50.1985 22.8489 14.4312
v 50.6441 22.6982 14.1487
v 50.9266 22.4722 13.7909
v 51.3974 22.4157 13.5587
v 51.7301 22.6794 13.6026
v 52.069 22.9367 13.703
v 52.4206 23.2067 13.816
v 52.816 23.5142 13.9039
v 53.155 23.7779 13.9667
v 53.4689 24.029 13.9416
v 53.8141 23.7779 13.6465
v 54.128 24.0164 13.6654
v 54.4606 24.2801 13.7156
v 54.3979 24.7508 13.8662
v 54.7055 24.9894 13.8098
v 55.057 25.2656 13.9792
v 55.3834 25.5167 14.0043
v 55.6972 25.7615 13.9792
v 56.0111 26.0063 13.9855
v 56.4191 26.3201 14.155
v 56.8146 26.113 13.9667
v 57.1222 26.3515 13.9353
v 57.3984 26.5649 13.9039
v 57.7248 26.816 13.8851
v 58.1328 26.634 13.5147
v 58.3964 26.8411 13.4457
v 58.7479 27.1173 13.4645
v 59.0618 27.3621 13.4331
v 59.3757 27.607 13.4143
v 59.7586 27.3935 13.1004
v 60.0473 27.1927 12.6108
v 60.3674 27.4437 12.6422
v 60.3737 27.8706 13.0126
v 60.2796 28.3037 13.2762
v 60.606 28.5611 13.3264
v 60.9073 28.7933 13.3013
v 61.1772 29.0005 13.2197
v 61.4848 29.2453 13.2448
v 61.8677 29.5403 13.3641
v 62.1941 29.7977 13.3766
v 62.5142 30.0425 13.3515
v 62.8281 30.2936 13.3327
v 63.1294 30.5258 13.2887
v 63.0352 30.9464 13.7219
v 63.3303 31.1787 13.6528
v 63.6002 31.3858 13.5775
v 63.8889 31.6181 13.5524
v 64.3095 31.9445 13.7093
v 64.6924 32.2395 13.8537
v 65.0125 32.4843 13.9165
v 65.3892 32.7793 13.9918
v 65.7407 33.0555 14.0734
v 66.0483 33.2941 14.1173
v 66.3496 33.5263 14.0671
v 66.6383 33.7523 14.0169
v 66.902 33.9594 14.0043
v 67.197 34.1854 13.8788
v 67.4795 34.4114 13.7721
v 67.9314 34.2607 13.5712
v 68.2265 34.4867 13.4959
v 68.5403 34.7315 13.4645
v 68.8228 34.9512 13.3892
v 69.1994 34.7378 13.0628
v 69.4882 34.9638 12.9372
v 69.7644 35.1772 12.8305
v 70.1033 35.014 12.5983
v 70.3858 35.2337 12.5041
v 70.662 35.4471 12.4225
v 70.6055 35.8363 12.5543
v 70.6243 36.351 12.5041
v 70.4737 36.7402 12.661
v 70.7373 36.9474 12.5794
v 71.0072 37.1545 12.4853
v 71.3462 37.4182 12.4978
v 71.5973 37.619 12.3786
v 71.886 37.8387 12.3535
v 72.1873 38.0773 12.3158
v 71.7479 38.253 12.3786
v 72.0744 38.5104 12.3974
v 71.8609 38.7677 12.4413
v 72.1685 39.0126 12.4539
v 72.4133 39.2009 12.3032
v 72.3443 39.5963 12.4476
v 72.1057 39.9102 12.5606
v 72.407 40.1424 12.5732
v 71.9865 40.2994 12.6234
v 71.8547 40.5818 12.7238
v 71.5659 40.3496 12.7175
v 71.3588 40.1864 12.9372
v 71.1328 40.0106 13.1569
v 70.7373 40.155 13.408
v 70.4235 40.3559 13.6089
v 70.7562 40.6132 13.7093
v 70.3795 40.7702 13.7784
v 70.6745 41.0024 13.7658
v 70.4109 41.2033 14.0106
v 70.1912 41.4983 14.381
v 69.8146 41.6678 14.6509
v 69.4568 41.9 14.7325
v 69.325 42.2327 14.7074
v 69.2747 42.6659 14.8894
v 69.1806 43.0676 15.0087
v 69.2936 43.6263 14.9271
v 69.0362 43.4254 15.1091
v 68.7851 43.2308 15.2535
v 68.534 43.0362 15.3225
v 68.1386 43.1241 15.536
v 67.831 42.8856 15.5925
v 67.4041 43.0237 15.7368
v 67.1719 42.8416 15.9628
v 66.8078 43.0362 16.3332
v 66.5002 42.7914 16.3771
v 66.3182 43.1366 16.4148
v 65.8537 43.2182 16.4462
v 65.7156 43.1053 16.8542
v 65.3076 43.281 17.099
v 65.5587 43.4756 16.9734
v 65.1004 43.6451 17.3187
v 64.8305 43.4317 17.4191
v 64.5229 43.733 17.9025
v 64.3534 44.028 18.0154
v 64.1337 44.3105 18.1724
v 64.1149 43.8397 18.1724
v 63.9015 44.1284 18.3293
v 63.393 44.2289 18.4674
v 63.0541 43.959 18.4674
v 62.7716 44.2163 18.5051
v 62.5142 44.4235 18.5365
v 62.3008 44.7185 18.5302
v 62.3385 45.1704 18.5553
v 61.8489 45.2332 18.6181
v 61.5476 44.9947 18.7185
v 61.2337 44.7499 18.6934
v 60.9826 44.9382 18.6934
v 60.6625 44.6934 18.6997
v 60.3549 44.4486 18.7248
v 60.1352 44.7059 18.7687
v 59.8527 44.9256 18.8126
v 59.5703 45.1893 18.8252
v 59.3192 45.3839 18.8315
v 58.9425 45.5534 18.888
v 58.6224 45.7856 19.1202
v 58.3336 46.0179 19.3776
v 58.1265 46.2689 19.6538
v 57.6745 46.3882 19.8923
v 57.3858 46.6644 20.2501
v 57.0092 46.3694 20.1873
v 56.4693 46.4949 20.451
v 55.9421 46.564 20.7209
v 55.6282 46.8213 21.0787
v 55.0256 46.8904 21.2042
v 54.7306 47.1729 21.3988
v 54.3979 46.9155 21.311
v 54.0715 46.6581 21.3361
v 53.8392 46.859 21.5369
v 53.2994 46.8778 21.7566
v 52.9981 46.6393 21.7943
v 52.6842 46.3945 21.7817
v 52.1067 46.3882 21.9324
v 51.5731 46.4196 21.9261
v 51.2907 46.5954 22.0956
v 50.9454 46.3254 22.014
v 50.3554 46.3254 22.1082
v 49.8093 46.3882 22.2086
v 49.5456 46.746 22.4471
v 48.9493 46.7962 22.4973
v 48.6166 46.5326 22.4848
v 48.3153 46.2941 22.466
v 47.9449 46.5263 22.5601
v 47.6813 46.3192 22.6919
v 47.3486 46.0555 22.6668
v 47.0348 45.8107 22.6919
v 46.6581 46.043 22.7296
v 46.3568 46.3443 22.9367
v 45.9111 46.4322 23.0372
v 45.5847 46.1811 22.987
v 45.2709 46.4196 23.0686
v 44.8001 46.52 23.1376
v 44.4235 46.6958 23.3008
v 44.1473 46.8276 23.3761
v 43.7769 46.5326 23.2506
v 43.4379 46.2689 23.2004
v 43.1178 46.0179 23.1878
v 42.76 45.7417 23.1439
v 42.4148 45.4717 23.0937
v 42.1009 45.2207 23.0435
v 41.7871 44.9759 23.0246
v 41.4544 44.7122 22.9681
v 41.1405 44.4674 22.943
v 40.8015 44.2038 22.8677
v 40.4814 43.9527 22.874
v 40.1236 43.6765 22.7861
v 39.747 43.3815 22.6668
v 39.3829 43.0927 22.5915
v 39.1004 43.212 22.6229
v 38.7552 42.9483 22.5852
v 38.3974 42.6659 22.5036
v 38.1024 42.8165 22.535
v 37.7697 42.5529 22.4471
v 37.4307 42.2892 22.4095
v 37.0792 42.4775 22.3718
v 36.7591 42.2265 22.3279
v 36.351 42.3269 22.3341
v 38.0396 42.3834 22.4157
v 38.3409 42.2767 22.3404
v 38.6924 42.5529 22.4534
v 39.0314 42.8165 22.5162
v 40.1048 43.3124 22.717
v 40.5505 43.1931 22.6982
v 40.9836 43.0613 22.6229
v 41.379 42.8856 22.6041
v 41.7933 42.7726 22.4973
v 42.3708 42.6784 22.3153
v 42.8165 42.5089 22.2965
v 43.1869 42.2767 22.1458
v 43.3877 41.9252 22.0454
v 43.7518 41.6427 21.9952
v 44.0971 41.9126 22.0266
v 44.436 41.6866 22.1395
v 44.7248 41.9126 22.0517
v 45.2207 41.8436 22.5413
v 45.5847 41.2849 22.0893
v 45.001 41.2723 22.7108
v 45.2458 41.015 22.7233
v 45.2834 40.6007 22.7045
v 45.2583 40.1362 22.6919
v 45.2709 39.7658 22.7045
v 45.6098 39.5147 23.3573
v 45.8107 39.1318 23.6586
v 46.1246 38.8745 23.4201
v 45.817 38.6359 23.4577
v 46.1873 38.4413 23.4138
v 45.93 38.2405 23.6021
v 45.9802 37.732 23.6021
v 46.0681 37.3052 23.4829
v 46.156 36.8971 23.1627
v 45.8547 36.6586 23.2255
v 46.0555 36.4075 22.8175
v 45.7417 36.1627 22.8112
v 45.7354 35.6982 22.7296
v 45.4278 35.4597 22.7108
v 45.5031 35.0391 22.6103
v 45.5094 34.5809 22.4785
v 45.7354 34.3675 22.3467
v 45.9614 34.0536 22.1647
v 46.1057 33.7272 21.8947
v 46.0116 33.2313 21.8194
v 45.9363 32.7919 21.8131
v 46.1371 32.5031 21.7378
v 45.8547 32.2834 21.8006
v 45.7919 31.8126 21.7253
v 45.93 31.4548 21.5432
v 45.6036 31.2038 21.5432
v 45.2709 30.9464 21.5307
v 45.4404 30.6765 21.2545
v 45.1265 30.4254 21.311
v 45.296 30.0864 20.9971
v 44.9068 29.7851 20.8464
v 44.5553 29.5089 20.79
v 44.7938 29.1951 20.5891
v 44.8942 28.8247 20.3254
v 44.9759 28.4669 19.9865
v 45.0261 27.9647 19.6161
v 45.4215 27.7513 19.2332
v 45.8672 27.607 18.9507
v 45.7793 27.1111 18.3105
v 45.8735 26.6968 18.1787
v 45.5534 26.4457 18.2038
v 45.6161 26.0251 17.846
v 45.3085 25.7803 17.8711
v 45.4341 25.4099 17.6828
v 45.1077 25.1526 17.6702
v 44.731 24.8576 17.5509
v 44.2979 24.9894 17.7706
v 43.9464 25.1965 18.1912
v 43.9778 24.7383 17.7518
v 44.3984 24.6002 17.5007
v 44.7499 24.4809 17.2434
v 45.1893 24.3491 17.1115
v 45.4906 24.5876 17.1366
v 45.9425 24.4684 17.0111
v 46.564 24.4809 16.7788
v 46.8716 24.2863 16.5278
v 47.1854 24.029 16.2955
v 47.5244 23.8281 16.013
v 47.8131 23.5896 15.6992
v 48.1772 23.872 15.8059
v 48.466 23.6963 15.6239
v 48.7421 23.4577 15.3414
v 49.0999 23.7402 15.3979
v 49.4264 23.5456 15.2033
v 49.8469 23.4264 15.0087
v 50.1733 23.3071 14.7764
v 50.506 23.0874 14.4626
v 50.958 22.943 14.1236
v 51.2907 22.7547 13.8411
v 51.6485 23.0309 13.8788
v 52 23.3071 13.9541
v 52.4017 23.6147 14.1362
v 52.7721 23.9034 14.2303
v 53.0922 24.1545 14.2429
v 53.3747 24.3742 14.1801
v 53.7953 24.2801 13.9165
v 54.0715 24.4935 13.8411
v 53.9522 24.8262 14.0922
v 54.2661 25.0647 14.1111
v 54.6176 25.3472 14.1738
v 54.9628 25.6108 14.2115
v 55.3018 25.8745 14.2178
v 55.6094 26.113 14.1989
v 55.9797 26.4017 14.3056
v 56.3187 26.6654 14.3559
v 56.733 26.5649 14.0922
v 57.0468 26.8098 14.1299
v 57.367 27.0608 14.1111
v 57.6808 27.3056 14.0546
v 58.0512 27.0734 13.8662
v 58.365 27.3119 13.8725
v 58.6726 27.5567 13.8098
v 58.9865 27.8015 13.7909
v 59.2815 28.0275 13.7846
v 59.6707 27.8329 13.3452
v 60.0661 27.6383 13.0251
v 59.972 28.0715 13.3013
v 59.8716 28.4858 13.6717
v 60.2231 28.7619 13.816
v 60.5307 29.0005 13.7972
v 60.8696 29.2704 13.8349
v 61.1772 29.5027 13.8223
v 61.5287 29.7788 13.8286
v 61.8363 30.0174 13.8035
v 62.1062 30.2308 13.7533
v 62.4515 30.4944 13.7595
v 62.7465 30.7267 13.7281
v 62.7277 31.2289 14.1236
v 63.0415 31.4737 14.0797
v 63.3491 31.7185 14.0483
v 63.6818 31.9696 14.0922
v 63.958 32.1893 14.0043
v 64.2153 32.3901 13.8474
v 64.4978 32.6098 13.8474
v 64.8431 32.8735 13.9102
v 65.182 33.1434 13.9918
v 65.5084 33.3945 14.0295
v 65.8662 33.6707 14.0671
v 66.2052 33.9343 14.0734
v 66.5128 34.1791 14.1299
v 66.8141 34.4114 14.0483
v 67.1217 34.6499 13.9981
v 67.4041 34.8696 14.0043
v 67.7557 34.6248 13.7093
v 68.0884 34.8822 13.6968
v 68.3897 35.1144 13.6654
v 68.6533 35.3216 13.6026
v 69.1053 35.1709 13.2699
v 69.3563 35.3718 13.1381
v 69.6388 35.5852 13.0565
v 70.0594 35.4095 12.7615
v 70.3356 35.6229 12.6736
v 70.1598 35.9932 12.8493
v 70.4172 36.1941 12.7426
v 70.2289 36.5519 12.8996
v 70.1159 36.985 12.9874
v 70.4109 37.211 12.9372
v 70.6871 37.4244 12.9058
v 70.9445 37.6253 12.8242
v 71.2269 37.845 12.661
v 71.4404 38.0145 12.4351
v 71.2834 38.3158 12.4978
v 71.5722 38.5418 12.4476
v 71.409 38.8682 12.4853
v 71.7103 39.1004 12.4602
v 72.0492 39.3641 12.5041
v 71.7793 39.6528 12.5167
v 71.6726 40.0608 12.5983
v 71.4215 39.86 12.8242
v 71.2018 39.6905 13.0502
v 70.844 39.7846 13.1946
v 70.4297 39.9102 13.3766
v 70.1535 40.1487 13.7407
v 70.1912 40.6258 14.0043
v 70.1912 41.0275 14.2429
v 69.9338 41.2974 14.5191
v 69.5447 41.4606 14.7199
v 69.1555 41.6615 14.8078
v 69.0613 42.0256 14.7953
v 69.0111 42.4587 14.9961
v 68.9232 42.8667 15.0903
v 68.6784 42.6721 15.2409
v 68.2767 42.8353 15.4293
v 68.0005 42.6219 15.5548
v 67.7557 42.4273 15.6552
v 67.5611 42.6721 15.7368
v 67.3351 42.4964 15.8812
v 66.9459 42.6659 16.1637
v 66.6383 42.4273 16.1951
v 66.2554 42.6031 16.5278
v 66.0483 42.9295 16.4775
v 65.8537 42.7726 16.6784
v 65.4331 42.8856 16.9546
v 65.0188 43.055 17.1618
v 64.7615 42.8479 17.2999
v 64.6296 43.2747 17.6451
v 64.253 43.5258 18.0092
v 63.8387 43.6263 18.2477
v 63.619 43.9025 18.3607
v 63.3177 43.6702 18.3732
v 63.029 43.4442 18.3921
v 62.7465 43.7204 18.4737
v 62.4766 43.9903 18.5113
v 62.2067 44.1849 18.5239
v 61.9807 44.4674 18.5239
v 62.0183 44.9256 18.5804
v 61.7547 44.7185 18.662
v 61.4534 44.48 18.6369
v 61.127 44.2289 18.6181
v 60.8947 44.4862 18.6683
v 60.5934 44.254 18.6934
v 60.3235 44.0406 18.7248
v 60.0473 44.21 18.7499
v 59.8276 44.4611 18.775
v 59.5514 44.6871 18.8252
v 59.2752 44.957 18.8315
v 59.0241 45.1516 18.844
v 58.6601 45.3337 18.9759
v 58.3274 45.5534 19.0951
v 58.001 45.7605 19.3148
v 57.8126 46.0241 19.6098
v 57.3544 46.1371 19.8547
v 57.0217 45.8798 19.817
v 56.7079 46.1371 20.1434
v 56.1366 46.2376 20.4447
v 55.6219 46.3192 20.7084
v 55.2704 46.5451 20.972
v 54.6929 46.633 21.1478
v 54.3288 46.3443 21.1101
v 54.0275 46.1057 21.1038
v 53.7764 46.4259 21.3549
v 53.5567 46.633 21.5809
v 53.2554 46.4008 21.6123
v 52.9416 46.156 21.6185
v 52.3641 46.1434 21.7064
v 52.0377 45.886 21.6499
v 51.7426 46.1057 21.8382
v 51.2154 46.1371 21.8696
v 50.8827 45.8798 21.8257
v 50.6316 46.0806 21.9763
v 50.324 45.8358 21.9701
v 50.0478 46.0869 22.0768
v 49.4326 46.0932 22.1144
v 49.1816 46.4635 22.3655
v 48.8802 46.225 22.3592
v 48.5476 45.9676 22.3028
v 47.9701 46.0241 22.3781
v 47.7064 45.817 22.466
v 47.4365 45.6098 22.5162
v 47.154 45.3901 22.6103
v 46.7397 45.5847 22.7045
v 46.3192 45.7731 22.6857
v 46.0367 46.0932 22.9242
v 45.7103 45.8358 22.8426
v 45.2772 45.9363 22.9367
v 44.9319 46.1497 23.0058
v 44.4611 46.2564 23.0811
v 44.0908 46.4322 23.2569
v 43.7393 46.156 23.1564
v 43.4442 45.93 23.1313
v 43.1115 45.6663 23.1125
v 42.7788 45.4027 23.0686
v 42.4775 45.1704 23.0497
v 42.1323 44.9005 23.0435
v 41.7808 44.6243 22.9681
v 41.4606 44.3732 22.9367
v 41.084 44.0782 22.8865
v 40.7639 43.8271 22.8049
v 40.4751 43.6012 22.8049
v 40.8706 43.4442 22.7108
v 41.3351 43.3312 22.6857
v 41.6866 43.1241 22.6292
v 42.1009 43.0111 22.535
v 42.6972 42.9358 22.3279
v 43.1429 42.76 22.3153
v 43.5321 42.5529 22.2023
v 43.7267 42.1888 22.083
v 44.0343 42.4336 22.1144
v 44.3858 42.1386 22.014
v 44.6934 42.3834 22.0517
v 45.1014 42.2076 22.1584
v 45.6475 42.1762 22.0579
v 45.9928 42.0507 22.0517
v 46.2438 41.3477 22.0328
v 45.9425 41.1154 22.7484
v 45.6287 40.8643 22.7547
v 45.5722 40.381 22.7108
v 45.6287 40.042 22.7484
v 46.0304 39.8411 22.8363
v 45.8358 39.6905 23.1941
v 46.4259 39.113 23.3761
v 46.4322 38.6359 23.2632
v 46.7837 38.366 23.2067
v 46.5891 38.2091 23.4891
v 46.3003 37.9831 23.621
v 46.4196 37.5814 23.5582
v 46.5451 37.2047 23.3134
v 46.6707 36.8909 22.8489
v 46.3443 36.6398 22.761
v 46.3694 36.1941 22.6857
v 46.0618 35.9556 22.7296
v 46.0932 35.5036 22.5413
v 45.7856 35.2588 22.5476
v 45.8358 34.832 22.466
v 46.043 34.606 22.353
v 46.2815 34.3047 22.1898
v 46.3945 33.9532 21.8822
v 46.338 33.4886 21.8508
v 46.2627 33.043 21.832
v 46.4196 32.7228 21.6562
v 46.3506 32.252 21.6248
v 46.0744 32.0323 21.6876
v 46.2627 31.7185 21.5495
v 46.338 31.3732 21.2419
v 46.0304 31.1347 21.2607
v 45.7668 30.9276 21.3235
v 45.9363 30.5886 20.9594
v 45.635 30.3501 20.9783
v 45.5847 29.8165 20.2564
v 45.3901 29.6659 20.5326
v 45.1077 29.4462 20.5954
v 45.2269 29.0884 20.338
v 45.3085 28.7306 19.999
v 45.409 28.2661 19.7103
v 45.7919 28.0401 19.3462
v 46.2187 27.8831 19.0888
v 46.3882 27.5881 18.2916
v 46.0869 27.3496 18.3105
v 46.1622 26.9227 18.1535
v 46.2689 26.5336 17.8397
v 45.9488 26.2825 17.8585
v 46.0555 25.8933 17.7079
v 45.7291 25.6422 17.6828
v 45.8233 25.3158 17.438
v 45.478 25.0459 17.4254
v 45.0763 24.732 17.3061
v 45.8421 24.8638 17.1806
v 46.3003 24.7508 17.0802
v 46.6142 24.9894 17.0864
v 46.9092 24.7508 16.8353
v 47.198 24.5437 16.578
v 47.5307 24.2989 16.3269
v 47.8759 24.1043 16.0507
v 48.2274 24.3742 16.1135
v 48.5224 24.142 15.9
v 48.7798 23.9411 15.6552
v 49.1439 24.2236 15.6992
v 49.4515 24.0101 15.4481
v 49.7528 23.7967 15.2409
v 50.1671 23.6774 15.0401
v 50.506 23.5707 14.7827
v 50.8073 23.3197 14.4312
v 51.2907 23.2004 14.1424
v 51.5794 23.4264 14.1048
v 51.9121 23.6837 14.1738
v 52.295 23.985 14.3119
v 52.6152 24.2298 14.381
v 52.973 24.5123 14.4312
v 53.3182 24.776 14.45
v 53.6572 24.5939 14.1173
v 53.6195 25.0082 14.3873
v 53.9145 25.2405 14.337
v 54.2409 25.4978 14.3496
v 54.5674 25.7489 14.3684
v 54.8938 26 14.3935
v 55.2013 26.2448 14.4061
v 55.5403 26.5084 14.4626
v 55.8856 26.7784 14.5818
v 56.1994 27.0232 14.5379
v 56.6263 26.9039 14.3496
v 56.9276 27.1424 14.3621
v 57.2351 27.381 14.3308
v 57.5113 27.5944 14.268
v 57.9633 27.5191 14.0483
v 58.2772 27.7702 14.0797
v 58.6161 28.0338 14.0859
v 58.9049 28.2598 14.1299
v 59.2376 28.5171 14.1236
v 59.5954 28.2723 13.7407
v 59.6016 28.7996 14.1424
v 59.9406 29.0633 14.2178
v 60.2733 29.3206 14.2492
v 60.6499 29.6156 14.3496
v 60.9324 29.8353 14.3119
v 61.2149 30.055 14.2429
v 61.5224 30.2936 14.2115
v 61.8112 30.5196 14.2115
v 62.1125 30.7518 14.1989
v 62.4264 30.9966 14.1487
v 62.3385 31.3481 14.3747
v 62.6461 31.5929 14.3496
v 62.9411 31.8189 14.3245
v 63.2424 32.0575 14.3182
v 63.5562 32.3023 14.3308
v 63.8262 32.5094 14.2554
v 64.1024 32.7228 14.1424
v 64.3597 32.9237 13.9855
v 64.6861 33.1811 13.9792
v 65.0314 33.451 14.0546
v 65.3578 33.7021 14.0859
v 65.6779 33.9532 14.0859
v 66.0232 34.2231 14.1801
v 66.3308 34.4616 14.2115
v 66.6446 34.7064 14.1864
v 66.9459 34.9387 14.2052
v 67.2723 35.196 14.2178
v 67.6741 35.083 13.9227
v 68.0068 35.3404 13.9227
v 68.2641 35.5413 13.8662
v 68.5717 35.7798 13.8286
v 68.9483 35.5476 13.5084
v 69.1931 35.7422 13.3892
v 69.4442 35.9367 13.3013
v 69.7204 36.1502 13.1883
v 69.9213 35.8049 12.9937
v 69.9841 36.3573 13.0628
v 69.8648 36.7842 13.1318
v 69.6576 37.0541 13.2134
v 69.9338 37.2675 13.0816
v 70.2414 37.506 13.0314
v 70.5553 37.7508 13.0251
v 70.8252 37.9643 12.9058
v 71.0512 38.14 12.6987
v 70.8691 38.4476 12.774
v 71.1139 38.6359 12.5732
v 70.9696 39.0251 12.7615
v 71.252 39.2448 12.705
v 71.4655 39.408 12.5355
v 70.9256 39.4771 13.0565
v 70.5239 39.5398 13.2009
v 70.1724 39.7156 13.5273
v 69.8773 39.929 13.8976
v 69.9025 40.3998 14.1236
v 69.9276 40.8204 14.3119
v 69.6576 41.084 14.607
v 69.2622 41.2409 14.8141
v 68.8856 41.4481 14.9396
v 68.7851 41.8059 14.8894
v 68.7412 42.2453 15.084
v 68.3897 42.4524 15.3602
v 68.0884 42.2139 15.3665
v 67.7808 41.9754 15.3916
v 67.492 42.2202 15.7933
v 67.1091 42.3206 16.0946
v 66.8894 42.1511 16.283
v 66.3872 41.7557 16.5403
v 66.4437 42.2767 16.5027
v 66.1864 42.0695 16.647
v 66.0483 42.4462 16.7663
v 65.6152 42.5905 16.8667
v 65.1193 42.6407 16.9985
v 64.8807 42.4524 17.1115
v 64.4853 42.6345 17.3815
v 64.3848 43.0802 17.7518
v 63.9454 43.281 18.0908
v 63.5249 43.3815 18.2791
v 63.2173 43.1429 18.254
v 62.7151 43.1994 18.3732
v 62.395 43.4505 18.4172
v 62.1502 43.733 18.48
v 61.9054 43.9464 18.4988
v 61.6731 44.2289 18.5365
v 61.353 43.9715 18.549
v 61.0517 43.7455 18.6055
v 60.8131 43.9841 18.6432
v 60.5432 43.7706 18.6871
v 60.0348 43.8146 18.7562
v 59.7397 43.9652 18.7938
v 59.5263 44.2289 18.8126
v 59.2752 44.4674 18.8503
v 58.999 44.7373 18.9194
v 58.7856 44.9633 18.9633
v 58.3588 45.0951 19.0198
v 58.0261 45.3211 19.1391
v 57.6871 45.5157 19.3274
v 57.4548 45.7417 19.5471
v 57.1096 45.4717 19.5094
v 56.6953 45.6224 19.7793
v 56.3815 45.8798 20.0618
v 55.7663 45.9488 20.3819
v 55.239 46.0179 20.5451
v 54.9063 46.2627 20.8151
v 54.5799 46.0053 20.7648
v 54.31 45.7919 20.8464
v 53.7388 45.8798 21.0787
v 53.494 46.2062 21.4114
v 53.155 45.9363 21.4365
v 52.8474 45.6977 21.4679
v 52.6214 45.9049 21.606
v 52.2762 45.635 21.5369
v 51.7112 45.6287 21.6123
v 51.4162 45.8484 21.8131
v 51.1086 45.6098 21.7692
v 50.8827 45.4341 21.9261
v 50.6755 45.7166 22.0454
v 50.0101 45.591 21.9512
v 49.7214 45.8295 22.0203
v 49.4075 45.5847 22.0014
v 49.1125 45.8421 22.0956
v 48.8112 45.6098 22.1333
v 48.2086 45.6977 22.2965
v 47.9073 45.4655 22.309
v 47.6311 45.2458 22.4095
v 47.311 44.9947 22.4848
v 46.8151 45.1202 22.5601
v 46.4196 45.3274 22.6668
v 45.9928 45.5157 22.6543
v 45.6287 45.2332 22.6041
v 45.3713 45.5722 22.8426
v 44.9382 45.6726 22.8865
v 44.5804 45.8735 22.943
v 44.1284 45.999 23.0372
v 43.8146 45.7479 22.9744
v 43.4631 45.478 22.943
v 43.1178 45.2018 22.8865
v 42.8165 44.9696 22.8865
v 42.4713 44.6997 22.8865
v 42.1449 44.4423 22.8614
v 41.8373 44.2038 22.83
v 41.5171 43.9464 22.8112
v 41.1907 43.689 22.7673
v 41.6678 43.5949 22.7233
v 42.013 43.3815 22.6731
v 42.421 43.2685 22.5538
v 43.0425 43.212 22.3279
v 43.4568 43.0111 22.353
v 43.8711 42.8102 22.2588
v 44.3795 42.7035 22.1835
v 44.7122 42.9609 22.1584
v 45.1014 42.7035 22.2274
v 45.3148 42.8667 22.0768
v 45.4592 42.4901 22.2588
v 45.6977 42.6784 22.1019
v 45.9614 42.421 22.0642
v 46.225 42.2327 21.9512
v 46.5075 42.0005 21.9387
v 46.8025 41.7871 21.9387
v 46.6016 41.6301 22.1521
v 46.928 41.4481 22.1709
v 46.677 41.2472 22.3341
v 46.4447 41.0652 22.5476
v 46.2313 40.8957 22.7924
v 45.886 40.6258 22.761
v 45.9363 40.2868 22.7735
v 46.3003 40.0546 22.7547
v 46.3254 39.5398 23.3761
v 46.79 39.3955 23.4452
v 47.0473 39.1193 23.2694
v 46.7209 38.8556 23.2569
v 46.972 38.5104 22.9493
v 47.154 38.1526 23.1439
v 46.9406 37.9894 23.3448
v 46.7083 37.8073 23.5331
v 46.8653 37.4495 23.3008
v 47.0473 37.1859 23.0246
v 47.2545 36.8909 22.5287
v 46.9406 36.6461 22.5538
v 46.6581 36.4201 22.5978
v 46.7209 35.9932 22.5727
v 46.4322 35.7673 22.6292
v 46.4698 35.3279 22.422
v 46.1497 35.0768 22.4157
v 46.3631 34.8571 22.3341
v 46.5954 34.5558 22.1333
v 46.7774 34.2545 22.0391
v 46.9908 33.9971 21.901
v 46.6832 33.7586 21.9261
v 46.9092 33.5514 21.9073
v 46.6205 33.3254 21.945
v 46.7962 33.0241 21.7441
v 46.9029 32.6789 21.4428
v 46.6205 32.4592 21.5369
v 46.5451 31.9382 21.4867
v 46.6707 31.6306 21.2482
v 46.6079 31.1096 21.041
v 46.2438 30.8209 20.9594
v 46.1685 30.2747 20.2438
v 45.9174 30.0739 20.338
v 45.9174 29.6219 20.451
v 45.522 29.3143 20.3003
v 45.6663 29.0068 20.156
v 45.7291 28.5171 19.7479
v 46.1497 28.3225 19.4215
v 46.5451 28.1405 19.1202
v 46.7774 27.8894 18.3858
v 46.7711 27.3998 18.1473
v 46.4635 27.155 18.1535
v 46.5891 26.7784 17.8836
v 46.6644 26.3704 17.6577
v 46.3443 26.1193 17.6577
v 46.4698 25.818 17.4693
v 46.1497 25.5669 17.4882
v 46.1497 25.1024 17.1994
v 46.4949 25.3723 17.2559
v 46.928 25.2405 17.0864
v 47.2356 25.0019 16.8228
v 47.562 24.8262 16.6282
v 47.8382 24.5374 16.3143
v 48.2023 24.8199 16.4462
v 48.5538 24.6316 16.126
v 48.8175 24.3679 15.8875
v 49.169 24.6441 15.9314
v 49.4326 24.4495 15.6992
v 49.7716 24.2612 15.4795
v 50.0604 24.0415 15.2472
v 50.4684 23.9097 15.0401
v 50.8513 23.8344 14.7513
v 51.1337 23.577 14.3998
v 51.4602 23.8281 14.4249
v 51.7991 24.0917 14.45
v 52.1758 24.3868 14.5316
v 52.5147 24.6504 14.6321
v 52.86 24.914 14.6572
v 53.155 25.1463 14.6132
v 53.4124 25.3472 14.5379
v 53.745 25.6108 14.5818
v 54.0715 25.8619 14.5944
v 54.3979 26.1193 14.6383
v 54.7557 26.3955 14.6634
v 55.0695 26.6403 14.6383
v 55.4022 26.8976 14.6823
v 55.7286 27.155 14.6886
v 56.0488 27.3998 14.6697
v 56.5133 27.268 14.5065
v 56.8648 27.5379 14.5442
v 57.1787 27.7827 14.5316
v 57.4925 28.0275 14.5379
v 57.8315 27.8392 14.2617
v 58.1704 28.1091 14.268
v 58.4906 28.3539 14.2617
v 58.8547 28.6427 14.3747
v 59.2062 28.9126 14.4375
v 59.5514 29.1825 14.5128
v 59.9029 29.4524 14.6007
v 60.2294 29.7098 14.6383
v 60.5432 29.9546 14.6697
v 60.8257 30.1743 14.6321
v 61.1082 30.394 14.5128
v 61.4095 30.6325 14.4563
v 61.7233 30.8711 14.4375
v 62.0246 31.1096 14.3873
v 61.943 31.4925 14.6321
v 62.2192 31.7059 14.6007
v 62.5519 31.9696 14.5944
v 62.8909 32.2332 14.6195
v 63.211 32.4843 14.6132
v 63.506 32.7103 14.5756
v 63.7885 32.93 14.4689
v 64.0773 33.156 14.4186
v 64.3158 33.338 14.2429
v 64.6234 33.5828 14.2554
v 64.9435 33.8339 14.3056
v 65.2762 34.0913 14.3747
v 65.521 34.2796 14.1676
v 66.0043 34.6562 14.5379
v 66.3119 34.8947 14.5191
v 66.6195 35.1333 14.4814
v 66.9334 35.3781 14.4877
v 67.2472 35.6229 14.4626
v 67.5862 35.4408 14.1613
v 67.8938 35.6794 14.1424
v 68.1825 35.8991 14.0922
v 68.4964 36.1439 14.0546
v 68.873 36.0121 13.7156
v 69.1115 36.2004 13.5901
v 69.3877 36.4138 13.4959
v 69.6451 36.6147 13.3076
v 69.4442 36.8846 13.3766
v 69.3061 37.2298 13.4394
v 69.5698 37.4307 13.3013
v 69.8648 37.663 13.2511
v 70.1284 37.8701 13.1758
v 70.3984 38.0835 13.0816
v 70.662 38.2844 12.9874
v 70.4423 38.6171 13.0188
v 70.7059 38.818 12.9247
v 70.6243 39.2385 13.1255
v 70.2603 39.3327 13.3201
v 69.9401 39.5336 13.6968
v 69.6263 39.7344 14.0043
v 69.6137 40.1738 14.1927
v 69.6137 40.5756 14.2931
v 69.3438 40.8392 14.6321
v 68.9797 41.0212 14.8706
v 68.6156 41.2409 15.0401
v 68.534 41.6113 15.0464
v 68.465 42.0381 15.1593
v 68.1951 41.8247 15.2033
v 67.8812 41.5799 15.1907
v 67.5485 41.7933 15.6741
v 67.3665 41.649 15.9252
v 67.2974 42.0695 16.126
v 67.1091 41.9189 16.3708
v 66.4626 41.4167 16.4399
v 66.0734 41.5109 16.5529
v 65.9416 41.8812 16.7726
v 65.7721 42.2265 16.9044
v 65.3327 42.3708 16.9295
v 65.0439 42.1449 16.9421
v 64.7364 41.9 16.986
v 64.6296 42.2516 17.2308
v 64.2216 42.4273 17.5133
v 64.071 42.8353 17.7895
v 63.6755 43.0739 18.1661
v 63.3868 42.8479 18.1347
v 62.9285 42.9107 18.3419
v 62.6272 42.6784 18.4172
v 62.4201 42.9672 18.4549
v 62.1062 43.2182 18.4737
v 61.83 43.4819 18.5113
v 61.6041 43.7141 18.5176
v 61.3718 43.5258 18.6997
v 61.0705 43.2936 18.7373
v 60.7817 43.5321 18.662
v 60.5055 43.3124 18.7185
v 60.2482 43.5384 18.7875
v 59.928 43.2873 18.8064
v 59.7272 43.576 18.8001
v 59.4322 43.7267 18.8252
v 59.225 43.9903 18.8378
v 58.9739 44.2351 18.9131
v 58.6789 44.4925 18.9947
v 58.5031 44.7436 19.0512
v 58.2395 44.5365 19.1579
v 58.1642 44.9445 19.3399
v 57.4737 44.888 19.3337
v 57.3984 45.2897 19.3588
v 57.1347 45.0826 19.3964
v 56.7518 45.1893 19.3964
v 56.3563 45.3588 19.7228
v 56.0488 45.6224 20.043
v 55.4713 45.7103 20.3317
v 55.17 45.478 20.3254
v 54.9252 45.7731 20.5514
v 54.605 45.5157 20.5389
v 54.2912 45.2772 20.5891
v 53.9961 45.5471 20.8464
v 53.6697 45.2897 20.8151
v 53.4312 45.6412 21.1101
v 53.1111 45.3901 21.0787
v 52.5524 45.4655 21.4365
v 52.2511 45.2269 21.4867
v 51.9435 45.3713 21.5307
v 51.6045 45.1077 21.493
v 51.3974 45.3839 21.606
v 51.071 45.1328 21.5809
v 50.7697 44.8942 21.6185
v 50.1985 44.8942 21.7943
v 49.8971 45.1077 21.7817
v 49.6586 45.3148 21.8947
v 49.3887 45.1077 21.9701
v 49.1439 45.3776 22.0893
v 48.8426 45.1391 22.1144
v 48.5036 45.365 22.2274
v 48.2463 45.1642 22.3028
v 47.9638 44.9445 22.3153
v 47.9512 44.4423 22.2588
v 47.6436 44.1975 22.3028
v 47.085 44.254 22.3969
v 46.677 44.4988 22.3341
v 46.4698 44.8503 22.4785
v 46.0744 45.0637 22.5727
v 45.7668 44.8189 22.5664
v 45.296 44.9759 22.5413
v 45.0449 45.3211 22.7924
v 44.6055 45.409 22.8238
v 44.2289 45.5973 22.8928
v 43.8773 45.3274 22.8175
v 43.5635 45.0826 22.7861
v 43.2559 44.8378 22.7861
v 42.9609 44.6055 22.7861
v 42.6407 44.3607 22.7735
v 42.3018 44.0908 22.717
v 41.9816 43.8397 22.7045
v 42.3269 43.6263 22.6794
v 42.7663 43.5321 22.5664
v 43.0613 43.7644 22.5601
v 43.3626 43.4631 22.3781
v 43.7518 43.2434 22.353
v 44.1787 43.055 22.2651
v 44.4925 43.2999 22.2463
v 45.0261 43.2057 22.1458
v 45.635 43.1178 22.0705
v 45.9802 42.8981 22.0203
v 46.2564 42.6533 21.9763
v 46.52 42.465 21.9198
v 46.7962 42.2327 21.9198
v 47.1729 42.0758 22.0391
v 47.2545 41.6992 22.2023
v 47.3047 41.3539 22.3467
v 47.0285 41.1405 22.5099
v 46.7648 40.9334 22.5601
v 46.5138 40.7388 22.6605
v 46.2438 40.5253 22.7735
v 46.6644 40.337 22.83
v 46.6707 39.8098 23.464
v 47.3235 39.3327 23.2129
v 47.2733 38.7489 22.8802
v 47.3047 38.2781 22.8238
v 47.1164 37.6504 23.1502
v 47.3737 37.4433 22.9807
v 47.6688 37.211 22.7547
v 47.9512 36.9536 22.466
v 47.6185 36.6963 22.422
v 47.2858 36.4389 22.4408
v 46.9845 36.2004 22.4911
v 47.1164 35.8363 22.4283
v 46.8025 35.5915 22.466
v 46.972 35.3341 22.3906
v 46.6581 35.0893 22.3279
v 46.9092 34.8006 22.1584
v 47.085 34.493 22.0579
v 47.311 34.2482 21.9198
v 47.5432 34.0473 21.7943
v 47.2294 33.7962 21.8445
v 47.3926 33.4886 21.7315
v 47.1164 33.2752 21.8006
v 47.267 32.9614 21.5118
v 47.4239 32.6224 21.3047
v 47.1226 32.3901 21.3361
v 46.8402 32.1704 21.4302
v 46.9845 31.8817 21.267
v 46.9343 31.367 21.0724
v 47.1038 31.0029 20.859
v 46.8716 30.8271 20.3317
v 46.4761 30.5133 20.1622
v 46.4259 30.0237 20.1999
v 46.5765 29.7161 20.0241
v 46.1057 29.352 20.4761
v 46.1622 28.8498 20.0179
v 46.4824 28.5799 19.4153
v 46.8464 28.3728 19.07
v 47.1226 28.1593 18.4925
v 47.4239 27.9083 18.1473
v 47.1101 27.6634 18.1473
v 47.2607 27.3056 17.9715
v 46.9343 27.0546 17.9338
v 47.0159 26.6403 17.689
v 47.1038 26.3139 17.4882
v 46.8025 26.0816 17.4882
v 46.8527 25.6485 17.2559
v 47.2607 25.4978 17.1429
v 47.606 25.2907 16.9421
v 47.9387 25.1212 16.7726
v 48.24 25.3597 16.7161
v 48.5162 25.0647 16.4462
v 48.8928 24.8952 16.1511
v 49.2129 25.1463 16.1888
v 49.5205 24.9203 15.9691
v 49.7465 24.6881 15.7243
v 50.098 24.5123 15.4732
v 50.393 24.2989 15.2472
v 50.7885 24.1608 15.0338
v 51.1337 24.0604 14.7199
v 51.4476 24.3052 14.7262
v 51.8368 24.6065 14.8267
v 52.1381 24.8387 14.8392
v 52.4394 25.0773 14.8455
v 52.7846 25.3472 14.8706
v 53.0357 25.5355 14.7702
v 53.3496 25.7803 14.7764
v 53.7137 26.0628 14.7953
v 54.0275 26.3139 14.789
v 54.3602 26.5712 14.8329
v 54.7055 26.8411 14.8392
v 54.9942 27.0671 14.8267
v 55.2955 27.2994 14.8015
v 55.6282 27.5567 14.8078
v 55.9295 27.7953 14.8455
v 56.3563 27.6446 14.7137
v 56.7079 27.9145 14.8078
v 57.0217 28.1593 14.7827
v 57.3105 28.3853 14.789
v 57.7938 28.2598 14.494
v 58.1265 28.5234 14.5316
v 58.4592 28.7808 14.6132
v 58.8295 29.0695 14.7576
v 59.156 29.3206 14.8078
v 59.5012 29.5905 14.8329
v 59.8276 29.8479 14.8267
v 60.1917 30.1241 14.902
v 60.4993 30.3689 14.9083
v 60.8069 30.6074 14.858
v 61.083 30.8209 14.7764
v 61.3655 31.0406 14.7199
v 61.6354 31.254 14.6446
v 61.4973 31.6432 14.8894
v 61.8112 31.888 14.8455
v 62.1188 32.1265 14.8706
v 62.4201 32.3588 14.7953
v 62.7465 32.6161 14.8455
v 63.029 32.8358 14.8329
v 63.324 33.0681 14.7827
v 63.5625 33.2501 14.5881
v 63.8638 33.4824 14.607
v 64.2153 33.7586 14.6007
v 64.4539 33.9469 14.4061
v 64.8493 34.2545 14.6258
v 65.1067 34.4553 14.4689
v 65.4896 34.7504 14.607
v 65.8223 35.014 14.7262
v 66.1299 35.2525 14.7011
v 66.4437 35.4973 14.6823
v 66.7199 35.7108 14.6886
v 67.0526 35.9681 14.676
v 67.536 35.8489 14.4186
v 67.7996 36.056 14.3496
v 68.0884 36.282 14.2931
v 68.3583 36.4891 14.224
v 68.6094 36.6837 14.0608
v 68.7537 36.3448 13.9227
v 68.9923 36.5331 13.7721
v 69.2496 36.7339 13.6591
v 69.0927 37.0604 13.6717
v 68.8856 37.3993 13.7721
v 69.1178 37.5814 13.6528
v 69.3626 37.7697 13.5022
v 69.6451 37.9894 13.3892
v 69.9276 38.2091 13.3076
v 70.1912 38.4162 13.1569
v 70.1222 38.8431 13.3139
v 70.3607 39.0377 13.2009
v 70.0217 39.1506 13.5022
v 69.6451 39.3013 13.747
v 69.3312 39.5022 14.0169
v 69.3438 39.9604 14.2303
v 69.3438 40.3684 14.3684
v 68.9609 40.5379 14.4877
v 68.6156 40.7325 14.745
v 68.3018 40.9961 15.0401
v 68.2578 41.3979 15.1217
v 67.9314 41.1468 15.128
v 67.6992 41.4355 15.4983
v 67.4732 41.2598 15.7306
v 67.3037 41.1217 16.0507
v 67.2096 41.5297 16.2453
v 66.971 41.3351 16.4273
v 66.676 41.1091 16.4524
v 66.3496 40.8518 16.3583
v 66.2115 41.2221 16.4901
v 65.8914 40.971 16.4587
v 65.8474 41.3351 16.7537
v 65.2887 41.3728 16.6784
v 65.6591 41.6615 16.8291
v 65.4645 41.9879 16.9107
v 65.1193 41.718 16.8605
v 64.774 41.4481 16.7977
v 64.4978 41.718 17.1869
v 64.3911 42.0695 17.3877
v 63.9392 42.2139 17.6263
v 63.7257 42.5654 17.6828
v 63.5939 42.465 18.0908
v 63.1357 42.6533 18.2854
v 62.8155 42.4022 18.2916
v 62.3071 42.4273 18.4172
v 62.1062 42.7224 18.4611
v 61.83 43.0048 18.5051
v 61.6103 43.3124 18.7185
v 61.309 43.0739 18.7373
v 60.9136 42.7663 18.6369
v 60.7315 43.0299 18.6997
v 60.4239 42.7914 18.7248
v 60.2105 43.0864 18.7436
v 59.9469 42.8793 18.844
v 59.633 43.0613 18.8566
v 59.4573 43.3626 18.8378
v 59.156 43.5133 18.8817
v 58.9363 43.7644 18.9256
v 58.7166 44.0343 18.9821
v 58.4529 44.3105 19.1767
v 57.9633 43.9276 19.4655
v 57.8001 44.1912 19.6036
v 57.7059 44.5867 19.6475
v 57.3168 44.2854 19.4655
v 57.1284 44.6181 19.2897
v 56.7706 44.8001 19.2897
v 56.4568 44.9633 19.409
v 56.0174 45.0951 19.704
v 55.76 45.3964 20.0492
v 55.4273 45.1328 19.9676
v 54.8498 45.2269 20.3129
v 54.536 44.9821 20.2627
v 53.9522 45.0135 20.5263
v 53.6509 44.775 20.52
v 53.3308 45.0323 20.79
v 52.8223 45.1642 21.0661
v 52.4708 44.888 21.0536
v 51.9498 44.9947 21.4742
v 51.6422 44.7562 21.4428
v 51.3095 44.8754 21.4679
v 50.9894 44.6243 21.4616
v 50.4495 44.6432 21.6248
v 49.9097 44.6683 21.8382
v 49.621 44.8942 21.8006
v 49.3448 44.6745 21.9324
v 49.0937 44.8754 22.0391
v 48.5413 44.9068 22.1584
v 48.2714 44.6934 22.2714
v 48.4973 44.4109 22.1835
v 48.2149 44.1849 22.2149
v 48.1521 43.7455 22.0328
v 47.8571 43.507 22.8175
v 47.5872 43.6953 22.874
v 47.2921 43.9213 22.9367
v 46.8778 44.0971 22.7296
v 47.0536 43.2747 22.3655
v 47.4177 43.1618 22.5413
v 47.4993 43.2308 21.9889
v 46.6016 43.3815 22.0454
v 46.8276 42.7035 21.9073
v 46.5954 42.9169 22.0203
v 46.3317 43.1743 22.0956
v 45.9928 43.4003 22.0768
v 46.3254 43.6576 22.1395
v 46.0304 43.9903 22.2651
v 46.338 44.2351 22.3216
v 46.0932 44.5553 22.3592
v 45.7605 44.2916 22.3404
v 45.4466 44.5678 22.5413
v 44.9947 44.7373 22.4973
v 44.6934 45.0449 22.6919
v 44.2791 45.1579 22.7735
v 43.9464 44.8942 22.7422
v 43.62 44.6432 22.717
v 43.2936 44.3858 22.6982
v 42.9358 44.1096 22.6543
v 42.6219 43.8585 22.6731
v 43.3438 43.9903 22.5476
v 43.6953 43.7204 22.3969
v 44.0971 43.507 22.3781
v 44.4172 43.7644 22.3844
v 44.8001 43.5447 22.2965
v 45.3337 43.4505 22.1709
v 47.0473 42.4273 22.4973
v 47.8633 42.1825 22.1647
v 47.5495 41.9314 22.1584
v 47.6311 41.6113 22.3781
v 47.7629 41.2033 22.4346
v 47.5118 41.0024 22.6166
v 47.2607 40.8078 22.761
v 46.9908 40.5944 22.83
v 47.311 40.3119 23.5519
v 47.5809 40.5191 23.4766
v 47.9575 40.3119 23.2506
v 47.9512 39.8286 23.2255
v 47.5055 39.9541 23.6523
v 47.1854 39.703 23.6272
v 47.0787 40.1236 23.7214
v 47.675 39.6089 23.3824
v 47.8571 39.2071 22.8426
v 47.5872 38.9937 22.8865
v 47.6123 38.5167 22.7484
v 47.606 38.0333 22.8489
v 47.4051 37.8764 23.0937
v 47.6562 37.663 22.9179
v 47.9512 37.4307 22.7233
v 48.2651 37.2047 22.4785
v 48.2525 36.7214 22.24
v 47.9701 36.5017 22.2714
v 47.6876 36.282 22.3279
v 47.4051 36.0623 22.3969
v 47.2796 35.5727 22.353
v 47.2545 35.0705 22.2588
v 47.4177 34.7566 22.083
v 47.6436 34.5118 21.9952
v 47.8633 34.2984 21.8633
v 48.014 33.972 21.7629
v 47.7064 33.7335 21.7064
v 47.5934 33.2187 21.5181
v 47.7127 32.8547 21.2796
v 47.606 32.365 21.1603
v 47.311 32.1328 21.198
v 47.2231 31.5929 21.0975
v 47.493 31.3105 20.2564
v 47.1791 31.0657 20.2878
v 47.6813 31.0029 20.2125
v 47.3549 30.7518 20.225
v 47.0724 30.5258 20.2501
v 46.746 30.2747 20.1999
v 46.9218 29.986 20.0681
v 47.0034 29.5089 19.8484
v 46.6958 29.2704 19.8107
v 46.5263 29.1323 20.0869
v 46.8276 28.8498 19.4718
v 47.1603 28.6176 19.1077
v 47.4679 28.4293 18.5678
v 47.8131 28.2096 18.2477
v 47.9073 27.8078 18.0782
v 47.5872 27.563 18.0343
v 47.7629 27.224 17.9276
v 47.3926 26.9353 17.7832
v 47.4553 26.5901 17.5823
v 47.5307 26.1758 17.3877
v 47.198 25.9184 17.325
v 47.562 25.7301 17.1366
v 47.9073 25.5292 16.9421
v 48.2211 25.774 16.9044
v 48.6041 25.6422 16.7663
v 48.8238 25.3095 16.4211
v 49.1125 25.5292 16.4336
v 49.5205 25.3848 16.1574
v 49.8595 25.184 15.9879
v 50.0729 24.9392 15.7117
v 50.4182 24.7697 15.4795
v 50.7195 24.5563 15.2535
v 51.0521 24.3679 14.971
v 51.3974 24.6379 15.0024
v 51.7928 24.9454 15.128
v 52.113 25.1965 15.128
v 52.4394 25.4476 15.1342
v 52.7281 25.6736 15.0464
v 53.0106 25.8933 14.9899
v 53.3433 26.1506 15.0275
v 53.6446 26.3892 15.0212
v 53.9522 26.6277 15.0275
v 54.2535 26.86 15.015
v 54.5862 27.1236 15.015
v 54.8938 27.3621 14.971
v 55.2327 27.6195 14.9773
v 55.534 27.858 14.9459
v 55.8291 28.0903 14.902
v 56.2371 28.0275 14.858
v 56.5823 28.3037 14.858
v 56.9087 28.5548 14.8769
v 57.2289 28.8059 14.8831
v 57.6243 28.6301 14.745
v 57.9759 28.9 14.7513
v 58.3336 29.1825 14.8831
v 58.6852 29.4524 14.9396
v 59.0304 29.7224 14.971
v 59.3757 29.986 15.0966
v 59.7021 30.2496 15.0903
v 60.0097 30.4819 15.0652
v 60.2921 30.7079 15.0715
v 60.5934 30.9401 15.0464
v 60.9198 31.1912 15.015
v 61.2023 31.4172 14.9585
v 61.1835 31.8817 15.2347
v 61.4722 32.1077 15.1342
v 61.7296 32.3085 15.0589
v 61.9995 32.522 14.9836
v 62.3259 32.7731 14.9647
v 62.6084 32.9928 14.971
v 62.9223 33.2376 14.9522
v 63.2298 33.4761 14.8518
v 63.5374 33.7146 14.8643
v 63.8764 33.9783 14.9208
v 64.1965 34.2294 14.8831
v 64.435 34.4177 14.7576
v 64.8054 34.7001 14.8706
v 65.1004 34.9324 14.8204
v 65.4645 35.2211 14.9961
v 65.747 35.4346 14.9836
v 66.0797 35.6982 14.9522
v 66.3998 35.943 14.9647
v 66.7074 36.1878 14.9459
v 67.0212 36.4326 14.8894
v 67.3665 36.2129 14.607
v 67.6238 36.4138 14.5442
v 67.9189 36.6461 14.4437
v 68.1951 36.8595 14.3308
v 68.4085 37.029 14.1487
v 68.6156 37.1922 13.8725
v 68.8604 36.8783 13.8725
v 68.7851 37.8011 13.9792
v 69.0488 38.0082 13.8286
v 69.3438 38.2405 13.6968
v 69.5823 38.4288 13.5712
v 69.8334 38.6234 13.4331
v 69.7267 38.9184 13.5901
v 69.3438 39.069 13.7784
v 69.0299 39.2699 14.0734
v 69.0111 39.703 14.2617
v 69.0362 40.1299 14.3747
v 68.6282 40.2805 14.4877
v 68.3018 40.4877 14.7639
v 68.0193 40.7764 15.0903
v 67.7306 40.9836 15.4042
v 67.5046 40.8078 15.6364
v 67.2786 40.6321 15.831
v 67.0463 40.9271 16.2076
v 66.7137 40.6697 16.2014
v 66.3747 40.3998 16.17
v 65.9918 40.5756 16.3394
v 65.5147 40.676 16.3332
v 65.408 40.9899 16.4713
v 64.9498 41.1091 16.6156
v 64.7301 40.9334 16.8102
v 64.5669 41.2849 16.9734
v 64.2844 41.5485 17.394
v 64.184 41.9063 17.6263
v 63.9329 41.7117 17.7644
v 63.4621 41.8373 17.9715
v 63.7634 42.0695 17.9464
v 63.3114 42.239 18.2038
v 62.9787 41.9816 18.1598
v 62.5393 42.1825 18.3042
v 62.1753 41.9 18.2414
v 61.9995 42.1888 18.3984
v 61.7924 42.4838 18.4674
v 61.5727 42.804 18.5804
v 61.2337 42.5403 18.5741
v 60.9261 42.3018 18.5553
v 60.6311 42.5466 18.6432
v 60.3612 42.3332 18.7185
v 60.1477 42.5717 18.8189
v 59.6581 42.6533 18.8943
v 59.3443 42.8353 18.9131
v 59.156 43.1241 18.8943
v 58.8923 43.3061 18.9696
v 58.6789 43.5635 19.07
v 58.478 43.846 19.1265
v 58.2709 43.6828 19.4215
v 58.07 43.0864 19.1077
v 57.5553 43.1241 19.1453
v 57.3419 43.8334 19.2772
v 56.915 43.9715 19.2395
v 56.7832 44.3419 19.2646
v 56.4568 44.549 19.3085
v 56.168 44.731 19.4466
v 55.6972 44.844 19.704
v 55.3834 44.5992 19.7417
v 55.1009 44.8754 20.0053
v 54.7996 44.6432 20.0116
v 54.2096 44.731 20.2438
v 53.8706 44.4674 20.2376
v 53.3308 44.5239 20.5012
v 53.0043 44.7687 20.7648
v 52.6717 44.5113 20.7711
v 52.1758 44.6557 21.0913
v 51.8619 44.4109 21.0661
v 51.297 44.4862 21.4177
v 51.0082 44.254 21.4491
v 50.7132 44.4109 21.5307
v 50.4495 44.2038 21.6185
v 50.2047 44.4548 21.8069
v 49.8783 44.1975 21.8257
v 49.6021 44.4297 21.9073
v 49.3071 44.1975 21.9512
v 49.1188 44.4988 22.0956
v 48.8175 44.662 22.1835
v 49.0309 43.9841 22.0391
v 48.6543 43.6828 21.9575
v 48.3655 43.4568 21.9512
v 48.0579 43.2182 21.9324
v 47.7692 42.9923 22.6919
v 47.4553 42.7475 22.6794
v 47.0724 42.8918 22.4722
v 47.7566 42.534 22.6292
v 48.1521 42.4022 22.1458
v 48.4408 42.2453 22.0203
v 48.2525 42.1009 22.2902
v 47.9575 41.8687 22.3781
v 47.9952 41.3853 22.309
v 48.1207 40.9459 22.4722
v 47.8759 40.7513 22.648
v 47.7566 40.6634 23.1439
v 48.1019 40.4249 22.8991
v 48.2463 40.0546 23.1376
v 48.1709 39.452 22.7986
v 48.2525 39.0188 22.7422
v 47.9261 38.7615 22.7359
v 47.9198 38.2781 22.8426
v 47.9575 37.8952 22.8426
v 48.2274 37.6504 22.6354
v 48.5538 37.4307 22.3781
v 48.5664 36.9662 22.2714
v 48.761 36.7339 22.1019
v 48.4848 36.5142 22.1584
v 48.2023 36.2945 22.2023
v 47.901 36.0623 22.3279
v 47.6248 35.8426 22.3781
v 47.5934 35.3341 22.2588
v 47.7755 35.0391 22.127
v 47.9826 34.7692 22.0579
v 48.2023 34.5558 21.8759
v 48.3279 34.2231 21.7943
v 48.5538 33.972 21.5432
v 48.2525 33.7335 21.5746
v 47.9136 33.4698 21.5307
v 48.0328 33.1057 21.3047
v 48.24 32.8609 21.1603
v 47.901 32.591 21.1415
v 48.1333 32.3023 21.0159
v 47.8382 32.07 21.0599
v 47.5307 31.8315 21.041
v 47.7629 31.5176 20.8778
v 48.0454 31.7373 20.7962
v 48.0391 31.2854 20.269
v 48.2086 30.9903 20.0681
v 47.8759 30.733 20.0618
v 47.562 30.4882 20.0806
v 47.2607 30.2496 20.0806
v 47.3235 29.76 19.8295
v 47.4491 29.8605 19.3901
v 47.4742 29.352 19.478
v 47.1352 29.0884 19.4466
v 47.4365 28.8373 19.0198
v 47.788 28.6803 18.5678
v 48.1521 28.4795 18.323
v 48.3027 28.1217 18.21
v 48.466 27.7702 18.028
v 48.1144 27.5002 17.9778
v 48.4471 27.3621 17.7016
v 47.8131 26.8662 17.6514
v 47.8696 26.4394 17.3815
v 47.8759 25.9749 17.1492
v 48.2149 26.2385 17.1618
v 48.535 26.0188 16.9169
v 48.8802 25.8556 16.7098
v 49.1878 26.1004 16.6721
v 49.4515 25.7929 16.4211
v 49.8469 25.6422 16.2139
v 50.1671 25.4225 15.9816
v 50.393 25.1902 15.718
v 50.7195 25.0019 15.5046
v 51.0459 24.8073 15.2535
v 51.3786 25.071 15.2598
v 51.7112 25.3283 15.3037
v 52.0314 25.5732 15.2974
v 52.3515 25.8242 15.3163
v 52.6465 26.0565 15.2974
v 52.9416 26.2825 15.2472
v 53.2366 26.5147 15.2347
v 53.5567 26.7658 15.2158
v 53.858 26.9981 15.1656
v 54.1782 27.2492 15.128
v 54.5234 27.5191 15.2033
v 54.7808 27.7199 15.0715
v 55.126 27.9899 15.1154
v 55.4775 28.2598 15.2096
v 55.7726 28.492 15.1782
v 56.1492 28.3414 14.8957
v 56.4819 28.5987 14.9522
v 56.7832 28.831 14.9522
v 57.1284 29.1009 15.0275
v 57.6432 29.126 15.0526
v 58.001 29.4085 15.1782
v 58.3525 29.6784 15.2661
v 58.6977 29.9483 15.2974
v 58.999 30.1806 15.3288
v 59.3129 30.4254 15.3539
v 59.633 30.6765 15.3539
v 59.9469 30.9213 15.3414
v 60.2545 31.1598 15.3225
v 60.5872 31.4172 15.2974
v 60.8947 31.662 15.31
v 60.8131 31.9696 15.5548
v 61.1082 32.2018 15.4606
v 61.3969 32.4215 15.3665
v 61.6417 32.6161 15.2221
v 61.943 32.8484 15.1468
v 62.2443 33.0869 15.1405
v 62.5519 33.3254 15.1028
v 62.8407 33.5514 15.0589
v 63.1357 33.7837 15.0338
v 63.4809 34.0473 15.1468
v 63.7885 34.2858 15.1405
v 64.071 34.5118 15.0338
v 64.366 34.7378 14.971
v 64.7301 35.0266 15.0652
v 65.1067 35.3153 15.2033
v 65.4206 35.5601 15.2033
v 65.7344 35.8049 15.2033
v 66.0357 36.0372 15.1782
v 66.3308 36.2694 15.1845
v 66.6195 36.4891 15.1154
v 66.8831 36.7026 15.0338
v 67.2849 36.6398 14.8078
v 67.5611 36.8532 14.7262
v 67.8373 37.0666 14.6007
v 68.0695 37.2487 14.4751
v 68.2892 37.4244 14.2931
v 68.5466 37.619 14.155
v 68.4587 37.9266 14.224
v 68.6972 38.1149 14.0797
v 68.9483 38.3095 13.9416
v 69.1994 38.5041 13.8223
v 69.4379 38.6924 13.6842
v 69.1053 38.8807 13.973
v 68.7851 39.0816 14.1676
v 68.7224 39.4771 14.3559
v 68.7286 39.8914 14.3873
v 68.352 40.0671 14.5442
v 68.0695 40.3119 14.9647
v 67.8749 40.6634 15.3916
v 67.6364 40.4751 15.5987
v 67.3414 40.2492 15.6552
v 67.0463 40.45 15.9879
v 66.7639 40.2303 16.0256
v 66.4751 40.0043 16.0884
v 66.0922 40.1801 16.2202
v 65.6654 40.3245 16.2704
v 65.2887 40.5002 16.4775
v 65.0753 40.7325 16.4775
v 64.8556 40.5567 16.7098
v 64.4602 40.7262 16.9107
v 64.3472 41.1154 17.1492
v 63.9768 41.31 17.4944
v 63.5562 41.4167 17.6451
v 63.1231 41.5674 17.8774
v 62.6335 41.7117 18.0971
v 62.2569 41.4167 18.0154
v 61.8991 41.6866 18.3293
v 61.7421 41.9879 18.5113
v 61.466 42.2265 18.4737
v 61.127 41.9565 18.436
v 60.8508 41.7431 18.4737
v 60.6562 42.0884 18.6243
v 60.3361 41.8373 18.6557
v 60.0787 42.1135 18.7938
v 59.8339 42.3269 18.8691
v 59.3505 42.4085 18.9131
v 59.0492 42.6031 18.9319
v 58.8609 42.8918 18.9696
v 58.635 43.1053 19.0763
v 58.3399 42.873 19.0888
v 58.0386 42.6407 19.1077
v 57.7813 42.8605 19.1202
v 57.4862 42.6345 19.1704
v 57.2038 42.8542 19.1579
v 57.254 43.3752 19.1956
v 56.9841 43.5509 19.1893
v 56.6012 43.7267 19.2395
v 56.5007 44.1222 19.2583
v 56.1555 44.3168 19.2897
v 55.8856 44.5176 19.4969
v 55.5654 44.2603 19.4592
v 55.1009 44.3795 19.7731
v 54.7933 44.141 19.7668
v 54.492 44.3984 20.0179
v 54.1405 44.1284 20.0304
v 53.8329 43.8836 20.0179
v 53.5944 44.2477 20.2752
v 53.2931 44.0092 20.3066
v 53.0546 44.3105 20.5451
v 52.7407 44.0594 20.5451
v 52.3515 44.2603 20.7272
v 52.0502 44.0217 20.7272
v 51.548 44.1661 21.154
v 51.3095 43.9778 21.3486
v 51.0584 43.7832 21.4239
v 50.7508 44.0594 21.562
v 50.4809 43.846 21.7253
v 50.1859 43.9966 21.7315
v 49.8846 43.7581 21.7817
v 49.5896 43.9652 21.8131
v 49.2945 43.7393 21.8257
v 48.987 43.4944 21.8445
v 48.717 43.2873 21.9198
v 48.3592 43.0111 21.8131
v 48.3592 42.5654 21.8947
v 48.0705 42.7788 22.6103
v 48.7233 42.465 21.9638
v 48.8677 42.0695 22.1772
v 48.5664 41.831 22.2023
v 48.3153 41.6301 22.3655
v 48.4032 41.1656 22.3906
v 48.5036 40.7388 22.422
v 48.2651 40.5567 22.5601
v 48.4534 40.2178 22.8991
v 48.4722 39.6905 22.8175
v 48.648 39.8223 22.5601
v 48.8049 39.4457 22.5538
v 48.5789 39.2762 22.7673
v 48.7861 38.9561 22.7359
v 48.5036 38.7364 22.7924
v 48.2149 38.5104 22.8363
v 48.2588 38.1337 22.7798
v 48.535 37.8889 22.6103
v 48.8238 37.6379 22.2776
v 48.8238 37.1733 22.1082
v 49.0686 36.9725 22.0266
v 49.0435 36.464 22.0454
v 48.761 36.2443 22.1082
v 48.4597 36.0121 22.1709
v 48.1395 35.761 22.1772
v 47.8947 35.5664 22.2714
v 48.0956 35.2839 22.1144
v 48.2651 34.9952 22.0203
v 48.5036 34.8006 21.832
v 48.6668 34.4867 21.7755
v 48.8426 34.198 21.4742
v 49.0058 33.8653 21.3423
v 48.6794 33.6079 21.3863
v 48.3467 33.3506 21.3675
v 48.5789 33.1246 21.2231
v 48.7861 32.817 20.9908
v 48.466 32.5659 20.9783
v 48.6166 32.1893 20.6644
v 48.3153 31.9507 20.6958
v 48.3969 31.5616 20.3568
v 48.5538 31.2603 20.2125
v 48.5224 30.6953 19.6098
v 48.1835 30.4317 19.5345
v 47.7504 30.0927 19.3399
v 47.6311 29.4775 19.1642
v 47.7504 29.0821 18.957
v 48.0768 28.9 18.5427
v 48.6982 28.4293 18.3607
v 48.8363 28.0589 18.1975
v 48.7359 27.5881 17.5698
v 48.7547 27.1299 17.2685
v 48.4095 26.8662 17.2245
v 48.1521 26.6591 17.325
v 48.5162 26.4771 17.1053
v 48.8238 26.2448 16.8981
v 49.0937 26.4582 16.8165
v 49.3699 26.6717 16.6847
v 49.5017 26.339 16.6345
v 49.7842 26.0565 16.4211
v 50.142 25.8682 16.1888
v 50.4746 25.661 15.9314
v 50.7257 25.4476 15.7431
v 51.0333 25.2467 15.5046
v 51.3283 25.4727 15.4606
v 51.6673 25.7426 15.5297
v 52 26 15.492
v 52.3452 26.2636 15.5046
v 52.6403 26.4959 15.4983
v 52.9667 26.747 15.4858
v 53.2743 26.9918 15.4355
v 53.5693 27.2178 15.4544
v 53.8706 27.4563 15.4104
v 54.197 27.7074 15.4481
v 54.4732 27.9271 15.4355
v 54.7996 28.1782 15.4042
v 55.17 28.4669 15.4481
v 55.465 28.6992 15.4355
v 55.7726 28.9377 15.3916
v 56.0801 28.7306 15.1719
v 56.3689 28.9565 15.1719
v 56.733 29.239 15.2409
v 57.1096 29.5278 15.3414
v 57.4862 29.3771 15.1593
v 57.9507 29.7412 15.4795
v 58.3085 30.0174 15.5171
v 58.6412 30.281 15.5736
v 58.9614 30.5321 15.5799
v 59.2878 30.7832 15.5674
v 59.6142 31.0343 15.5987
v 59.9218 31.2728 15.605
v 60.2168 31.5051 15.5799
v 60.5307 31.7499 15.5862
v 60.4365 32.1202 15.7368
v 60.7504 32.365 15.718
v 61.0391 32.591 15.6301
v 61.309 32.8044 15.5297
v 61.5789 33.0116 15.4355
v 61.8677 33.2376 15.3477
v 62.1188 33.4322 15.2535
v 62.3824 33.6393 15.1656
v 62.6837 33.8716 15.1531
v 63.0917 34.1917 15.3602
v 63.4181 34.4491 15.3539
v 63.7069 34.675 15.2723
v 64.0208 34.9198 15.2661
v 64.3095 35.1458 15.2033
v 64.6485 35.4095 15.2598
v 64.9749 35.6605 15.31
v 65.2636 35.8865 15.2723
v 65.5838 36.1313 15.2974
v 65.8725 36.3573 15.2849
v 66.1989 36.6147 15.2912
v 66.5065 36.8532 15.2158
v 66.7827 37.0666 15.128
v 67.1656 36.9223 14.9396
v 67.4355 37.1294 14.8015
v 67.7117 37.3428 14.6823
v 67.9628 37.5374 14.5505
v 68.2202 37.7446 14.3873
v 68.0884 38.0898 14.5379
v 68.3394 38.2844 14.4186
v 68.5717 38.4664 14.2554
v 68.8291 38.661 14.0922
v 68.534 38.887 14.3056
v 68.4713 39.2825 14.4751
v 68.4587 39.6779 14.5065
v 68.2327 39.5022 14.6948
v 68.17 39.9227 14.8015
v 67.9252 39.7281 14.9522
v 67.8624 40.1487 15.2472
v 67.5422 39.8976 15.2849
v 67.3225 39.7281 15.423
v 67.0777 40.042 15.7431
v 66.7388 39.7784 15.7117
v 65.9855 39.6277 15.6615
v 65.6277 39.8223 15.8498
v 65.4017 40.1173 16.3771
v 65.0314 40.2994 16.6031
v 64.7364 40.0671 16.6847
v 64.6108 40.3684 16.8291
v 64.1777 40.5065 16.9923
v 64.0647 40.8894 17.2685
v 63.6567 41.0589 17.4756
v 63.2549 41.1844 17.6639
v 62.8155 41.3288 17.846
v 62.4703 41.0589 17.7895
v 61.9556 41.1844 17.9778
v 61.5162 41.3853 18.1347
v 61.6103 40.9145 17.8711
v 62.1627 40.8267 17.7957
v 61.7108 40.4689 17.4631
v 61.24 40.6258 17.7518
v 61.4095 40.2303 17.4944
v 60.9387 40.3935 17.7393
v 61.1082 39.9981 17.5447
v 61.4973 39.8098 17.2496
v 61.1521 39.5461 17.1429
v 60.8759 39.3264 17.1869
v 61.3592 39.2699 17.1053
v 61.0454 39.0188 17.1618
v 60.7441 38.7866 17.2371
v 60.6123 39.1193 17.3312
v 60.3486 38.9184 17.4442
v 60.0913 38.2781 17.1743
v 59.8653 39.0251 17.5509
v 59.6519 38.3723 17.3124
v 59.4949 38.7364 17.4066
v 59.3003 39.113 17.6765
v 59.0241 38.8933 17.7455
v 58.9676 39.3955 18.0594
v 58.6852 39.1758 18.0845
v 58.5345 39.4771 18.3105
v 58.8358 39.7219 18.323
v 59.1434 39.9604 18.3419
v 58.9739 40.2805 18.4235
v 59.2627 40.5002 18.3732
v 58.7354 40.5881 18.5553
v 59.0241 40.8141 18.5365
v 59.564 40.7388 18.323
v 59.3066 41.0338 18.5427
v 59.6519 41.3037 18.5302
v 59.1246 41.3665 18.7436
v 59.4698 41.6364 18.7499
v 59.7837 41.8812 18.7875
v 60.5369 41.4983 18.4423
v 59.5389 42.0946 18.8754
v 59.043 42.17 18.9319
v 58.7856 42.3959 18.9759
v 58.591 42.6847 19.0575
v 58.2583 42.4273 19.07
v 57.9256 42.1637 19.0637
v 57.7059 42.3771 19.0951
v 57.3732 42.1197 19.0512
v 57.1912 42.3959 19.1893
v 56.8836 42.5968 19.1391
v 56.9025 43.099 19.1642
v 56.6451 43.2873 19.1642
v 56.2747 43.4693 19.2269
v 56.1931 43.8836 19.2834
v 55.8228 44.0531 19.2772
v 55.4964 43.802 19.2834
v 55.2453 44.0154 19.4655
v 54.9377 43.7706 19.4592
v 54.492 43.9025 19.7605
v 54.1907 43.6702 19.7856
v 53.8894 43.4317 19.7919
v 53.5379 43.6576 20.0179
v 52.9667 43.7518 20.3568
v 52.4645 43.8397 20.6079
v 52.2323 43.6639 20.8025
v 51.8556 43.8711 20.9783
v 51.6736 43.7267 21.2796
v 51.4099 43.5258 21.3675
v 51.14 43.3124 21.4867
v 50.8011 43.5823 21.5809
v 50.4872 43.3375 21.5244
v 50.1671 43.5949 21.7378
v 49.872 43.3689 21.7817
v 49.5456 43.4944 21.7064
v 49.2318 43.2496 21.7378
v 48.9116 42.9985 21.7629
v 48.6543 42.7977 21.8822
v 48.9807 42.6721 21.8006
v 49.1502 42.2892 22.1019
v 49.464 42.0005 21.9889
v 49.238 41.8184 22.1521
v 49.1251 41.2284 22.3279
v 48.8049 40.9773 22.3718
v 48.8551 40.5316 22.3404
v 48.5915 40.3308 22.4848
v 48.8991 40.0232 22.3279
v 48.9681 39.5775 22.2023
v 49.1878 39.2699 22.1458
v 49.0435 39.1569 22.5978
v 49.0623 38.7615 22.4597
v 48.8049 38.5606 22.6292
v 48.5413 38.3597 22.7547
v 48.7798 38.0835 22.5413
v 49.1062 37.8576 22.2211
v 49.1251 37.4056 22.0328
v 49.351 37.1922 21.9701
v 49.3573 36.7088 21.9701
v 49.4766 36.3636 21.7001
v 49.2129 36.1627 21.8131
v 48.9681 35.9681 21.9387
v 48.6919 35.7484 22.014
v 48.3781 35.5036 22.0642
v 48.5538 35.2211 21.9324
v 48.7673 35.0014 21.7755
v 48.943 34.7001 21.6688
v 49.1125 34.4114 21.4239
v 49.2945 34.0913 21.2796
v 49.3699 33.746 20.9594
v 49.1062 33.5389 21.0348
v 48.8426 33.3317 21.1729
v 49.056 33.0241 20.9092
v 49.2067 32.6475 20.6456
v 48.9116 32.4153 20.6644
v 49.0183 32.0512 20.3066
v 48.7547 31.8378 20.4384
v 48.9054 31.5365 20.3192
v 49.0183 31.0845 20.0304
v 49.2443 30.733 19.999
v 49.3385 30.3187 19.6726
v 48.6794 30.2936 19.4341
v 48.3153 30.0111 19.2772
v 47.9763 29.7475 19.2395
v 48.0956 29.3457 19.0072
v 48.5099 29.239 18.8754
v 48.422 29.6031 19.0323
v 49.0748 29.6784 19.3462
v 49.2004 29.2955 19.2332
v 49.2192 28.831 18.8064
v 49.5456 29.0884 18.8189
v 49.5205 28.5987 18.3419
v 49.1941 28.3414 18.3168
v 49.5205 28.2033 17.9025
v 49.8909 28.4858 18.0029
v 50.1608 28.2284 17.5823
v 49.759 27.9145 17.4003
v 49.3887 27.6258 17.3815
v 49.759 27.4437 16.986
v 49.0372 27.3559 17.2245
v 49.0497 26.8914 16.8416
v 48.761 26.6654 16.9044
v 49.351 27.1236 16.7788
v 49.6398 26.8788 16.5403
v 49.7653 26.5461 16.5905
v 50.0792 26.2887 16.3646
v 50.4433 26.1067 16.1637
v 50.8136 25.9309 15.9816
v 51.0647 25.7175 15.7055
v 51.3786 25.9623 15.7306
v 51.705 26.2134 15.7619
v 52.0314 26.4708 15.7368
v 52.3201 26.6968 15.7306
v 52.6089 26.9227 15.7117
v 52.9416 27.1801 15.6992
v 53.2178 27.3935 15.6741
v 53.5505 27.6509 15.6992
v 53.902 27.9271 15.6866
v 54.2096 28.1656 15.6866
v 54.5485 28.4355 15.7494
v 54.8875 28.6992 15.7306
v 55.1762 28.9252 15.7306
v 55.4713 29.1511 15.6929
v 55.7851 29.3959 15.6615
v 56.1115 29.2013 15.3979
v 56.4505 29.465 15.5046
v 56.7769 29.7224 15.5234
v 57.1661 30.0237 15.6803
v 57.5302 29.8605 15.5674
v 57.8817 30.1304 15.6552
v 58.2458 30.4128 15.7306
v 58.5785 30.6765 15.7808
v 58.8735 30.9025 15.7619
v 59.1999 31.1598 15.7933
v 59.5075 31.3984 15.7996
v 59.8088 31.6369 15.8122
v 60.1289 31.8817 15.7871
v 60.1352 32.3399 15.9691
v 60.3988 32.5408 15.9
v 60.6688 32.7542 15.7996
v 60.9387 32.9614 15.7055
v 61.2211 33.1811 15.6552
v 61.5476 33.4384 15.6113
v 61.8363 33.6644 15.536
v 62.1188 33.8841 15.4983
v 62.4954 34.1791 15.5925
v 62.8093 34.4239 15.5862
v 63.1043 34.6499 15.6113
v 63.3868 34.8696 15.5171
v 63.6943 35.1144 15.492
v 63.9705 35.3279 15.492
v 64.2467 35.5413 15.3539
v 64.6359 35.8426 15.4795
v 64.9309 36.0748 15.4606
v 65.2636 36.3322 15.4669
v 65.5838 36.5833 15.4669
v 65.86 36.7967 15.4167
v 66.1487 37.0227 15.3351
v 66.4061 37.2236 15.2158
v 66.6446 37.4056 15.1091
v 67.0275 37.2612 14.9647
v 67.3163 37.4809 14.8831
v 67.5674 37.6818 14.7513
v 67.8435 37.8952 14.676
v 67.8059 38.3158 14.8141
v 68.0758 38.5229 14.7011
v 68.3143 38.7112 14.5505
v 68.2453 39.1067 14.6823
v 67.9879 39.3076 14.8769
v 67.6992 39.5524 15.1405
v 67.4481 39.3578 15.2786
v 67.0652 39.5273 15.5422
v 66.7513 39.2825 15.5422
v 66.4186 39.5273 15.718
v 66.0671 39.2511 15.6176
v 65.6905 39.3955 15.6992
v 65.3452 39.5963 15.8624
v 65.0251 39.8223 16.3143
v 64.7426 39.6026 16.3834
v 64.4413 39.8411 16.7098
v 64.3283 40.1487 16.8918
v 63.8576 40.2554 16.9985
v 63.7948 40.6823 17.325
v 63.3679 40.8329 17.4693
v 62.8971 40.902 17.5823
v 62.5519 40.6321 17.5321
v 62.1439 40.3182 17.3187
v 61.8112 40.0608 17.2496
v 61.9681 39.7407 17.0927
v 61.648 39.4959 17.0927
v 61.7547 39.0942 17.0048
v 61.4597 38.8619 17.0362
v 61.1709 38.6359 17.0927
v 60.8696 38.4037 17.0802
v 60.5934 38.184 17.1492
v 60.2356 37.9015 17.099
v 59.7774 38.0333 17.1555
v 59.3443 38.1275 17.3501
v 59.2062 38.5167 17.4568
v 58.7479 38.6799 17.7769
v 58.3462 38.9058 18.0594
v 58.2144 39.2323 18.2477
v 58.0323 39.5398 18.5051
v 58.3588 39.7972 18.5239
v 58.7103 40.0734 18.5741
v 58.4404 40.3559 18.6118
v 58.1328 40.5881 18.6808
v 58.4969 40.8769 18.7185
v 58.817 41.128 18.7436
v 58.6161 41.379 18.844
v 58.9425 41.6301 18.8817
v 59.2376 41.8624 18.8629
v 58.7731 41.9565 19.0512
v 58.4906 42.17 19.0575
v 58.1893 41.9314 19.07
v 57.8566 41.6678 18.9821
v 57.6181 41.9252 18.9884
v 57.2979 41.6741 18.9759
v 57.0343 41.8498 18.9947
v 56.8146 42.1009 19.0261
v 56.5447 42.3394 19.0888
v 56.6012 42.8605 19.1328
v 56.3375 43.0488 19.1516
v 55.9483 43.212 19.1767
v 55.8793 43.6388 19.2772
v 55.5654 43.394 19.2332
v 55.2013 43.5698 19.3085
v 54.8812 43.3187 19.365
v 54.6238 43.5258 19.4529
v 54.3225 43.2873 19.522
v 54.0715 43.099 19.704
v 53.8518 42.9232 19.9614
v 53.6823 43.2685 20.043
v 53.3119 43.4756 20.2376
v 53.0859 43.2999 20.3945
v 52.7407 43.576 20.564
v 52.5273 42.8667 20.564
v 52.0753 43.055 21.1038
v 52.0377 43.5133 21.1038
v 51.774 43.3061 21.2231
v 51.5229 43.1053 21.3988
v 51.1777 42.8353 21.3737
v 50.8262 43.0676 21.493
v 50.4935 42.804 21.4491
v 50.1796 43.0927 21.493
v 49.508 43.0802 21.675
v 49.2255 42.8667 21.7064
v 49.6084 42.647 21.6688
v 49.4138 42.4964 21.9073
v 49.8783 42.3269 21.5558
v 49.8093 41.7619 21.7064
v 49.6398 41.6301 22.0642
v 49.6335 41.1405 21.9889
v 49.351 40.9208 22.0391
v 49.1062 40.7325 22.2274
v 49.1439 40.2115 22.1458
v 49.2318 39.7846 22.1019
v 49.4577 39.4833 22.0328
v 49.6461 39.226 21.7315
v 49.4577 39.0753 22.0203
v 49.2757 38.9309 22.3153
v 49.351 38.5292 22.2902
v 49.056 38.297 22.3969
v 49.3196 38.027 22.0266
v 49.4075 37.6253 21.9387
v 49.6147 37.3993 21.9387
v 49.6335 36.9285 21.9073
v 49.8093 36.621 21.7629
v 49.9662 36.3259 21.5118
v 49.6774 36.0999 21.562
v 49.3824 35.8677 21.606
v 49.1439 35.6857 21.8069
v 48.8677 35.466 21.8947
v 49.0497 35.2274 21.7001
v 49.238 34.9324 21.6123
v 49.4013 34.6311 21.3675
v 49.577 34.311 21.198
v 49.6398 33.9532 20.8402
v 49.6021 33.451 20.6832
v 49.3636 33.2627 20.8276
v 49.4891 32.8672 20.5765
v 49.6272 32.522 20.2627
v 49.3134 32.2772 20.2627
v 49.4389 31.9507 20.0869
v 49.169 31.7436 20.1936
v 49.3448 31.3356 20.0179
v 49.5393 30.9652 19.8986
v 49.6837 30.5886 19.7354
v 49.8846 30.7455 19.478
v 49.7402 30.1994 19.4153
v 49.4264 29.9483 19.4215
v 48.9116 29.986 19.409
v 49.5205 29.5403 19.2521
v 49.9034 29.3646 18.9194
v 49.8658 28.8687 18.4737
v 50.2361 28.7557 18.1159
v 50.5249 28.5109 17.7016
v 50.7571 28.2221 17.168
v 50.4119 27.9522 17.099
v 50.0604 27.676 16.9609
v 50.2424 27.3559 16.4462
v 49.9223 27.1048 16.4462
v 50.0164 26.7407 16.4775
v 50.393 26.5273 16.3394
v 50.7822 26.3704 16.17
v 51.1212 26.1632 15.9565
v 51.4225 26.3955 15.9377
v 51.7364 26.6465 15.9565
v 52.0314 26.8725 15.944
v 52.3578 27.1299 15.944
v 52.6842 27.381 15.9189
v 53.0043 27.6321 15.9126
v 53.3119 27.8643 15.8938
v 53.6634 28.1405 15.944
v 53.9899 28.3979 15.9691
v 54.31 28.649 16.0005
v 54.6113 28.8812 15.9691
v 54.8938 29.1009 15.944
v 55.1762 29.3206 15.9
v 55.5278 29.5968 15.9252
v 55.8667 29.8605 15.944
v 56.1178 29.6533 15.7368
v 56.4379 29.8981 15.7933
v 56.8271 30.212 15.9
v 57.1787 30.4819 15.9691
v 57.5113 30.2936 15.8247
v 57.8691 30.5698 15.9189
v 58.2081 30.8334 15.944
v 58.5282 31.0845 15.9691
v 58.8735 31.3544 15.9754
v 59.2062 31.6118 15.9816
v 59.52 31.8566 16.0193
v 59.8339 32.1014 15.9942
v 59.7648 32.4969 16.1323
v 60.0473 32.7166 16.0821
v 60.3047 32.9174 15.9314
v 60.6562 33.1873 15.9377
v 60.9198 33.4008 15.8624
v 61.2086 33.6205 15.7871
v 61.535 33.8778 15.7808
v 61.8175 34.0975 15.7557
v 62.1313 34.3423 15.7933
v 62.4829 34.6123 15.8498
v 62.7842 34.8508 15.8749
v 63.0729 35.0768 15.8122
v 63.393 35.3279 15.7431
v 63.6881 35.5538 15.718
v 63.9768 35.7798 15.6678
v 64.297 36.0309 15.6176
v 64.592 36.2569 15.6239
v 64.9121 36.508 15.649
v 65.2197 36.7465 15.6113
v 65.4771 36.9474 15.5485
v 65.7533 37.1608 15.5046
v 66.0671 37.4056 15.4104
v 66.3245 37.6065 15.3037
v 66.5881 37.8136 15.1782
v 66.9145 37.619 15.0212
v 67.2158 37.8513 14.9334
v 67.4795 38.0584 14.8329
v 67.3916 38.4413 14.8518
v 67.7431 38.7175 14.8957
v 68.0005 38.9121 14.8267
v 67.718 39.1004 15.015
v 67.423 38.8682 15.084
v 67.128 39.1067 15.2849
v 66.8141 38.8619 15.2786
v 66.4312 39.0314 15.492
v 66.1487 38.8117 15.5548
v 65.747 39 15.6678
v 65.4457 39.2071 15.8875
v 65.0879 39.4017 15.9879
v 64.818 39.1883 16.0884
v 64.4037 39.339 16.2641
v 64.1149 39.5838 16.7035
v 64.027 39.9102 16.8793
v 63.5311 40.0043 17.0111
v 63.4621 40.4249 17.2622
v 63.0101 40.5567 17.3877
v 62.6021 40.2366 17.1429
v 62.2883 39.9918 17.0802
v 62.4201 39.6089 17.0927
v 62.0811 39.3452 17.1115
v 61.8928 38.7238 16.7475
v 61.6229 38.5104 16.8605
v 61.3279 38.2781 16.9169
v 61.0328 38.0521 16.9483
v 60.719 37.8073 16.986
v 60.4051 37.5625 17.0237
v 59.9469 37.6818 17.1366
v 59.5263 37.8324 17.212
v 59.043 37.8952 17.4128
v 58.9488 38.3158 17.576
v 58.4592 38.4539 17.8648
v 58.0512 38.6799 18.1724
v 57.9319 39.0063 18.3419
v 57.7373 39.3139 18.5302
v 57.5553 39.6717 18.7624
v 57.8691 39.9102 18.6871
v 58.1516 40.1299 18.6306
v 57.8378 40.3621 18.7059
v 57.6557 40.6258 18.8064
v 57.9821 40.8769 18.8252
v 58.3274 41.1468 18.8817
v 58.07 41.4104 18.9319
v 58.478 41.7306 19.1328
v 57.7624 41.1719 18.9068
v 57.5176 41.4041 18.9633
v 56.9841 41.4293 18.9633
v 56.7141 41.5987 19.0323
v 56.4944 41.8561 19.0386
v 56.2308 42.0884 19.0763
v 56.2873 42.6219 19.1328
v 56.0299 42.8102 19.1265
v 55.6533 42.986 19.2521
v 55.2955 43.1806 19.3085
v 55.0068 42.9546 19.4215
v 54.6176 43.1115 19.4466
v 54.3728 42.9232 19.5596
v 54.1405 42.7412 19.7479
v 53.8957 42.5529 19.9174
v 53.6258 42.7475 20.1183
v 53.45 43.0927 20.2627
v 53.155 42.8605 20.3254
v 52.816 43.0927 20.4698
v 52.86 42.6282 20.4008
v 52.5838 42.4085 20.5075
v 52.2825 42.1762 20.4887
v 52.113 42.534 21.0222
v 51.8493 42.8793 21.2859
v 51.4539 42.5717 21.1478
v 51.1086 42.3018 21.0473
v 50.8701 42.5968 21.3172
v 50.55 42.3457 21.2921
v 50.1482 42.534 21.4177
v 49.8595 42.8479 21.5369
v 50.2675 42.1197 21.3549
v 50.0164 41.9252 21.4742
v 50.029 41.4544 21.5307
v 49.8532 41.31 21.8445
v 49.9474 40.8392 21.8131
v 49.6712 40.6258 21.8947
v 49.4013 40.4124 22.0517
v 49.4577 39.9604 21.9324
v 49.6774 39.6528 21.8194
v 49.9285 39.4457 21.6876
v 50.0164 39.0502 21.6185
v 49.7465 38.8431 21.7629
v 49.5958 38.7175 22.1584
v 49.5707 38.2279 21.8947
v 49.69 37.845 21.8382
v 49.916 37.6379 21.8633
v 49.9034 37.1357 21.8257
v 50.1294 36.8783 21.832
v 50.3114 36.5958 21.5934
v 50.506 36.3636 21.4114
v 50.211 36.1313 21.4491
v 49.8783 35.874 21.4742
v 49.5582 35.6229 21.4867
v 49.3259 35.4408 21.606
v 49.5331 35.1584 21.5369
v 49.6712 34.8445 21.2921
v 49.8595 34.5307 21.1038
v 49.985 34.2294 20.8527
v 49.9034 33.6895 20.6895
v 50.0352 33.2941 20.338
v 49.7779 33.0932 20.5012
v 49.8971 32.7354 20.1748
v 49.7842 32.2207 20.1183
v 49.9223 31.7875 19.9802
v 49.621 31.5553 19.9551
v 49.7779 31.1535 19.7166
v 50.1608 30.959 19.4278
v 50.3114 30.6451 19.2646
v 50.0227 30.4191 19.2834
v 50.1043 29.9985 19.1767
v 49.803 29.7663 19.2583
v 50.2424 29.6282 18.957
v 50.2487 29.1637 18.5992
v 50.9517 29.3143 18.2979
v 50.8638 28.7745 17.6953
v 51.0835 28.4795 17.2183
v 51.0082 27.9522 16.7286
v 50.6379 27.6572 16.6156
v 50.6127 27.2052 16.3771
v 50.3114 26.973 16.4022
v 50.6943 26.7658 16.3018
v 51.0835 26.6026 16.1009
v 51.4162 26.86 16.1386
v 51.7175 27.0985 16.0758
v 52.0377 27.3433 16.0946
v 52.3515 27.5881 16.0821
v 52.6968 27.858 16.1574
v 52.9981 28.0903 16.1511
v 53.3182 28.3414 16.17
v 53.6321 28.5862 16.1951
v 53.9773 28.8561 16.2327
v 54.31 29.1135 16.2327
v 54.6238 29.3583 16.2076
v 54.9189 29.5905 16.1511
v 55.2704 29.8605 16.2076
v 55.578 30.1053 16.1951
v 55.8918 30.3501 16.2139
v 56.2434 30.1555 16.0884
v 56.576 30.4128 16.1072
v 56.9213 30.6828 16.17
v 57.2916 30.9715 16.2955
v 57.5741 30.7895 16.1574
v 57.9194 31.0594 16.1825
v 58.2207 31.2916 16.17
v 58.5471 31.549 16.2076
v 58.8735 31.8001 16.2014
v 59.156 32.0198 16.1951
v 59.4761 32.2709 16.2076
v 59.5075 32.6977 16.3081
v 59.7837 32.9112 16.2265
v 60.0661 33.1371 16.1574
v 60.3926 33.3882 16.1574
v 60.6625 33.5954 16.0758
v 60.9261 33.8025 15.9942
v 61.2149 34.0285 15.944
v 61.5099 34.2607 15.9503
v 61.8175 34.4993 15.9126
v 62.1815 34.7817 15.9754
v 62.508 35.0328 15.9691
v 62.8281 35.2902 16.0068
v 63.1357 35.5224 15.944
v 63.4181 35.7484 15.8938
v 63.7006 35.9681 15.8498
v 63.9894 36.1941 15.7871
v 64.253 36.4013 15.6992
v 64.5794 36.6523 15.7933
v 64.8933 36.8971 15.7368
v 65.2009 37.1357 15.6992
v 65.5022 37.3679 15.6427
v 65.7909 37.6002 15.5736
v 66.0734 37.8136 15.4858
v 66.3245 38.0145 15.3602
v 66.5944 38.2216 15.2598
v 66.8706 38.0333 15.0526
v 67.1342 38.2405 14.971
v 67.1028 38.6171 15.0338
v 66.8455 38.4162 15.128
v 66.5505 38.661 15.4104
v 66.2303 38.4099 15.4418
v 65.8537 38.5794 15.6552
v 65.5524 38.8493 15.9126
v 65.2197 39.0251 16.0884
v 64.9247 38.7929 16.1762
v 64.5731 38.9937 16.2516
v 64.1086 39.1067 16.3646
v 63.7822 39.3264 16.7286
v 63.7195 39.6717 16.8856
v 63.1796 39.7281 16.9358
v 63.098 40.1424 17.2057
v 62.7214 39.8474 17.055
v 62.9474 39.5461 17.0802
v 63.3805 39.408 16.8291
v 63.1294 38.818 16.6156
v 63.4307 39.0502 16.6156
v 63.6065 38.7112 16.5152
v 63.2675 38.4539 16.5215
v 62.9599 38.2091 16.534
v 62.5205 38.3409 16.6094
v 62.7026 38.0082 16.6219
v 62.2632 38.14 16.7161
v 62.0811 38.3911 16.76
v 61.7861 38.1651 16.8479
v 61.5162 37.9517 16.9232
v 61.2274 37.732 16.9546
v 60.9261 37.4935 16.9672
v 60.606 37.2424 16.9546
v 60.0975 37.3177 17.0362
v 59.6644 37.4621 17.2245
v 59.2187 37.5939 17.2685
v 58.9174 37.3617 17.3061
v 58.9049 37.7885 17.802
v 58.7668 38.1714 17.9025
v 58.591 38.027 18.2352
v 58.3274 38.3534 18.2289
v 57.9382 38.592 18.6243
v 57.7875 38.8996 18.7624
v 57.4988 39.1318 18.6683
v 57.2728 39.4457 18.7813
v 57.2854 39.9353 18.888
v 57.5804 40.1613 18.8001
v 57.367 40.3998 18.8629
v 57.1661 40.7011 18.9131
v 57.4486 40.9271 18.8943
v 57.1912 41.1468 18.957
v 56.689 41.197 18.9633
v 56.394 41.3477 19.0135
v 56.1931 41.6176 19.0449
v 55.9734 41.8875 19.1642
v 55.9609 42.3646 19.1579
v 55.76 42.5968 19.2144
v 55.3834 42.7726 19.3901
v 55.0758 42.534 19.4278
v 54.7243 42.7412 19.4655
v 54.4732 42.5403 19.6475
v 54.2033 42.3269 19.7982
v 53.9396 42.1197 19.8986
v 53.6697 42.3708 20.0681
v 53.3998 42.5717 20.2941
v 53.1236 42.352 20.338
v 52.8349 42.126 20.4008
v 52.5147 41.8812 20.3757
v 51.9623 41.9252 20.4573
v 51.6861 42.2013 20.8276
v 51.3786 41.9691 20.859
v 51.1337 41.7745 21.0159
v 50.8638 42.1072 21.2042
v 50.6441 41.9377 21.4804
v 50.3679 41.718 21.5558
v 50.8576 41.0589 21.5056
v 50.1796 41.0212 21.6562
v 50.3052 40.6258 21.7378
v 50.029 40.4061 21.8571
v 49.7402 40.1801 21.8696
v 49.9411 39.86 21.6876
v 50.2298 39.6779 21.5997
v 50.2926 39.2699 21.5872
v 50.3868 38.8619 21.5746
v 50.0604 38.6108 21.5683
v 49.8281 38.4225 21.8069
v 49.9787 38.071 21.788
v 50.1796 37.845 21.8006
v 50.2173 37.3868 21.7755
v 50.4119 37.098 21.7064
v 50.5939 36.8155 21.5307
v 50.7822 36.5833 21.2921
v 50.8764 36.2129 21.1101
v 50.6504 36.0372 21.2796
v 50.4056 35.8426 21.3675
v 50.1043 35.6103 21.4302
v 49.7904 35.3655 21.4239
v 49.9348 35.0517 21.1666
v 50.142 34.7566 21.0536
v 50.2612 34.4365 20.746
v 50.2236 33.9343 20.6707
v 50.3177 33.5138 20.225
v 50.393 33.1246 19.9112
v 50.1357 32.9237 20.0367
v 50.098 32.4717 20.0618
v 50.1985 32.001 19.8672
v 50.098 31.3984 19.7166
v 50.4746 31.21 19.4592
v 50.5876 30.8585 19.1704
v 50.6504 30.4254 19.0261
v 50.3679 30.2057 19.1077
v 50.55 29.873 18.9507
v 50.6127 29.4462 18.6369
v 50.9203 29.691 18.6118
v 51.2279 29.534 18.2728
v 51.2216 29.057 17.802
v 51.4225 28.7431 17.2559
v 51.3848 28.2409 16.8793
v 51.3848 27.8078 16.5905
v 50.9956 27.5002 16.4775
v 51.0082 27.0106 16.3081
v 51.3409 27.268 16.3143
v 51.6359 27.494 16.2767
v 51.9686 27.7576 16.3897
v 52.2762 28.0024 16.3834
v 52.634 28.2786 16.4399
v 52.9667 28.5297 16.4713
v 53.3119 28.7996 16.465
v 53.6321 29.0507 16.4587
v 53.9522 29.2955 16.4964
v 54.2786 29.5591 16.4964
v 54.605 29.8102 16.5278
v 54.9252 30.0613 16.6031
v 55.2327 30.2999 16.5717
v 55.534 30.5321 16.5466
v 55.8165 30.7581 16.5089
v 56.1994 30.5886 16.2076
v 56.5258 30.8397 16.2641
v 56.8397 31.0845 16.3018
v 57.2414 31.3984 16.465
v 57.6494 31.2477 16.4022
v 57.9507 31.4862 16.3959
v 58.2646 31.7248 16.4273
v 58.5659 31.9633 16.4148
v 58.8735 32.2018 16.3771
v 59.2062 32.4592 16.3771
v 59.1685 32.8986 16.4964
v 59.4447 33.1183 16.4211
v 59.7209 33.3317 16.3583
v 60.0034 33.5514 16.3206
v 60.311 33.79 16.2641
v 60.606 34.0222 16.1888
v 60.9073 34.2607 16.1449
v 61.2086 34.493 16.1072
v 61.4973 34.719 16.0381
v 61.8426 34.9826 16.1197
v 62.1627 35.2337 16.1197
v 62.4829 35.4848 16.17
v 62.7779 35.7108 16.1449
v 63.0478 35.9305 16.1009
v 63.3679 36.1753 16.0758
v 63.6755 36.4201 16.0256
v 63.9517 36.6272 15.9
v 64.2844 36.8909 15.9628
v 64.5857 37.1231 15.9063
v 64.8682 37.3491 15.8373
v 65.182 37.5876 15.8687
v 65.4519 37.8011 15.7933
v 65.7093 38.0019 15.6803
v 65.9478 38.1902 15.5548
v 65.6465 38.4162 15.8498
v 65.3327 38.6799 16.0758
v 65.0439 38.4539 16.1323
v 64.6296 38.5669 16.2453
v 64.3095 38.7866 16.3708
v 64.0082 38.5543 16.4211
v 63.8701 38.9247 16.4713
v 63.6943 38.3095 16.4462
v 63.3617 38.0521 16.4399
v 63.0855 37.8387 16.5027
v 62.8155 37.6253 16.5591
v 62.5017 37.3805 16.534
v 62.4201 37.7885 16.7788
v 61.987 37.9203 16.8479
v 61.6982 37.7006 16.8605
v 61.3718 37.4433 16.8542
v 61.0328 37.1796 16.8542
v 60.7378 36.9474 16.8793
v 60.3235 37.0227 16.9985
v 59.8339 37.1168 17.1304
v 59.3945 37.2487 17.4066
v 59.112 37.0227 17.438
v 58.8295 37.2863 17.7769
v 58.7605 37.6755 18.1724
v 58.6287 37.5751 18.5741
v 58.4341 37.914 18.6306
v 58.2269 38.2781 18.7122
v 57.6871 38.3974 18.7875
v 57.2226 38.4602 18.9319
v 56.9778 38.7175 18.8817
v 56.9841 39.2197 18.8566
v 56.9966 39.7093 18.888
v 57.0468 40.155 18.9005
v 56.8585 40.4689 18.9445
v 56.8899 40.9145 18.9633
v 56.4003 40.9773 19.0261
v 56.1115 41.128 19.0449
v 55.8856 41.379 19.0888
v 55.3897 41.4355 19.2834
v 55.7726 41.7368 19.3964
v 55.6972 42.1637 19.3023
v 55.5027 42.3959 19.3588
v 55.1825 42.1511 19.3023
v 54.8373 42.3457 19.5534
v 54.5736 42.1386 19.6538
v 54.2723 41.9063 19.6663
v 53.9773 41.6741 19.6852
v 53.6383 41.8875 19.9174
v 53.381 42.1511 20.156
v 53.0985 41.9252 20.2438
v 52.7972 41.6866 20.2501
v 52.4708 41.4355 20.2941
v 52.2197 41.6427 20.4322
v 51.8996 41.3979 20.4447
v 51.661 41.6929 20.4824
v 51.4099 41.492 20.5954
v 51.1777 41.31 20.7774
v 51.1463 41.2786 21.4365
v 51.0208 41.6803 21.4804
v 51.297 40.9208 21.3047
v 51.2907 40.5128 21.0975
v 51.1086 40.7764 21.5369
v 51.0459 40.3182 21.2733
v 50.8513 40.5756 21.6625
v 50.6316 40.8831 21.7253
v 50.5625 40.3496 21.6939
v 50.2424 40.0985 21.6499
v 50.5186 39.9039 21.4867
v 50.5249 39.452 21.3926
v 50.6441 39.0628 21.4365
v 50.7508 38.6799 21.4616
v 50.5249 38.4978 21.5934
v 50.2612 38.297 21.7441
v 50.4684 38.0647 21.7629
v 50.7257 37.7822 21.5809
v 50.4935 37.6002 21.719
v 50.6818 37.3114 21.5683
v 50.8387 37.0101 21.3926
v 50.9956 36.7465 21.0348
v 51.071 36.3636 20.8025
v 51.0333 35.9116 20.7146
v 50.7822 35.717 20.8716
v 50.5437 35.5224 21.0473
v 50.2675 35.309 21.1729
v 50.4119 34.9638 20.9343
v 50.5374 34.6562 20.6895
v 50.7006 34.311 20.4322
v 50.4684 34.1289 20.564
v 50.6127 33.746 20.1936
v 50.7195 33.3757 19.9112
v 50.8952 33.0869 19.6977
v 50.6253 32.8798 19.8421
v 50.3742 32.6852 20.0179
v 50.5123 32.252 19.9049
v 50.7257 31.8943 19.6852
v 50.4182 31.6557 19.7103
v 50.7885 31.4486 19.4278
v 50.8764 31.0845 19.07
v 50.9768 30.6765 18.9884
v 51.0898 30.2936 18.775
v 50.8199 30.0802 18.8817
v 51.2154 29.9169 18.5616
v 51.5041 29.7475 18.1787
v 51.4915 29.2641 17.7204
v 51.7552 29.0005 17.2496
v 51.7175 28.5046 16.9672
v 51.7175 28.0715 16.6784
v 52.0753 28.3414 16.7412
v 52.4394 28.6301 16.7977
v 52.7281 28.8561 16.7977
v 53.042 29.1009 16.8228
v 53.3433 29.3332 16.7726
v 53.6258 29.5591 16.7726
v 53.9459 29.804 16.76
v 54.3539 30.1241 16.873
v 54.6866 30.3815 16.9609
v 54.9942 30.62 16.9232
v 55.352 30.9025 16.9483
v 55.6345 31.1159 16.9358
v 56.1743 31.0343 16.5278
v 56.507 31.2916 16.5278
v 56.8209 31.5365 16.5717
v 57.1912 31.8252 16.6659
v 57.6243 31.6997 16.5843
v 57.9507 31.9507 16.6031
v 58.2834 32.2081 16.6282
v 58.591 32.4529 16.5968
v 58.8923 32.6852 16.5717
v 58.7605 33.0492 16.7788
v 59.0744 33.2941 16.7161
v 59.3757 33.5263 16.6282
v 59.6581 33.7523 16.5717
v 59.9594 33.9845 16.4964
v 60.2294 34.198 16.3959
v 60.5055 34.4114 16.3457
v 60.8069 34.6436 16.2704
v 61.0893 34.8633 16.2327
v 61.3718 35.083 16.2139
v 61.6919 35.3341 16.2265
v 62.0435 35.6041 16.2704
v 62.3448 35.8426 16.2767
v 62.6649 36.0937 16.2076
v 62.9913 36.351 16.2516
v 63.2675 36.5582 16.1825
v 63.5814 36.803 16.1449
v 63.8701 37.029 16.0884
v 64.14 37.2424 16.0633
v 64.4664 37.4935 16.0695
v 64.7301 37.7006 15.9816
v 65.0377 37.9454 16.0068
v 65.3766 38.2091 15.9816
v 64.7301 38.2091 16.1574
v 64.3472 38.3472 16.2767
v 64.0459 38.1149 16.283
v 63.7132 37.8513 16.2453
v 63.4558 37.6504 16.3394
v 63.1608 37.4182 16.3708
v 62.8469 37.1733 16.3897
v 62.5393 36.9348 16.4085
v 62.1941 37.142 16.5403
v 61.7547 37.2675 16.6972
v 61.4534 37.0352 16.7537
v 61.1709 36.8155 16.7726
v 60.8822 36.5896 16.7663
v 60.4365 36.7151 16.9609
v 60.0473 36.8093 17.1053
v 59.633 36.9536 17.3815
v 59.4196 36.7904 17.5949
v 58.9865 36.9285 17.846
v 58.409 36.9662 18.3544
v 58.7166 37.2047 18.3105
v 58.3839 37.3805 18.7373
v 58.183 37.7195 18.8126
v 58.0951 37.1545 18.7624
v 57.9319 37.5249 18.9821
v 57.7875 37.9329 19.1767
v 57.4423 38.2091 18.9319
v 58.0261 38.1212 19.0261
v 56.9276 38.2279 18.9759
v 56.6765 38.4853 18.9131
v 56.6514 38.9623 18.9194
v 56.3815 39.2323 18.9445
v 56.7204 39.4896 18.9382
v 56.733 39.9102 18.957
v 56.5635 40.2366 18.9821
v 56.5572 40.6572 19.0198
v 56.0927 40.7388 19.0826
v 55.8291 40.9145 19.1328
v 55.578 41.1405 19.1642
v 55.0695 41.1844 19.2144
v 55.0507 41.6552 19.2709
v 55.4462 41.9691 19.4655
v 54.8624 41.9 19.3148
v 54.5548 41.6615 19.3399
v 54.2849 41.4418 19.4215
v 53.9836 41.2096 19.5094
v 53.6697 41.4355 19.7166
v 53.3747 41.6803 20.0367
v 53.4124 41.2347 19.8421
v 53.2492 41.1028 20.1873
v 52.5147 41.0087 20.2062
v 52.1946 41.2221 20.4259
v 51.9058 40.9961 20.3882
v 51.592 41.1593 20.451
v 51.6485 40.789 20.5326
v 51.5167 40.6886 20.9469
v 51.5292 40.2366 20.8464
v 51.2844 40.0483 21.0661
v 50.7571 40.0922 21.3549
v 50.7948 39.6654 21.2859
v 50.8638 39.2323 21.1917
v 51.1526 38.9937 20.9657
v 51.2028 38.6422 21.2105
v 50.9831 38.4727 21.38
v 50.7195 38.2656 21.5244
v 50.9956 37.9957 21.4553
v 51.184 37.7006 21.2607
v 50.9392 37.5123 21.4491
v 51.0898 37.2047 21.2796
v 51.1714 36.8846 20.7837
v 51.253 36.508 20.5012
v 51.2342 36.0686 20.4447
v 51.1589 35.5476 20.5828
v 50.914 35.353 20.7021
v 50.663 35.1584 20.8025
v 50.845 34.8947 20.6016
v 50.9643 34.5181 20.2376
v 50.914 33.9845 20.1434
v 51.0145 33.6079 19.8547
v 51.1902 33.3192 19.7166
v 51.3283 32.886 19.5157
v 51.0584 32.6726 19.6224
v 50.7885 32.4655 19.817
v 50.9831 32.0951 19.5722
v 51.0459 31.6557 19.2646
v 51.1275 31.2791 18.9947
v 51.2781 30.915 18.9382
v 51.3786 30.5196 18.7499
v 51.4978 30.1366 18.4549
v 51.8305 30.0048 18.1598
v 51.8368 29.534 17.7455
v 52.1506 29.3143 17.4066
v 52.3892 29.0256 17.0802
v 52.0628 28.7745 17.0299
v 52.703 29.2704 17.0676
v 53.0294 29.5278 17.0362
v 53.3621 29.7851 17.0676
v 53.676 30.0299 17.055
v 53.9961 30.281 17.0488
v 54.3539 30.5572 17.1618
v 54.6866 30.8146 17.212
v 55.0005 31.0657 17.2183
v 55.3081 31.3042 17.212
v 55.6156 31.5427 17.2434
v 55.9546 31.367 16.9358
v 56.2936 31.6306 16.9923
v 56.5949 31.8629 17.0237
v 56.8962 32.1014 17.0362
v 57.2226 32.3588 16.9609
v 57.5302 32.0888 16.7161
v 57.8566 32.3399 16.7788
v 58.183 32.5973 16.8102
v 58.4843 32.8358 16.7663
v 58.478 33.3317 16.9421
v 58.7731 33.564 16.8856
v 59.0744 33.7962 16.8228
v 59.3317 33.9971 16.76
v 59.6079 34.2168 16.691
v 59.8841 34.4302 16.6031
v 60.1729 34.6562 16.5466
v 60.4804 34.8947 16.4838
v 60.7943 35.1395 16.4399
v 61.0642 35.353 16.3897
v 61.3906 35.6041 16.3771
v 61.7233 35.8614 16.3771
v 62.0058 36.0874 16.3708
v 62.3008 36.3134 16.352
v 62.6084 36.5519 16.3206
v 62.8783 36.7653 16.2955
v 63.1984 37.0164 16.2767
v 63.5311 37.2738 16.2453
v 63.7948 37.4809 16.1574
v 64.14 37.7508 16.2076
v 64.4602 37.9957 16.17
v 62.2318 36.6963 16.4336
v 61.8928 36.9034 16.5717
v 61.5978 36.6774 16.6408
v 61.2965 36.4389 16.6721
v 60.9952 36.2004 16.6972
v 60.5997 36.3699 16.8793
v 60.3423 36.1627 16.9797
v 60.2231 36.5456 17.1743
v 59.972 36.351 17.2559
v 59.6519 36.1062 17.2308
v 59.3694 35.8802 17.3312
v 59.4886 36.3761 18.0908
v 59.0492 36.508 18.1975
v 58.8358 36.8155 18.2916
v 58.6098 36.6398 18.4297
v 58.1077 36.7339 18.3607
v 57.7624 36.8971 18.7436
v 57.4297 37.1294 19.2144
v 57.7436 37.3742 19.2207
v 57.5302 37.732 19.296
v 57.2916 38.0898 19.2332
v 57.0406 37.8889 19.3901
v 56.7581 38.0961 19.3274
v 56.4128 38.2844 19.0449
v 56.0613 38.4978 18.9256
v 56.3501 38.7301 18.9256
v 56.0864 38.9937 18.9507
v 56.1178 39.4268 18.9068
v 56.4379 39.6779 18.9319
v 56.2496 39.9918 18.9759
v 56.3124 40.4689 19.1391
v 56.0425 40.2554 19.1893
v 55.4273 40.2178 19.0072
v 55.2327 40.8769 19.1202
v 54.9628 40.6634 19.1704
v 54.492 41.2158 19.3148
v 54.7682 41.4355 19.2834
v 54.1782 40.9773 19.3776
v 53.6509 40.9522 19.5094
v 53.4061 40.7639 19.6224
v 52.9792 40.8957 20.3066
v 53.0043 40.4437 20.0932
v 52.6465 40.6321 20.2941
v 52.2825 40.8267 20.3317
v 51.9749 40.5818 20.3757
v 51.7175 40.3872 20.5514
v 51.7489 39.9353 20.3757
v 51.6045 39.816 20.7335
v 51.366 39.6277 20.9029
v 51.0647 39.8725 21.2482
v 51.1212 39.4394 21.0599
v 51.3786 39.1695 20.7586
v 51.3786 38.7803 20.8339
v 51.4288 38.3346 21.0724
v 51.2028 38.1589 21.267
v 51.4162 37.8827 21.0661
v 51.297 37.3679 21.0222
v 51.5292 37.1671 20.8527
v 51.7301 37.3177 20.5891
v 51.6673 36.8344 20.7084
v 51.887 37.0039 20.4447
v 51.7803 36.4954 20.3066
v 51.4539 36.238 20.2438
v 51.6045 35.8991 20.0932
v 51.3911 35.7359 20.3568
v 51.3158 35.2651 20.3129
v 51.1024 35.1019 20.5075
v 51.3032 34.7817 20.269
v 51.4915 34.9324 19.9865
v 51.4351 34.3863 19.8986
v 51.1714 34.1791 19.999
v 51.3346 33.859 19.8421
v 51.4978 33.564 19.7103
v 51.6422 33.1371 19.5471
v 51.7426 32.6852 19.2207
v 51.5104 32.5094 19.365
v 51.2593 32.3085 19.4969
v 51.3723 31.9068 19.2583
v 51.3974 31.4925 18.9068
v 51.5543 31.1284 18.8754
v 51.6673 30.7393 18.6746
v 51.7991 30.3689 18.4297
v 52.1255 30.2371 18.141
v 52.1193 29.7537 17.7204
v 52.4708 29.5591 17.4066
v 52.7972 29.8165 17.4128
v 53.0922 30.0425 17.3501
v 53.4186 30.2936 17.4191
v 53.7325 30.5447 17.4317
v 54.0652 30.802 17.4819
v 54.3602 31.0343 17.4819
v 54.6929 31.2916 17.4756
v 55.0319 31.5553 17.4882
v 55.352 31.8064 17.5007
v 55.6721 32.0575 17.4882
v 55.9421 31.8001 17.2245
v 56.3061 32.0826 17.3124
v 56.6012 32.3085 17.2434
v 56.915 32.5471 17.2057
v 57.1724 32.7479 17.0802
v 57.5302 32.591 16.9421
v 57.8817 32.8672 17.0048
v 58.2144 33.1246 17.0111
v 58.1265 33.4949 17.1304
v 58.4027 33.7146 17.0739
v 58.6914 33.9343 17.0174
v 58.9865 34.1666 16.9672
v 59.5891 34.6374 16.8416
v 59.8778 34.8571 16.7977
v 60.1791 35.0956 16.7475
v 60.4742 35.3216 16.691
v 60.7378 35.535 16.6156
v 61.014 35.7484 16.5403
v 61.3216 35.987 16.534
v 61.6041 36.2067 16.5152
v 61.9054 36.4452 16.4587
v 60.7001 35.9744 16.7851
v 60.4239 35.761 16.9169
v 60.0661 35.9493 17.055
v 59.7648 35.717 17.168
v 59.5954 35.1144 17.8271
v 59.8653 35.3216 17.0111
v 59.2941 34.8822 17.1178
v 59.6016 34.6436 17.6514
v 59.0618 34.7001 18.0531
v 58.999 35.1207 18.3419
v 59.2941 35.353 18.3607
v 59.5891 35.5852 18.2289
v 59.7962 35.7422 17.9527
v 59.1748 35.7296 18.3168
v 59.6707 36.1188 18.0531
v 58.9488 35.9556 18.2665
v 58.7856 36.3008 18.323
v 58.3023 36.395 18.4046
v 57.9633 36.1376 18.4109
v 57.8001 36.4891 18.4674
v 57.4737 36.6712 18.8252
v 57.1661 36.9223 19.3085
v 57.21 37.4809 19.3211
v 56.7706 37.6818 19.4969
v 56.4631 37.8701 19.4215
v 56.1241 38.0521 19.1077
v 55.76 38.2656 18.9884
v 55.7914 38.7677 18.9759
v 55.8165 39.1946 18.9194
v 55.5968 39.4833 18.9696
v 55.9295 39.7407 18.9696
v 55.6533 39.9541 19.0261
v 55.3457 39.7093 19.0261
v 55.0946 39.9541 19.0323
v 54.9063 40.1927 19.1328
v 55.2327 40.45 19.1453
v 54.6678 40.4312 19.183
v 54.4481 40.7011 19.2772
v 54.1782 40.4877 19.3901
v 53.9334 40.7827 19.5031
v 53.6007 40.5253 19.4529
v 53.3056 40.2931 19.5471
v 53.042 40.0859 19.6475
v 52.7407 40.2366 20.1999
v 52.3139 40.3747 20.2878
v 51.9937 40.1236 20.2376
v 52.0314 39.6842 20.0241
v 51.8242 39.521 20.2627
v 51.6673 39.3955 20.6519
v 51.7991 39.1067 20.407
v 51.6171 38.9686 20.6644
v 51.7991 38.6234 20.3631
v 51.6485 38.5104 20.7711
v 51.6296 38.0521 20.8339
v 51.5606 37.5751 20.859
v 51.774 37.7383 20.6205
v 51.9435 37.4872 20.4196
v 52.0942 37.1671 20.2125
v 52 36.6712 20.0995
v 51.887 36.1188 20.0053
v 51.8933 35.7233 19.5471
v 51.7364 35.5915 19.8358
v 51.5167 35.422 20.0304
v 51.7615 35.1395 19.8421
v 51.6861 34.5872 19.7668
v 51.5857 34.0599 19.6915
v 51.7677 33.7711 19.6036
v 51.9435 33.3694 19.4529
v 52.0565 32.93 19.1956
v 52.2134 32.5659 19.0072
v 51.9184 32.3337 19.0512
v 51.6359 32.114 19.1391
v 51.705 31.731 18.8943
v 51.8619 31.367 18.8001
v 51.9874 30.9903 18.6432
v 52.113 30.62 18.4423
v 52.4457 30.4819 18.0845
v 52.4268 29.9923 17.7393
v 52.7156 30.2245 17.6828
v 53.0546 30.4819 17.7016
v 53.3872 30.7455 17.733
v 53.7262 31.0092 17.733
v 54.0463 31.2603 17.7518
v 54.3539 31.4988 17.733
v 54.6741 31.7499 17.7141
v 54.9754 31.9821 17.7204
v 55.2578 32.2018 17.6953
v 55.5717 32.4529 17.6702
v 55.9923 32.3085 17.5007
v 56.3124 32.5534 17.507
v 56.5823 32.7668 17.4128
v 56.8334 32.9551 17.2747
v 57.1159 33.1811 17.2308
v 57.4674 32.9802 17.0299
v 57.8252 33.2627 17.1304
v 57.775 33.6895 17.3061
v 58.0951 33.9406 17.2873
v 57.9884 34.3298 17.4066
v 57.6997 34.1038 17.4254
v 57.2477 34.2231 17.5196
v 57.5239 34.8382 17.8146
v 58.0449 34.8508 17.9715
v 58.522 34.7504 17.9025
v 58.7354 34.4491 18.0343
v 58.522 35.2211 18.2854
v 58.2646 35.422 18.1096
v 58.6538 35.7233 17.5635
v 58.1956 35.8363 17.6828
v 58.4717 36.056 18.3419
v 58.1328 35.7861 18.2791
v 57.7059 35.9367 18.4988
v 57.5678 36.3134 18.6118
v 57.21 36.464 18.9445
v 56.846 36.6712 19.2709
v 56.6514 37.0415 19.5094
v 56.9527 37.2801 19.4906
v 56.4693 37.4495 19.5031
v 56.212 37.6692 19.5157
v 55.8981 37.4244 19.4843
v 55.4775 37.55 19.1265
v 55.5403 38.0961 19.1391
v 55.4838 38.5229 19.0449
v 55.534 38.9749 18.9696
v 55.3018 39.2511 19.0512
v 55.1009 39.521 19.1265
v 54.831 39.747 19.114
v 54.5987 39.9541 19.1579
v 54.3728 40.1989 19.2081
v 53.8204 40.2052 19.3023
v 53.4877 39.9478 19.3148
v 53.2303 39.747 19.3776
v 52.9855 39.5524 19.5094
v 52.452 39.6214 19.8358
v 52.4143 39.9855 20.1622
v 52.2323 39.452 19.9676
v 51.9749 39.2448 20.0806
v 52.0125 38.7929 20.1622
v 51.9247 38.2844 20.0806
v 51.7991 38.184 20.5138
v 51.9937 37.914 20.3819
v 52.1695 37.6692 20.2313
v 52.2071 37.2612 19.7731
v 52.1444 36.7842 19.7542
v 52.1004 36.2883 19.7417
v 52.2134 35.9681 19.4969
v 52.1569 35.4471 19.3588
v 51.9247 35.2651 19.5031
v 51.9372 34.7817 19.6412
v 52.0942 34.4491 19.3776
v 51.8619 34.2733 19.5973
v 51.9937 33.9469 19.4592
v 52.2134 33.5765 19.3776
v 52.4017 33.1999 19.2269
v 52.5147 32.7982 18.9696
v 52.6152 32.4466 18.7122
v 52.295 32.1956 18.7687
v 52.0063 31.9633 18.8566
v 52.1255 31.5741 18.6746
v 52.2825 31.2226 18.5804
v 52.3892 30.8334 18.3607
v 52.7721 30.733 18.0719
v 53.0483 30.9527 18.0406
v 53.3747 31.2038 18.028
v 53.7137 31.4737 18.0657
v 53.9899 31.6871 18.0468
v 54.2974 31.9256 18.0217
v 54.5987 32.1642 18.0092
v 54.8812 32.3839 17.959
v 55.2516 32.6726 18.028
v 55.5529 32.9049 17.9276
v 55.8604 32.6726 17.6639
v 56.1869 32.93 17.6953
v 56.4693 33.156 17.5321
v 56.7518 33.3694 17.4505
v 57.0719 33.6142 17.4693
v 57.4297 33.4196 17.2434
v 57.3607 33.8402 17.3626
v 56.9464 33.9971 17.5698
v 56.8209 34.2921 17.6325
v 57.1159 34.5181 17.6074
v 57.1096 34.9889 18.1222
v 57.6118 35.3844 18.5992
v 58.1202 35.309 18.4549
v 57.8942 35.6041 18.4862
v 57.4235 35.717 18.5804
v 57.2854 36.0874 18.6181
v 56.9025 36.2255 18.9947
v 56.4819 36.3887 19.1642
v 56.3124 36.7779 19.478
v 56.168 37.211 19.5722
v 55.8291 36.9474 19.5471
v 55.5403 37.1482 19.3901
v 55.1762 37.3177 19.1956
v 54.8875 37.5876 19.1077
v 55.2516 37.8701 19.183
v 55.2202 38.3221 19.2144
v 54.9377 38.5041 19.07
v 55.2516 38.7489 19.0323
v 55.0256 39.0314 19.1516
v 54.5736 39.5524 19.2395
v 54.31 39.7219 19.2081
v 54.0903 39.9792 19.2458
v 53.7702 39.7281 19.2395
v 53.4689 39.4896 19.2897
v 53.1801 39.2699 19.3588
v 52.7093 39.339 19.5973
v 52.4833 39.1632 19.7793
v 52.2574 38.9874 19.9739
v 52.1946 38.4978 20.0304
v 52.2762 37.7508 19.7103
v 52.5273 37.506 19.7228
v 52.4268 36.9976 19.6475
v 52.3452 36.4766 19.5973
v 52.5775 36.2569 19.591
v 52.5147 35.7296 19.4027
v 52.7219 35.3906 19.2395
v 52.3892 35.1395 19.2646
v 52.113 34.9198 19.365
v 52.3515 34.6562 19.2772
v 52.2448 34.1478 19.3023
v 52.4959 33.7962 19.3274
v 52.6654 33.407 19.1014
v 52.8035 33.0304 18.957
v 52.8976 32.6663 18.6746
v 52.973 32.2395 18.5176
v 52.6779 32.0072 18.549
v 52.3955 31.7875 18.6306
v 52.5649 31.4423 18.5113
v 52.6654 31.0468 18.2979
v 52.9541 31.2791 18.2916
v 53.2617 31.5113 18.2226
v 53.5693 31.7562 18.1849
v 54.0589 32.1328 18.5616
v 54.0715 32.6224 18.3795
v 54.5297 32.5031 18.1912
v 54.8687 32.7668 18.2163
v 55.1135 32.9614 18.0782
v 55.3897 33.1748 18.0154
v 55.6721 33.4008 17.9527
v 55.8291 33.1246 17.9025
v 56.1366 33.3631 17.8271
v 56.4128 33.5765 17.733
v 56.6765 33.7837 17.6577
v 56.5258 34.0599 17.7204
v 56.3877 34.4302 17.8774
v 56.8397 34.7817 18.2038
v 56.9401 35.3404 18.957
v 57.3921 35.2086 18.7813
v 57.2226 35.5601 18.9131
v 56.7957 35.7045 18.957
v 56.6388 36.0183 19.1391
v 56.3815 35.8175 19.2207
v 56.2496 36.2067 19.365
v 55.9985 36.5393 19.4341
v 55.5027 36.69 19.5157
v 55.239 36.9097 19.3839
v 54.8875 37.0917 19.2018
v 54.5925 37.3491 19.114
v 54.5674 37.8073 19.1516
v 54.6364 38.2656 19.0763
v 54.9252 38.0898 19.2395
v 54.7117 38.7866 19.1077
v 54.2409 39.2887 19.2018
v 54.0024 39.4896 19.2395
v 53.676 39.2323 19.2521
v 53.3684 38.9937 19.2834
v 53.0985 38.7803 19.365
v 52.9165 39.0628 19.4969
v 52.6403 38.8431 19.591
v 52.7156 38.479 19.886
v 52.5649 37.9768 19.6726
v 52.8097 37.7257 19.6726
v 53.0357 37.4746 19.5408
v 52.7721 37.2675 19.6852
v 52.9604 36.9599 19.5534
v 52.6654 36.7277 19.5973
v 52.86 36.4703 19.5031
v 52.8286 35.9744 19.4466
v 53.0357 35.6417 19.2144
v 53.2868 35.3844 19.3274
v 52.6591 34.8947 19.2897
v 52.59 34.4177 19.2709
v 52.7909 34.0285 19.2646
v 53.0734 33.7272 19.2709
v 53.1613 33.3003 19.0575
v 53.3559 33.0179 18.9947
v 53.3056 32.4969 18.6306
v 53.1424 31.8943 18.3419
v 52.8537 31.6683 18.4109
v 53.5505 32.2144 18.5867
v 53.7576 32.8484 18.8943
v 54.2409 33.225 18.5302
v 54.3539 32.8358 18.3419
v 54.6741 33.0869 18.3356
v 54.944 33.3003 18.1787
v 55.2139 33.5138 18.0782
v 55.5027 33.7397 18.0092
v 55.9609 33.6205 17.9338
v 56.2245 33.8276 17.8083
v 56.0801 34.1917 17.8774
v 56.0299 34.6248 18.3419
v 56.0613 35.1333 18.7059
v 56.5949 35.0642 18.9194
v 56.5133 35.4848 18.9759
v 56.0801 35.5852 19.2395
v 55.9797 35.9932 19.478
v 55.7412 36.3322 19.5031
v 55.1762 36.4389 19.5722
v 54.9189 36.6586 19.3588
v 54.5674 36.8344 19.1516
v 54.2849 37.1168 19.1265
v 54.2723 37.5814 19.1642
v 54.31 38.0145 19.0763
v 54.1091 38.3158 19.1202
v 54.4104 38.5543 19.1202
v 54.1593 38.7803 19.1642
v 53.9585 39.0628 19.183
v 53.6509 38.8305 19.2144
v 53.3559 38.592 19.2834
v 53.0859 38.3848 19.3399
v 52.8286 38.5669 19.4341
v 52.9918 37.8701 19.4404
v 53.2366 37.6379 19.2897
v 53.1613 37.1168 19.3399
v 53.1048 36.6649 19.296
v 53.0859 36.1753 19.3588
v 53.3308 35.874 19.1893
v 53.5567 35.5978 19.2207
v 53.9208 35.4534 19.4529
v 53.3684 35.0266 19.6475
v 53.9396 34.9261 19.7605
v 53.6007 34.6625 19.7856
v 53.3684 34.4804 19.9112
v 53.9522 33.9218 19.4529
v 54.1907 34.5997 19.704
v 54.2849 34.1791 19.4404
v 54.3979 33.8339 19.2521
v 54.0966 33.6016 19.2646
v 53.6823 33.2752 18.9884
v 54.6427 34.0222 19.07
v 54.8687 34.6374 19.3274
v 54.8247 34.1666 18.844
v 54.7808 33.6519 18.2791
v 55.1825 33.9657 18.5113
v 55.3834 34.1164 18.2038
v 55.7977 33.972 17.9401
v 55.7788 34.4302 18.4235
v 55.7726 34.9073 18.775
v 55.7851 35.353 19.2521
v 55.7035 35.7798 19.591
v 55.465 36.1188 19.6475
v 54.831 36.169 19.4529
v 54.536 36.3636 19.2458
v 54.2535 36.5958 19.1516
v 53.9459 36.8469 19.1453
v 53.9836 37.3554 19.1579
v 53.9961 37.7697 19.1077
v 53.8141 38.0898 19.1579
v 53.8266 38.5229 19.2081
v 53.5253 38.2907 19.2458
v 53.2554 38.0773 19.3023
v 53.5128 37.8513 19.183
v 53.6823 37.5249 19.1265
v 53.4061 37.3052 19.2018
v 53.3621 36.872 19.1956
v 53.3119 36.3573 19.1579
v 53.6446 36.1188 19.1642
v 53.8894 35.8551 19.2081
v 54.2096 35.6794 19.409
v 54.2535 35.1709 19.7291
v 54.5109 34.8508 19.7417
v 54.6678 34.4804 19.5973
v 54.8122 35.083 19.7166
v 55.1637 34.8696 19.2646
v 55.1323 34.4114 18.8126
v 55.465 34.6688 18.7813
v 55.465 35.1019 19.2458
v 55.3269 35.4848 19.4592
v 54.8687 35.6543 19.6726
v 54.5297 35.9305 19.4027
v 54.2409 36.1313 19.2709
v 53.9522 36.3573 19.1516
v 53.6258 36.5958 19.1453
v 53.6572 37.098 19.183
v 54.5485 35.3969 19.6977
v 55.057 35.2714 19.5847
v 62.3008 39.0377 17.7141
v 62.8281 39.452 17.5384
v 45.6977 43.733 22.2086
v 45.4153 44.0217 22.309
v 45.0888 44.2916 22.4597
v 44.662 44.48 22.466
v 44.3293 44.7562 22.6668
v 43.9966 44.4988 22.6417
v 43.6953 44.2603 22.5852
v 44.0343 43.9841 22.3969
v 44.3481 44.2289 22.4408
v 44.7436 44.0217 22.3906
v 45.1077 43.7832 22.2902
v 63.9643 44.6745 19.0951
v 66.0985 45.3901 16.2139
v 66.3684 45.6036 16.1323
v 60.8947 47.085 19.8609
v 49.4891 18.5176 10.5331
v 49.0372 18.1661 10.2255
v 48.9681 18.5804 10.6335
v 48.5476 16.5466 8.53066
v 48.6794 16.1951 8.01593
v 48.7924 15.8624 7.77112
v 49.1816 16.1637 7.93433
v 82.6576 46.7397 10.9788
v 83.367 46.7711 10.7591
v 83.1159 46.5765 10.8469
v 83.5992 46.4447 10.69
v 83.3607 46.2627 10.8532
v 83.2854 45.6914 10.8595
v 83.0782 47.0661 11.2926
v 84.6412 47.2545 10.9662
v 84.5533 46.2501 11.3491
v 85.8025 45.8609 12.0333
v 85.5765 46.5703 12.3786
v 85.1057 46.2062 12.0584
v 80.8812 44.8378 10.0623
v 80.5987 44.6181 10.0497
v 21.9261 31.5427 17.8397
v 21.5746 31.2665 17.7204
v 21.5056 30.7016 17.4944
v 21.8696 30.9841 17.5886
v 22.5099 30.6012 16.7161
v 22.3844 30.1241 16.534
v 22.1584 30.325 16.6282
v 22.0203 29.8353 16.3834
v 22.0391 29.5027 16.3206
v 21.945 29.0884 16.1762
v 21.9952 28.6552 15.9754
v 22.1082 28.2723 15.8624
v 22.4911 28.0903 15.831
v 22.5727 27.7199 15.718
v 22.9556 27.4814 15.6741
v 23.3448 27.2617 15.5736
v 23.6586 26.9855 15.4042
v 23.9223 26.6842 15.2786
v 24.2236 26.3515 15.1845
v 24.4809 26.0628 15.0715
v 24.7822 25.8368 15.0338
v 25.0208 25.6296 14.9083
v 25.1526 26.1255 15.1154
v 25.5292 26.4206 15.2598
v 25.1965 26.6277 15.2786
v 24.9705 26.9416 15.3853
v 24.9894 27.5191 15.5799
v 24.8136 27.8894 15.7557
v 24.4621 28.1342 15.9754
v 24.0855 28.3602 16.0758
v 23.7779 28.6615 16.2076
v 23.2255 28.6678 16.0507
v 23.2255 29.1511 16.1637
v 22.7296 29.2327 16.1762
v 22.6982 29.6784 16.4085
v 22.8049 30.1115 16.6345
v 22.4157 29.804 16.465
v 22.3028 29.3708 16.239
v 22.353 28.944 16.0633
v 22.4785 28.5611 15.9503
v 22.8677 28.3853 15.9628
v 22.9556 28.015 15.8373
v 23.3071 27.7513 15.7933
v 23.7088 27.5442 15.6866
v 24.0541 27.2994 15.5171
v 24.2675 26.9541 15.4104
v 24.5751 26.6277 15.2661
v 24.8262 26.3327 15.1342
v 24.6441 27.2492 15.5234
v 24.4307 27.5944 15.6176
v 24.0666 27.8204 15.7557
v 23.6837 28.0464 15.9628
v 23.3322 28.3163 15.9879
v 22.8551 28.8624 16.0444
v 76.0039 51.14 14.7576
v 75.5393 50.7697 15.0777
v 75.9097 50.1357 15.1091
v 75.3322 50.1733 14.8706
v 74.6417 50.5688 14.9647
v 75.3071 51.0835 15.0966
v 76.1733 49.8595 15.197
v 84.8233 44.731 10.6712
v 78.226 35.9493 9.66683
v 24.9517 47.5181 24.9266
v 24.4182 47.7127 25.0459
v 87.0517 48.6229 12.5104
v 88.5519 48.4283 12.3723
v 88.69 48.1082 12.2907
v 88.3385 43.7895 11.5374
v 88.5017 43.4505 11.6002
v 89.1545 43.0739 11.7885
v 89.1859 42.7161 11.8011
v 89.4998 42.4775 11.6567
v 89.0729 42.1449 11.4495
v 88.8281 42.4399 10.9223
v 88.1062 41.8812 11.3617
v 88.351 42.0695 11.2298
v 88.7653 42.7726 10.8344
v 88.5707 42.239 10.3008
v 88.5582 42.2265 11.0227
v 89.324 42.3457 10.5017
v 23.8093 46.6267 23.7465
v 92.337 47.8508 12.8368
v 78.0188 33.5828 8.82569
v 93.4418 45.0826 13.0816
v 87.3655 38.1589 10.0811
v 83.2791 42.647 10.7465
v 83.5364 42.8479 10.6021
v 52.4017 11.5186 3.67842
v 52.86 11.437 3.57798
v 53.0546 11.1985 2.94399
v 30.9527 52.2197 26.4331
v 31.4235 51.9749 26.2448
v 32.5659 52.2699 26.2385
v 32.1704 51.9561 26.0565
v 32.4717 51.6924 26.1255
v 32.1893 51.4727 26.1632
v 31.8566 51.7112 26.069
v 31.8503 51.2091 26.1758
v 32.5847 52.8788 26.7219
v 32.3148 53.2805 26.7093
v 32.3839 53.9396 27.3873
v 32.1014 54.2535 27.8643
v 32.4341 54.5171 27.9271
v 32.8421 54.2974 27.7576
v 32.7417 54.7557 27.971
v 33.1434 54.536 27.7388
v 31.957 54.6552 28.1154
v 85.8339 51.9058 13.8976
v 86.041 51.6171 13.9541
v 83.3167 34.6374 8.9324
v 84.0386 34.6939 9.56639
v 39.6654 54.6929 26.5838
v 39.4708 54.5422 26.8725
v 39.6214 55.7161 26.1569
v 41.5674 55.0695 26.8662
v 41.9691 54.8749 26.4896
v 84.8923 54.3602 15.6741
v 71.9174 24.437 7.43216
v 71.6224 23.8218 7.30034
v 71.3588 23.621 7.40077
v 72.1057 24.1922 7.63303
v 31.6181 28.0338 17.3501
v 31.2979 27.7827 17.3375
v 31.4486 27.3998 17.4317
v 31.662 27.0859 17.1743
v 31.6557 26.5336 16.9734
v 31.6746 27.5756 18.6494
v 14.4563 37.0227 22.3028
v 18.1535 44.775 24.2612
v 18.5804 45.1077 24.4935
v 18.7624 44.7813 23.8218
v 12.2028 38.1526 22.5287
v 12.7991 38.0082 22.5852
v 12.297 38.2279 22.1082
v 12.5167 38.3974 21.9198
v 28.4795 31.2791 18.4988
v 28.718 31.4737 18.3544
v 28.8122 31.0217 18.2854
v 29.1197 31.2665 18.2603
v 29.6847 31.1975 19.001
v 30.1115 30.9652 19.07
v 29.6282 30.5823 18.6683
v 30.168 31.5741 19.365
v 30.1618 30.5133 18.4988
v 29.7349 30.1806 18.2728
v 29.0319 29.6282 17.3626
v 29.3081 29.8479 17.3124
v 29.6847 29.6784 17.4191
v 29.3834 29.0507 17.5321
v 48.943 43.0237 22.5601
v 49.1439 42.283 22.8112
v 49.3134 42.4148 23.2004
v 49.0937 42.239 23.4201
v 49.2255 41.8059 23.5519
v 48.7798 41.4606 23.2632
v 48.4973 41.7745 23.464
v 48.1458 41.4983 23.3197
v 48.4785 41.2221 23.2945
v 49.4389 41.4732 23.0686
v 49.1816 41.2723 23.2443
v 49.5707 42.0758 22.9242
v 49.6837 41.6678 22.9054
v 49.4389 41.4732 22.3279
v 30.3501 26.0565 16.3394
v 30.846 25.8996 16.6533
v 30.325 25.4915 16.1951
v 30.9338 25.4727 16.5529
v 30.4631 25.1024 16.2014
v 29.7914 25.071 15.7368
v 30.1869 24.4056 15.7933
v 30.7518 24.8513 16.3081
v 31.323 25.297 16.8605
v 31.1284 25.1463 17.1555
v 31.3921 25.8305 16.8667
v 31.2728 26.2323 16.8291
v 31.7059 26.0753 16.8856
v 30.8083 26.4143 16.6282
v 29.8793 23.3008 15.6929
v 30.2308 23.577 15.6803
v 29.9985 22.9116 15.6427
v 30.4442 22.8049 15.718
v 30.099 22.5287 15.718
v 30.394 22.3718 15.7557
v 30.055 22.1144 15.718
v 30.4756 21.9575 15.9942
v 30.0111 21.5934 15.7682
v 29.6972 21.832 15.6929
v 29.6847 21.3361 15.718
v 29.3834 21.5809 15.6741
v 29.2453 21.8571 15.2221
v 29.0256 21.3047 15.6113
v 29.3332 21.0661 15.649
v 29.0005 20.8025 15.6301
v 28.6239 20.9908 15.5109
v 28.6866 20.5577 15.5862
v 28.2974 20.7335 15.4732
v 28.3037 20.2564 15.4167
v 28.5799 20.0367 15.536
v 28.1405 19.6915 15.31
v 27.8769 19.9237 15.2472
v 27.7702 19.4027 15.1782
v 28.1656 19.2897 15.4355
v 28.4858 19.5408 15.4606
v 28.7933 19.3964 15.536
v 28.5548 19.2081 15.6866
v 28.8561 19.0072 15.8812
v 28.8749 19.8421 15.6176
v 28.9377 20.3129 15.5987
v 29.283 20.5828 15.6364
v 29.6345 20.859 15.6741
v 30.394 21.4491 16.647
v 30.4317 23.2569 15.8875
v 71.6161 55.465 18.844
v 71.93 55.7098 18.8315
v 71.7793 55.1197 18.2791
v 72.3757 55.1951 18.3419
v 72.564 55.7349 18.5992
v 72.7397 55.4838 18.4486
v 72.8716 55.1009 17.9715
v 72.9657 55.6596 18.2665
v 73.5369 55.6219 18.141
v 26.408 19.6412 13.9165
v 26.7595 19.5345 13.4833
v 26.7407 19.0323 13.4017
v 26.0251 19.3399 13.0753
v 26.6214 19.8107 13.6528
v 29.6408 20.859 17.1492
v 29.8479 20.6016 17.0739
v 29.5529 20.3757 17.1304
v 30.1869 20.8653 17.1555
v 30.3375 20.6016 16.8165
v 29.804 20.1873 17.0362
v 29.4022 19.8672 16.873
v 29.8981 19.8233 16.8542
v 30.0488 19.5157 16.465
v 29.7788 19.3085 16.6031
v 29.1825 19.2646 16.6094
v 29.9107 18.9507 16.4399
v 30.2622 19.2207 16.5403
v 30.1869 18.7624 16.4399
v 30.576 19.9237 16.9232
v 30.5321 20.3129 16.8165
v 30.846 20.1371 16.8291
v 30.8334 20.5514 16.7726
v 30.4505 21.0724 17.0048
v 60.5244 42.4587 20.5326
v 60.832 42.2265 20.5765
v 60.8006 42.6784 20.4949
v 61.1395 42.465 20.5577
v 60.5055 41.9691 20.5389
v 61.6166 42.8353 22.422
v 62.0811 42.6972 22.8049
v 61.6857 42.3897 22.5852
v 61.9618 42.6094 21.8131
v 62.2632 42.8479 21.8194
v 61.9493 43.099 21.6813
v 62.3259 43.394 21.8571
v 62.5519 43.5635 21.6813
v 62.2004 42.3457 21.7504
v 62.1125 41.8498 21.7755
v 62.3071 42.421 22.7359
v 62.0058 42.1888 22.7673
v 61.2651 41.6113 22.5413
v 60.9889 41.8498 22.4346
v 60.9889 41.3979 22.6731
v 61.2965 41.2096 22.761
v 62.351 42.0319 23.0874
v 62.5268 41.6301 22.9932
v 62.2067 41.9189 23.4766
v 61.9179 41.1468 22.987
v 61.9807 41.197 22.3906
v 62.5142 41.6176 22.1521
v 62.6084 41.1656 21.832
v 62.916 41.4104 21.8131
v 62.5958 41.6866 21.6499
v 62.6272 42.2516 21.562
v 62.7842 41.831 21.4114
v 62.8846 42.4524 21.3737
v 62.8783 42.873 21.8947
v 62.5393 42.6094 21.8131
v 62.3385 42.0256 21.6562
v 62.1251 40.789 22.1647
v 62.872 40.8769 21.8885
v 62.5268 40.6132 21.832
v 62.1502 40.3119 22.4032
v 62.0686 40.2554 21.4742
v 62.282 40.9083 21.8382
v 61.9054 40.6195 22.3467
v 61.6794 40.4375 22.535
v 61.5789 40.8831 23.0246
v 61.9367 42.1323 23.3636
v 61.7296 41.9691 23.6335
v 61.6229 42.3394 23.1627
v 60.5934 41.0903 21.7441
v 60.5934 40.6634 21.8885
v 60.8633 40.8706 21.7378
v 62.1941 41.9126 20.5514
v 62.6586 41.7306 20.3443
v 62.4452 42.1135 20.338
v 62.4201 41.5485 20.5514
v 62.6586 41.2096 20.451
v 62.7653 41.2912 19.9551
v 62.9662 40.9585 19.9739
v 62.6774 40.7325 20.0367
v 62.4264 41.0275 20.6644
v 62.4452 40.5505 20.1873
v 62.1815 40.8329 20.8339
v 62.1941 41.3728 20.7021
v 62.6272 39.295 17.7706
v 63.0917 39.182 17.6325
v 63.0039 38.7175 17.7393
v 63.2298 39.295 17.2183
v 63.2612 38.9184 17.6828
v 63.4809 39.0879 17.438
v 62.5456 38.7552 17.8522
v 60.0913 35.9744 17.9464
v 60.6185 36.3824 17.6325
v 60.2921 36.1251 17.5886
v 86.5558 55.6596 17.576
v 87.1144 55.6533 17.8648
v 87.4032 55.3708 17.6451
v 86.5997 55.6972 16.1825
v 86.8382 54.9314 16.2453
v 86.4491 55.1386 16.2139
v 71.8547 43.2559 15.7557
v 72.112 43.4631 15.649
v 72.2376 43.5572 15.2409
v 87.0077 54.5987 16.1951
v 87.3404 54.8561 16.283
v 87.3341 54.379 15.9628
v 87.7421 54.6992 16.2265
v 87.9242 54.4355 15.8938
v 88.1188 54.9942 16.3959
v 88.4389 54.8373 16.352
v 88.7277 54.605 16.0319
v 88.4075 55.2139 16.3394
v 89.1545 54.944 16.3708
v 87.6668 55.1135 16.3708
v 89.098 55.7537 18.0594
v 89.7132 55.3708 17.7455
v 89.1922 55.4148 17.4003
v 88.7716 55.5027 17.2496
v 90.2028 55.7475 18.21
v 90.7552 55.7349 18.48
v 90.8682 55.3708 18.323
v 91.4268 55.421 18.6181
v 90.1526 55.2641 17.7455
v 79.3056 46.8213 11.5563
v 79.4877 46.52 11.5249
v 79.155 46.2564 11.4621
v 79.7325 46.3317 11.7885
v 80.3477 46.3192 11.4307
v 92.0294 55.4085 18.8943
v 92.7639 55.4713 19.3525
v 92.8078 55.057 19.0135
v 92.2931 54.6552 18.5113
v 92.9082 54.7055 18.7562
v 92.3872 54.2974 18.2854
v 92.971 54.2284 18.5553
v 93.5548 54.6803 19.1893
v 93.4293 55.5403 19.8609
v 94.0821 55.6156 20.1811
v 93.6427 55.2704 19.7856
v 94.0946 55.1009 19.8421
v 94.3457 54.7871 19.7417
v 94.8228 55.1574 20.1999
v 95.0174 54.8059 20.0869
v 94.5278 54.423 19.6036
v 95.0362 54.3916 19.7919
v 94.5843 54.0401 19.3901
v 94.8542 53.7764 19.3337
v 95.3375 54.1531 19.7793
v 95.3877 53.7325 19.4843
v 95.0048 53.4312 19.2583
v 95.5823 53.45 19.4278
v 95.0864 53.0671 18.9884
v 95.7267 53.1927 19.3399
v 95.6451 52.6717 18.9194
v 96.1912 53.0922 19.4718
v 96.3607 52.7972 19.4027
v 96.254 52.295 18.8315
v 96.8566 52.3327 19.3211
v 96.9382 52.8286 19.7793
v 96.9194 53.2303 20.0555
v 97.4592 52.7972 20.0367
v 97.5094 53.268 20.5012
v 96.2791 53.6195 19.9112
v 96.0908 53.8455 19.9739
v 95.6325 54.8498 20.5765
v 94.5905 55.4838 20.338
v 93.2284 53.9271 18.4674
v 93.8561 53.4689 18.367
v 93.31 53.4751 18.1598
v 94.057 53.1613 18.1535
v 93.8624 53.9083 18.731
v 74.3153 38.2907 11.4433
v 74.8802 38.2593 11.4244
v 74.6543 38.0835 11.619
v 92.6509 52.069 16.2014
v 93.3288 51.705 16.1449
v 92.8141 51.7364 16.0444
v 93.4732 51.4476 16.057
v 93.9314 51.3409 16.126
v 94.0068 50.9705 15.9
v 93.423 50.9454 15.6803
v 93.4732 52.703 17.4442
v 94.2076 52.3892 17.576
v 93.6427 52.3829 17.3689
v 94.2829 52.0753 17.2999
v 94.9169 52.1004 17.802
v 94.8291 51.6108 17.168
v 95.5384 51.7426 17.7706
v 95.3689 51.184 17.1178
v 94.9609 51.297 17.0802
v 94.9358 52.5775 18.21
v 94.17 52.7846 17.9213
v 95.9589 54.6364 20.6205
v 96.6557 54.718 21.1226
v 96.7373 54.3477 20.859
v 97.2458 55.6345 22.309
v 97.8798 55.239 22.2337
v 97.3776 55.283 22.1521
v 97.8484 55.647 22.5664
v 98.3443 55.5968 22.6354
v 98.5263 55.3708 22.535
v 98.1057 55.0381 22.1772
v 98.4447 54.8435 22.1333
v 97.9049 54.4293 21.5746
v 98.5765 54.5171 21.9198
v 98.5075 54.0463 21.4177
v 98.0367 54.1028 21.311
v 97.5031 54.5736 21.4616
v 97.3839 54.0212 21.0097
v 97.5471 53.7199 20.8339
v 98.0744 53.7074 21.1415
v 98.0241 53.2429 20.7837
v 98.4824 53.6007 21.1666
v 98.4886 53.1048 20.7837
v 98.9532 53.4626 21.0975
v 98.8402 52.8851 20.6581
v 99.3423 53.2805 21.1164
v 99.3486 52.7658 20.6832
v 98.7962 52.3327 20.0618
v 99.8445 53.1487 21.1917
v 99.7692 52.6528 20.746
v 99.7252 52.1506 20.3631
v 100.409 52.2197 20.859
v 100.278 51.6924 20.3631
v 99.7817 51.7301 20.0806
v 99.0787 52.113 19.8923
v 100.673 51.6108 20.4008
v 100.786 52.0816 20.8653
v 101.175 52 20.8464
v 100.937 51.3409 20.3066
v 101.521 51.7928 20.9092
v 101.715 51.4915 20.6644
v 101.169 51.0647 20.0367
v 101.765 51.0898 20.0869
v 101.326 50.7508 19.7856
v 102.224 51.027 20.156
v 102.311 51.5167 20.7209
v 102.625 51.3346 20.4196
v 102.958 51.1086 19.8923
v 102.563 50.8073 19.6601
v 103.077 50.7571 19.5973
v 102.669 50.4433 19.3901
v 102.098 50.4495 19.1956
v 102.669 49.9976 18.9696
v 102.173 50.0604 18.9005
v 101.634 50.0855 18.7813
v 101.759 49.7402 18.6369
v 101.251 49.7904 18.6055
v 101.087 50.142 18.8754
v 100.623 50.2047 18.7938
v 100.504 50.55 19.114
v 99.9826 50.142 18.5553
v 99.7943 50.4495 18.9256
v 99.9198 51.027 19.2332
v 99.5055 50.7006 18.9507
v 99.5683 51.1337 19.3085
v 99.1477 50.8136 18.9759
v 99.154 51.2405 19.2646
v 99.0473 51.6234 19.409
v 98.6079 51.2844 19.0072
v 98.4761 51.6485 19.1391
v 98.6707 50.8701 18.8503
v 98.5954 50.3805 18.3419
v 100.535 49.7151 18.1849
v 100.064 49.7716 18.1598
v 99.4365 49.7214 17.959
v 100.158 49.4201 17.9778
v 100.679 49.351 17.8962
v 100.284 49.0435 17.6953
v 100.717 48.9367 17.6577
v 100.786 48.5413 17.1931
v 101.213 48.874 17.5321
v 101.276 48.5287 17.2245
v 101.684 48.8426 17.507
v 102.085 48.648 17.3752
v 102.5 48.9744 17.6577
v 102.293 48.3404 17.168
v 102.814 48.3404 17.4066
v 102.443 48.0517 17.281
v 102.519 47.7127 17.0237
v 102.117 47.8006 16.4587
v 102.054 47.3612 16.6784
v 101.79 47.5495 16.4273
v 101.646 47.041 16.4399
v 101.602 47.4051 15.9565
v 101.332 46.8025 15.6678
v 101.169 47.4742 15.8938
v 101.583 47.7943 16.1511
v 101.426 48.1395 16.4462
v 101.087 47.8822 16.3206
v 100.899 48.24 16.283
v 100.472 47.9073 16.0695
v 100.397 48.2463 16.239
v 100.077 47.9952 16.2076
v 99.7064 48.1521 15.8498
v 100.617 47.5181 15.9565
v 100.209 47.7064 16.2139
v 100.378 47.3298 16.0758
v 100.014 47.0473 15.9377
v 99.7817 47.7629 16.2516
v 99.3674 47.8947 15.7808
v 99.1917 48.196 15.7808
v 99.0975 48.6041 16.1386
v 98.8213 48.3906 16.1574
v 98.928 48.8928 16.1574
v 98.3129 48.8551 15.9565
v 98.2941 48.4032 16.0821
v 98.0116 48.6229 15.944
v 98.0304 49.0874 16.0068
v 97.5722 48.7359 15.6113
v 97.5471 49.1878 15.6427
v 97.2897 49.3761 15.8687
v 97.0323 48.7924 15.1342
v 98.5263 48.1584 16.1762
v 99.0599 47.6562 15.7306
v 99.0159 48.0642 16.0758
v 98.7146 47.832 16.1574
v 99.2293 47.3423 15.6364
v 100.353 46.8402 16.2139
v 99.8633 46.4635 15.8059
v 99.3423 47.0348 15.5171
v 100.504 46.5514 16.1951
v 100.61 46.2376 16.1888
v 100.064 45.8233 15.5925
v 100.843 46.8151 16.2767
v 101.056 46.5891 16.4838
v 100.692 47.1038 16.2704
v 102.939 48.0391 17.4254
v 103.322 48.3341 17.6137
v 102.807 48.7421 17.7204
v 103.31 48.717 17.8522
v 103.674 48.6103 17.7204
v 103.73 49.0435 18.1598
v 104.063 48.9116 17.9715
v 104.144 49.3636 18.3984
v 104.433 49.2004 18.0719
v 104.427 49.5896 18.3481
v 104.728 49.4264 17.9841
v 104.684 49.7842 18.254
v 104.96 49.6084 17.8585
v 104.948 49.985 18.1598
v 105.255 49.8344 17.8083
v 104.829 50.3052 18.1661
v 105.237 50.211 18.1222
v 105.488 50.4056 18.0468
v 105.626 50.1168 17.915
v 105.896 50.3303 17.9025
v 105.795 50.6441 18.028
v 106.203 50.5688 17.9338
v 106.134 50.9078 18.0531
v 106.536 50.8262 17.9652
v 106.448 51.1526 18.0845
v 106.856 51.071 18.1096
v 106.806 51.4288 18.2038
v 107.183 51.3221 18.1222
v 107.503 51.5731 18.0908
v 106.235 51.3911 18.662
v 106.574 51.6548 18.7562
v 106.128 51.7803 19.1077
v 105.475 51.2718 18.9821
v 105.827 52.0502 19.4278
v 105.588 51.8682 19.6224
v 105.337 51.6673 19.7856
v 105.193 51.9561 19.8421
v 104.496 51.4162 19.5973
v 104.339 51.7364 19.7793
v 104.986 51.7991 20.0932
v 104.038 51.9498 20.2187
v 104.107 51.5543 19.9488
v 103.812 51.3283 19.9614
v 103.78 51.7552 20.407
v 103.523 51.5543 20.52
v 103.542 52.0439 21.085
v 103.209 51.7866 21.041
v 103.14 52.1506 21.2859
v 103.41 52.3641 21.2607
v 102.92 52.4206 21.3737
v 103.404 52.7972 21.8069
v 103.906 52.747 21.7692
v 103.956 53.224 22.422
v 104.521 52.8035 22.0328
v 104.822 52.5587 21.4365
v 105.136 52.8035 22.2211
v 104.502 53.2052 22.4346
v 105.098 53.2429 22.717
v 105.594 53.155 22.6229
v 105.827 52.8914 22.0077
v 106.392 53.3245 22.6103
v 106.059 53.5128 22.9744
v 106.781 53.6258 22.8175
v 106.963 53.3308 22.0893
v 106.549 53.0043 21.7629
v 107.07 53.0106 21.8257
v 106.674 52.7093 21.5683
v 106.097 52.6528 21.3675
v 105.538 52.6717 21.2859
v 105.751 52.3892 21.2482
v 105.199 52.408 21.2545
v 104.829 52.1193 21.0159
v 106.241 52.3703 21.267
v 107.509 53.3496 22.1395
v 107.553 52.8851 21.9261
v 107.917 53.1613 21.9889
v 108.049 52.7972 21.7378
v 108.3 52.9918 21.6436
v 108.394 52.6591 21.4114
v 108.815 52.9792 21.7315
v 108.909 52.6654 20.9281
v 108.199 53.381 21.945
v 108.055 53.7764 22.7296
v 107.534 53.7702 22.717
v 107.54 54.2158 23.1878
v 108.099 54.2033 23.3385
v 108.482 54.1028 23.1376
v 108.859 53.8957 22.8677
v 108.476 54.4983 23.5142
v 108.105 54.6552 23.872
v 108.494 54.9565 24.0729
v 109.041 54.536 23.7842
v 109.003 54.9 24.0666
v 109.43 54.8435 24.0039
v 109.511 54.3916 23.6586
v 110.057 54.3477 23.6837
v 109.995 53.8957 23.2004
v 109.43 53.8643 22.8614
v 110.183 53.6446 22.5162
v 109.398 53.4312 22.4534
v 110.641 53.9961 22.9556
v 110.321 54.1468 23.2945
v 110.98 54.2598 23.0435
v 109.499 55.2892 24.5563
v 108.482 55.3897 24.5249
v 108.011 55.0256 24.1985
v 107.904 55.4148 24.4495
v 107.697 55.6847 24.3617
v 107.49 55.1009 24.1608
v 107.352 55.4148 24.2424
v 107.17 55.7098 24.4182
v 106.787 55.421 24.2549
v 106.592 55.7224 24.4621
v 106.454 55.1574 24.2173
v 106.297 55.4901 24.55
v 105.977 55.239 24.4746
v 105.764 55.5529 24.7383
v 105.394 55.2641 24.5311
v 105.431 55.6784 24.8889
v 105.055 55.3897 24.6316
v 104.659 55.5089 24.6504
v 104.653 55.0821 24.437
v 104.301 55.2327 24.5374
v 104.176 55.6031 24.6316
v 103.849 55.3457 24.55
v 103.743 55.7349 24.7508
v 103.31 55.3959 24.3428
v 102.952 55.5529 24.3617
v 102.908 55.0884 24.0666
v 102.544 55.239 24.0917
v 102.424 55.6596 24.1796
v 102.01 55.3457 23.916
v 102.927 54.6301 23.7779
v 103.429 55.0193 24.2047
v 103.429 54.5611 23.9285
v 103.316 54.0463 23.3071
v 103.9 54.492 23.985
v 104.151 54.3037 23.7214
v 104.314 54.8122 24.2675
v 104.615 54.6678 24.1357
v 104.81 54.3351 23.8658
v 105.011 54.0401 23.5456
v 105.394 54.3351 23.7214
v 105.576 54.0401 23.5519
v 105.055 53.6383 23.0309
v 104.559 53.6886 23.1376
v 103.812 53.563 22.8551
v 103.335 53.1927 22.4095
v 103.008 53.4186 22.4346
v 103.548 53.8392 23.0372
v 102.726 53.5881 22.6041
v 102.167 53.5818 22.2776
v 102.224 54.084 22.7924
v 101.646 54.1091 22.4157
v 102.173 54.5109 22.9995
v 101.809 54.6678 23.056
v 101.263 54.2472 22.4785
v 101.414 54.8812 23.169
v 100.918 54.4983 22.7045
v 100.968 55.0256 23.1941
v 101.458 55.4022 23.7214
v 101.056 55.5905 23.7402
v 100.598 55.6721 23.5833
v 100.541 55.1888 23.169
v 100.052 55.6659 23.3887
v 100.102 55.283 23.0686
v 99.4679 55.6345 23.1062
v 99.493 55.2265 22.7108
v 99.0159 55.7475 23.0121
v 98.8778 55.1825 22.4597
v 98.972 54.8247 22.1709
v 99.0473 54.4669 21.9763
v 98.9657 53.971 21.606
v 99.4804 53.8769 21.6939
v 99.8696 53.6823 21.6374
v 100.315 53.5128 21.6311
v 100.246 53.0232 21.2105
v 100.303 52.6026 21.0285
v 100.861 52.5712 21.2356
v 101.257 52.452 21.267
v 101.596 52.3264 21.1854
v 101.954 52.1255 21.2356
v 102.173 51.8431 21.1101
v 102.776 51.8745 21.1352
v 102.563 52.1444 21.2859
v 102.638 52.6591 21.38
v 102.293 52.3892 21.3612
v 101.941 52.5963 21.3361
v 102.393 52.9478 21.7127
v 102.085 53.0922 21.7441
v 101.59 53.5944 21.9261
v 101.182 53.745 21.9575
v 100.849 53.9208 22.2086
v 100.403 54.0966 22.1772
v 100.441 54.6176 22.5915
v 99.9261 54.718 22.466
v 99.493 54.8122 22.3404
v 99.449 54.3477 22.0768
v 99.9701 54.2535 22.196
v 100.661 53.3496 21.5056
v 100.698 52.9102 21.3423
v 101.257 52.8788 21.4867
v 101.64 52.747 21.4553
v 101.646 53.1801 21.7001
v 101.125 53.2366 21.6185
v 105.576 53.6195 23.2255
v 106.002 53.9459 23.508
v 106.454 53.8204 23.2255
v 106.749 54.0526 23.2757
v 107.157 53.9208 23.0058
v 107.057 54.2912 23.282
v 107.478 54.6113 23.5896
v 107.038 54.7494 23.803
v 107.013 55.1511 24.1231
v 106.63 54.8561 23.9097
v 106.153 54.9252 24.1859
v 105.569 54.9252 24.2361
v 104.967 54.9377 24.2612
v 103.906 54.9314 24.3366
v 105.117 54.5736 23.9536
v 105.789 54.6427 23.9788
v 105.94 54.3225 23.69
v 106.348 54.2158 23.6461
v 106.643 54.4418 23.6335
v 106.316 54.6113 23.8846
v 103.379 50.9894 19.6224
v 103.46 50.6127 19.3337
v 103.159 50.3805 19.4027
v 103.184 50.0039 18.9696
v 102.851 49.7465 18.8315
v 102.261 49.6837 18.6306
v 101.765 49.3008 18.1849
v 101.175 49.2883 17.9966
v 102.406 49.4013 18.5239
v 102.914 49.2883 18.6746
v 103.278 49.5707 18.8126
v 103.692 49.4264 18.4549
v 103.63 49.8407 18.9068
v 104.063 49.7088 18.6306
v 104.339 49.9223 18.5302
v 104.559 50.0917 18.3042
v 104.314 50.3742 18.2854
v 104.59 50.5876 18.1787
v 104.86 50.8011 18.1222
v 105.117 50.5311 18.1284
v 105.4 50.7446 18.0845
v 105.764 51.027 18.2038
v 104.019 50.6504 18.8315
v 104.132 50.2361 18.5867
v 103.937 50.0792 18.844
v 103.856 50.5249 19.1077
v 103.718 50.8136 19.2081
v 104.031 51.0521 19.2207
v 103.617 50.3365 19.2646
v 105.243 51.0898 19.0763
v 86.5244 46.4196 12.253
v 86.8696 46.3192 11.8952
v 86.6374 46.1434 12.0521
v 90.1777 48.4346 12.9372
v 90.5794 48.7421 13.2071
v 90.5167 48.2651 13.295
v 90.5669 47.8885 13.069
v 91.0439 48.6794 13.0628
v 91.2385 47.9826 13.0314
v 90.8368 47.6688 12.7301
v 94.239 50.3052 15.1091
v 94.5215 50.029 14.7011
v 94.17 49.759 14.6195
v 94.578 49.5833 14.5065
v 94.9295 49.8595 14.6007
v 95.0362 49.4201 14.563
v 95.4191 49.282 14.4563
v 95.2559 49.1564 14.8769
v 94.9107 49.3196 15.0526
v 95.7079 50.9454 16.9546
v 96.2289 50.8576 17.0864
v 96.1347 50.2675 16.4901
v 96.888 51.3723 17.959
v 97.409 51.2593 18.0971
v 97.2144 50.6692 17.4819
v 97.7793 51.1086 18.1159
v 96.4046 50.0478 16.1888
v 96.6934 50.2675 16.2014
v 96.8064 49.8909 16.1072
v 95.5258 50.3177 16.0821
v 96.2791 49.4766 15.5109
v 96.9319 49.5205 16.1009
v 97.1955 49.7277 15.9565
v 109.888 55.5905 24.8073
v 110.315 55.5215 24.6504
v 110.001 55.2767 24.7006
v 109.417 55.6659 24.9392
v 110.428 55.1072 24.5311
v 110.848 55.4336 24.8136
v 111.037 55.1072 24.5939
v 110.516 54.6992 24.0666
v 111.602 55.5403 25.2718
v 72.2564 25.5732 6.2395
v 72.6267 25.8556 6.31482
v 72.3757 25.1965 5.85031
v 70.4988 23.7402 5.98841
v 70.7373 23.9285 5.8252
v 70.888 23.6398 5.78754
v 73.154 25.7991 6.20183
v 73.6248 25.7615 6.27088
v 73.2984 25.5041 6.23322
v 107.132 52.0879 20.1685
v 107.572 52.4268 20.5389
v 107.854 52.2448 20.0492
v 111.394 54.9754 23.6963
v 111.972 55.0256 23.3259
v 111.608 54.7431 23.1564
v 111.275 54.492 23.0183
v 27.0043 19.2395 13.3013
v 27.1989 18.9507 13.8976
v 26.9604 19.6915 13.182
v 31.1033 23.7842 17.3877
v 31.141 22.9556 16.7537
v 31.2414 22.5538 16.9797
v 31.0782 24.2424 17.576
v 31.4109 24.958 17.7518
v 71.5533 24.1608 5.15355
v 92.2303 51.2844 14.5881
v 92.0483 51.6045 14.7137
v 90.1149 54.4104 16.1135
v 89.6692 54.8875 16.5466
v 91.1695 54.7368 17.5572
v 91.2887 53.8769 16.7412
v 92.3056 53.2052 16.9546
v 92.4249 52.7972 16.7224
v 93.2158 52.9792 17.507
v 92.5316 52.4457 16.5529
v 95.1492 50.5123 16.2641
v 96.6997 48.9179 15.1782
v 95.9841 51.661 17.9087
v 96.3983 51.479 17.8774
v 97.773 50.1796 17.394
v 98.2438 50.1106 17.4756
v 99.38 49.2443 17.2747
v 99.5558 48.9556 17.281
v 99.085 49.9034 17.9338
v 98.7774 50.142 17.959
v 98.1434 51.8242 19.1767
v 98.2752 52.4394 19.9551
v 87.874 55.2704 17.6074
v 74.1584 55.6596 18.2854
v 16.7475 43.6765 24.0792
v 17.0927 43.9464 24.0792
v 17.4631 44.2351 24.1482
v 17.7769 44.48 24.1859
v 17.4317 44.6369 25.2091
v 80.8812 46.2376 11.2989
v 80.6176 46.5326 11.2989
v 26.6842 19.4718 13.9604
v 97.3148 54.7996 21.5432
v 96.5616 55.1072 21.3298
v 96.2603 55.3457 21.3737
v 95.7204 55.352 21.0348
v 108.086 52.0188 19.5534
v 111.941 55.3959 25.0647
v 112.87 55.7224 24.776
v 78.6089 47.5872 12.027
f 966 967 964
f 967 968 964
f 974 976 975
f 976 977 975
f 976 978 977
f 978 979 977
f 979 980 977
f 979 981 980
f 979 982 981
f 982 983 981
f 982 984 983
f 984 985 983
f 984 986 985
f 986 987 985
f 986 988 987
f 988 989 987
f 989 990 987
f 989 991 990
f 991 992 990
f 992 993 990
f 993 994 990
f 994 995 990
f 994 996 995
f 996 997 995
f 997 998 995
f 997 999 998
f 997 1000 999
f 1000 1001 999
f 1000 1002 1001
f 1002 1003 1001
f 1002 1004 1003
f 1004 1005 1003
f 1004 1006 1005
f 1006 1007 1005
f 1007 1008 1005
f 1006 1004 1028
f 1004 1029 1028
f 1004 1002 1029
f 1002 1030 1029
f 1002 1000 1030
f 1000 1031 1030
f 1000 997 1031
f 997 1032 1031
f 997 1033 1032
f 997 996 1033
f 996 1034 1033
f 996 1035 1034
f 1035 1036 1034
f 1035 1037 1036
f 1037 1038 1036
f 1037 1039 1038
f 1039 1040 1038
f 1039 1041 1040
f 1041 1042 1040
f 1042 1043 1040
f 1042 1044 1043
f 1044 1045 1043
f 1044 1046 1045
f 1044 1047 1046
f 1047 1048 1046
f 1047 1049 1048
f 1049 1050 1048
f 1050 1051 1048
f 1050 1052 1051
f 1052 1053 1051
f 1052 1054 1053
f 1052 1055 1054
f 1055 1056 1054
f 1055 1057 1056
f 1057 1058 1056
f 1057 1059 1058
f 1059 1060 1058
f 1059 1061 1060
f 1061 1062 1060
f 1061 1063 1062
f 1063 1064 1062
f 1063 1065 1064
f 1065 1066 1064
f 1065 1067 1066
f 1067 1068 1066
f 1067 1069 1068
f 1069 1070 1068
f 1070 1071 1068
f 1070 1072 1071
f 1072 1073 1071
f 1070 1074 1072
f 1074 1075 1072
f 1075 1076 1072
f 1075 1077 1076
f 1075 1078 1077
f 1075 1079 1078
f 1079 1080 1078
f 1080 1081 1078
f 1080 1082 1081
f 1082 1083 1081
f 1082 1084 1083
f 1084 1085 1083
f 1084 1086 1085
f 1086 1087 1085
f 1087 1088 1085
f 1086 1089 1087
f 1089 1090 1087
f 1089 1091 1090
f 1091 1092 1090
f 1092 1093 1090
f 1093 1094 1090
f 1094 1095 1090
f 1094 1096 1095
f 1096 1097 1095
f 1097 1098 1095
f 1098 1099 1095
f 1097 1100 1098
f 1096 1088 1097
f 1094 1101 1096
f 1101 1102 1096
f 1101 1103 1102
f 1103 1104 1102
f 1103 1105 1104
f 1105 1106 1104
f 1106 1107 1104
f 1106 1108 1107
f 1106 1109 1108
f 1109 1110 1108
f 1109 1111 1110
f 1111 1112 1110
f 1111 1113 1112
f 1113 1114 1112
f 1114 1115 1112
f 1114 1116 1115
f 1114 1117 1116
f 1117 1118 1116
f 1118 1119 1116
f 1118 1120 1119
f 1118 1121 1120
f 1121 1122 1120
f 1121 1123 1122
f 1123 1124 1122
f 1124 1125 1122
f 1125 1126 1122
f 1126 1127 1122
f 1127 1119 1122
f 1127 1128 1119
f 1128 1129 1119
f 1128 1127 1129
f 1127 1126 1129
f 1126 1130 1129
f 1130 1131 1129
f 1131 1132 1129
f 1130 1133 1131
f 1130 1134 1133
f 1134 1135 1133
f 1135 1136 1133
f 1135 1137 1136
f 1137 1138 1136
f 1138 1139 1136
f 1137 1140 1138
f 1140 1141 1138
f 1140 1142 1141
f 1140 1143 1142
f 1143 1144 1142
f 1143 1145 1144
f 1145 1146 1144
f 1146 1147 1144
f 1147 1148 1144
f 1148 1149 1144
f 1149 1150 1144
f 1149 1151 1150
f 1151 1152 1150
f 1152 1153 1150
f 1151 1154 1152
f 1151 1155 1154
f 1155 1156 1154
f 1156 1157 1154
f 1157 1158 1154
f 1158 1159 1154
f 1158 1160 1159
f 1160 1161 1159
f 1161 1152 1159
f 1160 1162 1161
f 1162 1163 1161
f 1163 1164 1161
f 1164 1153 1161
f 1164 1165 1153
f 1165 1166 1153
f 1165 1167 1166
f 1167 1168 1166
f 1167 1169 1168
f 1165 1170 1167
f 1170 1171 1167
f 1170 1172 1171
f 1172 1173 1171
f 1172 1174 1173
f 1174 1175 1173
f 1175 1176 1173
f 1175 1177 1176
f 1175 1178 1177
f 1178 1179 1177
f 1178 1180 1179
f 1178 1181 1180
f 1181 1182 1180
f 1181 1183 1182
f 1183 1184 1182
f 1183 1185 1184
f 1185 1186 1184
f 1185 1187 1186
f 1187 1188 1186
f 1187 1189 1188
f 1189 1190 1188
f 1189 1191 1190
f 1191 1192 1190
f 1191 1193 1192
f 1193 1194 1192
f 1194 1195 1192
f 1194 1196 1195
f 1194 1197 1196
f 1194 1198 1197
f 1198 1199 1197
f 1198 1200 1199
f 1200 1201 1199
f 1201 1202 1199
f 1201 1203 1202
f 1201 1204 1203
f 1204 1205 1203
f 1205 1206 1203
f 1205 1207 1206
f 1205 1204 1207
f 1201 1208 1204
f 1208 1209 1204
f 1209 1210 1204
f 1209 1211 1210
f 1211 1212 1210
f 1212 1213 1210
f 1212 1214 1213
f 1214 1215 1213
f 1215 1216 1213
f 1214 1217 1215
f 1217 1218 1215
f 1218 1219 1215
f 1218 1220 1219
f 1220 1221 1219
f 1221 1222 1219
f 1221 1223 1222
f 1221 1224 1223
f 1224 1225 1223
f 1225 1226 1223
f 1225 1227 1226
f 1225 1228 1227
f 1225 1229 1228
f 1229 1230 1228
f 1230 1231 1228
f 1230 1232 1231
f 1232 1233 1231
f 1233 1231 1234
f 1234 1235 1233
f 1234 1236 1235
f 1236 1237 1235
f 1237 1238 1235
f 1237 1239 1238
f 1239 1240 1238
f 1240 1241 1238
f 1240 1242 1241
f 1242 1243 1241
f 1242 1244 1243
f 1244 1245 1243
f 1245 1246 1243
f 1245 1247 1246
f 1247 1248 1246
f 1247 1249 1248
f 1247 1250 1249
f 1250 1251 1249
f 1251 1252 1249
f 1252 1253 1249
f 1252 1254 1253
f 1252 1255 1254
f 1255 1256 1254
f 1255 1257 1256
f 1255 1258 1257
f 1258 1259 1257
f 1258 1260 1259
f 1260 1261 1259
f 1260 1262 1261
f 1262 1263 1261
f 1263 1264 1261
f 1264 1265 1261
f 1265 1266 1261
f 1266 1267 1261
f 1267 1257 1261
f 1267 1266 1257
f 1265 1268 1266
f 1265 1269 1268
f 1269 1270 1268
f 1269 1271 1270
f 1271 1272 1270
f 1265 1273 1269
f 1265 1264 1273
f 1264 1274 1273
f 1274 1275 1273
f 1274 1276 1275
f 1276 1277 1275
f 1277 1278 1275
f 1278 1271 1275
f 1278 1279 1271
f 1278 1280 1279
f 1280 1281 1279
f 1281 1282 1279
f 1281 1283 1282
f 1283 1284 1282
f 1284 1285 1282
f 1280 1286 1281
f 1286 1287 1281
f 1286 1288 1287
f 1286 1289 1288
f 1289 1290 1288
f 1290 1291 1288
f 1291 1292 1288
f 1291 1293 1292
f 1293 1294 1292
f 1293 1295 1294
f 1295 1296 1294
f 1295 1297 1296
f 1297 1298 1296
f 1297 1299 1298
f 1299 1300 1298
f 1300 1301 1298
f 1301 1302 1298
f 1301 1303 1302
f 1303 1304 1302
f 1304 1305 1302
f 1305 1306 1302
f 1306 1307 1302
f 1304 1303 1305
f 1303 1308 1305
f 1308 1309 1305
f 1309 1310 1305
f 1310 1311 1305
f 1310 1312 1311
f 1312 1313 1311
f 1313 1314 1311
f 1314 1315 1311
f 1314 1316 1315
f 1316 1317 1315
f 1316 1318 1317
f 1318 1319 1317
f 1318 1320 1319
f 1320 1321 1319
f 1321 1322 1319
f 1322 1323 1319
f 1323 1324 1319
f 1323 1325 1324
f 1325 1326 1324
f 1326 1327 1324
f 1326 1328 1327
f 1328 1329 1327
f 1329 1318 1327
f 1329 1318 1316
f 1316 1330 1329
f 1330 1331 1329
f 1331 1332 1329
f 1331 1333 1332
f 1333 1334 1332
f 1334 1335 1332
f 1335 1318 1332
f 1335 1320 1318
f 1335 1336 1320
f 1336 1321 1320
f 1336 1337 1321
f 1337 1338 1321
f 1338 1322 1321
f 1338 1339 1322
f 1339 1340 1322
f 1340 1323 1322
f 1340 1341 1323
f 1341 1342 1323
f 1342 1343 1323
f 1342 1344 1343
f 1344 1345 1343
f 1345 1346 1343
f 1346 1307 1343
f 1307 1347 1343
f 1307 1348 1347
f 1348 1349 1347
f 1307 1350 1348
f 1346 1351 1307
f 1346 1352 1351
f 1346 1353 1352
f 1346 1345 1353
f 1345 1354 1353
f 1345 1355 1354
f 1355 1356 1354
f 1356 1357 1354
f 1356 1357 1358
f 1358 1359 1356
f 1345 1344 1355
f 1344 1342 1355
f 1342 1360 1355
f 1342 1341 1360
f 1341 1340 1360
f 1340 1339 1360
f 1338 1361 1339
f 1338 1362 1361
f 1362 1363 1361
f 1363 1364 1361
f 1364 1365 1361
f 1365 1366 1361
f 1365 1367 1366
f 1367 1366 1368
f 1368 1369 1367
f 1368 1356 1369
f 1356 1360 1369
f 1360 1359 1369
f 1359 1366 1369
f 1363 1370 1364
f 1370 1371 1364
f 1371 1372 1364
f 1370 1373 1371
f 1373 1374 1371
f 1373 1375 1374
f 1375 1376 1374
f 1376 1377 1374
f 1373 1378 1375
f 1370 1379 1373
f 1379 1380 1373
f 1379 1381 1380
f 1381 1380 1362
f 1362 1382 1381
f 1382 1383 1381
f 1383 1384 1381
f 1384 1385 1381
f 1384 1386 1385
f 1386 1387 1385
f 1387 1380 1385
f 1387 1388 1380
f 1388 1389 1380
f 1388 1390 1389
f 1390 1391 1389
f 1391 1377 1389
f 1391 1392 1377
f 1392 1393 1377
f 1393 1394 1377
f 1394 1371 1377
f 1391 1395 1392
f 1395 1396 1392
f 1396 1397 1392
f 1396 1398 1397
f 1396 1395 1398
f 1395 1399 1398
f 1399 1400 1398
f 1400 1401 1398
f 1400 1402 1401
f 1402 1403 1401
f 1403 1404 1401
f 1403 1405 1404
f 1403 1406 1405
f 1406 1407 1405
f 1406 1408 1407
f 1408 1409 1407
f 1408 1410 1409
f 1410 1411 1409
f 1411 1412 1409
f 1411 1413 1412
f 1413 1414 1412
f 1413 1415 1414
f 1415 1416 1414
f 1415 1417 1416
f 1417 1418 1416
f 1417 1419 1418
f 1419 1420 1418
f 1419 1421 1420
f 1419 1422 1421
f 1422 1423 1421
f 1423 1424 1421
f 1423 1425 1424
f 1423 1426 1425
f 1426 1427 1425
f 1427 1428 1425
f 1428 1429 1425
f 1428 1430 1429
f 1430 1431 1429
f 1431 1432 1429
f 1431 1433 1432
f 1433 1434 1432
f 1434 1435 1432
f 1434 1436 1435
f 1436 1437 1435
f 1437 1438 1435
f 1437 1439 1438
f 1439 1440 1438
f 1439 1441 1440
f 1441 1442 1440
f 1442 1443 1440
f 1443 1444 1440
f 1444 1445 1440
f 1443 1446 1444
f 1443 1447 1446
f 1447 1448 1446
f 1447 1449 1448
f 1449 1450 1448
f 1450 1451 1448
f 1450 1452 1451
f 1452 1453 1451
f 1452 1454 1453
f 1454 1455 1453
f 1455 1456 1453
f 1455 1457 1456
f 1457 1458 1456
f 1458 1459 1456
f 1458 1460 1459
f 1460 1461 1459
f 1460 1462 1461
f 1462 1463 1461
f 1463 1464 1461
f 1463 1465 1464
f 1465 1466 1464
f 1465 1467 1466
f 1467 1468 1466
f 1468 1469 1466
f 1468 1470 1469
f 1470 1471 1469
f 1471 1472 1469
f 1471 1473 1472
f 1473 1474 1472
f 1473 1475 1474
f 1475 1476 1474
f 1475 1477 1476
f 1477 1478 1476
f 1478 1479 1476
f 1479 1480 1476
f 1478 1481 1479
f 1481 1482 1479
f 1482 1483 1479
f 1482 1484 1483
f 1484 1485 1483
f 1484 1486 1485
f 1486 1487 1485
f 1487 1488 1485
f 1487 1489 1488
f 1489 1490 1488
f 1489 1491 1490
f 1491 1492 1490
f 1492 1493 1490
f 1492 1494 1493
f 1494 1495 1493
f 1495 1496 1493
f 1495 1497 1496
f 1497 1498 1496
f 1497 1499 1498
f 1499 1500 1498
f 1500 1501 1498
f 1500 1502 1501
f 1502 1503 1501
f 1503 1504 1501
f 1503 1505 1504
f 1505 1506 1504
f 1505 1507 1506
f 1507 1508 1506
f 1508 1509 1506
f 1508 1510 1509
f 2389 2390 965
f 2390 2391 965
f 2391 966 965
f 2391 2390 966
f 2390 2392 966
f 2392 2393 966
f 2393 967 966
f 2393 2394 967
f 2394 2395 967
f 2395 2396 967
f 2396 968 967
f 2396 2397 968
f 2397 2398 968
f 2398 972 968
f 2398 976 974
f 2398 2397 976
f 2397 2399 976
f 2399 978 976
f 2399 2400 978
f 2400 979 978
f 2400 2401 979
f 2401 2402 979
f 2402 982 979
f 2402 984 982
f 2402 2403 984
f 2403 986 984
f 2403 2404 986
f 2404 988 986
f 2404 2405 988
f 2405 2406 988
f 2406 2407 988
f 2407 989 988
f 2407 2408 989
f 2408 991 989
f 2408 2409 991
f 2409 2410 991
f 2410 2411 991
f 2411 992 991
f 2411 1041 992
f 1041 1039 992
f 1039 1037 992
f 1037 993 992
f 1037 1035 993
f 1035 994 993
f 1035 996 994
f 2411 1042 1041
f 2411 2412 1042
f 2412 2413 1042
f 2413 1044 1042
f 2413 2414 1044
f 2414 1047 1044
f 2414 1049 1047
f 2414 2415 1049
f 2415 1050 1049
f 2415 2416 1050
f 2416 1052 1050
f 2416 2417 1052
f 2417 2418 1052
f 2418 1055 1052
f 2418 2419 1055
f 2419 1057 1055
f 2419 1059 1057
f 2419 2420 1059
f 2420 1061 1059
f 2420 2421 1061
f 2421 1063 1061
f 2421 2422 1063
f 2422 2423 1063
f 2422 2424 2423
f 2424 2425 2423
f 2425 2426 2423
f 2426 2427 2423
f 2426 2428 2427
f 2428 2429 2427
f 2429 2430 2427
f 2430 1065 2427
f 1065 2431 2427
f 2430 1067 1065
f 2430 1069 1067
f 2430 2432 1069
f 2432 2433 1069
f 2433 1074 1069
f 1074 1070 1069
f 2433 2434 1074
f 2434 1075 1074
f 2434 2435 1075
f 2435 1079 1075
f 2435 2436 1079
f 2436 1080 1079
f 2436 2437 1080
f 2436 2438 2437
f 2436 2439 2438
f 2439 2440 2438
f 2440 2441 2438
f 2440 2441 2442
f 2442 2443 2440
f 2443 2444 2440
f 2444 2445 2440
f 2444 2446 2445
f 2446 2447 2445
f 2444 2448 2446
f 2444 2449 2448
f 2449 2450 2448
f 2450 2451 2448
f 2451 2452 2448
f 2451 2453 2452
f 2453 2454 2452
f 2454 2455 2452
f 2455 2452 2456
f 2453 2457 2454
f 2457 2458 2454
f 2458 2459 2454
f 2459 2460 2454
f 2460 2461 2454
f 2460 2462 2461
f 2462 2463 2461
f 2463 2464 2461
f 2464 2455 2461
f 2463 2465 2464
f 2465 2464 2466
f 2464 2456 2466
f 2456 2467 2466
f 2467 2468 2466
f 2468 2469 2466
f 2468 2470 2469
f 2470 2471 2469
f 2470 2472 2471
f 2472 2473 2471
f 2473 2474 2471
f 2474 2475 2471
f 2474 2476 2475
f 2476 2477 2475
f 2477 2478 2475
f 2478 2475 2479
f 2479 2478 2480
f 2476 2481 2477
f 2481 2482 2477
f 2476 2483 2481
f 2483 2484 2481
f 2484 2485 2481
f 2485 2486 2481
f 2485 2487 2486
f 2485 2484 2487
f 2484 2488 2487
f 2488 2489 2487
f 2489 2490 2487
f 2489 2491 2490
f 2491 2492 2490
f 2492 2493 2490
f 2493 2494 2490
f 2494 2495 2490
f 2495 2486 2490
f 2495 2496 2486
f 2495 2497 2496
f 2497 2498 2496
f 2497 2480 2498
f 2497 2499 2480
f 2499 2500 2480
f 2499 2501 2500
f 2501 2502 2500
f 2502 2503 2500
f 2503 2504 2500
f 2504 2478 2500
f 2503 2505 2504
f 2505 2506 2504
f 2506 2507 2504
f 2506 2508 2507
f 2508 2509 2507
f 2509 2510 2507
f 2510 2511 2507
f 2511 2512 2507
f 2511 2480 2512
f 2480 2513 2512
f 2510 2463 2511
f 2463 2514 2511
f 2463 2462 2514
f 2462 2515 2514
f 2515 2516 2514
f 2516 2472 2514
f 2516 2472 2470
f 2515 2459 2516
f 2459 2517 2516
f 2517 2518 2516
f 2518 2519 2516
f 2518 2519 2472
f 2519 2520 2472
f 2520 2521 2472
f 2521 2473 2472
f 2517 2458 2518
f 2458 2522 2518
f 2522 2523 2518
f 2523 2524 2518
f 2524 2525 2518
f 2525 2520 2518
f 2525 2526 2520
f 2526 2527 2520
f 2527 2473 2520
f 2526 2528 2527
f 2528 2529 2527
f 2529 2530 2527
f 2530 2531 2527
f 2531 2532 2527
f 2531 2473 2532
f 2531 2476 2473
f 2476 2474 2473
f 2531 2530 2476
f 2529 2533 2530
f 2533 2534 2530
f 2534 2483 2530
f 2533 2535 2534
f 2535 2536 2534
f 2535 2537 2536
f 2537 2538 2536
f 2538 2539 2536
f 2539 2540 2536
f 2540 2541 2536
f 2541 2483 2536
f 2483 2542 2536
f 2542 2543 2536
f 2542 2544 2543
f 2544 2535 2543
f 2544 2535 2533
f 2533 2529 2544
f 2529 2545 2544
f 2542 2530 2544
f 2541 2546 2483
f 2546 2483 2547
f 2547 2484 2546
f 2547 2548 2484
f 2548 2488 2484
f 2548 2549 2488
f 2549 2550 2488
f 2550 2489 2488
f 2550 2491 2489
f 2550 2551 2491
f 2551 2552 2491
f 2552 2553 2491
f 2553 2554 2491
f 2554 2492 2491
f 2554 2493 2492
f 2554 2555 2493
f 2555 2556 2493
f 2556 2494 2493
f 2556 2557 2494
f 2557 2499 2494
f 2499 2558 2494
f 2558 2495 2494
f 2558 2497 2495
f 2558 2499 2497
f 2557 2501 2499
f 2557 2501 2559
f 2501 2502 2559
f 2559 2560 2557
f 2560 2561 2557
f 2560 2562 2561
f 2562 2563 2561
f 2563 2564 2561
f 2563 2565 2564
f 2565 2566 2564
f 2566 2567 2564
f 2566 2505 2567
f 2505 2503 2567
f 2503 2513 2567
f 2566 2568 2505
f 2568 2569 2505
f 2569 2508 2505
f 2569 2508 2568
f 2566 2570 2568
f 2566 2571 2570
f 2571 2572 2570
f 2572 2573 2570
f 2572 2574 2573
f 2574 2575 2573
f 2575 2576 2573
f 2576 2577 2573
f 2576 2578 2577
f 2578 2579 2577
f 2579 2580 2577
f 2580 2581 2577
f 2580 2509 2581
f 2509 2508 2581
f 2580 2582 2509
f 2582 2465 2509
f 2465 2510 2509
f 2465 2463 2510
f 2582 2583 2465
f 2582 2584 2583
f 2584 2585 2583
f 2585 2586 2583
f 2586 2587 2583
f 2587 2588 2583
f 2588 2464 2583
f 2588 2456 2464
f 2587 2447 2588
f 2447 2455 2588
f 2585 2589 2586
f 2589 2590 2586
f 2590 2591 2586
f 2590 2592 2591
f 2592 2593 2591
f 2593 2594 2591
f 2594 2595 2591
f 2595 2596 2591
f 2596 2587 2591
f 2595 2597 2596
f 2595 2455 2597
f 2594 2437 2595
f 2594 2598 2437
f 2598 2599 2437
f 2598 2593 2599
f 2593 2600 2599
f 2600 2601 2599
f 2601 1080 2599
f 2601 1082 1080
f 2601 1084 1082
f 2601 2602 1084
f 2602 1086 1084
f 2602 1089 1086
f 2602 1091 1089
f 2602 2600 1091
f 2600 2593 1091
f 2593 2592 1091
f 2592 1092 1091
f 2592 2603 1092
f 2603 2604 1092
f 2604 1093 1092
f 2604 2605 1093
f 2605 2606 1093
f 2606 2607 1093
f 2607 1101 1093
f 1101 1094 1093
f 2607 1103 1101
f 2607 2608 1103
f 2608 1105 1103
f 2608 2609 1105
f 2609 1106 1105
f 2609 2610 1106
f 2610 1109 1106
f 2610 2611 1109
f 2611 2612 1109
f 2612 1111 1109
f 2612 1113 1111
f 2612 2613 1113
f 2613 1114 1113
f 2613 2614 1114
f 2614 1117 1114
f 2614 2615 1117
f 2615 2616 1117
f 2616 1123 1117
f 1123 1121 1117
f 1121 1118 1117
f 2616 2617 1123
f 2617 1124 1123
f 2617 2618 1124
f 2618 2619 1124
f 2619 1125 1124
f 2619 2620 1125
f 2620 2621 1125
f 2621 2622 1125
f 2622 1126 1125
f 2622 1130 1126
f 2622 2623 1130
f 2623 2624 1130
f 2624 1135 1130
f 1135 1134 1130
f 2624 2625 1135
f 2625 2626 1135
f 2626 1137 1135
f 2626 1140 1137
f 2626 1143 1140
f 2626 1145 1143
f 2626 2625 1145
f 2625 1146 1145
f 2625 2627 1146
f 2627 2628 1146
f 2628 1147 1146
f 2628 2629 1147
f 2629 2630 1147
f 2630 2631 1147
f 2630 2632 2631
f 2632 1155 2631
f 1155 1149 2631
f 1149 2633 2631
f 1149 1148 2633
f 1148 1147 2633
f 1155 1151 1149
f 2632 2634 1155
f 2634 1156 1155
f 2634 2635 1156
f 2635 1157 1156
f 2635 2636 1157
f 2636 2637 1157
f 2637 1158 1157
f 2637 2638 1158
f 2638 1160 1158
f 2638 2639 1160
f 2639 2640 1160
f 2640 1162 1160
f 2640 2641 1162
f 2641 1163 1162
f 2641 2642 1163
f 2642 1174 1163
f 1174 2643 1163
f 2643 1164 1163
f 2643 1165 1164
f 2643 1170 1165
f 2643 1172 1170
f 2643 1174 1172
f 2642 1175 1174
f 2642 2644 1175
f 2644 2645 1175
f 2645 1178 1175
f 2642 2646 2644
f 2646 2647 2644
f 2647 2648 2644
f 2648 1178 2644
f 2648 1181 1178
f 2648 2649 1181
f 2649 1183 1181
f 2649 2650 1183
f 2650 1185 1183
f 2650 2651 1185
f 2651 1187 1185
f 2650 2652 2651
f 2652 2653 2651
f 2653 2654 2651
f 2652 2655 2653
f 2655 2656 2653
f 2655 2657 2656
f 2657 2658 2656
f 2658 2659 2656
f 2658 2660 2659
f 2660 2661 2659
f 2661 2662 2659
f 2662 2663 2659
f 2663 2664 2659
f 2663 2665 2664
f 2665 2666 2664
f 2666 2656 2664
f 2665 2667 2666
f 2667 2668 2666
f 2668 2669 2666
f 2668 2667 2669
f 2667 2670 2669
f 2670 2671 2669
f 2670 2654 2671
f 2654 2672 2671
f 2672 2653 2671
f 2670 1191 2654
f 1191 1189 2654
f 1189 1187 2654
f 2670 1193 1191
f 2670 2673 1193
f 2673 2674 1193
f 2674 1194 1193
f 2674 2675 1194
f 2675 1200 1194
f 1200 1198 1194
f 2675 2676 1200
f 2676 2677 1200
f 2677 1208 1200
f 1208 1201 1200
f 2677 1209 1208
f 2677 1211 1209
f 2677 2676 1211
f 2676 2678 1211
f 2678 1212 1211
f 2678 2679 1212
f 2679 2680 1212
f 2680 1214 1212
f 2680 1217 1214
f 2680 2681 1217
f 2681 2682 1217
f 2682 1218 1217
f 2682 1220 1218
f 2682 2683 1220
f 2683 2684 1220
f 2684 1221 1220
f 2684 2685 1221
f 2685 1229 1221
f 1229 1224 1221
f 1229 1225 1224
f 2685 2684 1229
f 2683 2686 2684
f 2683 2687 2686
f 2687 2688 2686
f 2688 2689 2686
f 2687 2690 2688
f 2690 2664 2688
f 2687 2691 2690
f 2691 2665 2690
f 2665 2663 2690
f 2691 2692 2665
f 2692 2693 2665
f 2693 2667 2665
f 2693 2674 2667
f 2674 2673 2667
f 2673 2670 2667
f 2693 2676 2674
f 2676 2675 2674
f 2693 2678 2676
f 2693 2694 2678
f 2694 2679 2678
f 2694 2680 2679
f 2694 2681 2680
f 2694 2683 2681
f 2683 2682 2681
f 2694 2691 2683
f 2691 2687 2683
f 2694 2692 2691
f 2694 2693 2692
f 2662 2695 2663
f 2662 2696 2695
f 2696 2697 2695
f 2697 2698 2695
f 2698 2688 2695
f 2697 2699 2698
f 2699 2700 2698
f 2699 2701 2700
f 2701 2702 2700
f 2702 2689 2700
f 2701 2703 2702
f 2703 1229 2702
f 1229 2686 2702
f 2703 1230 1229
f 2703 2704 1230
f 2704 1232 1230
f 2704 2705 1232
f 2705 1233 1232
f 2703 2701 2704
f 2701 2699 2704
f 2699 2706 2704
f 2706 2707 2704
f 2706 2705 2707
f 2699 2708 2706
f 2708 2709 2706
f 2709 2710 2706
f 2710 2711 2706
f 2710 2712 2711
f 2710 2713 2712
f 2713 2712 2705
f 2710 2714 2713
f 2714 2715 2713
f 2714 2716 2715
f 2716 2717 2715
f 2717 1237 2715
f 1237 1236 2715
f 1236 2705 2715
f 1236 1234 2705
f 2717 1239 1237
f 2717 2718 1239
f 2718 2719 1239
f 2719 1240 1239
f 2719 1242 1240
f 2719 2720 1242
f 2720 1244 1242
f 2720 2721 1244
f 2721 2722 1244
f 2722 1245 1244
f 2722 1247 1245
f 2722 2723 1247
f 2723 1250 1247
f 2723 2724 1250
f 2724 2725 1250
f 2725 2726 1250
f 2726 1251 1250
f 2726 1252 1251
f 2726 2727 1252
f 2727 1255 1252
f 2727 2728 1255
f 2728 1258 1255
f 2728 2729 1258
f 2729 2730 1258
f 2730 1262 1258
f 1262 1260 1258
f 2730 2731 1262
f 2731 2732 1262
f 2732 2733 1262
f 2733 1263 1262
f 2733 2734 1263
f 2734 1264 1263
f 2734 2735 1264
f 2735 1274 1264
f 2734 2736 2735
f 2734 2737 2736
f 2737 2738 2736
f 2738 2739 2736
f 2738 2740 2739
f 2740 2741 2739
f 2741 2742 2739
f 2742 2743 2739
f 2743 2744 2739
f 2743 2745 2744
f 2745 2746 2744
f 2746 2747 2744
f 2747 2748 2744
f 2747 2749 2748
f 2747 1276 2749
f 1276 2750 2749
f 2750 2744 2749
f 2750 2751 2744
f 1276 1274 2750
f 2747 1277 1276
f 2747 2752 1277
f 2752 1289 1277
f 1289 1280 1277
f 1280 1278 1277
f 1289 1286 1280
f 2752 1290 1289
f 2752 2747 1290
f 2747 2753 1290
f 2753 2754 1290
f 2754 1291 1290
f 2754 1293 1291
f 2754 1295 1293
f 2754 2746 1295
f 2746 1299 1295
f 1299 1297 1295
f 2746 2755 1299
f 2755 2756 1299
f 2756 1300 1299
f 2756 1301 1300
f 2756 1303 1301
f 2756 2755 1303
f 2746 2745 2755
f 2745 2757 2755
f 2757 2743 2755
f 2757 2745 2743
f 2754 2753 2746
f 2753 2748 2746
f 2753 2758 2748
f 2741 2759 2742
f 2759 2760 2742
f 2760 2761 2742
f 2760 2762 2761
f 2762 2763 2761
f 2763 1309 2761
f 1309 1308 2761
f 1308 1303 2761
f 2763 1310 1309
f 2763 1312 1310
f 2763 2764 1312
f 2764 2765 1312
f 2765 2766 1312
f 2766 1313 1312
f 2766 2767 1313
f 2767 1314 1313
f 2767 2768 1314
f 2768 1316 1314
f 2768 1330 1316
f 2768 2769 1330
f 2769 1333 1330
f 1333 1331 1330
f 2768 2770 2769
f 2770 2771 2769
f 2771 2772 2769
f 2771 2773 2772
f 2773 2774 2772
f 2774 2775 2772
f 2775 2776 2772
f 2775 2777 2776
f 2775 2774 2777
f 2774 2778 2777
f 2778 2779 2777
f 2778 2780 2779
f 2780 2781 2779
f 2781 2782 2779
f 2781 2783 2782
f 2783 2784 2782
f 2784 2785 2782
f 2785 2782 2786
f 2786 2787 2785
f 2786 2788 2787
f 2788 2789 2787
f 2789 2790 2787
f 2790 2791 2787
f 2791 2792 2787
f 2791 2793 2792
f 2793 2794 2792
f 2793 2795 2794
f 2793 2795 2776
f 2791 2796 2793
f 2796 1334 2793
f 2796 2797 1334
f 2797 1335 1334
f 2797 2798 1335
f 2798 1336 1335
f 2798 1382 1336
f 1382 1337 1336
f 1382 1362 1337
f 1362 1338 1337
f 2798 1384 1382
f 1384 1383 1382
f 2798 2796 1384
f 2796 2790 1384
f 2790 1386 1384
f 2790 2789 1386
f 2789 1387 1386
f 2789 2799 1387
f 2799 1388 1387
f 2799 1390 1388
f 2799 2800 1390
f 2799 2789 2800
f 2789 2801 2800
f 2801 2802 2800
f 2801 2803 2802
f 2803 2804 2802
f 2804 2805 2802
f 2804 2806 2805
f 2806 2807 2805
f 2807 2808 2805
f 2808 2809 2805
f 2809 2810 2805
f 2808 2811 2809
f 2811 2812 2809
f 2808 2813 2811
f 2813 1390 2811
f 2813 1391 1390
f 2813 1395 1391
f 2813 1399 1395
f 2813 2808 1399
f 2808 2814 1399
f 2814 1400 1399
f 2814 2808 1400
f 2808 2807 1400
f 2807 2815 1400
f 2815 1402 1400
f 2815 2816 1402
f 2816 1403 1402
f 2816 2817 1403
f 2817 1406 1403
f 2817 2818 1406
f 2818 1408 1406
f 2818 2819 1408
f 2819 1410 1408
f 2819 2820 1410
f 2820 2821 1410
f 2821 2822 1410
f 2822 1411 1410
f 2822 1413 1411
f 2822 2823 1413
f 2823 2824 1413
f 2824 1415 1413
f 2824 2825 1415
f 2825 1417 1415
f 2825 2826 1417
f 2826 1419 1417
f 2826 1422 1419
f 2826 2827 1422
f 2827 2828 1422
f 2828 1423 1422
f 2828 2829 1423
f 2829 1426 1423
f 2829 1427 1426
f 2829 2830 1427
f 2830 1430 1427
f 1430 1428 1427
f 2830 2831 1430
f 2831 2832 1430
f 2832 2833 1430
f 2833 2834 1430
f 2834 1431 1430
f 2834 2835 1431
f 2835 1433 1431
f 2835 2836 1433
f 2836 2837 1433
f 2837 1434 1433
f 2837 1436 1434
f 2837 2838 1436
f 2838 2839 1436
f 2839 1437 1436
f 2839 2840 1437
f 2840 1439 1437
f 2840 1441 1439
f 2840 2841 1441
f 2841 2842 1441
f 2842 1442 1441
f 2842 2843 1442
f 2843 1447 1442
f 1447 1443 1442
f 2843 1449 1447
f 2843 2844 1449
f 2844 2845 1449
f 2845 1450 1449
f 2845 2846 1450
f 2846 1452 1450
f 2846 1454 1452
f 2846 2847 1454
f 2847 2848 1454
f 2848 1455 1454
f 2848 1457 1455
f 2848 2849 1457
f 2849 2850 1457
f 2850 1458 1457
f 2850 2851 1458
f 2851 1460 1458
f 2851 2852 1460
f 2852 1462 1460
f 2852 2853 1462
f 2853 2854 1462
f 2854 1463 1462
f 2854 1465 1463
f 2854 1467 1465
f 2854 2855 1467
f 2855 2856 1467
f 2856 2857 1467
f 2857 1468 1467
f 2857 1470 1468
f 2857 2858 1470
f 2858 2859 1470
f 2859 1471 1470
f 2859 1473 1471
f 2859 2860 1473
f 2860 1475 1473
f 2860 2861 1475
f 2861 1477 1475
f 2861 2862 1477
f 2862 2863 1477
f 2863 1478 1477
f 2863 1481 1478
f 2863 2864 1481
f 2864 2865 1481
f 2865 1482 1481
f 2865 2866 1482
f 2866 1484 1482
f 2866 1486 1484
f 2866 2867 1486
f 2867 2868 1486
f 2868 1487 1486
f 2868 2869 1487
f 2869 1489 1487
f 2869 1491 1489
f 2869 2870 1491
f 2870 2871 1491
f 2871 1492 1491
f 2871 1494 1492
f 2871 2872 1494
f 2872 2873 1494
f 2873 1495 1494
f 2873 2874 1495
f 2874 1497 1495
f 2874 2875 1497
f 2875 1499 1497
f 2875 2876 1499
f 2876 2877 1499
f 2877 1500 1499
f 2877 1502 1500
f 2877 2878 1502
f 2878 2879 1502
f 2879 1503 1502
f 2879 2880 1503
f 2880 1505 1503
f 2880 1507 1505
f 2880 2881 1507
f 2881 2882 1507
f 2882 1508 1507
f 2882 1510 1508
f 2882 2883 1510
f 2883 2884 1510
f 3638 3639 2389
f 3639 2390 2389
f 3639 3640 2390
f 3640 3641 2390
f 3641 2392 2390
f 3641 2393 2392
f 3641 3642 2393
f 3642 3643 2393
f 3643 2394 2393
f 3643 3644 2394
f 3644 3645 2394
f 3645 2395 2394
f 3645 3646 2395
f 3646 2396 2395
f 3646 3647 2396
f 3647 2399 2396
f 2399 2397 2396
f 3647 2400 2399
f 3647 3648 2400
f 3648 3649 2400
f 3649 2401 2400
f 3649 2402 2401
f 3649 3650 2402
f 3650 2403 2402
f 3650 3651 2403
f 3651 2405 2403
f 2405 2404 2403
f 3651 3652 2405
f 3652 3653 2405
f 3653 2406 2405
f 3653 2407 2406
f 3653 3654 2407
f 3654 2408 2407
f 3653 3655 3654
f 3655 3656 3654
f 3656 3657 3654
f 3655 3658 3656
f 3658 3659 3656
f 3658 3660 3659
f 3660 3661 3659
f 3661 3662 3659
f 3662 3663 3659
f 3662 3664 3663
f 3664 3665 3663
f 3664 3666 3665
f 3666 3667 3665
f 3666 3668 3667
f 3666 3669 3668
f 3669 3670 3668
f 3669 3671 3670
f 3671 3672 3670
f 3672 3673 3670
f 3673 3674 3670
f 3673 3675 3674
f 3675 3676 3674
f 3675 3677 3676
f 3677 3678 3676
f 3678 3679 3676
f 3679 3680 3676
f 3680 3667 3676
f 3679 3681 3680
f 3681 3657 3680
f 3679 3682 3681
f 3682 2409 3681
f 2409 2408 3681
f 3682 3683 2409
f 3683 2410 2409
f 3683 3684 2410
f 3684 2412 2410
f 2412 2411 2410
f 3684 3685 2412
f 3685 3686 2412
f 3686 2413 2412
f 3686 2414 2413
f 3686 3687 2414
f 3687 2415 2414
f 3687 2416 2415
f 3687 3688 2416
f 3688 2417 2416
f 3688 3689 2417
f 3689 2418 2417
f 3689 3690 2418
f 3690 2419 2418
f 3690 3691 2419
f 3691 3692 2419
f 3692 3693 2419
f 3693 2420 2419
f 3693 2421 2420
f 3693 2422 2421
f 3693 3694 2422
f 3694 2424 2422
f 3694 3695 2424
f 3695 3696 2424
f 3696 2425 2424
f 3696 3697 2425
f 3697 3698 2425
f 3698 3699 2425
f 3699 3700 2425
f 3700 2426 2425
f 3700 2428 2426
f 3700 3701 2428
f 3701 3702 2428
f 3702 3703 2428
f 3703 2429 2428
f 3703 2432 2429
f 2432 2430 2429
f 3703 3704 2432
f 3704 2433 2432
f 3704 2434 2433
f 3704 3703 2434
f 3703 3705 2434
f 3705 2442 2434
f 3705 2443 2442
f 3705 3706 2443
f 3706 3707 2443
f 3707 2444 2443
f 3707 2449 2444
f 3707 3706 2449
f 3706 3708 2449
f 3708 2450 2449
f 3708 3709 2450
f 3709 3710 2450
f 3710 3711 2450
f 3711 2453 2450
f 2453 2451 2450
f 3711 2457 2453
f 3711 3712 2457
f 3712 2458 2457
f 3712 2522 2458
f 3712 3713 2522
f 3713 2523 2522
f 3713 3714 2523
f 3714 2524 2523
f 3714 3715 2524
f 3715 3716 2524
f 3716 2526 2524
f 2526 2525 2524
f 3716 3717 2526
f 3717 3718 2526
f 3718 2528 2526
f 3717 3716 3718
f 3716 3719 3718
f 3719 3720 3718
f 3720 3721 3718
f 3721 3722 3718
f 3721 3722 2528
f 3722 2544 2528
f 3722 3723 2544
f 3722 3724 3723
f 3724 3725 3723
f 3725 3726 3723
f 3726 2535 3723
f 3724 3727 3725
f 3727 3728 3725
f 3728 3729 3725
f 3729 2535 3725
f 3729 3730 2535
f 3730 2538 2535
f 2538 2537 2535
f 3730 3731 2538
f 3731 3732 2538
f 3732 2539 2538
f 3732 3733 2539
f 3733 3734 2539
f 3734 3735 2539
f 3735 3736 2539
f 3736 2539 3737
f 3737 2540 3736
f 3737 2541 2540
f 3737 2546 2541
f 3735 3738 3736
f 3738 3739 3736
f 3738 3740 3739
f 3740 3741 3739
f 3741 3742 3739
f 3742 2549 3739
f 2549 2548 3739
f 2548 3739 3743
f 3743 2548 3744
f 2548 2547 3744
f 2547 3745 3744
f 3745 3746 3744
f 3746 3747 3744
f 3747 3743 3744
f 3747 3748 3743
f 3748 2549 3743
f 3747 3749 3748
f 3749 3750 3748
f 3750 3751 3748
f 3751 3752 3748
f 3751 3753 3752
f 3753 3754 3752
f 3754 3755 3752
f 3751 3756 3753
f 3756 2552 3753
f 2552 3753 3757
f 3757 3758 2552
f 3758 3759 2552
f 3759 2553 2552
f 3759 3760 2553
f 3760 2554 2553
f 3760 2555 2554
f 3760 3761 2555
f 3761 3762 2555
f 3762 3763 2555
f 3763 2556 2555
f 3763 2562 2556
f 2562 2560 2556
f 2560 2559 2556
f 3763 3764 2562
f 3764 2563 2562
f 3764 3765 2563
f 3765 3766 2563
f 3766 2565 2563
f 3766 3767 2565
f 3767 2566 2565
f 3767 2571 2566
f 3767 3768 2571
f 3768 3769 2571
f 3769 3770 2571
f 3770 2572 2571
f 3770 3771 2572
f 3771 2574 2572
f 3771 3772 2574
f 3772 3773 2574
f 3773 2575 2574
f 3773 2576 2575
f 3773 3774 2576
f 3774 3775 2576
f 3775 2578 2576
f 3775 3776 2578
f 3776 3777 2578
f 3777 2605 2578
f 3777 3776 2605
f 3776 2606 2605
f 3776 3778 2606
f 3778 2607 2606
f 3778 2608 2607
f 3778 2609 2608
f 3778 3776 2609
f 3776 3775 2609
f 3775 3779 2609
f 3779 3780 2609
f 3780 2611 2609
f 2611 2610 2609
f 3780 2612 2611
f 3780 3781 2612
f 3781 2613 2612
f 3781 3782 2613
f 3782 2614 2613
f 3782 3783 2614
f 3782 3784 3783
f 3784 3785 3783
f 3784 3786 3785
f 3786 3787 3785
f 3787 3788 3785
f 3787 3769 3788
f 3769 3789 3788
f 3789 3790 3788
f 3790 3791 3788
f 3790 3792 3791
f 3792 3793 3791
f 3793 2615 3791
f 3793 2616 2615
f 3793 2617 2616
f 3793 3792 2617
f 3792 3794 2617
f 3794 2618 2617
f 3794 3795 2618
f 3795 3796 2618
f 3796 2619 2618
f 3796 3797 2619
f 3797 2620 2619
f 3797 3798 2620
f 3798 3799 2620
f 3799 2621 2620
f 3799 2623 2621
f 2623 2622 2621
f 3799 2625 2623
f 2625 2624 2623
f 3799 2627 2625
f 3799 2628 2627
f 3799 3798 2628
f 3798 2629 2628
f 3798 2630 2629
f 3798 3800 2630
f 3800 3801 2630
f 3801 2632 2630
f 3801 3802 2632
f 3802 2634 2632
f 3802 3803 2634
f 3803 2635 2634
f 3803 3804 2635
f 3804 2636 2635
f 3804 3805 2636
f 3805 3806 2636
f 3806 2637 2636
f 3806 2638 2637
f 3806 3807 2638
f 3807 3808 2638
f 3808 2639 2638
f 3808 3809 2639
f 3809 2640 2639
f 3809 2646 2640
f 2646 2641 2640
f 2646 2642 2641
f 3809 3810 2646
f 3810 2647 2646
f 3810 3811 2647
f 3811 3812 2647
f 3811 3813 3812
f 3811 3814 3813
f 3814 3815 3813
f 3814 3808 3815
f 3808 3807 3815
f 3807 3816 3815
f 3814 3809 3808
f 3814 3810 3809
f 3814 3811 3810
f 3804 3817 3805
f 3817 3818 3805
f 3804 3819 3817
f 3819 3820 3817
f 3820 3821 3817
f 3820 3822 3821
f 3822 3823 3821
f 3823 3824 3821
f 3823 3825 3824
f 3825 3826 3824
f 3826 3827 3824
f 3826 3828 3827
f 3828 3829 3827
f 3829 3830 3827
f 3830 3831 3827
f 3830 3832 3831
f 3830 3832 3833
f 3832 3834 3833
f 3834 3835 3833
f 3835 3836 3833
f 3835 3837 3836
f 3837 3838 3836
f 3837 3839 3838
f 3839 3840 3838
f 3840 3841 3838
f 3841 3842 3838
f 3842 3843 3838
f 3842 3844 3843
f 3844 3845 3843
f 3845 3831 3843
f 3845 3846 3831
f 3844 3847 3845
f 3847 3848 3845
f 3847 3849 3848
f 3849 3850 3848
f 3849 3851 3850
f 3851 3852 3850
f 3851 3818 3852
f 3818 3852 3853
f 3852 3854 3853
f 3854 3855 3853
f 3855 3816 3853
f 3855 3856 3816
f 3856 3857 3816
f 3856 3858 3857
f 3858 3859 3857
f 3859 3860 3857
f 3859 3861 3860
f 3859 2657 3861
f 2657 2655 3861
f 2655 3862 3861
f 2655 2652 3862
f 2652 3812 3862
f 3859 3863 2657
f 3863 2660 2657
f 2660 2658 2657
f 3858 2660 3859
f 3858 3864 2660
f 3864 2696 2660
f 2696 2661 2660
f 2696 2662 2661
f 3858 3865 3864
f 3865 3866 3864
f 3866 3867 3864
f 3867 3868 3864
f 3868 3869 3864
f 3868 3869 2696
f 3867 3870 3868
f 3870 3868 3871
f 3867 3872 3870
f 3872 3873 3870
f 3873 3874 3870
f 3874 3875 3870
f 3873 3876 3874
f 3876 3877 3874
f 3877 3878 3874
f 3877 3879 3878
f 3879 3880 3878
f 3879 3881 3880
f 3879 3882 3881
f 3882 3883 3881
f 3883 3884 3881
f 3884 3881 3885
f 3881 2709 3885
f 2709 3886 3885
f 3886 3887 3885
f 3886 3871 3887
f 3886 3888 3871
f 3886 2709 3888
f 2709 2708 3888
f 2708 2697 3888
f 2697 3888 2699
f 3881 2714 2709
f 2714 2716 2709
f 3881 3889 2714
f 3881 3890 3889
f 3885 3884 3891
f 3884 3892 3891
f 3892 3893 3891
f 3893 2716 3891
f 3893 2717 2716
f 3893 2718 2717
f 3893 3894 2718
f 3894 3895 2718
f 3895 2719 2718
f 3895 2720 2719
f 3895 3896 2720
f 3896 2721 2720
f 3896 3897 2721
f 3897 2723 2721
f 2723 2722 2721
f 3897 3898 2723
f 3898 2724 2723
f 3898 3899 2724
f 3899 3900 2724
f 3900 2725 2724
f 3900 3901 2725
f 3901 3902 2725
f 3902 2726 2725
f 3902 2727 2726
f 3902 2728 2727
f 3902 3903 2728
f 3903 3904 2728
f 3904 2729 2728
f 3904 3905 2729
f 3905 2730 2729
f 3905 2731 2730
f 3905 3906 2731
f 3906 3907 2731
f 3907 3908 2731
f 3908 3909 2731
f 3909 2732 2731
f 3909 2733 2732
f 3909 3910 2733
f 3910 2737 2733
f 2737 2734 2733
f 3910 3911 2737
f 3911 2738 2737
f 3911 3912 2738
f 3912 2740 2738
f 3912 3913 2740
f 3913 3914 2740
f 3914 2741 2740
f 3914 3915 2741
f 3915 3916 2741
f 3916 2759 2741
f 3916 3915 2759
f 3914 3913 3915
f 3913 3917 3915
f 3917 3918 3915
f 3918 3919 3915
f 3918 3920 3919
f 3920 3921 3919
f 3921 3922 3919
f 3921 3923 3922
f 3921 3924 3923
f 3924 3925 3923
f 3925 3926 3923
f 3926 3927 3923
f 3927 3928 3923
f 3927 3929 3928
f 3929 3930 3928
f 3930 3931 3928
f 3931 3932 3928
f 3931 3933 3932
f 3933 3934 3932
f 3934 2773 3932
f 2773 2771 3932
f 2771 2770 3932
f 2770 2767 3932
f 2767 2766 3932
f 2770 2768 2767
f 3934 3935 2773
f 3935 3936 2773
f 3936 3937 2773
f 3937 2774 2773
f 3937 3938 2774
f 3938 2774 3939
f 3939 3937 3938
f 3935 3933 3936
f 3935 3934 3933
f 3931 3940 3933
f 3931 3929 3940
f 3929 3941 3940
f 3929 3942 3941
f 3942 3943 3941
f 3943 3944 3941
f 3944 3945 3941
f 3945 3946 3941
f 3946 3947 3941
f 3946 3936 3947
f 3946 3948 3936
f 3946 3945 3948
f 3945 3949 3948
f 3949 3950 3948
f 3950 3951 3948
f 3951 3952 3948
f 3952 3953 3948
f 3953 2780 3948
f 2780 3954 3948
f 2780 2778 3954
f 3953 3955 2780
f 3955 3956 2780
f 3956 2781 2780
f 3956 3957 2781
f 3957 3958 2781
f 3958 3959 2781
f 3959 2783 2781
f 3959 3960 2783
f 3959 3961 3960
f 3961 3962 3960
f 3962 3963 3960
f 3963 3964 3960
f 3963 3965 3964
f 3965 3966 3964
f 3966 3967 3964
f 3967 3968 3964
f 3968 2786 3964
f 2786 2784 3964
f 3968 2788 2786
f 3968 3969 2788
f 3969 2801 2788
f 3969 2803 2801
f 3969 3970 2803
f 3970 3971 2803
f 3971 2804 2803
f 3971 3972 2804
f 3972 2806 2804
f 3972 3973 2806
f 3973 3974 2806
f 3974 3975 2806
f 3975 2807 2806
f 3975 2815 2807
f 3975 3976 2815
f 3976 2816 2815
f 3976 3977 2816
f 3977 2818 2816
f 2818 2817 2816
f 3977 2819 2818
f 3977 3976 2819
f 3975 3978 3976
f 3978 3979 3976
f 3979 3980 3976
f 3979 3978 3980
f 3978 3974 3980
f 3974 3981 3980
f 3974 3973 3981
f 3978 3975 3974
f 3972 3982 3973
f 3972 3983 3982
f 3983 3984 3982
f 3984 3985 3982
f 3984 3986 3985
f 3986 3987 3985
f 3987 3988 3985
f 3987 3989 3988
f 3989 3990 3988
f 3989 3991 3990
f 3991 3992 3990
f 3992 3993 3990
f 3992 3994 3993
f 3994 3995 3993
f 3995 3980 3993
f 3995 3996 3980
f 3995 3997 3996
f 3997 3998 3996
f 3998 2820 3996
f 2820 2819 3996
f 2819 3999 3996
f 3999 3976 3996
f 3998 4000 2820
f 4000 2821 2820
f 4000 2823 2821
f 2823 2822 2821
f 4000 4001 2823
f 4001 4002 2823
f 4002 2824 2823
f 4002 2825 2824
f 4002 4003 2825
f 4003 2826 2825
f 4003 2827 2826
f 4003 4004 2827
f 4004 4005 2827
f 4005 4006 2827
f 4006 2828 2827
f 4006 2829 2828
f 4006 4007 2829
f 4007 2830 2829
f 4007 4008 2830
f 4008 4009 2830
f 4009 2831 2830
f 4009 4010 2831
f 4010 2832 2831
f 4010 2833 2832
f 4010 4011 2833
f 4011 2836 2833
f 2836 4012 2833
f 4012 2834 2833
f 4012 2835 2834
f 4012 2836 2835
f 4011 4013 2836
f 4013 4014 2836
f 4014 2837 2836
f 4014 4015 2837
f 4015 2838 2837
f 4015 4016 2838
f 4016 2839 2838
f 4016 4017 2839
f 4017 2841 2839
f 2841 2840 2839
f 4017 4018 2841
f 4018 2842 2841
f 4018 4019 2842
f 4019 2843 2842
f 4019 2844 2843
f 4019 4020 2844
f 4020 4021 2844
f 4021 2845 2844
f 4021 4022 2845
f 4022 2846 2845
f 4022 2847 2846
f 4022 4023 2847
f 4023 4024 2847
f 4024 2848 2847
f 4024 4025 2848
f 4025 2849 2848
f 4025 4026 2849
f 4026 4027 2849
f 4027 2850 2849
f 4027 4028 2850
f 4028 2851 2850
f 4028 2852 2851
f 4028 4029 2852
f 4029 2853 2852
f 4029 4030 2853
f 4030 4031 2853
f 4031 4032 2853
f 4032 2854 2853
f 4032 4033 2854
f 4033 2855 2854
f 4033 2856 2855
f 4033 4034 2856
f 4034 4035 2856
f 4035 2857 2856
f 4035 2858 2857
f 4035 4036 2858
f 4036 4037 2858
f 4037 2859 2858
f 4037 4038 2859
f 4038 2860 2859
f 4038 4039 2860
f 4039 2861 2860
f 4039 4040 2861
f 4040 2862 2861
f 4040 4041 2862
f 4041 4042 2862
f 4042 2864 2862
f 2864 2863 2862
f 4042 4043 2864
f 4043 4044 2864
f 4044 2865 2864
f 4044 4045 2865
f 4045 2866 2865
f 4045 2867 2866
f 4045 4046 2867
f 4046 4047 2867
f 4047 2868 2867
f 4047 4048 2868
f 4048 2869 2868
f 4048 2870 2869
f 4048 4049 2870
f 4049 4050 2870
f 4050 2871 2870
f 4050 2872 2871
f 4050 4051 2872
f 4051 4052 2872
f 4052 2873 2872
f 4052 4053 2873
f 4053 2874 2873
f 4053 2875 2874
f 4053 4054 2875
f 4054 2876 2875
f 4054 4055 2876
f 4055 4056 2876
f 4056 4057 2876
f 4057 2877 2876
f 4057 2878 2877
f 4057 4058 2878
f 4058 4059 2878
f 4059 2879 2878
f 4059 4060 2879
f 4060 2880 2879
f 4060 2881 2880
f 4060 4061 2881
f 4061 4062 2881
f 4062 2882 2881
f 4062 2883 2882
f 4062 4063 2883
f 4063 4064 2883
f 4735 4736 3636
f 4736 4737 3636
f 4737 4738 3636
f 4738 3637 3636
f 4738 3639 3637
f 3639 3638 3637
f 4738 4739 3639
f 4739 4740 3639
f 4740 3640 3639
f 4740 3641 3640
f 4740 3642 3641
f 4740 4741 3642
f 4741 4742 3642
f 4742 4743 3642
f 4743 3643 3642
f 4743 4744 3643
f 4744 3644 3643
f 4744 4745 3644
f 4745 4746 3644
f 4746 4747 3644
f 4747 3645 3644
f 4747 4748 3645
f 4748 3648 3645
f 3648 3646 3645
f 3648 3647 3646
f 4748 4749 3648
f 4749 3649 3648
f 4749 4750 3649
f 4750 3650 3649
f 4750 4751 3650
f 4751 3651 3650
f 4751 3652 3651
f 4751 4752 3652
f 4752 4753 3652
f 4753 3653 3652
f 4753 3655 3653
f 4753 4754 3655
f 4754 4755 3655
f 4755 3658 3655
f 4755 3660 3658
f 4755 4756 3660
f 4756 4757 3660
f 4757 3661 3660
f 4757 4758 3661
f 4758 4759 3661
f 4759 3662 3661
f 4759 4760 3662
f 4760 4761 3662
f 4760 4762 4761
f 4762 4763 4761
f 4763 3664 4761
f 4763 4764 3664
f 4764 4765 3664
f 4765 4766 3664
f 4766 3666 3664
f 4766 3669 3666
f 4766 3671 3669
f 4766 4767 3671
f 4767 3672 3671
f 4767 4768 3672
f 4768 3673 3672
f 4768 4769 3673
f 4769 4770 3673
f 4770 3675 3673
f 4770 3677 3675
f 4770 4771 3677
f 4771 4772 3677
f 4772 3687 3677
f 3687 3686 3677
f 3686 3678 3677
f 3686 3685 3678
f 3685 3684 3678
f 3684 3683 3678
f 3683 3682 3678
f 3682 3679 3678
f 4772 3688 3687
f 4772 4773 3688
f 4773 4774 3688
f 4774 3689 3688
f 4774 3691 3689
f 3691 3690 3689
f 4774 4775 3691
f 4775 4776 3691
f 4776 4777 3691
f 4777 4778 3691
f 4778 3692 3691
f 4778 3693 3692
f 4778 3694 3693
f 4778 3695 3694
f 4778 4777 3695
f 4777 4779 3695
f 4779 3696 3695
f 4779 4780 3696
f 4780 3698 3696
f 4780 4781 3698
f 4781 4782 3698
f 4782 3699 3698
f 4782 4783 3699
f 4783 4784 3699
f 4784 3700 3699
f 4784 4785 3700
f 4785 3701 3700
f 4785 4786 3701
f 4786 3702 3701
f 4786 3703 3702
f 4786 4787 3703
f 4787 3705 3703
f 4787 3708 3705
f 3708 3706 3705
f 4787 4788 3708
f 4788 4789 3708
f 4789 3709 3708
f 4789 3710 3709
f 4789 4790 3710
f 4790 3711 3710
f 4790 3712 3711
f 4790 4791 3712
f 4791 4792 3712
f 4792 3713 3712
f 4792 3714 3713
f 4792 4793 3714
f 4793 3715 3714
f 4793 3716 3715
f 4793 4794 3716
f 4794 3719 3716
f 4794 4795 3719
f 4791 4796 4792
f 4796 4797 4792
f 4796 4798 4797
f 4798 4799 4797
f 4798 4800 4799
f 4800 4801 4799
f 4801 4802 4799
f 4802 4803 4799
f 4802 4795 4803
f 4802 4804 4795
f 4802 4805 4804
f 4805 4806 4804
f 4806 4807 4804
f 4806 4808 4807
f 4808 4809 4807
f 4809 4810 4807
f 4810 4811 4807
f 4810 4812 4811
f 4812 4813 4811
f 4813 4814 4811
f 4814 3719 4811
f 3719 4815 4811
f 4815 4816 4811
f 4815 4807 4816
f 4814 3720 3719
f 4814 4817 3720
f 4817 3721 3720
f 4817 3724 3721
f 4817 3727 3724
f 4817 4813 3727
f 4813 4818 3727
f 4818 3728 3727
f 4818 4819 3728
f 4819 4820 3728
f 4820 3730 3728
f 3730 3729 3728
f 4820 4819 3730
f 4819 3731 3730
f 4819 4821 3731
f 4821 3732 3731
f 4821 4822 3732
f 4822 3733 3732
f 4822 4823 3733
f 4823 3734 3733
f 4823 4824 3734
f 4824 3735 3734
f 4824 3740 3735
f 3740 3738 3735
f 4824 4825 3740
f 4825 4826 3740
f 4825 4827 4826
f 4827 3747 4826
f 3747 3746 4826
f 3746 4828 4826
f 3746 3745 4828
f 3745 2539 4828
f 4827 3749 3747
f 4827 4829 3749
f 4829 3750 3749
f 4829 4830 3750
f 4829 4831 4830
f 4829 4832 4831
f 4832 4833 4831
f 4833 4834 4831
f 4834 4835 4831
f 4835 4836 4831
f 4836 4837 4831
f 4837 4838 4831
f 4838 3750 4831
f 4838 3751 3750
f 4838 3756 3751
f 4838 4839 3756
f 4839 4840 3756
f 4840 3757 3756
f 4840 4841 3757
f 4841 3758 3757
f 4841 4842 3758
f 4842 4843 3758
f 4843 3761 3758
f 3761 3760 3758
f 3760 3759 3758
f 4843 4844 3761
f 4844 3762 3761
f 4844 3763 3762
f 4844 3764 3763
f 4844 4845 3764
f 4845 4846 3764
f 4846 3765 3764
f 4846 4847 3765
f 4847 3766 3765
f 4847 4848 3766
f 4848 4849 3766
f 4849 3767 3766
f 4849 3768 3767
f 4849 4850 3768
f 4850 3789 3768
f 3789 3769 3768
f 4850 4851 3789
f 4851 3790 3789
f 4851 4852 3790
f 4852 3792 3790
f 4852 4853 3792
f 4853 3794 3792
f 4853 3795 3794
f 4853 4854 3795
f 4854 4855 3795
f 4855 4856 3795
f 4856 3796 3795
f 4856 3797 3796
f 4856 4857 3797
f 4857 4858 3797
f 4858 3798 3797
f 4858 4859 3798
f 4859 3800 3798
f 4859 4860 3800
f 4860 3801 3800
f 4860 4861 3801
f 4861 4862 3801
f 4862 3802 3801
f 4862 4863 3802
f 4863 4864 3802
f 4864 4865 3802
f 4865 4866 3802
f 4865 4867 4866
f 4867 3803 4866
f 4867 3819 3803
f 3819 3804 3803
f 4867 4868 3819
f 4868 3820 3819
f 4868 3822 3820
f 4868 4867 3822
f 4867 4869 3822
f 4869 3823 3822
f 4869 3825 3823
f 4869 4870 3825
f 4870 3826 3825
f 4870 4871 3826
f 4871 3828 3826
f 4871 4872 3828
f 4872 4873 3828
f 4873 3829 3828
f 4873 4874 3829
f 4874 4875 3829
f 4875 3830 3829
f 4874 4876 4875
f 4876 4877 4875
f 4877 3834 4875
f 3834 3832 4875
f 4877 4878 3834
f 4878 4879 3834
f 4878 4880 4879
f 4878 4881 4880
f 4881 4882 4880
f 4882 4883 4880
f 4883 3834 4880
f 4883 3835 3834
f 4883 4884 3835
f 4884 4885 3835
f 4885 3837 3835
f 4885 3839 3837
f 4885 4886 3839
f 4886 4887 3839
f 4887 4888 3839
f 4888 3840 3839
f 4888 4889 3840
f 4889 3841 3840
f 4889 4890 3841
f 4890 4891 3841
f 4891 3842 3841
f 4891 3844 3842
f 4891 3847 3844
f 4891 4892 3847
f 4892 3849 3847
f 4891 4890 4892
f 4890 4893 4892
f 4890 3883 4893
f 3883 3879 4893
f 3879 3876 4893
f 3876 4894 4893
f 3876 4895 4894
f 3876 3873 4895
f 3873 3872 4895
f 3879 3877 3876
f 3883 3882 3879
f 4890 4889 3883
f 4889 4896 3883
f 4896 3884 3883
f 4896 4897 3884
f 4897 3892 3884
f 4897 3890 3892
f 3890 3894 3892
f 3894 3893 3892
f 3890 4898 3894
f 4898 3895 3894
f 4898 3896 3895
f 4898 4899 3896
f 4899 3897 3896
f 4899 4887 3897
f 4887 4886 3897
f 4886 3898 3897
f 4886 4900 3898
f 4900 3899 3898
f 4900 4901 3899
f 4901 4902 3899
f 4902 4903 3899
f 4903 3900 3899
f 4903 3901 3900
f 4903 4902 3901
f 4902 3903 3901
f 3903 3902 3901
f 4902 4904 3903
f 4904 4905 3903
f 4904 4906 4905
f 4906 4907 4905
f 4906 4908 4907
f 4908 4909 4907
f 4909 3907 4907
f 3907 3906 4907
f 3906 4904 4907
f 4909 4910 3907
f 4910 4911 3907
f 4911 3908 3907
f 4911 3909 3908
f 4911 4912 3909
f 4912 3910 3909
f 4912 3911 3910
f 4912 4913 3911
f 4913 4914 3911
f 4914 3912 3911
f 4914 4915 3912
f 4915 3913 3912
f 4915 4916 3913
f 4916 3917 3913
f 4916 4917 3917
f 4917 3918 3917
f 4917 3920 3918
f 4917 4918 3920
f 4918 3921 3920
f 4918 4919 3921
f 4919 3924 3921
f 4919 4920 3924
f 4920 3925 3924
f 4920 3926 3925
f 4920 4921 3926
f 4921 4922 3926
f 4922 4923 3926
f 4923 3929 3926
f 3929 3927 3926
f 4923 3943 3929
f 3943 3942 3929
f 4923 4924 3943
f 4924 4925 3943
f 4925 4926 3943
f 4926 3949 3943
f 3949 3944 3943
f 3949 3945 3944
f 4926 4927 3949
f 4926 4928 4927
f 4928 4929 4927
f 4929 4930 4927
f 4930 4931 4927
f 4930 4932 4931
f 4932 4933 4931
f 4933 4934 4931
f 4933 4935 4934
f 4935 4936 4934
f 4936 4937 4934
f 4935 4938 4936
f 4938 4939 4936
f 4939 4940 4936
f 4940 4941 4936
f 4940 4942 4941
f 4940 4943 4942
f 4940 4944 4943
f 4944 4945 4943
f 4944 4946 4945
f 4946 4947 4945
f 4947 4948 4945
f 4948 4949 4945
f 4949 4950 4945
f 4950 4951 4945
f 4951 4952 4945
f 4951 4953 4952
f 4953 4942 4952
f 4942 4954 4952
f 4954 4937 4952
f 4954 4931 4937
f 4954 4955 4931
f 4954 4942 4955
f 4942 3958 4955
f 3958 3957 4955
f 3957 3956 4955
f 3956 3955 4955
f 3955 3952 4955
f 3952 4934 4955
f 3955 3953 3952
f 4942 4953 3958
f 4953 3961 3958
f 3961 3959 3958
f 4953 4956 3961
f 4956 3962 3961
f 4956 4957 3962
f 4957 3963 3962
f 4957 4958 3963
f 4958 4959 3963
f 4959 3965 3963
f 4959 4960 3965
f 4960 4961 3965
f 4961 3966 3965
f 4961 3983 3966
f 3983 3971 3966
f 3971 3970 3966
f 3970 3967 3966
f 3970 3968 3967
f 3970 3969 3968
f 3983 3972 3971
f 4961 3984 3983
f 4961 4962 3984
f 4962 3986 3984
f 4962 4963 3986
f 4963 4964 3986
f 4964 3987 3986
f 4964 4965 3987
f 4965 3989 3987
f 4965 4966 3989
f 4966 3991 3989
f 4966 4967 3991
f 4967 4968 3991
f 4968 3992 3991
f 4968 4969 3992
f 4969 3994 3992
f 4969 4970 3994
f 4970 3997 3994
f 3997 3995 3994
f 4970 4971 3997
f 4971 3998 3997
f 4971 4972 3998
f 4972 4000 3998
f 4972 4001 4000
f 4972 4973 4001
f 4973 4974 4001
f 4974 4002 4001
f 4974 4003 4002
f 4974 4004 4003
f 4974 4975 4004
f 4975 4005 4004
f 4975 4976 4005
f 4976 4977 4005
f 4977 4006 4005
f 4977 4007 4006
f 4977 4978 4007
f 4978 4008 4007
f 4978 4009 4008
f 4978 4979 4009
f 4979 4010 4009
f 4979 4980 4010
f 4980 4981 4010
f 4980 4982 4981
f 4982 4983 4981
f 4983 4984 4981
f 4983 4985 4984
f 4985 4986 4984
f 4986 4013 4984
f 4986 4015 4013
f 4015 4014 4013
f 4986 4987 4015
f 4987 4016 4015
f 4987 4988 4016
f 4988 4989 4016
f 4989 4017 4016
f 4989 4018 4017
f 4989 4990 4018
f 4990 4019 4018
f 4990 4020 4019
f 4990 4991 4020
f 4991 4992 4020
f 4992 4021 4020
f 4992 4993 4021
f 4993 4023 4021
f 4023 4022 4021
f 4993 4994 4023
f 4994 4995 4023
f 4995 4024 4023
f 4995 4025 4024
f 4995 4996 4025
f 4996 4026 4025
f 4996 4997 4026
f 4997 4998 4026
f 4998 4999 4026
f 4999 4027 4026
f 4999 4028 4027
f 4999 4029 4028
f 4999 4030 4029
f 4999 5000 4030
f 5000 5001 4030
f 5001 4031 4030
f 5001 5002 4031
f 5002 4033 4031
f 4033 4032 4031
f 5002 4034 4033
f 5002 5003 4034
f 5003 5004 4034
f 5004 4035 4034
f 5004 4036 4035
f 5004 5005 4036
f 5005 5006 4036
f 5006 5007 4036
f 5007 4037 4036
f 5007 4038 4037
f 5007 4039 4038
f 5007 5008 4039
f 5008 4040 4039
f 5008 5009 4040
f 5009 4041 4040
f 5009 5010 4041
f 5010 5011 4041
f 5011 4042 4041
f 5011 4043 4042
f 5011 5012 4043
f 5012 5013 4043
f 5013 4044 4043
f 5013 5014 4044
f 5014 4045 4044
f 5014 4046 4045
f 5014 5015 4046
f 5015 5016 4046
f 5016 4047 4046
f 5016 5017 4047
f 5017 4048 4047
f 5017 4049 4048
f 5017 5018 4049
f 5018 5019 4049
f 5019 5020 4049
f 5020 4050 4049
f 5020 4051 4050
f 5020 5021 4051
f 5021 5022 4051
f 5022 5023 4051
f 5023 4052 4051
f 5023 5024 4052
f 5024 4053 4052
f 5024 4054 4053
f 5024 5025 4054
f 5025 5026 4054
f 5026 4055 4054
f 5026 4056 4055
f 5026 5027 4056
f 5027 5028 4056
f 5028 4057 4056
f 5028 4058 4057
f 5028 5029 4058
f 5029 4059 4058
f 5029 5030 4059
f 5030 4060 4059
f 5030 4061 4060
f 5030 5031 4061
f 5031 5032 4061
f 5032 4062 4061
f 5032 4063 4062
f 5032 5033 4063
f 5033 5034 4063
f 5847 5849 5848
f 5847 5850 5849
f 5850 5851 5849
f 5851 4728 5849
f 4728 4727 5849
f 5851 5852 4728
f 5852 4729 4728
f 5852 5853 4729
f 5853 4730 4729
f 5853 5854 4730
f 5854 4731 4730
f 5854 5855 4731
f 5855 4736 4735
f 5855 5854 4736
f 5854 5856 4736
f 5856 5857 4736
f 5857 4737 4736
f 5857 4738 4737
f 5857 5858 4738
f 5858 5859 4738
f 5859 4739 4738
f 5859 4741 4739
f 4741 4740 4739
f 5859 5860 4741
f 5860 5861 4741
f 5861 4742 4741
f 5861 4743 4742
f 5861 5862 4743
f 5862 4744 4743
f 5862 5863 4744
f 5863 4745 4744
f 5863 5864 4745
f 5864 5865 4745
f 5865 5866 4745
f 5866 4746 4745
f 5866 4748 4746
f 4748 4747 4746
f 5866 5867 4748
f 5867 5868 4748
f 5868 4749 4748
f 5868 5869 4749
f 5869 4750 4749
f 5869 5870 4750
f 5870 4751 4750
f 5870 4752 4751
f 5870 5871 4752
f 5871 4754 4752
f 4754 4753 4752
f 5871 5872 4754
f 5872 4755 4754
f 5872 4756 4755
f 5872 5873 4756
f 5873 5874 4756
f 5874 4757 4756
f 5874 5875 4757
f 5875 4758 4757
f 5875 5876 4758
f 5876 5877 4758
f 5877 4759 4758
f 5877 4760 4759
f 5877 5878 4760
f 5878 5879 4760
f 5879 4762 4760
f 5879 5880 4762
f 5880 5881 4762
f 5881 4763 4762
f 5881 5882 4763
f 5882 4764 4763
f 5882 4765 4764
f 5882 5883 4765
f 5883 5884 4765
f 5884 4767 4765
f 5884 5885 4767
f 5885 5886 4767
f 5886 4768 4767
f 5886 5887 4768
f 5887 4769 4768
f 5887 5888 4769
f 5888 5889 4769
f 5888 5887 5889
f 5887 5890 5889
f 5890 5891 5889
f 5891 5892 5889
f 5892 5893 5889
f 5893 4779 5889
f 4779 5889 4780
f 5893 5894 4779
f 5894 4779 5895
f 5895 5893 5894
f 5892 3697 5893
f 5892 4780 3697
f 5892 5891 4780
f 5891 5896 4780
f 5896 5897 4780
f 5897 4781 4780
f 5897 5898 4781
f 5897 5899 5898
f 5899 5900 5898
f 5900 5901 5898
f 5901 5902 5898
f 5902 5903 5898
f 5903 5904 5898
f 5904 5905 5898
f 5905 5906 5898
f 5906 4782 5898
f 5906 4781 4782
f 5905 4783 5906
f 5905 5907 4783
f 5907 4785 4783
f 4785 4784 4783
f 5907 5908 4785
f 5908 5909 4785
f 5909 4786 4785
f 5909 4787 4786
f 5909 5908 4787
f 5908 4788 4787
f 5908 5904 4788
f 5904 5903 4788
f 5903 4789 4788
f 5903 4790 4789
f 5903 5910 4790
f 5903 5902 5910
f 5902 5911 5910
f 5902 5912 5911
f 5912 5913 5911
f 5913 5914 5911
f 5914 4798 5911
f 4798 4796 5911
f 5914 4800 4798
f 5914 5915 4800
f 5915 5916 4800
f 5916 4801 4800
f 5916 4805 4801
f 4805 4802 4801
f 5916 5917 4805
f 5917 4806 4805
f 5917 5918 4806
f 5918 4808 4806
f 5918 5919 4808
f 5919 5920 4808
f 5920 4809 4808
f 5920 5921 4809
f 5921 5922 4809
f 5922 4810 4809
f 5922 5923 4810
f 5923 4812 4810
f 5923 5924 4812
f 5924 4813 4812
f 5924 4818 4813
f 5924 5925 4818
f 5925 4819 4818
f 5925 5926 4819
f 5926 5927 4819
f 5927 4821 4819
f 5927 5928 4821
f 5928 5929 4821
f 5929 4822 4821
f 5929 5930 4822
f 5930 5931 4822
f 5931 4823 4822
f 5931 5932 4823
f 5932 4824 4823
f 5932 5933 4824
f 5933 5934 4824
f 5934 4825 4824
f 5934 5935 4825
f 5935 5936 4825
f 5936 5937 4825
f 5936 4833 5937
f 4833 4829 5937
f 4829 4827 5937
f 4833 4832 4829
f 5936 5935 4833
f 5935 5938 4833
f 5938 5939 4833
f 5939 4834 4833
f 5939 4835 4834
f 5939 5940 4835
f 5940 5941 4835
f 5941 5942 4835
f 5942 5943 4835
f 5943 4836 4835
f 5943 5944 4836
f 5944 4837 4836
f 5944 4838 4837
f 5944 5945 4838
f 5945 4839 4838
f 5945 5946 4839
f 5946 5947 4839
f 5947 5948 4839
f 5948 4840 4839
f 5948 4841 4840
f 5948 4842 4841
f 5948 5949 4842
f 5949 5950 4842
f 5950 5951 4842
f 5951 4843 4842
f 5951 4844 4843
f 5949 5952 5950
f 5952 5953 5950
f 5953 5954 5950
f 5954 5955 5950
f 5955 5956 5950
f 5956 5950 5957
f 5957 5958 5956
f 5958 5959 5956
f 5959 5960 5956
f 5960 5961 5956
f 5959 5962 5960
f 5962 5963 5960
f 5962 5964 5963
f 5964 5965 5963
f 5964 5966 5965
f 5966 5967 5965
f 5967 4845 5965
f 5967 5968 4845
f 5968 4846 4845
f 5967 5966 5968
f 5966 5969 5968
f 5969 5970 5968
f 5970 5971 5968
f 5971 5972 5968
f 5971 5973 5972
f 5973 5974 5972
f 5974 4848 5972
f 4848 4847 5972
f 4847 4846 5972
f 5974 4849 4848
f 5974 4850 4849
f 5974 4851 4850
f 5974 5973 4851
f 5973 5975 4851
f 5975 5976 4851
f 5976 4852 4851
f 5976 5977 4852
f 5977 5978 4852
f 5978 4853 4852
f 5978 5977 4853
f 5976 5979 5977
f 5979 5980 5977
f 5980 4854 5977
f 5980 5981 4854
f 5981 4855 4854
f 5981 5982 4855
f 5982 5983 4855
f 5983 4857 4855
f 4857 4856 4855
f 5983 4859 4857
f 4859 4858 4857
f 5983 5984 4859
f 5984 4860 4859
f 5984 4861 4860
f 5984 5985 4861
f 5985 4862 4861
f 5985 5986 4862
f 5986 4863 4862
f 5986 5987 4863
f 5987 4864 4863
f 5987 5988 4864
f 5988 4865 4864
f 5988 4867 4865
f 5988 5989 4867
f 5989 4869 4867
f 5989 5990 4869
f 5990 4870 4869
f 5990 5991 4870
f 5991 5992 4870
f 5992 4871 4870
f 5992 5993 4871
f 5993 4872 4871
f 5993 4873 4872
f 5993 5994 4873
f 5994 4874 4873
f 5994 5995 4874
f 5995 4876 4874
f 5995 5996 4876
f 5996 5997 4876
f 5997 4877 4876
f 5997 4881 4877
f 4881 4878 4877
f 5997 5996 4881
f 5996 5998 4881
f 5998 5999 4881
f 5998 6000 5999
f 6000 6001 5999
f 6001 6002 5999
f 6002 6003 5999
f 6003 4882 5999
f 6002 6004 6003
f 6004 6005 6003
f 6002 6001 6004
f 6001 6006 6004
f 6006 6007 6004
f 6007 6008 6004
f 6008 4882 6004
f 6008 4883 4882
f 6008 4884 4883
f 6008 6009 4884
f 6009 4885 4884
f 6009 4886 4885
f 6009 4900 4886
f 6009 4901 4900
f 6009 6010 4901
f 6010 6011 4901
f 6011 4902 4901
f 6011 6012 4902
f 6012 4904 4902
f 6012 4906 4904
f 6012 6013 4906
f 6013 6014 4906
f 6014 4908 4906
f 6014 6015 4908
f 6015 4910 4908
f 4910 4909 4908
f 6015 6016 4910
f 6015 6016 6017
f 6016 6018 6017
f 6018 6019 6017
f 6019 6020 6017
f 6020 6021 6017
f 6020 4916 6021
f 4916 4915 6021
f 4915 4913 6021
f 4915 4914 4913
f 6020 6022 4916
f 6022 4917 4916
f 6022 6023 4917
f 6023 6024 4917
f 6024 6025 4917
f 6025 4918 4917
f 6023 6026 6024
f 6026 6027 6024
f 6027 6028 6024
f 6027 6029 6028
f 6029 6030 6028
f 6030 6031 6028
f 6031 6032 6028
f 6031 6033 6032
f 6033 4918 6032
f 6033 4919 4918
f 6033 6031 4919
f 6031 4920 4919
f 6031 6034 4920
f 6034 4921 4920
f 6034 6035 4921
f 6035 6036 4921
f 6036 4922 4921
f 6036 4924 4922
f 4924 4923 4922
f 6036 4925 4924
f 6036 6037 4925
f 6037 6038 4925
f 6038 6039 4925
f 6039 4926 4925
f 6039 6038 4926
f 6038 6040 4926
f 6040 4928 4926
f 6040 6041 4928
f 6041 6042 4928
f 6042 6043 4928
f 6043 4929 4928
f 6043 4930 4929
f 6043 4932 4930
f 6043 6044 4932
f 6044 6045 4932
f 6044 6042 6045
f 6042 6046 6045
f 6046 6047 6045
f 6047 6048 6045
f 6048 6049 6045
f 6048 6050 6049
f 6050 4932 6049
f 6050 6051 4932
f 6051 4933 4932
f 6051 4935 4933
f 6051 6052 4935
f 6052 6053 4935
f 6053 4938 4935
f 6053 6054 4938
f 6054 6055 4938
f 6055 4939 4938
f 6055 6056 4939
f 6056 4944 4939
f 4944 4940 4939
f 6056 4946 4944
f 6056 6057 4946
f 6057 4947 4946
f 6057 6058 4947
f 6058 6059 4947
f 6059 4948 4947
f 6059 6060 4948
f 6060 6061 4948
f 6061 4949 4948
f 6061 6062 4949
f 6061 6063 6062
f 6063 6064 6062
f 6064 6065 6062
f 6064 6066 6065
f 6064 6067 6066
f 6067 6068 6066
f 6068 6069 6066
f 6068 6070 6069
f 6070 6071 6069
f 6071 6072 6069
f 6071 6073 6072
f 6073 6074 6072
f 6073 6075 6074
f 6075 6076 6074
f 6075 6077 6076
f 6077 6078 6076
f 6078 6079 6076
f 6079 6065 6076
f 6078 6080 6079
f 6080 6081 6079
f 6081 6082 6079
f 6081 4949 6082
f 4949 6082 6083
f 6083 4957 4949
f 4957 4956 4949
f 4956 4951 4949
f 4951 4950 4949
f 4956 4953 4951
f 6083 4958 4957
f 6083 6081 4958
f 6081 6080 4958
f 6080 4959 4958
f 6080 4960 4959
f 6080 6084 4960
f 6084 4962 4960
f 4962 4961 4960
f 6084 4963 4962
f 6084 6085 4963
f 6085 6086 4963
f 6086 4964 4963
f 6086 6087 4964
f 6087 4965 4964
f 6087 4966 4965
f 6087 6088 4966
f 6088 6089 4966
f 6089 4967 4966
f 6089 6090 4967
f 6090 6091 4967
f 6091 4968 4967
f 6091 6092 4968
f 6092 4969 4968
f 6092 6093 4969
f 6093 4970 4969
f 6093 6094 4970
f 6094 4971 4970
f 6094 6095 4971
f 6095 4972 4971
f 6095 4973 4972
f 6095 6096 4973
f 6096 4975 4973
f 4975 4974 4973
f 6096 6097 4975
f 6097 4976 4975
f 6097 6098 4976
f 6098 4977 4976
f 6098 4978 4977
f 6098 6099 4978
f 6099 4979 4978
f 6099 6100 4979
f 6100 4980 4979
f 6100 4982 4980
f 6100 6101 4982
f 6101 6102 4982
f 6102 6103 4982
f 6103 6104 4982
f 6104 4983 4982
f 6104 6105 4983
f 6105 6106 4983
f 6106 4985 4983
f 6106 6107 4985
f 6107 4986 4985
f 6107 6108 4986
f 6108 4987 4986
f 6108 6109 4987
f 6109 4988 4987
f 6109 6110 4988
f 6110 6111 4988
f 6111 6112 4988
f 6112 4989 4988
f 6112 4990 4989
f 6112 6113 4990
f 6113 4991 4990
f 6113 6114 4991
f 6114 4992 4991
f 6114 6115 4992
f 6115 4993 4992
f 6115 4994 4993
f 6115 6116 4994
f 6116 6117 4994
f 6117 4995 4994
f 6117 4996 4995
f 6117 6118 4996
f 6118 4997 4996
f 6118 6119 4997
f 6119 6120 4997
f 6120 4998 4997
f 6120 6121 4998
f 6121 4999 4998
f 6121 5000 4999
f 6121 6122 5000
f 6122 6123 5000
f 6123 6124 5000
f 6124 5001 5000
f 6124 6125 5001
f 6125 5002 5001
f 6125 5003 5002
f 6125 6126 5003
f 6126 6127 5003
f 6127 5005 5003
f 5005 5004 5003
f 6127 6128 5005
f 6128 5006 5005
f 6128 6129 5006
f 6129 5008 5006
f 5008 5007 5006
f 6129 5009 5008
f 6129 6130 5009
f 6130 6131 5009
f 6131 5010 5009
f 6131 6132 5010
f 6132 6133 5010
f 6133 5011 5010
f 6133 5012 5011
f 6133 6134 5012
f 6134 6135 5012
f 6135 5013 5012
f 6135 6136 5013
f 6136 5014 5013
f 6136 5015 5014
f 6136 6137 5015
f 6137 6138 5015
f 6138 5016 5015
f 6138 6139 5016
f 6139 5017 5016
f 6139 5018 5017
f 6139 6140 5018
f 6140 5019 5018
f 6140 6141 5019
f 6141 6142 5019
f 6142 5021 5019
f 5021 5020 5019
f 6142 6143 5021
f 6143 5022 5021
f 6143 6144 5022
f 6144 6145 5022
f 6145 6146 5022
f 6146 5023 5022
f 6146 5024 5023
f 6146 5025 5024
f 6146 6147 5025
f 6147 5026 5025
f 6147 6148 5026
f 6148 6149 5026
f 6149 5027 5026
f 6149 6150 5027
f 6150 5028 5027
f 6150 6151 5028
f 6151 5029 5028
f 6151 6152 5029
f 6152 5030 5029
f 6152 5031 5030
f 6152 6153 5031
f 6153 6154 5031
f 6154 5032 5031
f 6154 5033 5032
f 6154 6155 5033
f 6155 6156 5033
f 6858 6859 5846
f 6859 5847 5846
f 6859 6860 5847
f 6860 5850 5847
f 6860 6861 5850
f 6861 6862 5850
f 6862 5851 5850
f 6862 6863 5851
f 6863 6864 5851
f 6864 5852 5851
f 6864 6865 5852
f 6865 6866 5852
f 6866 5853 5852
f 6866 6867 5853
f 6867 5854 5853
f 6867 6868 5854
f 6868 5856 5854
f 6868 5857 5856
f 6868 6869 5857
f 6869 5858 5857
f 6869 6870 5858
f 6870 5859 5858
f 6870 6871 5859
f 6871 5860 5859
f 6871 6872 5860
f 6872 6873 5860
f 6873 5861 5860
f 6873 6874 5861
f 6874 5862 5861
f 6874 6875 5862
f 6875 5863 5862
f 6875 6876 5863
f 6876 5864 5863
f 6876 6877 5864
f 6877 6878 5864
f 6878 5865 5864
f 6878 6879 5865
f 6879 5866 5865
f 6879 5867 5866
f 6879 6880 5867
f 6880 5868 5867
f 6880 5869 5868
f 6880 6881 5869
f 6881 6882 5869
f 6882 5870 5869
f 6882 5871 5870
f 6882 6883 5871
f 6883 5872 5871
f 6883 6884 5872
f 6884 5873 5872
f 6884 6885 5873
f 6885 5874 5873
f 6885 6886 5874
f 6886 5875 5874
f 6886 6887 5875
f 6887 5876 5875
f 6887 6888 5876
f 6888 6889 5876
f 6889 5877 5876
f 6889 5878 5877
f 6889 6890 5878
f 6890 6891 5878
f 6891 5879 5878
f 6891 6892 5879
f 6892 5880 5879
f 6892 6893 5880
f 6893 6894 5880
f 6894 5881 5880
f 6894 6895 5881
f 6895 6896 5881
f 6896 5882 5881
f 6896 5883 5882
f 6894 6897 6895
f 6894 6893 6897
f 6893 6898 6897
f 6898 6899 6897
f 6898 6900 6899
f 6900 6901 6899
f 6901 6902 6899
f 6902 6903 6899
f 6902 6904 6903
f 6902 6905 6904
f 6905 6906 6904
f 6906 6907 6904
f 6907 6908 6904
f 6907 6909 6908
f 6909 6910 6908
f 6910 6911 6908
f 6909 6912 6910
f 6912 5884 6910
f 6912 6913 5884
f 6913 5885 5884
f 6913 6912 5885
f 6912 6914 5885
f 6914 6915 5885
f 6915 6916 5885
f 6916 5886 5885
f 6916 6917 5886
f 6917 5887 5886
f 6917 6918 5887
f 6918 5891 5887
f 6918 6919 5891
f 6919 6920 5891
f 6919 6921 6920
f 6921 6922 6920
f 6922 6923 6920
f 6923 6924 6920
f 6924 5900 6920
f 5900 6925 6920
f 6925 5896 6920
f 6925 5897 5896
f 6925 5899 5897
f 6925 5900 5899
f 6924 6926 5900
f 6926 6927 5900
f 6927 5902 5900
f 5902 5901 5900
f 6926 5913 6927
f 5913 5912 6927
f 6926 5915 5913
f 5915 5914 5913
f 6926 6928 5915
f 6928 6929 5915
f 6929 5916 5915
f 6929 5917 5916
f 6929 6930 5917
f 6930 5918 5917
f 6930 6931 5918
f 6931 5919 5918
f 6931 6932 5919
f 6932 6933 5919
f 6933 5920 5919
f 6933 6934 5920
f 6934 5921 5920
f 6934 6935 5921
f 6935 6936 5921
f 6936 5922 5921
f 6936 6937 5922
f 6937 5923 5922
f 6937 6938 5923
f 6938 6939 5923
f 6939 5924 5923
f 6939 6940 5924
f 6940 5926 5924
f 5926 5925 5924
f 6940 6941 5926
f 6941 6942 5926
f 6942 6943 5926
f 6943 5927 5926
f 6943 6944 5927
f 6944 6945 5927
f 6945 5928 5927
f 6945 5929 5928
f 6945 5930 5929
f 6945 6946 5930
f 6946 6947 5930
f 6947 6948 5930
f 6948 6949 5930
f 6949 6950 5930
f 6950 5931 5930
f 6950 5933 5931
f 5933 5932 5931
f 6950 6951 5933
f 6951 6952 5933
f 6952 5934 5933
f 6952 6953 5934
f 6953 5935 5934
f 6953 6954 5935
f 6954 6955 5935
f 6955 5938 5935
f 6955 5939 5938
f 6955 6956 5939
f 6956 6957 5939
f 6957 5940 5939
f 6957 5941 5940
f 6957 6958 5941
f 6958 6959 5941
f 6959 6960 5941
f 6960 5942 5941
f 6960 5943 5942
f 6960 6961 5943
f 6961 6962 5943
f 6962 5944 5943
f 6962 5945 5944
f 6962 5946 5945
f 6962 6963 5946
f 6963 5947 5946
f 6963 6964 5947
f 6964 6965 5947
f 6965 5949 5947
f 5949 5948 5947
f 6965 5952 5949
f 6965 6966 5952
f 6966 5953 5952
f 6966 6967 5953
f 6967 6968 5953
f 6968 5954 5953
f 6968 6969 5954
f 6969 6970 5954
f 6970 6971 5954
f 6971 6972 5954
f 6972 5957 5954
f 5957 5955 5954
f 6972 6973 5957
f 6973 5958 5957
f 6972 6974 6973
f 6972 6975 6974
f 6972 6971 6975
f 6971 6976 6975
f 6976 6977 6975
f 6976 6978 6977
f 6978 6979 6977
f 6979 6980 6977
f 6979 6981 6980
f 6981 6982 6980
f 6982 6983 6980
f 6983 6984 6980
f 6984 6985 6980
f 6984 6986 6985
f 6984 6987 6986
f 6984 5992 6987
f 5992 5991 6987
f 5991 6988 6987
f 6988 6987 6989
f 6989 6990 6988
f 6990 6991 6988
f 6991 5991 6988
f 6989 6992 6990
f 6992 6983 6990
f 6983 6990 5992
f 5992 6984 6983
f 6981 6993 6982
f 6981 6979 6993
f 6979 6978 6993
f 6978 6994 6993
f 6994 6995 6993
f 6995 6996 6993
f 6996 6997 6993
f 6997 6998 6993
f 6997 6999 6998
f 6999 7000 6998
f 7000 7001 6998
f 7001 7002 6998
f 7001 7003 7002
f 7003 7004 7002
f 7004 7005 7002
f 7004 7006 7005
f 7004 7007 7006
f 7007 7008 7006
f 7008 7009 7006
f 7009 7010 7006
f 7010 7002 7006
f 7002 6994 7006
f 7002 6978 6994
f 7009 6995 7010
f 7004 7011 7007
f 7011 7012 7007
f 7012 7013 7007
f 7013 7014 7007
f 7014 7015 7007
f 7014 7015 6975
f 7013 7016 7014
f 7013 7017 7016
f 7017 6974 7016
f 7013 7018 7017
f 7018 7019 7017
f 7019 7020 7017
f 7020 7021 7017
f 7021 7022 7017
f 7022 7023 7017
f 7023 7017 5962
f 5962 5958 7023
f 5962 5959 5958
f 7021 7024 7022
f 7024 5969 7022
f 5969 7025 7022
f 7025 5964 7022
f 5964 5962 7022
f 7025 5966 5964
f 7025 5969 5966
f 7024 5970 5969
f 7024 5971 5970
f 7024 7026 5971
f 7026 7027 5971
f 7027 5975 5971
f 5975 5973 5971
f 7027 5979 5975
f 5979 5976 5975
f 7027 7028 5979
f 7026 7029 7027
f 7026 5980 7029
f 5980 5979 7029
f 7026 7030 5980
f 7030 7031 5980
f 7031 5981 5980
f 7031 5982 5981
f 7031 5983 5982
f 7031 7032 5983
f 7032 7033 5983
f 7033 5984 5983
f 7033 5985 5984
f 7033 7034 5985
f 7034 5986 5985
f 7034 7035 5986
f 7035 7036 5986
f 7036 7037 5986
f 7037 7038 5986
f 7038 5987 5986
f 7038 7039 5987
f 7039 5988 5987
f 7039 7040 5988
f 7040 5989 5988
f 7040 7041 5989
f 7041 5990 5989
f 7041 5991 5990
f 7040 7039 7041
f 7039 7038 7041
f 7038 7042 7041
f 7038 7037 7042
f 7036 7043 7037
f 7043 6989 7037
f 7043 7044 6989
f 7044 7045 6989
f 7044 7046 7045
f 7046 7011 7045
f 7011 7003 7045
f 7003 7047 7045
f 7047 6992 7045
f 7047 7048 6992
f 7047 7001 7048
f 7001 7000 7048
f 7000 7049 7048
f 7049 6990 7048
f 7000 7050 7049
f 7050 5993 7049
f 7050 5994 5993
f 7050 5995 5994
f 7050 6999 5995
f 6999 7051 5995
f 7051 7052 5995
f 7052 5996 5995
f 7052 7053 5996
f 7053 5998 5996
f 7053 7054 5998
f 7054 6000 5998
f 7054 7055 6000
f 7055 7056 6000
f 7056 6001 6000
f 7056 6001 7057
f 6001 7057 7058
f 7058 6006 6001
f 7058 7059 6006
f 7059 6007 6006
f 7059 6013 6007
f 6013 6011 6007
f 6011 6005 6007
f 6005 6008 6007
f 6005 6009 6008
f 6005 6010 6009
f 6005 6011 6010
f 6013 6012 6011
f 7059 6014 6013
f 7059 7060 6014
f 7060 6015 6014
f 7060 7061 6015
f 7061 6018 6015
f 7061 7062 6018
f 7062 7063 6018
f 7063 7064 6018
f 7064 6019 6018
f 7064 7065 6019
f 7065 7066 6019
f 7066 6020 6019
f 7066 6022 6020
f 7066 6023 6022
f 7066 7067 6023
f 7067 6026 6023
f 7067 6026 7068
f 7068 7069 7067
f 7069 7070 7067
f 7070 7071 7067
f 7070 7072 7071
f 7066 7065 7067
f 7065 7073 7067
f 7065 7074 7073
f 7074 7070 7073
f 7074 7075 7070
f 7075 7070 7076
f 7076 7077 7075
f 7077 7078 7075
f 7078 7079 7075
f 7078 7080 7079
f 7080 7081 7079
f 7081 7082 7079
f 7082 7070 7079
f 7082 7083 7070
f 7083 7084 7070
f 7084 7085 7070
f 7084 7083 7085
f 7083 7072 7085
f 7083 7086 7072
f 7086 6027 7072
f 6027 6026 7072
f 7086 7087 6027
f 7087 7088 6027
f 7088 6029 6027
f 7088 7089 6029
f 7089 6030 6029
f 7089 6035 6030
f 6035 6034 6030
f 6034 6031 6030
f 7089 6036 6035
f 7089 6037 6036
f 7089 7088 6037
f 7088 7087 6037
f 7087 7090 6037
f 7090 7091 6037
f 7091 7092 6037
f 7092 6038 6037
f 7092 6041 6038
f 6041 6040 6038
f 7092 7093 6041
f 7093 7094 6041
f 7094 6046 6041
f 6046 6042 6041
f 7094 7095 6046
f 7095 7096 6046
f 7096 6047 6046
f 7096 7097 6047
f 7097 6048 6047
f 7097 7098 6048
f 7098 7099 6048
f 7099 6050 6048
f 7099 6052 6050
f 6052 6051 6050
f 7099 6053 6052
f 7099 7100 6053
f 7100 6054 6053
f 7100 7101 6054
f 7101 7102 6054
f 7102 7103 6054
f 7103 7104 6054
f 7104 6055 6054
f 7104 6056 6055
f 7104 6057 6056
f 7104 7103 6057
f 7103 6058 6057
f 7103 7105 6058
f 7105 7106 6058
f 7106 6059 6058
f 7106 6060 6059
f 7106 7107 6060
f 7107 7108 6060
f 7108 7109 6060
f 7109 6061 6060
f 7109 6063 6061
f 7109 7110 6063
f 7110 6067 6063
f 6067 6064 6063
f 7110 7111 6067
f 7111 6068 6067
f 7111 7112 6068
f 7112 7113 6068
f 7113 7114 6068
f 7114 7115 6068
f 7114 7116 7115
f 7116 7117 7115
f 7117 7118 7115
f 7117 7119 7118
f 7119 7120 7118
f 7120 7121 7118
f 7121 7122 7118
f 7121 7123 7122
f 7123 7124 7122
f 7124 7125 7122
f 7125 7126 7122
f 7126 7127 7122
f 7126 7128 7127
f 7128 6070 7127
f 7128 6071 6070
f 7128 7126 6071
f 7126 7129 6071
f 7129 6073 6071
f 7129 7130 6073
f 7130 7131 6073
f 7131 6075 6073
f 7131 7132 6075
f 7132 6086 6075
f 6086 6077 6075
f 6086 6085 6077
f 6085 6078 6077
f 6085 6084 6078
f 6084 6080 6078
f 7132 6087 6086
f 7132 7133 6087
f 7133 7134 6087
f 7134 6088 6087
f 7134 7135 6088
f 7135 6089 6088
f 7135 7136 6089
f 7136 7137 6089
f 7137 6090 6089
f 7137 7138 6090
f 7138 7139 6090
f 7139 6091 6090
f 7139 7140 6091
f 7140 6092 6091
f 7140 7141 6092
f 7141 6093 6092
f 7141 7142 6093
f 7142 6094 6093
f 7142 7143 6094
f 7143 6095 6094
f 7143 6096 6095
f 7143 6097 6096
f 7143 7144 6097
f 7144 7145 6097
f 7145 7146 6097
f 7146 6098 6097
f 7146 7147 6098
f 7147 6099 6098
f 7147 7148 6099
f 7148 6100 6099
f 7147 7149 7148
f 7149 7150 7148
f 7150 7151 7148
f 7151 7152 7148
f 7151 7153 7152
f 7151 7154 7153
f 7151 7155 7154
f 7155 7156 7154
f 7156 7157 7154
f 7157 7158 7154
f 7157 7158 7159
f 7158 7160 7159
f 7158 7161 7160
f 7161 7162 7160
f 7162 6101 7160
f 6101 6100 7160
f 7162 6102 6101
f 7162 7163 6102
f 7163 6103 6102
f 7163 7164 6103
f 7164 6105 6103
f 6105 6104 6103
f 7164 7165 6105
f 7165 7166 6105
f 7166 7167 6105
f 7167 6106 6105
f 7167 6107 6106
f 7167 7168 6107
f 7168 6108 6107
f 7168 7169 6108
f 7169 6109 6108
f 7169 6110 6109
f 7169 7170 6110
f 7170 7171 6110
f 7171 7172 6110
f 7172 6111 6110
f 7172 6112 6111
f 7172 6113 6112
f 7172 7173 6113
f 7173 7174 6113
f 7174 6114 6113
f 7174 7175 6114
f 7175 6115 6114
f 7175 6116 6115
f 7175 7176 6116
f 7176 7177 6116
f 7177 6117 6116
f 7177 6118 6117
f 7177 7178 6118
f 7178 6119 6118
f 7178 7179 6119
f 7179 7180 6119
f 7180 6120 6119
f 7180 7181 6120
f 7181 6121 6120
f 7181 6122 6121
f 7181 7182 6122
f 7182 6123 6122
f 7182 7183 6123
f 7183 7184 6123
f 7184 7185 6123
f 7185 6125 6123
f 6125 6124 6123
f 7185 7184 6125
f 7184 6126 6125
f 7184 7186 6126
f 7186 7187 6126
f 7187 6127 6126
f 7187 7188 6127
f 7188 6128 6127
f 7188 7189 6128
f 7189 7190 6128
f 7190 6129 6128
f 7190 6130 6129
f 7190 7191 6130
f 7191 6131 6130
f 7191 7192 6131
f 7192 6132 6131
f 7192 7193 6132
f 7193 7194 6132
f 7194 6133 6132
f 7194 6134 6133
f 7194 7195 6134
f 7195 7196 6134
f 7196 6135 6134
f 7196 7197 6135
f 7197 6136 6135
f 7197 6137 6136
f 7197 7198 6137
f 7198 7199 6137
f 7199 6138 6137
f 7199 7200 6138
f 7200 6139 6138
f 7200 6140 6139
f 7200 7201 6140
f 7201 6141 6140
f 7201 7202 6141
f 7202 7203 6141
f 7203 6142 6141
f 7203 7204 6142
f 7204 6143 6142
f 7204 7205 6143
f 7205 6144 6143
f 7205 7206 6144
f 7206 7207 6144
f 7207 6145 6144
f 7207 7208 6145
f 7208 6147 6145
f 6147 6146 6145
f 7208 6148 6147
f 7208 7209 6148
f 7209 6149 6148
f 7209 7210 6149
f 7210 7211 6149
f 7211 6150 6149
f 7211 7212 6150
f 7212 6151 6150
f 7212 7213 6151
f 7213 6152 6151
f 7213 6153 6152
f 7213 7214 6153
f 7214 7215 6153
f 7215 6154 6153
f 7215 6155 6154
f 7215 7216 6155
f 7216 7217 6155
f 7912 7913 6858
f 7913 7914 6858
f 7914 6859 6858
f 7914 7915 6859
f 7915 6860 6859
f 7915 7916 6860
f 7916 6861 6860
f 7916 7917 6861
f 7917 7918 6861
f 7918 6862 6861
f 7918 6863 6862
f 7918 7919 6863
f 7919 7920 6863
f 7920 6864 6863
f 7920 6865 6864
f 7920 7921 6865
f 7921 7922 6865
f 7922 7923 6865
f 7923 6866 6865
f 7923 6867 6866
f 7923 6868 6867
f 7923 7924 6868
f 7924 6869 6868
f 7924 7925 6869
f 7925 6870 6869
f 7925 7926 6870
f 7926 6871 6870
f 7926 6872 6871
f 7926 7927 6872
f 7927 7928 6872
f 7928 6873 6872
f 7928 7929 6873
f 7929 6874 6873
f 7929 7930 6874
f 7930 6875 6874
f 7930 7931 6875
f 7931 6876 6875
f 7931 7932 6876
f 7932 6877 6876
f 7932 7933 6877
f 7933 7934 6877
f 7934 6878 6877
f 7934 7935 6878
f 7935 6879 6878
f 7935 7936 6879
f 7936 6880 6879
f 7936 7937 6880
f 7937 6882 6880
f 6882 6881 6880
f 7937 7938 6882
f 7938 6884 6882
f 6884 6883 6882
f 7938 7939 6884
f 7939 6885 6884
f 7939 7940 6885
f 7940 6886 6885
f 7940 7941 6886
f 7941 6887 6886
f 7941 7942 6887
f 7942 6888 6887
f 7942 7943 6888
f 7943 7944 6888
f 7944 6889 6888
f 7944 6890 6889
f 7944 7945 6890
f 7945 7946 6890
f 7946 6891 6890
f 7946 7947 6891
f 7947 6892 6891
f 7947 7948 6892
f 7948 6893 6892
f 7948 6898 6893
f 7948 7949 6898
f 7949 6900 6898
f 7949 7950 6900
f 7950 7951 6900
f 7951 6901 6900
f 7951 7952 6901
f 7952 7953 6901
f 7953 7954 6901
f 7954 6902 6901
f 7954 7955 6902
f 7955 6905 6902
f 7955 6906 6905
f 7955 7956 6906
f 7956 7957 6906
f 7957 6907 6906
f 7957 6909 6907
f 7957 7958 6909
f 7958 7959 6909
f 7959 7960 6909
f 7960 6914 6909
f 6914 6912 6909
f 7960 7961 6914
f 7961 6915 6914
f 7961 7962 6915
f 7962 6915 7963
f 7963 6919 7962
f 6919 6918 7962
f 6918 6917 7962
f 7963 6921 6919
f 7963 6922 6921
f 7963 7964 6922
f 7964 7965 6922
f 7965 7966 6922
f 7966 6926 6922
f 6926 7967 6922
f 7967 6923 6922
f 7967 6924 6923
f 7967 6926 6924
f 7966 7968 6926
f 7968 7969 6926
f 7969 6928 6926
f 7969 6929 6928
f 7969 7970 6929
f 7970 6930 6929
f 7970 7971 6930
f 7970 7969 7971
f 7969 7966 7971
f 7969 7966 7968
f 7964 7972 7965
f 7972 7971 7965
f 7972 7973 7971
f 7973 7974 7971
f 7974 7975 7971
f 7975 7976 7971
f 7976 7977 7971
f 7976 7978 7977
f 7978 7979 7977
f 7979 6932 7977
f 6932 6931 7977
f 6931 6930 7977
f 7979 7980 6932
f 7980 6933 6932
f 7980 7981 6933
f 7981 6934 6933
f 7981 7982 6934
f 7982 6935 6934
f 7982 7983 6935
f 7983 7984 6935
f 7984 6936 6935
f 7984 7985 6936
f 7985 6937 6936
f 7985 6938 6937
f 7985 7986 6938
f 7986 7987 6938
f 7987 6940 6938
f 6940 6939 6938
f 7987 6941 6940
f 7987 6942 6941
f 7987 7988 6942
f 7988 7989 6942
f 7989 6943 6942
f 7988 7990 7989
f 7990 7991 7989
f 7991 7992 7989
f 7992 7993 7989
f 7993 7994 7989
f 7992 7995 7993
f 7995 6947 7993
f 6947 7996 7993
f 7996 6944 7993
f 6944 6943 7993
f 7996 6945 6944
f 7996 6946 6945
f 7996 6947 6946
f 7995 7997 6947
f 7997 7998 6947
f 7998 7999 6947
f 7999 8000 6947
f 8000 8001 6947
f 8001 6948 6947
f 8001 6949 6948
f 8001 8002 6949
f 8002 8003 6949
f 8003 8004 6949
f 8004 6950 6949
f 8004 6951 6950
f 8004 8005 6951
f 8005 6952 6951
f 8005 8006 6952
f 8006 8007 6952
f 8007 6953 6952
f 8007 6954 6953
f 8007 6955 6954
f 8007 6956 6955
f 8007 8008 6956
f 8008 8009 6956
f 8009 8010 6956
f 8010 6957 6956
f 8010 6958 6957
f 8010 8011 6958
f 8011 8012 6958
f 8012 6959 6958
f 8012 8013 6959
f 8013 8014 6959
f 8014 8015 6959
f 8015 6960 6959
f 8015 8016 6960
f 8016 6961 6960
f 8016 6963 6961
f 6963 6962 6961
f 8016 8017 6963
f 8017 8018 6963
f 8018 6964 6963
f 8018 6965 6964
f 8018 6966 6965
f 8018 6967 6966
f 8018 8019 6967
f 8019 8020 6967
f 8020 8021 6967
f 8021 6968 6967
f 8021 6969 6968
f 8021 8022 6969
f 8022 6970 6969
f 8021 8020 8022
f 8019 8023 8020
f 8019 8017 8023
f 8017 8024 8023
f 8024 8025 8023
f 8024 8026 8025
f 8026 8027 8025
f 8027 8028 8025
f 8028 8029 8025
f 8028 8030 8029
f 8028 8031 8030
f 8031 8032 8030
f 8032 8033 8030
f 8033 6970 8030
f 8033 8034 6970
f 8034 6976 6970
f 6976 6971 6970
f 8034 6994 6976
f 8034 6995 6994
f 8034 8033 6995
f 8033 8032 6995
f 8032 8035 6995
f 8035 8036 6995
f 8036 6996 6995
f 8036 6997 6996
f 8036 7051 6997
f 7051 6999 6997
f 8036 8037 7051
f 8037 8038 7051
f 8038 8039 7051
f 8039 7054 7051
f 7054 7053 7051
f 7053 7052 7051
f 8039 7055 7054
f 8039 8040 7055
f 8040 8041 7055
f 8041 7056 7055
f 8041 8042 7056
f 8042 8043 7056
f 8043 7057 7056
f 8042 8044 8043
f 8044 7061 8043
f 8044 7062 7061
f 8041 8040 8042
f 8040 8045 8042
f 8040 8046 8045
f 8046 8047 8045
f 8047 8048 8045
f 8048 8049 8045
f 8048 8050 8049
f 8050 8051 8049
f 8051 7074 8049
f 8051 7075 7074
f 8050 8052 8051
f 8052 7077 8051
f 7077 7076 8051
f 8052 8053 7077
f 8053 7078 7077
f 8053 8054 7078
f 8054 8055 7078
f 8055 8056 7078
f 8055 7080 8056
f 8055 8057 7080
f 8057 8058 7080
f 8058 8059 7080
f 8059 8060 7080
f 8060 7081 7080
f 8060 7082 7081
f 8060 7083 7082
f 8060 7086 7083
f 8060 8061 7086
f 8061 7087 7086
f 8061 8062 7087
f 8062 7090 7087
f 8062 8063 7090
f 8063 8064 7090
f 8064 7091 7090
f 8064 7093 7091
f 7093 7092 7091
f 8064 8063 7093
f 8063 8065 7093
f 8065 8066 7093
f 8066 8067 7093
f 8067 7094 7093
f 8067 7095 7094
f 8067 8068 7095
f 8068 8069 7095
f 8069 7096 7095
f 8069 8070 7096
f 8070 7097 7096
f 8070 8071 7097
f 8071 7098 7097
f 8071 8072 7098
f 8072 7100 7098
f 7100 7099 7098
f 8072 7101 7100
f 8072 8073 7101
f 8073 8074 7101
f 8074 7102 7101
f 8074 8075 7102
f 8075 7103 7102
f 8075 7105 7103
f 8075 8076 7105
f 8076 8077 7105
f 8077 7106 7105
f 8077 7107 7106
f 8075 8078 8076
f 8075 8074 8078
f 8074 8079 8078
f 8079 8080 8078
f 8079 8081 8080
f 8081 8082 8080
f 8082 8083 8080
f 8083 8084 8080
f 8084 7107 8080
f 8084 8085 7107
f 8085 7108 7107
f 8085 8086 7108
f 8086 8087 7108
f 8087 8088 7108
f 8088 7108 8089
f 8089 7109 8088
f 8089 7110 7109
f 8089 8090 7110
f 8090 7111 7110
f 8090 7113 7111
f 7113 7112 7111
f 8090 8089 7113
f 8089 8091 7113
f 8091 8092 7113
f 8092 8093 7113
f 8093 7114 7113
f 8093 7116 7114
f 8093 8094 7116
f 8094 8095 7116
f 8095 7120 7116
f 7120 7117 7116
f 7120 7119 7117
f 8095 8096 7120
f 8096 8097 7120
f 8097 8098 7120
f 8098 7121 7120
f 8098 7123 7121
f 8098 8099 7123
f 8099 8100 7123
f 8100 7124 7123
f 8100 8101 7124
f 8101 8102 7124
f 8102 7125 7124
f 8102 8103 7125
f 8103 8104 7125
f 8104 7126 7125
f 8104 8103 7126
f 8102 8105 8103
f 8105 8106 8103
f 8106 8107 8103
f 8107 7136 8103
f 7136 8108 8103
f 8108 7129 8103
f 7129 8109 8103
f 8108 8110 7129
f 8110 7129 7126
f 8108 7136 8110
f 7136 7134 8110
f 7134 7133 8110
f 7133 7130 8110
f 7130 8111 8110
f 7130 7129 8111
f 7133 7131 7130
f 7133 7132 7131
f 7136 7135 7134
f 8107 8106 7136
f 8106 7137 7136
f 8106 8112 7137
f 8112 7138 7137
f 8112 8113 7138
f 8113 8114 7138
f 8114 7139 7138
f 8114 8115 7139
f 8115 7140 7139
f 8115 8116 7140
f 8116 7141 7140
f 8116 8117 7141
f 8117 7142 7141
f 8117 7144 7142
f 7144 7143 7142
f 8117 8118 7144
f 8118 7145 7144
f 8118 8119 7145
f 8119 8120 7145
f 8120 7147 7145
f 7147 7146 7145
f 8120 7150 7147
f 7150 7149 7147
f 8120 8121 7150
f 8121 8122 7150
f 8122 7155 7150
f 7155 7151 7150
f 8122 7156 7155
f 8121 8123 8122
f 8121 8118 8123
f 8118 8124 8123
f 8124 8125 8123
f 8124 8115 8125
f 8115 8114 8125
f 8114 8126 8125
f 8114 8127 8126
f 8127 8128 8126
f 8128 7159 8126
f 8128 8129 7159
f 8129 8130 7159
f 8130 7157 7159
f 8130 8131 7157
f 8130 8132 8131
f 8132 8133 8131
f 8133 8134 8131
f 8134 8135 8131
f 8135 7158 8131
f 8135 7161 7158
f 8135 8136 7161
f 8136 7162 7161
f 8136 7163 7162
f 8136 8137 7163
f 8137 8138 7163
f 8138 7164 7163
f 8138 8139 7164
f 8139 7165 7164
f 8139 8140 7165
f 8140 8141 7165
f 8141 8142 7165
f 8142 7166 7165
f 8142 7167 7166
f 8142 8143 7167
f 8143 7168 7167
f 8143 8144 7168
f 8144 8145 7168
f 8145 7169 7168
f 8145 7170 7169
f 8145 8146 7170
f 8146 8147 7170
f 8147 7171 7170
f 8147 8148 7171
f 8148 8149 7171
f 8149 7173 7171
f 7173 7172 7171
f 8149 8150 7173
f 8150 8151 7173
f 8151 7174 7173
f 8151 7175 7174
f 8151 7176 7175
f 8151 8152 7176
f 8152 8153 7176
f 8153 7177 7176
f 8153 7178 7177
f 8153 8154 7178
f 8154 7179 7178
f 8154 8155 7179
f 8155 8156 7179
f 8156 7180 7179
f 8156 8157 7180
f 8157 7181 7180
f 8157 7182 7181
f 8157 8158 7182
f 8158 7183 7182
f 8158 8159 7183
f 8159 8160 7183
f 8160 8161 7183
f 8161 7184 7183
f 8161 7186 7184
f 8161 8162 7186
f 8162 8163 7186
f 8163 7187 7186
f 8163 8164 7187
f 8164 7188 7187
f 8164 7189 7188
f 8164 8165 7189
f 8165 8166 7189
f 8166 7191 7189
f 7191 7190 7189
f 8166 7192 7191
f 8166 8167 7192
f 8167 8168 7192
f 8168 7193 7192
f 8168 8169 7193
f 8169 8170 7193
f 8170 7194 7193
f 8170 7195 7194
f 8170 8171 7195
f 8171 8172 7195
f 8172 7196 7195
f 8172 8173 7196
f 8173 7197 7196
f 8173 7198 7197
f 8173 8174 7198
f 8174 8175 7198
f 8175 7199 7198
f 8175 8176 7199
f 8176 7200 7199
f 8176 7201 7200
f 8176 8177 7201
f 8177 7202 7201
f 8177 8178 7202
f 8178 8179 7202
f 8179 7203 7202
f 8179 7204 7203
f 8179 8180 7204
f 8180 7205 7204
f 8180 8181 7205
f 8181 7206 7205
f 8181 8182 7206
f 8182 8183 7206
f 8183 7207 7206
f 8183 8184 7207
f 8184 7209 7207
f 7209 7208 7207
f 8184 7210 7209
f 8184 8185 7210
f 8185 8186 7210
f 8186 8187 7210
f 8187 7211 7210
f 8187 8188 7211
f 8188 7212 7211
f 8188 8189 7212
f 8189 7213 7212
f 8189 7214 7213
f 8189 8190 7214
f 8190 8191 7214
f 8191 7215 7214
f 8191 7216 7215
f 8191 8192 7216
f 8192 8193 7216
f 9222 7913 7912
f 9222 9223 7913
f 9223 9224 7913
f 9224 7914 7913
f 9224 9225 7914
f 9225 7915 7914
f 9225 9226 7915
f 9226 7916 7915
f 9226 9227 7916
f 9227 7917 7916
f 9227 9228 7917
f 9228 7918 7917
f 9228 7919 7918
f 9228 9229 7919
f 9229 7920 7919
f 9229 7921 7920
f 9229 9230 7921
f 9230 9231 7921
f 9231 7922 7921
f 9231 9232 7922
f 9232 7923 7922
f 9232 7924 7923
f 9232 9233 7924
f 9233 7925 7924
f 9233 9234 7925
f 9234 7926 7925
f 9234 7927 7926
f 9234 9235 7927
f 9235 9236 7927
f 9236 7928 7927
f 9236 9237 7928
f 9237 7929 7928
f 9237 9238 7929
f 9238 7930 7929
f 9238 9239 7930
f 9239 7931 7930
f 9239 9240 7931
f 9240 7932 7931
f 9240 9241 7932
f 9241 7933 7932
f 9241 9242 7933
f 9242 9243 7933
f 9243 7934 7933
f 9243 9244 7934
f 9244 7935 7934
f 9244 9245 7935
f 9245 7936 7935
f 9245 7937 7936
f 9245 9246 7937
f 9246 7939 7937
f 7939 7938 7937
f 9246 9247 7939
f 9247 7940 7939
f 9247 9248 7940
f 9248 7941 7940
f 9248 9249 7941
f 9249 7942 7941
f 9249 9250 7942
f 9250 7943 7942
f 9250 9251 7943
f 9251 9252 7943
f 9252 7944 7943
f 9252 7945 7944
f 9252 9253 7945
f 9253 9254 7945
f 9254 7946 7945
f 9254 9255 7946
f 9255 7947 7946
f 9255 9256 7947
f 9256 7948 7947
f 9256 7949 7948
f 9256 9257 7949
f 9257 7950 7949
f 9257 9258 7950
f 9258 9259 7950
f 9259 7951 7950
f 9259 9260 7951
f 9260 7952 7951
f 9260 9261 7952
f 9261 7953 7952
f 9261 9262 7953
f 9262 9263 7953
f 9263 9264 7953
f 9264 7954 7953
f 9264 7955 7954
f 9264 9265 7955
f 9265 7955 7975
f 9263 9266 9264
f 9266 7976 9264
f 7976 7975 9264
f 9266 7978 7976
f 9266 9267 7978
f 9267 9268 7978
f 9268 7979 7978
f 9268 7980 7979
f 9268 9269 7980
f 9269 7981 7980
f 9269 9270 7981
f 9270 7982 7981
f 9270 7983 7982
f 9270 9271 7983
f 9271 9272 7983
f 9272 9273 7983
f 9273 9274 7983
f 9274 7984 7983
f 9274 9275 7984
f 9275 7985 7984
f 9275 7986 7985
f 9275 9276 7986
f 9276 7987 7986
f 9276 7988 7987
f 9276 9277 7988
f 9277 7990 7988
f 9277 7991 7990
f 9277 9278 7991
f 9278 9279 7991
f 9279 9280 7991
f 9280 7992 7991
f 9280 9281 7992
f 9281 9282 7992
f 9282 7995 7992
f 9282 9283 7995
f 9283 7997 7995
f 9283 7998 7997
f 9283 9284 7998
f 9284 7999 7998
f 9284 9285 7999
f 9285 9286 7999
f 9286 8000 7999
f 9286 9287 8000
f 9285 9288 9286
f 9288 9289 9286
f 9289 9290 9286
f 9290 9291 9286
f 9290 9292 9291
f 9292 8002 9291
f 9292 9293 8002
f 9293 8003 8002
f 9293 9294 8003
f 9294 9295 8003
f 9295 8004 8003
f 9295 8005 8004
f 9295 9296 8005
f 9296 8006 8005
f 9296 9297 8006
f 9297 8007 8006
f 9297 9298 8007
f 9298 9299 8007
f 9299 8008 8007
f 9299 9300 8008
f 9300 8009 8008
f 9300 9301 8009
f 9299 9302 9300
f 9302 9303 9300
f 9303 9304 9300
f 9303 9305 9304
f 9305 9306 9304
f 9306 9301 9304
f 9306 9307 9301
f 9307 8010 9301
f 9307 8011 8010
f 9307 9308 8011
f 9308 8012 8011
f 9308 9309 8012
f 9309 8013 8012
f 9309 9310 8013
f 9310 9311 8013
f 9310 9312 9311
f 9312 9313 9311
f 9313 8026 9311
f 9313 8027 8026
f 9313 9314 8027
f 9314 9315 8027
f 9315 9316 8027
f 9316 8028 8027
f 9316 9317 8028
f 9317 8031 8028
f 9317 9318 8031
f 9318 9319 8031
f 9319 8035 8031
f 8035 8032 8031
f 9319 9320 8035
f 9320 8037 8035
f 8037 8036 8035
f 9320 9321 8037
f 9320 9322 9321
f 9322 8047 9321
f 8047 9323 9321
f 8047 8046 9323
f 8046 9324 9323
f 9322 8048 8047
f 9322 8050 8048
f 9322 9325 8050
f 9325 8052 8050
f 9325 9318 8052
f 9318 9326 8052
f 9326 8053 8052
f 9325 9320 9318
f 9320 9319 9318
f 9325 9322 9320
f 9316 9327 9317
f 9327 9317 9328
f 9317 9328 8054
f 9328 8055 8054
f 9328 9329 8055
f 9329 8057 8055
f 9329 9330 8057
f 9330 9331 8057
f 9331 8058 8057
f 9331 9332 8058
f 9332 8059 8058
f 9332 8066 8059
f 9332 9333 8066
f 9333 9331 8066
f 9331 9334 8066
f 9334 9335 8066
f 9335 9336 8066
f 9336 8067 8066
f 9336 8068 8067
f 9335 9337 9336
f 9337 9338 9336
f 9337 9339 9338
f 9337 9340 9339
f 9340 9341 9339
f 9341 9342 9339
f 9341 9343 9342
f 9341 9344 9343
f 9344 9345 9343
f 9345 9346 9343
f 9345 9347 9346
f 9347 9348 9346
f 9348 9349 9346
f 9349 9350 9346
f 9349 9351 9350
f 9351 9352 9350
f 9352 9353 9350
f 9353 9354 9350
f 9353 9355 9354
f 9353 9356 9355
f 9356 8069 9355
f 9356 8070 8069
f 9356 8071 8070
f 9356 9357 8071
f 9357 8072 8071
f 9357 8073 8072
f 9357 9352 8073
f 9352 9358 8073
f 9358 8074 8073
f 9358 8079 8074
f 9358 9351 8079
f 9351 9359 8079
f 9359 8081 8079
f 9359 9360 8081
f 9360 8082 8081
f 9360 9361 8082
f 9361 9362 8082
f 9362 8083 8082
f 9362 8084 8083
f 9362 9363 8084
f 9363 8085 8084
f 9363 9364 8085
f 9364 8086 8085
f 9364 9365 8086
f 9365 9366 8086
f 9366 8091 8086
f 8091 8089 8086
f 8089 8087 8086
f 9366 9367 8091
f 9367 8092 8091
f 9367 9368 8092
f 9368 8093 8092
f 9368 8094 8093
f 9368 9369 8094
f 9369 9370 8094
f 9370 8095 8094
f 9370 9371 8095
f 9371 8096 8095
f 9370 9372 9371
f 9370 9373 9372
f 9373 9374 9372
f 9374 9375 9372
f 9375 9376 9372
f 9376 9377 9372
f 9376 9378 9377
f 9378 9379 9377
f 9378 9380 9379
f 9380 9381 9379
f 9381 9382 9379
f 9382 9383 9379
f 9383 9384 9379
f 9383 9385 9384
f 9383 9386 9385
f 9386 8097 9385
f 9386 9387 8097
f 9387 8098 8097
f 9387 8099 8098
f 9387 9388 8099
f 9388 8100 8099
f 9388 9389 8100
f 9389 8101 8100
f 9389 9390 8101
f 9389 9391 9390
f 9391 9392 9390
f 9392 9393 9390
f 9392 9394 9393
f 9394 9395 9393
f 9395 9396 9393
f 9395 8113 9396
f 8113 8112 9396
f 8112 8106 9396
f 9395 8114 8113
f 9395 8127 8114
f 9395 9394 8127
f 9394 9397 8127
f 9397 8128 8127
f 9397 8129 8128
f 9397 9398 8129
f 9398 9399 8129
f 9399 8130 8129
f 9399 8132 8130
f 9399 8133 8132
f 9399 9400 8133
f 9400 9401 8133
f 9401 9402 8133
f 9402 8134 8133
f 9402 9403 8134
f 9403 8137 8134
f 8137 8135 8134
f 8137 8136 8135
f 9403 9404 8137
f 9404 8138 8137
f 9404 8139 8138
f 9404 9405 8139
f 9405 8140 8139
f 9405 9406 8140
f 9406 9407 8140
f 9407 8141 8140
f 9407 9408 8141
f 9408 8142 8141
f 9408 8143 8142
f 9408 8144 8143
f 9408 9409 8144
f 9409 8145 8144
f 9409 8146 8145
f 9409 9410 8146
f 9410 8147 8146
f 9410 8148 8147
f 9410 9411 8148
f 9411 8149 8148
f 9411 9412 8149
f 9412 8150 8149
f 9412 9413 8150
f 9413 8152 8150
f 8152 8151 8150
f 9413 9414 8152
f 9414 8153 8152
f 9414 9415 8153
f 9415 8154 8153
f 9415 8155 8154
f 9415 9416 8155
f 9416 9417 8155
f 9417 8156 8155
f 9417 9418 8156
f 9418 8157 8156
f 9418 8158 8157
f 9418 9419 8158
f 9419 8159 8158
f 9419 9420 8159
f 9420 9421 8159
f 9421 9422 8159
f 9422 8160 8159
f 9422 9423 8160
f 9423 8161 8160
f 9423 8162 8161
f 9423 9424 8162
f 9424 9425 8162
f 9425 8163 8162
f 9425 9426 8163
f 9426 8164 8163
f 9426 8165 8164
f 9426 9427 8165
f 9427 9428 8165
f 9428 8166 8165
f 9428 8167 8166
f 9428 9429 8167
f 9429 8168 8167
f 9429 9430 8168
f 9430 8169 8168
f 9430 9431 8169
f 9431 9432 8169
f 9432 8170 8169
f 9432 8171 8170
f 9432 9433 8171
f 9433 9434 8171
f 9434 8172 8171
f 9434 9435 8172
f 9435 8174 8172
f 8174 8173 8172
f 9435 9436 8174
f 9436 8175 8174
f 9436 9437 8175
f 9437 8176 8175
f 9437 8177 8176
f 9437 9438 8177
f 9438 8178 8177
f 9438 9439 8178
f 9439 9440 8178
f 9440 8179 8178
f 9440 8180 8179
f 9440 8181 8180
f 9440 9441 8181
f 9441 9442 8181
f 9442 8182 8181
f 9442 9443 8182
f 9443 9444 8182
f 9444 8183 8182
f 9444 9445 8183
f 9445 8184 8183
f 9445 8185 8184
f 9445 9446 8185
f 9446 8186 8185
f 9446 9447 8186
f 9447 9448 8186
f 9448 9449 8186
f 9449 8187 8186
f 9449 8188 8187
f 9449 9450 8188
f 9450 8189 8188
f 9450 8190 8189
f 9450 9451 8190
f 9451 9452 8190
f 9452 8191 8190
f 9452 8192 8191
f 9452 9453 8192
f 9453 9454 8192
f 9454 9455 8192
f 9455 8193 8192
f 9881 9882 9220
f 9882 9221 9220
f 9882 9883 9221
f 9883 9222 9221
f 9883 9223 9222
f 9883 9884 9223
f 9884 9885 9223
f 9885 9224 9223
f 9885 9886 9224
f 9886 9225 9224
f 9886 9226 9225
f 9886 9887 9226
f 9887 9227 9226
f 9887 9888 9227
f 9888 9889 9227
f 9889 9228 9227
f 9889 9890 9228
f 9890 9891 9228
f 9891 9229 9228
f 9891 9230 9229
f 9891 9892 9230
f 9892 9893 9230
f 9893 9894 9230
f 9894 9231 9230
f 9894 9895 9231
f 9895 9232 9231
f 9895 9233 9232
f 9895 9896 9233
f 9896 9234 9233
f 9896 9235 9234
f 9896 9897 9235
f 9897 9898 9235
f 9898 9236 9235
f 9898 9899 9236
f 9899 9237 9236
f 9899 9900 9237
f 9900 9238 9237
f 9900 9901 9238
f 9901 9239 9238
f 9901 9902 9239
f 9902 9240 9239
f 9902 9903 9240
f 9903 9241 9240
f 9903 9904 9241
f 9904 9242 9241
f 9904 9905 9242
f 9905 9906 9242
f 9906 9243 9242
f 9906 9907 9243
f 9907 9244 9243
f 9907 9908 9244
f 9908 9245 9244
f 9908 9246 9245
f 9908 9247 9246
f 9908 9909 9247
f 9909 9248 9247
f 9909 9910 9248
f 9910 9249 9248
f 9910 9911 9249
f 9911 9250 9249
f 9911 9912 9250
f 9912 9251 9250
f 9912 9913 9251
f 9913 9914 9251
f 9914 9252 9251
f 9914 9253 9252
f 9914 9915 9253
f 9915 9916 9253
f 9916 9254 9253
f 9916 9917 9254
f 9917 9255 9254
f 9917 9918 9255
f 9918 9256 9255
f 9918 9257 9256
f 9918 9919 9257
f 9919 9258 9257
f 9919 9920 9258
f 9920 9921 9258
f 9921 9259 9258
f 9921 9922 9259
f 9922 9260 9259
f 9922 9923 9260
f 9923 9261 9260
f 9923 9924 9261
f 9924 9262 9261
f 9924 9925 9262
f 9925 9926 9262
f 9926 9263 9262
f 9926 9266 9263
f 9926 9267 9266
f 9926 9927 9267
f 9927 9928 9267
f 9928 9268 9267
f 9928 9269 9268
f 9928 9929 9269
f 9929 9270 9269
f 9929 9271 9270
f 9929 9930 9271
f 9930 9272 9271
f 9930 9931 9272
f 9931 9932 9272
f 9932 9933 9272
f 9933 9273 9272
f 9933 9934 9273
f 9934 9935 9273
f 9935 9274 9273
f 9935 9936 9274
f 9936 9275 9274
f 9936 9276 9275
f 9936 9937 9276
f 9937 9277 9276
f 9937 9278 9277
f 9937 9938 9278
f 9938 9279 9278
f 9938 9939 9279
f 9939 9940 9279
f 9940 9941 9279
f 9941 9281 9279
f 9281 9280 9279
f 9941 9942 9281
f 9942 9943 9281
f 9943 9944 9281
f 9944 9282 9281
f 9944 9283 9282
f 9944 9284 9283
f 9944 9945 9284
f 9945 9946 9284
f 9946 9947 9284
f 9947 9285 9284
f 9947 9288 9285
f 9947 9948 9288
f 9948 9289 9288
f 9948 9949 9289
f 9949 9290 9289
f 9949 9950 9290
f 9950 9951 9290
f 9951 9292 9290
f 9951 9293 9292
f 9951 9952 9293
f 9952 9294 9293
f 9951 9953 9952
f 9951 9954 9953
f 9951 9950 9954
f 9950 9955 9954
f 9950 9956 9955
f 9956 9957 9955
f 9956 9958 9957
f 9958 9959 9957
f 9959 9960 9957
f 9958 9961 9959
f 9961 9962 9959
f 9962 9963 9959
f 9962 9964 9963
f 9964 9965 9963
f 9965 9966 9963
f 9966 9967 9963
f 9967 9968 9963
f 9966 9969 9967
f 9969 9970 9967
f 9969 9971 9970
f 9971 9972 9970
f 9972 9973 9970
f 9972 9973 9974
f 9974 9375 9972
f 9375 9374 9972
f 9374 9975 9972
f 9374 9373 9975
f 9373 9976 9975
f 9976 9977 9975
f 9977 9978 9975
f 9978 9979 9975
f 9979 9980 9975
f 9979 9981 9980
f 9979 9982 9981
f 9982 9983 9981
f 9983 9984 9981
f 9984 9985 9981
f 9984 9986 9985
f 9986 9987 9985
f 9986 9988 9987
f 9986 9989 9988
f 9989 9990 9988
f 9989 9991 9990
f 9991 9992 9990
f 9989 9993 9991
f 9989 9994 9993
f 9994 9984 9993
f 9984 9995 9993
f 9995 9996 9993
f 9996 9361 9993
f 9361 9997 9993
f 9997 9998 9993
f 9997 9347 9998
f 9347 9999 9998
f 9347 9345 9999
f 9345 10000 9999
f 10000 9992 9999
f 10000 10001 9992
f 10000 10002 10001
f 10002 9303 10001
f 9303 9302 10001
f 10002 9305 9303
f 10002 10003 9305
f 10003 10004 9305
f 10003 10005 10004
f 10005 10006 10004
f 10005 10007 10006
f 10003 10008 10005
f 10003 10008 9341
f 10002 9344 10003
f 10002 10009 9344
f 10009 9345 9344
f 10009 10000 9345
f 10009 10002 10000
f 9997 9348 9347
f 9997 9361 9348
f 9361 9360 9348
f 9360 9359 9348
f 9359 9349 9348
f 9359 9351 9349
f 9995 10010 9996
f 10010 9362 9996
f 10010 10011 9362
f 10011 9363 9362
f 10011 9364 9363
f 10011 9365 9364
f 10011 9366 9365
f 10011 10012 9366
f 10012 9977 9366
f 9977 9367 9366
f 9977 9368 9367
f 9977 9369 9368
f 9977 9976 9369
f 9976 9373 9369
f 9373 9370 9369
f 10012 10013 9977
f 10013 9979 9977
f 9979 9978 9977
f 10013 10012 9979
f 10012 10014 9979
f 10014 9982 9979
f 10014 9983 9982
f 10014 10010 9983
f 10010 9995 9983
f 9995 9984 9983
f 10014 10011 10010
f 10014 10012 10011
f 9994 9986 9984
f 9994 9989 9986
f 9974 10015 9375
f 10015 9376 9375
f 10015 10016 9376
f 10015 10017 10016
f 10017 10018 10016
f 10018 10019 10016
f 10019 10020 10016
f 10020 9378 10016
f 10020 9380 9378
f 10020 10021 9380
f 10021 10022 9380
f 10022 9382 9380
f 9382 9381 9380
f 10022 10023 9382
f 10023 10024 9382
f 10024 10025 9382
f 10025 10026 9382
f 10026 9383 9382
f 10026 9386 9383
f 10026 10027 9386
f 10027 9388 9386
f 9388 9387 9386
f 10027 10028 9388
f 10028 10029 9388
f 10028 10030 10029
f 10030 10031 10029
f 10030 10032 10031
f 10032 10033 10031
f 10033 10034 10031
f 10033 10035 10034
f 10035 10036 10034
f 10036 10037 10034
f 10036 10038 10037
f 10038 9392 10037
f 9392 10039 10037
f 9392 9391 10039
f 9391 9389 10039
f 10036 10035 10038
f 10033 9399 10035
f 9399 10040 10035
f 10040 9392 10035
f 10040 9394 9392
f 10040 9397 9394
f 10040 9398 9397
f 10040 9399 9398
f 10033 9400 9399
f 10033 10041 9400
f 10041 10042 9400
f 10042 9401 9400
f 10042 10043 9401
f 10043 9402 9401
f 10043 10044 9402
f 10044 10045 9402
f 10045 9403 9402
f 10045 9404 9403
f 10045 9405 9404
f 10045 9406 9405
f 10045 10046 9406
f 10046 10047 9406
f 10047 9407 9406
f 10047 10048 9407
f 10048 10049 9407
f 10049 9408 9407
f 10049 9409 9408
f 10049 10050 9409
f 10050 10051 9409
f 10051 9410 9409
f 10051 10052 9410
f 10052 9411 9410
f 10052 10053 9411
f 10053 9412 9411
f 10053 10054 9412
f 10054 9413 9412
f 10054 10055 9413
f 10055 9414 9413
f 10055 9415 9414
f 10055 10056 9415
f 10056 9416 9415
f 10056 10057 9416
f 10057 10058 9416
f 10058 10059 9416
f 10059 9417 9416
f 10059 10060 9417
f 10060 9418 9417
f 10060 9419 9418
f 10060 9420 9419
f 10060 10061 9420
f 10061 10062 9420
f 10062 10063 9420
f 10063 9421 9420
f 10063 9422 9421
f 10063 10064 9422
f 10064 9423 9422
f 10064 9424 9423
f 10064 10065 9424
f 10065 10066 9424
f 10066 9425 9424
f 10066 10067 9425
f 10067 9426 9425
f 10067 10068 9426
f 10068 9427 9426
f 10068 10069 9427
f 10069 9428 9427
f 10069 9429 9428
f 10069 10070 9429
f 10070 9430 9429
f 10070 10071 9430
f 10071 9431 9430
f 10071 10072 9431
f 10072 10073 9431
f 10073 9432 9431
f 10073 9433 9432
f 10073 10074 9433
f 10074 10075 9433
f 10075 9434 9433
f 10075 10076 9434
f 10076 10077 9434
f 10077 9435 9434
f 10077 9436 9435
f 10077 10078 9436
f 10078 9437 9436
f 10078 9438 9437
f 10078 10079 9438
f 10079 9439 9438
f 10079 10080 9439
f 10080 10081 9439
f 10081 9440 9439
f 10081 9441 9440
f 10081 10082 9441
f 10082 9442 9441
f 10082 10083 9442
f 10083 9443 9442
f 10083 10084 9443
f 10084 10085 9443
f 10085 9444 9443
f 10085 10086 9444
f 10086 9445 9444
f 10086 9446 9445
f 10086 10087 9446
f 10087 9447 9446
f 10087 10088 9447
f 10088 10089 9447
f 10089 9448 9447
f 10089 10090 9448
f 10090 10091 9448
f 10091 9449 9448
f 10091 9450 9449
f 10091 9451 9450
f 10091 10092 9451
f 10092 10093 9451
f 10093 9452 9451
f 10093 9453 9452
f 10093 10094 9453
f 10094 9454 9453
f 10094 10095 9454
f 10095 10096 9454
f 10096 9455 9454
f 10514 10515 9880
f 10515 9881 9880
f 10515 9882 9881
f 10515 10516 9882
f 10516 10517 9882
f 10517 9883 9882
f 10517 9884 9883
f 10517 10518 9884
f 10518 10519 9884
f 10519 9885 9884
f 10519 10520 9885
f 10520 9886 9885
f 10520 9887 9886
f 10520 10521 9887
f 10521 9888 9887
f 10521 10522 9888
f 10522 10523 9888
f 10523 9889 9888
f 10523 9890 9889
f 10523 10524 9890
f 10524 10525 9890
f 10525 10526 9890
f 10526 9891 9890
f 10526 9892 9891
f 10526 10527 9892
f 10527 9893 9892
f 10527 10528 9893
f 10528 10529 9893
f 10529 9894 9893
f 10529 10530 9894
f 10530 9895 9894
f 10530 9896 9895
f 10530 9897 9896
f 10530 10531 9897
f 10531 10532 9897
f 10532 9898 9897
f 10532 10533 9898
f 10533 9899 9898
f 10533 10534 9899
f 10534 9900 9899
f 10534 10535 9900
f 10535 9901 9900
f 10535 10536 9901
f 10536 9902 9901
f 10536 10537 9902
f 10537 9903 9902
f 10537 10538 9903
f 10538 9904 9903
f 10538 10539 9904
f 10539 9905 9904
f 10539 10540 9905
f 10540 10541 9905
f 10541 9906 9905
f 10541 10542 9906
f 10542 9907 9906
f 10542 9909 9907
f 9909 9908 9907
f 10542 9910 9909
f 10542 10543 9910
f 10543 9911 9910
f 10543 10544 9911
f 10544 9912 9911
f 10544 10545 9912
f 10545 9913 9912
f 10545 10546 9913
f 10546 10547 9913
f 10547 9914 9913
f 10547 9915 9914
f 10547 10548 9915
f 10548 10549 9915
f 10549 9916 9915
f 10549 10550 9916
f 10550 9917 9916
f 10550 10551 9917
f 10551 9919 9917
f 9919 9918 9917
f 10551 10552 9919
f 10552 9920 9919
f 10552 10553 9920
f 10553 10554 9920
f 10554 9921 9920
f 10554 10555 9921
f 10555 10556 9921
f 10556 9922 9921
f 10556 9923 9922
f 10556 10557 9923
f 10557 9924 9923
f 10557 10558 9924
f 10558 9925 9924
f 10558 10559 9925
f 10559 9927 9925
f 9927 9926 9925
f 10559 10560 9927
f 10560 9928 9927
f 10560 9929 9928
f 10560 9930 9929
f 10560 10561 9930
f 10561 9931 9930
f 10561 10562 9931
f 10562 10563 9931
f 10563 9932 9931
f 10563 10564 9932
f 10564 10565 9932
f 10565 9933 9932
f 10565 10566 9933
f 10566 9934 9933
f 10566 10567 9934
f 10567 9935 9934
f 10567 10568 9935
f 10568 9937 9935
f 9937 9936 9935
f 10568 9938 9937
f 10568 10569 9938
f 10569 9939 9938
f 10569 10570 9939
f 10570 10571 9939
f 10571 9940 9939
f 10571 10572 9940
f 10572 10573 9940
f 10573 9941 9940
f 10573 9942 9941
f 10573 10574 9942
f 10574 9943 9942
f 10574 10575 9943
f 10575 9944 9943
f 10575 9945 9944
f 10575 10574 9945
f 10574 10576 9945
f 10576 10577 9945
f 10577 10578 9945
f 10578 9946 9945
f 10578 9947 9946
f 10578 10579 9947
f 10579 10580 9947
f 10580 9948 9947
f 10580 10581 9948
f 10581 9958 9948
f 9958 9949 9948
f 9958 9956 9949
f 9956 9950 9949
f 10581 9961 9958
f 10581 10579 9961
f 10579 10582 9961
f 10582 10583 9961
f 10583 9962 9961
f 10583 9964 9962
f 10583 10584 9964
f 10584 10585 9964
f 10585 9965 9964
f 10585 10586 9965
f 10586 10587 9965
f 10587 9966 9965
f 10587 9969 9966
f 10587 9971 9969
f 10587 10588 9971
f 10588 10017 9971
f 10588 10018 10017
f 10588 10589 10018
f 10589 10590 10018
f 10590 10591 10018
f 10591 10592 10018
f 10592 10019 10018
f 10592 10593 10019
f 10593 10020 10019
f 10593 10021 10020
f 10593 10594 10021
f 10594 10595 10021
f 10595 10596 10021
f 10596 10597 10021
f 10597 10022 10021
f 10597 10598 10022
f 10598 10023 10022
f 10598 10024 10023
f 10598 10599 10024
f 10598 10600 10599
f 10600 10601 10599
f 10600 10602 10601
f 10602 10603 10601
f 10603 10604 10601
f 10603 10605 10604
f 10603 10606 10605
f 10606 10607 10605
f 10607 10608 10605
f 10607 10609 10608
f 10609 10610 10608
f 10610 10611 10608
f 10611 10612 10608
f 10610 10613 10611
f 10613 10614 10611
f 10614 10615 10611
f 10614 10616 10615
f 10616 10604 10615
f 10614 10617 10616
f 10617 10025 10616
f 10617 10618 10025
f 10618 10025 10024
f 10024 10617 10618
f 10614 10619 10617
f 10619 10620 10617
f 10619 10614 10620
f 10614 10621 10620
f 10621 10028 10620
f 10621 10622 10028
f 10622 10030 10028
f 10622 10032 10030
f 10622 10623 10032
f 10623 10624 10032
f 10624 10041 10032
f 10041 10033 10032
f 10623 10625 10624
f 10625 10626 10624
f 10625 10627 10626
f 10627 10628 10626
f 10628 10629 10626
f 10629 10043 10626
f 10043 10630 10626
f 10043 10042 10630
f 10042 10631 10630
f 10629 10044 10043
f 10629 10632 10044
f 10632 10046 10044
f 10046 10045 10044
f 10632 10633 10046
f 10633 10634 10046
f 10634 10047 10046
f 10634 10635 10047
f 10635 10636 10047
f 10636 10048 10047
f 10636 10637 10048
f 10637 10638 10048
f 10638 10050 10048
f 10050 10049 10048
f 10638 10051 10050
f 10638 10639 10051
f 10639 10052 10051
f 10639 10640 10052
f 10640 10641 10052
f 10641 10642 10052
f 10642 10053 10052
f 10642 10643 10053
f 10643 10644 10053
f 10644 10054 10053
f 10644 10055 10054
f 10644 10645 10055
f 10645 10056 10055
f 10645 10057 10056
f 10645 10646 10057
f 10646 10647 10057
f 10647 10058 10057
f 10647 10648 10058
f 10648 10061 10058
f 10061 10060 10058
f 10060 10059 10058
f 10648 10649 10061
f 10649 10062 10061
f 10649 10650 10062
f 10650 10651 10062
f 10650 10652 10651
f 10650 10653 10652
f 10653 10654 10652
f 10654 10064 10652
f 10064 10063 10652
f 10063 10062 10652
f 10654 10065 10064
f 10654 10655 10065
f 10655 10656 10065
f 10656 10066 10065
f 10656 10657 10066
f 10657 10067 10066
f 10657 10068 10067
f 10657 10658 10068
f 10658 10659 10068
f 10659 10069 10068
f 10659 10070 10069
f 10659 10660 10070
f 10660 10071 10070
f 10660 10661 10071
f 10661 10072 10071
f 10661 10662 10072
f 10662 10663 10072
f 10663 10073 10072
f 10663 10074 10073
f 10663 10664 10074
f 10664 10665 10074
f 10665 10075 10074
f 10665 10666 10075
f 10666 10076 10075
f 10666 10667 10076
f 10667 10077 10076
f 10667 10668 10077
f 10668 10078 10077
f 10668 10079 10078
f 10668 10669 10079
f 10669 10670 10079
f 10670 10080 10079
f 10670 10671 10080
f 10671 10672 10080
f 10672 10081 10080
f 10672 10082 10081
f 10672 10673 10082
f 10673 10083 10082
f 10673 10674 10083
f 10674 10084 10083
f 10674 10675 10084
f 10675 10676 10084
f 10676 10085 10084
f 10676 10677 10085
f 10677 10086 10085
f 10677 10087 10086
f 10677 10678 10087
f 10678 10088 10087
f 10678 10679 10088
f 10679 10680 10088
f 10680 10089 10088
f 10680 10681 10089
f 10681 10682 10089
f 10682 10090 10089
f 10682 10091 10090
f 10682 10092 10091
f 10682 10683 10092
f 10683 10684 10092
f 10684 10093 10092
f 10684 10094 10093
f 10684 10685 10094
f 10685 10095 10094
f 10685 10686 10095
f 10686 10687 10095
f 10687 10688 10095
f 10688 10096 10095
f 11073 11074 10513
f 11074 10514 10513
f 11074 11075 10514
f 11075 10515 10514
f 11075 11076 10515
f 11076 10516 10515
f 11076 11077 10516
f 11077 10517 10516
f 11077 10518 10517
f 11077 11078 10518
f 11078 11079 10518
f 11079 10519 10518
f 11079 11080 10519
f 11080 10520 10519
f 11080 10521 10520
f 11080 11081 10521
f 11081 10522 10521
f 11081 11082 10522
f 11082 11083 10522
f 11083 11084 10522
f 11084 10523 10522
f 11084 11085 10523
f 11085 10524 10523
f 11085 11086 10524
f 11086 10525 10524
f 11086 11087 10525
f 11087 11088 10525
f 11088 10526 10525
f 11088 10527 10526
f 11088 11089 10527
f 11089 10528 10527
f 11089 11090 10528
f 11090 11091 10528
f 11091 10529 10528
f 11091 10531 10529
f 10531 10530 10529
f 11091 11092 10531
f 11092 10532 10531
f 11092 11093 10532
f 11093 10533 10532
f 11093 10534 10533
f 11093 11094 10534
f 11094 10535 10534
f 11094 11095 10535
f 11095 11096 10535
f 11096 10536 10535
f 11096 11097 10536
f 11097 10537 10536
f 11097 11098 10537
f 11098 10538 10537
f 11098 11099 10538
f 11099 10539 10538
f 11099 11100 10539
f 11100 10540 10539
f 11100 11101 10540
f 11101 11102 10540
f 11102 10541 10540
f 11102 10543 10541
f 10543 10542 10541
f 11102 10544 10543
f 11102 11103 10544
f 11103 10545 10544
f 11103 11104 10545
f 11104 10546 10545
f 11104 11105 10546
f 11105 11106 10546
f 11106 10547 10546
f 11106 10548 10547
f 11106 11107 10548
f 11107 11108 10548
f 11108 10549 10548
f 11108 11109 10549
f 11109 10550 10549
f 11109 11110 10550
f 11110 10551 10550
f 11110 10552 10551
f 11110 11111 10552
f 11111 10553 10552
f 11111 11112 10553
f 11112 10554 10553
f 11112 11113 10554
f 11113 10555 10554
f 11113 11114 10555
f 11114 10556 10555
f 11114 11115 10556
f 11115 10557 10556
f 11115 11116 10557
f 11116 10558 10557
f 11116 11117 10558
f 11117 10559 10558
f 11117 11118 10559
f 11118 10560 10559
f 11118 10561 10560
f 11118 10562 10561
f 11118 11119 10562
f 11119 11120 10562
f 11120 10563 10562
f 11120 11121 10563
f 11121 10564 10563
f 11121 11122 10564
f 11122 11123 10564
f 11123 10565 10564
f 11123 11124 10565
f 11124 10566 10565
f 11124 11125 10566
f 11125 10567 10566
f 11125 11126 10567
f 11126 10569 10567
f 10569 10568 10567
f 11126 10570 10569
f 11126 11127 10570
f 11127 11128 10570
f 11128 10571 10570
f 11128 10572 10571
f 11128 11129 10572
f 11129 11130 10572
f 11130 11131 10572
f 11131 10573 10572
f 11131 10574 10573
f 11131 11132 10574
f 11132 10576 10574
f 11132 11133 10576
f 11133 11134 10576
f 11134 11135 10576
f 11135 10577 10576
f 11135 11136 10577
f 11136 11137 10577
f 11137 10579 10577
f 10579 10578 10577
f 11137 11138 10579
f 11138 10582 10579
f 11138 11139 10582
f 11139 11140 10582
f 11140 10583 10582
f 11140 10584 10583
f 11140 11139 10584
f 11139 11141 10584
f 11141 11142 10584
f 11142 10585 10584
f 11142 11143 10585
f 11143 10586 10585
f 11143 10589 10586
f 10589 10588 10586
f 10588 10587 10586
f 11143 11144 10589
f 11144 10590 10589
f 11144 11145 10590
f 11145 10591 10590
f 11145 11146 10591
f 11146 11147 10591
f 11147 10592 10591
f 11147 10593 10592
f 11147 10594 10593
f 11147 11148 10594
f 11148 10595 10594
f 11148 11149 10595
f 11149 10596 10595
f 11149 11150 10596
f 11150 11151 10596
f 11151 10597 10596
f 11151 10600 10597
f 10600 10598 10597
f 11151 11152 10600
f 11152 10602 10600
f 11152 11153 10602
f 11153 10603 10602
f 11153 11154 10603
f 11154 10606 10603
f 11154 11155 10606
f 11155 11156 10606
f 11156 11157 10606
f 11157 10607 10606
f 11157 10609 10607
f 11157 11158 10609
f 11158 11159 10609
f 11159 11160 10609
f 11160 10610 10609
f 11160 11161 10610
f 11161 11162 10610
f 11162 10613 10610
f 11162 11163 10613
f 11163 10623 10613
f 10623 10622 10613
f 10622 10614 10613
f 10622 10621 10614
f 11163 10625 10623
f 11163 10627 10625
f 11163 11162 10627
f 11162 11161 10627
f 11161 11164 10627
f 11164 10628 10627
f 11164 11165 10628
f 11165 11166 10628
f 11166 10629 10628
f 11166 10633 10629
f 10633 10632 10629
f 11166 11167 10633
f 11167 10634 10633
f 11167 10635 10634
f 11167 11168 10635
f 11168 11169 10635
f 11169 10636 10635
f 11169 11170 10636
f 11170 10637 10636
f 11170 11171 10637
f 11171 10638 10637
f 11171 11172 10638
f 11172 10639 10638
f 11172 10640 10639
f 11172 11173 10640
f 11173 10641 10640
f 11173 11174 10641
f 11174 11175 10641
f 11175 11176 10641
f 11176 11177 10641
f 11177 10643 10641
f 10643 10642 10641
f 11177 10645 10643
f 10645 10644 10643
f 11177 10646 10645
f 11177 11178 10646
f 11178 11179 10646
f 11179 10647 10646
f 11179 10648 10647
f 11179 11180 10648
f 11180 10649 10648
f 11180 11181 10649
f 11181 11182 10649
f 11182 10650 10649
f 11182 11183 10650
f 11183 11184 10650
f 11184 10653 10650
f 11184 11185 10653
f 11185 10654 10653
f 11185 10655 10654
f 11185 11186 10655
f 11186 11187 10655
f 11187 10656 10655
f 11187 11188 10656
f 11188 10657 10656
f 11188 10658 10657
f 11188 11189 10658
f 11189 11190 10658
f 11190 10659 10658
f 11190 10660 10659
f 11190 11191 10660
f 11191 10661 10660
f 11191 11192 10661
f 11192 10662 10661
f 11192 11193 10662
f 11193 10663 10662
f 11193 10664 10663
f 11193 11194 10664
f 11194 11195 10664
f 11195 10665 10664
f 11195 11196 10665
f 11196 10666 10665
f 11196 11197 10666
f 11197 11198 10666
f 11198 10667 10666
f 11198 10668 10667
f 11198 10669 10668
f 11198 11199 10669
f 11199 10670 10669
f 11199 11200 10670
f 11200 10671 10670
f 11200 11201 10671
f 11201 11202 10671
f 11202 10672 10671
f 11202 10673 10672
f 11202 11203 10673
f 11203 10674 10673
f 11203 11204 10674
f 11204 10675 10674
f 11204 11205 10675
f 11205 11206 10675
f 11206 10676 10675
f 11206 11207 10676
f 11207 10677 10676
f 11207 10678 10677
f 11207 11208 10678
f 11208 10679 10678
f 11208 11209 10679
f 11209 11210 10679
f 11210 10680 10679
f 11210 11211 10680
f 11211 10681 10680
f 11211 11212 10681
f 11212 10683 10681
f 10683 10682 10681
f 11212 11213 10683
f 11213 10684 10683
f 11213 10685 10684
f 11213 11214 10685
f 11214 10686 10685
f 11214 11215 10686
f 11215 10687 10686
f 11215 11216 10687
f 11216 11217 10687
f 11217 10688 10687
f 11565 11566 11072
f 11566 11073 11072
f 11566 11567 11073
f 11567 11074 11073
f 11567 11568 11074
f 11568 11075 11074
f 11568 11569 11075
f 11569 11076 11075
f 11569 11570 11076
f 11570 11077 11076
f 11570 11078 11077
f 11570 11571 11078
f 11571 11079 11078
f 11571 11572 11079
f 11572 11080 11079
f 11572 11081 11080
f 11572 11573 11081
f 11573 11574 11081
f 11574 11082 11081
f 11574 11575 11082
f 11575 11083 11082
f 11575 11576 11083
f 11576 11577 11083
f 11577 11084 11083
f 11577 11085 11084
f 11577 11086 11085
f 11577 11578 11086
f 11578 11579 11086
f 11579 11087 11086
f 11579 11580 11087
f 11580 11581 11087
f 11581 11088 11087
f 11581 11089 11088
f 11581 11582 11089
f 11582 11090 11089
f 11582 11583 11090
f 11583 11584 11090
f 11584 11091 11090
f 11584 11092 11091
f 11584 11585 11092
f 11585 11093 11092
f 11585 11586 11093
f 11586 11094 11093
f 11586 11587 11094
f 11587 11095 11094
f 11587 11588 11095
f 11588 11096 11095
f 11588 11589 11096
f 11589 11097 11096
f 11589 11590 11097
f 11590 11098 11097
f 11590 11591 11098
f 11591 11099 11098
f 11591 11592 11099
f 11592 11100 11099
f 11592 11593 11100
f 11593 11101 11100
f 11593 11594 11101
f 11594 11103 11101
f 11103 11102 11101
f 11594 11104 11103
f 11594 11595 11104
f 11595 11105 11104
f 11595 11596 11105
f 11596 11597 11105
f 11597 11106 11105
f 11597 11107 11106
f 11597 11598 11107
f 11598 11599 11107
f 11599 11108 11107
f 11599 11600 11108
f 11600 11109 11108
f 11600 11601 11109
f 11601 11111 11109
f 11111 11110 11109
f 11601 11602 11111
f 11602 11112 11111
f 11602 11603 11112
f 11603 11604 11112
f 11604 11113 11112
f 11604 11605 11113
f 11605 11114 11113
f 11605 11115 11114
f 11605 11606 11115
f 11606 11116 11115
f 11606 11607 11116
f 11607 11117 11116
f 11607 11119 11117
f 11119 11118 11117
f 11607 11608 11119
f 11608 11120 11119
f 11608 11609 11120
f 11609 11121 11120
f 11609 11610 11121
f 11610 11122 11121
f 11610 11611 11122
f 11611 11612 11122
f 11612 11123 11122
f 11612 11613 11123
f 11613 11124 11123
f 11613 11614 11124
f 11614 11615 11124
f 11615 11125 11124
f 11615 11126 11125
f 11615 11127 11126
f 11615 11616 11127
f 11616 11128 11127
f 11616 11129 11128
f 11616 11617 11129
f 11617 11618 11129
f 11618 11130 11129
f 11618 11619 11130
f 11619 11620 11130
f 11620 11131 11130
f 11620 11132 11131
f 11620 11133 11132
f 11620 11621 11133
f 11621 11622 11133
f 11622 11623 11133
f 11623 11134 11133
f 11623 11136 11134
f 11136 11135 11134
f 11623 11624 11136
f 11624 11625 11136
f 11625 11138 11136
f 11138 11137 11136
f 11625 11139 11138
f 11625 11626 11139
f 11626 11627 11139
f 11627 11141 11139
f 11627 11142 11141
f 11627 11628 11142
f 11628 11144 11142
f 11144 11143 11142
f 11628 11629 11144
f 11629 11145 11144
f 11629 11630 11145
f 11630 11146 11145
f 11630 11631 11146
f 11631 11147 11146
f 11631 11632 11147
f 11632 11148 11147
f 11632 11633 11148
f 11633 11149 11148
f 11633 11634 11149
f 11634 11150 11149
f 11634 11635 11150
f 11635 11636 11150
f 11636 11637 11150
f 11637 11151 11150
f 11637 11152 11151
f 11637 11153 11152
f 11637 11638 11153
f 11638 11155 11153
f 11155 11154 11153
f 11638 11155 11637
f 11636 11635 11637
f 11634 11639 11635
f 11639 11640 11635
f 11640 11641 11635
f 11640 11642 11641
f 11642 11643 11641
f 11643 11644 11641
f 11644 11645 11641
f 11644 11155 11645
f 11644 11646 11155
f 11646 11647 11155
f 11647 11648 11155
f 11648 11156 11155
f 11648 11646 11156
f 11646 11649 11156
f 11649 11650 11156
f 11650 11651 11156
f 11651 11158 11156
f 11158 11157 11156
f 11651 11652 11158
f 11652 11159 11158
f 11652 11653 11159
f 11653 11654 11159
f 11654 11655 11159
f 11655 11160 11159
f 11655 11656 11160
f 11656 11161 11160
f 11656 11164 11161
f 11656 11657 11164
f 11657 11165 11164
f 11657 11658 11165
f 11658 11166 11165
f 11658 11167 11166
f 11658 11168 11167
f 11658 11659 11168
f 11659 11660 11168
f 11660 11661 11168
f 11661 11169 11168
f 11661 11170 11169
f 11661 11662 11170
f 11662 11663 11170
f 11663 11171 11170
f 11663 11664 11171
f 11664 11172 11171
f 11664 11665 11172
f 11665 11173 11172
f 11665 11666 11173
f 11666 11174 11173
f 11666 11667 11174
f 11667 11668 11174
f 11668 11669 11174
f 11669 11175 11174
f 11669 11178 11175
f 11178 11176 11175
f 11178 11177 11176
f 11669 11670 11178
f 11670 11179 11178
f 11670 11180 11179
f 11670 11671 11180
f 11671 11181 11180
f 11671 11672 11181
f 11672 11673 11181
f 11673 11182 11181
f 11673 11183 11182
f 11673 11674 11183
f 11674 11675 11183
f 11675 11184 11183
f 11675 11676 11184
f 11676 11185 11184
f 11676 11186 11185
f 11676 11677 11186
f 11677 11678 11186
f 11678 11187 11186
f 11678 11679 11187
f 11679 11188 11187
f 11679 11189 11188
f 11679 11680 11189
f 11680 11681 11189
f 11681 11190 11189
f 11681 11191 11190
f 11681 11682 11191
f 11682 11192 11191
f 11682 11683 11192
f 11683 11684 11192
f 11684 11193 11192
f 11684 11685 11193
f 11685 11194 11193
f 11685 11686 11194
f 11686 11687 11194
f 11687 11195 11194
f 11687 11688 11195
f 11688 11196 11195
f 11688 11689 11196
f 11689 11197 11196
f 11689 11690 11197
f 11690 11198 11197
f 11690 11199 11198
f 11690 11691 11199
f 11691 11200 11199
f 11691 11692 11200
f 11692 11201 11200
f 11692 11693 11201
f 11693 11694 11201
f 11694 11202 11201
f 11694 11203 11202
f 11694 11695 11203
f 11695 11204 11203
f 11695 11696 11204
f 11696 11205 11204
f 11696 11697 11205
f 11697 11698 11205
f 11698 11699 11205
f 11699 11206 11205
f 11699 11207 11206
f 11699 11208 11207
f 11699 11700 11208
f 11700 11209 11208
f 11700 11701 11209
f 11701 11702 11209
f 11702 11210 11209
f 11702 11703 11210
f 11703 11211 11210
f 11703 11704 11211
f 11704 11212 11211
f 11704 11705 11212
f 11705 11213 11212
f 11705 11214 11213
f 11705 11706 11214
f 11706 11215 11214
f 11706 11707 11215
f 11707 11708 11215
f 11708 11216 11215
f 11708 11709 11216
f 11709 11710 11216
f 12053 11565 11564
f 12053 12054 11565
f 12054 11566 11565
f 12054 12055 11566
f 12055 11567 11566
f 12055 12056 11567
f 12056 11568 11567
f 12056 12057 11568
f 12057 11569 11568
f 12057 12058 11569
f 12058 11570 11569
f 12058 12059 11570
f 12059 11571 11570
f 12059 12060 11571
f 12060 12061 11571
f 12061 11572 11571
f 12061 12062 11572
f 12062 11573 11572
f 12062 12063 11573
f 12063 11574 11573
f 12063 12064 11574
f 12064 11575 11574
f 12064 12065 11575
f 12065 11576 11575
f 12065 12066 11576
f 12066 12067 11576
f 12067 11577 11576
f 12067 11578 11577
f 12067 12068 11578
f 12068 11579 11578
f 12068 12069 11579
f 12069 11580 11579
f 12069 12070 11580
f 12070 12071 11580
f 12071 11581 11580
f 12071 11582 11581
f 12071 12072 11582
f 12072 11583 11582
f 12072 12073 11583
f 12073 12074 11583
f 12074 11584 11583
f 12074 11585 11584
f 12074 12075 11585
f 12075 11586 11585
f 12075 11587 11586
f 12075 12076 11587
f 12076 12077 11587
f 12077 11588 11587
f 12077 12078 11588
f 12078 11589 11588
f 12078 12079 11589
f 12079 11590 11589
f 12079 12080 11590
f 12080 11591 11590
f 12080 12081 11591
f 12081 11592 11591
f 12081 12082 11592
f 12082 11593 11592
f 12082 12083 11593
f 12083 11594 11593
f 12083 11595 11594
f 12083 12084 11595
f 12084 11596 11595
f 12084 12085 11596
f 12085 12086 11596
f 12086 11597 11596
f 12086 11598 11597
f 12086 12087 11598
f 12087 11599 11598
f 12087 12088 11599
f 12088 12089 11599
f 12089 11600 11599
f 12089 12090 11600
f 12090 11601 11600
f 12090 11602 11601
f 12090 12091 11602
f 12091 11603 11602
f 12091 12092 11603
f 12092 12093 11603
f 12093 11604 11603
f 12093 12094 11604
f 12094 11605 11604
f 12094 12095 11605
f 12095 11606 11605
f 12095 12096 11606
f 12096 11607 11606
f 12096 11608 11607
f 12096 12097 11608
f 12097 11609 11608
f 12097 12098 11609
f 12098 11610 11609
f 12098 12099 11610
f 12099 11611 11610
f 12099 12100 11611
f 12100 12101 11611
f 12101 11612 11611
f 12101 12102 11612
f 12102 11613 11612
f 12102 12103 11613
f 12103 11614 11613
f 12103 12104 11614
f 12104 11615 11614
f 12104 11616 11615
f 12104 11617 11616
f 12104 12105 11617
f 12105 12106 11617
f 12106 11618 11617
f 12106 11619 11618
f 12106 12107 11619
f 12107 12108 11619
f 12108 11621 11619
f 11621 11620 11619
f 12108 12109 11621
f 12109 11622 11621
f 12109 12110 11622
f 12110 12111 11622
f 12111 11624 11622
f 11624 11623 11622
f 12111 12112 11624
f 12112 12113 11624
f 12113 11626 11624
f 11626 11625 11624
f 12113 11627 11626
f 12113 12114 11627
f 12114 12115 11627
f 12115 11628 11627
f 12115 11629 11628
f 12115 12116 11629
f 12116 12117 11629
f 12117 11630 11629
f 12117 11631 11630
f 12117 12118 11631
f 12118 11632 11631
f 12118 12119 11632
f 12119 11633 11632
f 12119 12120 11633
f 12120 11634 11633
f 12120 11639 11634
f 12120 12121 11639
f 12121 11640 11639
f 12121 12122 11640
f 12122 12123 11640
f 12123 11642 11640
f 12123 12124 11642
f 12124 11643 11642
f 12124 12125 11643
f 12125 12126 11643
f 12126 12127 11643
f 12127 11644 11643
f 12127 11646 11644
f 12127 12128 11646
f 12128 11650 11646
f 11650 11649 11646
f 12128 12129 11650
f 12129 12130 11650
f 12130 11651 11650
f 12130 12131 11651
f 12131 12132 11651
f 12132 11652 11651
f 12132 12133 11652
f 12133 11653 11652
f 12133 12134 11653
f 12134 11654 11653
f 12134 12135 11654
f 12135 11655 11654
f 12135 12136 11655
f 12136 11656 11655
f 12136 12137 11656
f 12137 11657 11656
f 12137 11659 11657
f 11659 11658 11657
f 12137 12138 11659
f 12138 12139 11659
f 12139 11660 11659
f 12139 12140 11660
f 12140 12141 11660
f 12141 11661 11660
f 12141 11662 11661
f 12141 12142 11662
f 12142 12143 11662
f 12143 12144 11662
f 12144 11663 11662
f 12144 11664 11663
f 12144 12145 11664
f 12145 11667 11664
f 11667 11666 11664
f 11666 11665 11664
f 12145 12146 11667
f 12146 12147 11667
f 12147 12148 11667
f 12148 11668 11667
f 12148 12149 11668
f 12149 11669 11668
f 12149 11670 11669
f 12149 11671 11670
f 12149 11672 11671
f 12149 12150 11672
f 12150 12151 11672
f 12151 11673 11672
f 12151 12152 11673
f 12152 11674 11673
f 12152 12153 11674
f 12153 11675 11674
f 12153 12154 11675
f 12154 11676 11675
f 12154 11677 11676
f 12154 12155 11677
f 12155 11678 11677
f 12155 12156 11678
f 12156 11679 11678
f 12156 11680 11679
f 12156 12157 11680
f 12157 12158 11680
f 12158 11681 11680
f 12158 11682 11681
f 12158 12159 11682
f 12159 11683 11682
f 12159 12160 11683
f 12160 11684 11683
f 12160 11685 11684
f 12160 12161 11685
f 12161 11686 11685
f 12161 12162 11686
f 12162 11687 11686
f 12162 12163 11687
f 12163 11688 11687
f 12163 12164 11688
f 12164 11689 11688
f 12164 12165 11689
f 12165 11690 11689
f 12165 11691 11690
f 12165 11692 11691
f 12165 12166 11692
f 12166 12167 11692
f 12167 11693 11692
f 12167 12168 11693
f 12168 12169 11693
f 12169 11694 11693
f 12169 11695 11694
f 12169 12170 11695
f 12170 11696 11695
f 12170 12171 11696
f 12171 11697 11696
f 12171 12172 11697
f 12172 12173 11697
f 12173 11698 11697
f 12173 12174 11698
f 12174 11699 11698
f 12174 11700 11699
f 12174 11701 11700
f 12174 12175 11701
f 12175 12176 11701
f 12176 11702 11701
f 12176 12177 11702
f 12177 11703 11702
f 12177 12178 11703
f 12178 12179 11703
f 12179 11704 11703
f 12179 11705 11704
f 12179 11706 11705
f 12179 12180 11706
f 12180 11707 11706
f 12180 12181 11707
f 12181 11708 11707
f 12181 11709 11708
f 12181 12182 11709
f 12182 12183 11709
f 12460 12461 12052
f 12461 12053 12052
f 12461 12462 12053
f 12462 12054 12053
f 12462 12463 12054
f 12463 12055 12054
f 12463 12464 12055
f 12464 12056 12055
f 12464 12465 12056
f 12465 12057 12056
f 12465 12466 12057
f 12466 12058 12057
f 12466 12467 12058
f 12467 12059 12058
f 12467 12060 12059
f 12467 12468 12060
f 12468 12469 12060
f 12469 12061 12060
f 12469 12470 12061
f 12470 12062 12061
f 12470 12471 12062
f 12471 12063 12062
f 12471 12472 12063
f 12472 12064 12063
f 12472 12473 12064
f 12473 12065 12064
f 12473 12474 12065
f 12474 12066 12065
f 12474 12475 12066
f 12475 12067 12066
f 12475 12068 12067
f 12475 12476 12068
f 12476 12069 12068
f 12476 12477 12069
f 12477 12070 12069
f 12477 12478 12070
f 12478 12479 12070
f 12479 12071 12070
f 12479 12072 12071
f 12479 12480 12072
f 12480 12073 12072
f 12480 12481 12073
f 12481 12482 12073
f 12482 12074 12073
f 12482 12075 12074
f 12482 12483 12075
f 12483 12076 12075
f 12483 12484 12076
f 12484 12077 12076
f 12484 12485 12077
f 12485 12078 12077
f 12485 12486 12078
f 12486 12079 12078
f 12486 12487 12079
f 12487 12080 12079
f 12487 12488 12080
f 12488 12081 12080
f 12488 12489 12081
f 12489 12082 12081
f 12489 12490 12082
f 12490 12083 12082
f 12490 12084 12083
f 12490 12491 12084
f 12491 12085 12084
f 12491 12492 12085
f 12492 12493 12085
f 12493 12086 12085
f 12493 12494 12086
f 12494 12087 12086
f 12494 12495 12087
f 12495 12496 12087
f 12496 12088 12087
f 12496 12497 12088
f 12497 12089 12088
f 12497 12498 12089
f 12498 12090 12089
f 12498 12091 12090
f 12498 12499 12091
f 12499 12092 12091
f 12499 12500 12092
f 12500 12501 12092
f 12501 12093 12092
f 12501 12502 12093
f 12502 12503 12093
f 12503 12094 12093
f 12503 12095 12094
f 12503 12504 12095
f 12504 12096 12095
f 12504 12097 12096
f 12504 12505 12097
f 12505 12098 12097
f 12505 12506 12098
f 12506 12099 12098
f 12506 12507 12099
f 12507 12100 12099
f 12507 12508 12100
f 12508 12101 12100
f 12508 12509 12101
f 12509 12102 12101
f 12509 12510 12102
f 12510 12103 12102
f 12510 12511 12103
f 12511 12104 12103
f 12511 12105 12104
f 12511 12512 12105
f 12512 12513 12105
f 12513 12106 12105
f 12513 12514 12106
f 12514 12107 12106
f 12514 12108 12107
f 12514 12515 12108
f 12515 12516 12108
f 12516 12109 12108
f 12516 12517 12109
f 12517 12110 12109
f 12517 12518 12110
f 12518 12519 12110
f 12519 12111 12110
f 12519 12112 12111
f 12519 12520 12112
f 12520 12521 12112
f 12521 12113 12112
f 12521 12114 12113
f 12521 12522 12114
f 12522 12115 12114
f 12522 12523 12115
f 12523 12117 12115
f 12117 12116 12115
f 12523 12524 12117
f 12524 12118 12117
f 12524 12525 12118
f 12525 12526 12118
f 12526 12119 12118
f 12526 12120 12119
f 12526 12121 12120
f 12526 12527 12121
f 12527 12122 12121
f 12527 12528 12122
f 12528 12529 12122
f 12529 12530 12122
f 12530 12123 12122
f 12530 12531 12123
f 12531 12532 12123
f 12532 12533 12123
f 12533 12124 12123
f 12533 12125 12124
f 12533 12532 12125
f 12532 12534 12125
f 12534 12535 12125
f 12535 12126 12125
f 12535 12127 12126
f 12535 12536 12127
f 12536 12537 12127
f 12537 12128 12127
f 12537 12129 12128
f 12537 12538 12129
f 12538 12539 12129
f 12539 12130 12129
f 12539 12540 12130
f 12540 12541 12130
f 12541 12131 12130
f 12541 12542 12131
f 12542 12132 12131
f 12542 12133 12132
f 12542 12134 12133
f 12542 12543 12134
f 12543 12544 12134
f 12544 12135 12134
f 12544 12138 12135
f 12138 12136 12135
f 12138 12137 12136
f 12544 12545 12138
f 12545 12139 12138
f 12545 12140 12139
f 12545 12546 12140
f 12546 12142 12140
f 12142 12141 12140
f 12546 12547 12142
f 12547 12548 12142
f 12548 12143 12142
f 12548 12549 12143
f 12549 12144 12143
f 12549 12550 12144
f 12550 12145 12144
f 12550 12551 12145
f 12551 12146 12145
f 12551 12552 12146
f 12552 12147 12146
f 12552 12553 12147
f 12553 12148 12147
f 12553 12554 12148
f 12554 12150 12148
f 12150 12149 12148
f 12554 12555 12150
f 12555 12556 12150
f 12556 12151 12150
f 12556 12152 12151
f 12556 12557 12152
f 12557 12558 12152
f 12558 12153 12152
f 12558 12559 12153
f 12559 12154 12153
f 12559 12560 12154
f 12560 12561 12154
f 12561 12155 12154
f 12561 12562 12155
f 12562 12156 12155
f 12562 12157 12156
f 12562 12563 12157
f 12563 12564 12157
f 12564 12158 12157
f 12564 12159 12158
f 12564 12565 12159
f 12565 12566 12159
f 12566 12160 12159
f 12566 12567 12160
f 12567 12161 12160
f 12567 12568 12161
f 12568 12569 12161
f 12569 12162 12161
f 12569 12570 12162
f 12570 12571 12162
f 12571 12572 12162
f 12572 12163 12162
f 12572 12164 12163
f 12572 12573 12164
f 12573 12574 12164
f 12574 12166 12164
f 12166 12165 12164
f 12574 12575 12166
f 12575 12167 12166
f 12575 12576 12167
f 12576 12168 12167
f 12576 12577 12168
f 12577 12578 12168
f 12578 12169 12168
f 12578 12170 12169
f 12578 12171 12170
f 12578 12579 12171
f 12579 12172 12171
f 12579 12580 12172
f 12580 12581 12172
f 12581 12173 12172
f 12581 12582 12173
f 12582 12174 12173
f 12582 12175 12174
f 12582 12583 12175
f 12583 12584 12175
f 12584 12176 12175
f 12584 12585 12176
f 12585 12177 12176
f 12585 12586 12177
f 12586 12178 12177
f 12586 12587 12178
f 12587 12180 12178
f 12180 12179 12178
f 12587 12588 12180
f 12588 12181 12180
f 12588 12589 12181
f 12589 12182 12181
f 12589 12183 12182
f 12589 12590 12183
f 12849 12850 12460
f 12850 12851 12460
f 12851 12461 12460
f 12851 12852 12461
f 12852 12462 12461
f 12852 12853 12462
f 12853 12463 12462
f 12853 12854 12463
f 12854 12464 12463
f 12854 12855 12464
f 12855 12465 12464
f 12855 12856 12465
f 12856 12466 12465
f 12856 12857 12466
f 12857 12467 12466
f 12857 12468 12467
f 12857 12858 12468
f 12858 12859 12468
f 12859 12469 12468
f 12859 12860 12469
f 12860 12470 12469
f 12860 12861 12470
f 12861 12471 12470
f 12861 12862 12471
f 12862 12863 12471
f 12863 12472 12471
f 12863 12473 12472
f 12863 12864 12473
f 12864 12474 12473
f 12864 12865 12474
f 12865 12866 12474
f 12866 12475 12474
f 12866 12867 12475
f 12867 12476 12475
f 12867 12868 12476
f 12868 12477 12476
f 12868 12869 12477
f 12869 12478 12477
f 12869 12870 12478
f 12870 12871 12478
f 12871 12479 12478
f 12871 12480 12479
f 12871 12872 12480
f 12872 12481 12480
f 12872 12873 12481
f 12873 12874 12481
f 12874 12482 12481
f 12874 12483 12482
f 12874 12875 12483
f 12875 12484 12483
f 12875 12876 12484
f 12876 12485 12484
f 12876 12877 12485
f 12877 12486 12485
f 12877 12878 12486
f 12878 12487 12486
f 12878 12879 12487
f 12879 12488 12487
f 12879 12880 12488
f 12880 12489 12488
f 12880 12881 12489
f 12881 12490 12489
f 12881 12491 12490
f 12881 12882 12491
f 12882 12492 12491
f 12882 12883 12492
f 12883 12884 12492
f 12884 12493 12492
f 12884 12885 12493
f 12885 12494 12493
f 12885 12495 12494
f 12885 12886 12495
f 12886 12887 12495
f 12887 12888 12495
f 12888 12496 12495
f 12888 12889 12496
f 12889 12497 12496
f 12889 12498 12497
f 12889 12890 12498
f 12890 12499 12498
f 12890 12891 12499
f 12891 12500 12499
f 12891 12892 12500
f 12892 12893 12500
f 12893 12501 12500
f 12893 12894 12501
f 12894 12502 12501
f 12894 12503 12502
f 12894 12895 12503
f 12895 12505 12503
f 12505 12504 12503
f 12895 12506 12505
f 12895 12896 12506
f 12896 12897 12506
f 12897 12507 12506
f 12897 12898 12507
f 12898 12899 12507
f 12899 12900 12507
f 12900 12508 12507
f 12900 12901 12508
f 12901 12509 12508
f 12901 12902 12509
f 12902 12510 12509
f 12902 12903 12510
f 12903 12511 12510
f 12903 12512 12511
f 12903 12904 12512
f 12904 12905 12512
f 12905 12513 12512
f 12905 12514 12513
f 12905 12906 12514
f 12906 12515 12514
f 12906 12516 12515
f 12906 12907 12516
f 12907 12908 12516
f 12908 12517 12516
f 12908 12909 12517
f 12909 12518 12517
f 12909 12910 12518
f 12910 12520 12518
f 12520 12519 12518
f 12910 12911 12520
f 12911 12912 12520
f 12912 12522 12520
f 12522 12521 12520
f 12912 12523 12522
f 12912 12913 12523
f 12913 12524 12523
f 12913 12914 12524
f 12914 12525 12524
f 12914 12915 12525
f 12915 12526 12525
f 12915 12527 12526
f 12915 12916 12527
f 12916 12528 12527
f 12916 12917 12528
f 12917 12918 12528
f 12918 12529 12528
f 12918 12919 12529
f 12919 12530 12529
f 12919 12531 12530
f 12919 12920 12531
f 12920 12921 12531
f 12921 12532 12531
f 12921 12922 12532
f 12922 12534 12532
f 12922 12923 12534
f 12923 12924 12534
f 12924 12925 12534
f 12925 12535 12534
f 12925 12926 12535
f 12926 12536 12535
f 12926 12537 12536
f 12926 12927 12537
f 12927 12538 12537
f 12927 12928 12538
f 12928 12929 12538
f 12929 12539 12538
f 12929 12930 12539
f 12930 12540 12539
f 12930 12931 12540
f 12931 12541 12540
f 12931 12932 12541
f 12932 12933 12541
f 12933 12542 12541
f 12933 12543 12542
f 12933 12934 12543
f 12934 12935 12543
f 12934 12544 12935
f 12934 12936 12544
f 12936 12545 12544
f 12936 12546 12545
f 12936 12547 12546
f 12936 12934 12547
f 12934 12937 12547
f 12937 12548 12547
f 12937 12938 12548
f 12938 12939 12548
f 12939 12549 12548
f 12939 12550 12549
f 12939 12551 12550
f 12939 12940 12551
f 12940 12941 12551
f 12941 12942 12551
f 12942 12552 12551
f 12942 12943 12552
f 12943 12553 12552
f 12943 12944 12553
f 12944 12554 12553
f 12944 12555 12554
f 12944 12945 12555
f 12945 12557 12555
f 12557 12556 12555
f 12945 12946 12557
f 12946 12558 12557
f 12946 12947 12558
f 12947 12948 12558
f 12948 12559 12558
f 12948 12949 12559
f 12949 12560 12559
f 12949 12950 12560
f 12950 12561 12560
f 12950 12951 12561
f 12951 12562 12561
f 12951 12563 12562
f 12951 12952 12563
f 12952 12953 12563
f 12952 12954 12953
f 12954 12955 12953
f 12955 12956 12953
f 12956 12957 12953
f 12957 12958 12953
f 12957 12959 12958
f 12959 12960 12958
f 12960 12564 12958
f 12564 12563 12958
f 12960 12565 12564
f 12960 12961 12565
f 12961 12962 12565
f 12962 12567 12565
f 12567 12566 12565
f 12961 12963 12962
f 12963 12964 12962
f 12964 12965 12962
f 12965 12966 12962
f 12965 12967 12966
f 12965 12968 12967
f 12965 12969 12968
f 12969 12970 12968
f 12969 12971 12970
f 12971 12972 12970
f 12972 12973 12970
f 12973 12974 12970
f 12974 12975 12970
f 12975 12569 12970
f 12569 12568 12970
f 12975 12570 12569
f 12975 12976 12570
f 12976 12977 12570
f 12977 12571 12570
f 12977 12572 12571
f 12977 12573 12572
f 12977 12978 12573
f 12978 12574 12573
f 12978 12575 12574
f 12978 12979 12575
f 12979 12576 12575
f 12979 12980 12576
f 12980 12577 12576
f 12980 12981 12577
f 12981 12578 12577
f 12981 12579 12578
f 12981 12982 12579
f 12982 12580 12579
f 12982 12983 12580
f 12983 12984 12580
f 12984 12581 12580
f 12984 12985 12581
f 12985 12986 12581
f 12986 12583 12581
f 12583 12582 12581
f 12986 12987 12583
f 12987 12988 12583
f 12988 12584 12583
f 12988 12989 12584
f 12989 12585 12584
f 12989 12990 12585
f 12990 12991 12585
f 12991 12586 12585
f 12991 12992 12586
f 12992 12587 12586
f 12992 12993 12587
f 12993 12588 12587
f 12993 12994 12588
f 12994 12589 12588
f 12994 12995 12589
f 12995 12590 12589
f 12995 12996 12590
f 12996 12997 12590
f 13250 13251 12849
f 13251 12850 12849
f 13251 13252 12850
f 13252 12851 12850
f 13252 13253 12851
f 13253 12852 12851
f 13253 13254 12852
f 13254 13255 12852
f 13255 12853 12852
f 13255 12854 12853
f 13255 13256 12854
f 13256 12855 12854
f 13256 13257 12855
f 13257 12856 12855
f 13257 13258 12856
f 13258 12857 12856
f 13258 12858 12857
f 13258 13259 12858
f 13259 13260 12858
f 13260 12859 12858
f 13260 13261 12859
f 13261 12860 12859
f 13261 13262 12860
f 13262 12861 12860
f 13262 13263 12861
f 13263 12862 12861
f 13263 13264 12862
f 13264 12863 12862
f 13264 13265 12863
f 13265 12864 12863
f 13265 13266 12864
f 13266 12865 12864
f 13266 13267 12865
f 13267 13268 12865
f 13268 12866 12865
f 13268 12867 12866
f 13268 13269 12867
f 13269 13270 12867
f 13270 12868 12867
f 13270 12869 12868
f 13270 13271 12869
f 13271 13272 12869
f 13272 12870 12869
f 13272 13273 12870
f 13273 12871 12870
f 13273 12872 12871
f 13273 13274 12872
f 13274 12873 12872
f 13274 13275 12873
f 13275 13276 12873
f 13276 12874 12873
f 13276 12875 12874
f 13276 13277 12875
f 13277 12876 12875
f 13277 13278 12876
f 13278 12877 12876
f 13278 13279 12877
f 13279 12878 12877
f 13279 13280 12878
f 13280 12879 12878
f 13280 13281 12879
f 13281 12880 12879
f 13281 13282 12880
f 13282 12881 12880
f 13282 12882 12881
f 13282 13283 12882
f 13283 12883 12882
f 13283 13284 12883
f 13284 13285 12883
f 13285 12884 12883
f 13285 12885 12884
f 13285 12886 12885
f 13285 13286 12886
f 13286 13287 12886
f 13287 13288 12886
f 13288 12887 12886
f 13288 12888 12887
f 13288 13289 12888
f 13289 13290 12888
f 13290 12889 12888
f 13290 12891 12889
f 12891 12890 12889
f 13290 13291 12891
f 13291 13292 12891
f 13292 12892 12891
f 13292 13293 12892
f 13293 12893 12892
f 13293 12896 12893
f 12896 12894 12893
f 12896 12895 12894
f 13293 13294 12896
f 13294 12897 12896
f 13294 12898 12897
f 13294 13295 12898
f 13295 12899 12898
f 13295 13294 12899
f 13294 13296 12899
f 13296 13297 12899
f 13297 12900 12899
f 13297 13298 12900
f 13298 13299 12900
f 13299 13300 12900
f 13300 12901 12900
f 13300 13301 12901
f 13301 12902 12901
f 13301 13302 12902
f 13302 12903 12902
f 13302 12904 12903
f 13302 13303 12904
f 13303 13304 12904
f 13304 12906 12904
f 12906 12905 12904
f 13304 13305 12906
f 13305 12907 12906
f 13305 12908 12907
f 13305 13306 12908
f 13306 13307 12908
f 13307 12909 12908
f 13307 13308 12909
f 13308 13309 12909
f 13309 12910 12909
f 13309 13310 12910
f 13310 12911 12910
f 13310 12913 12911
f 12913 12912 12911
f 13310 13311 12913
f 13311 12914 12913
f 13311 13312 12914
f 13312 12915 12914
f 13312 12916 12915
f 13312 13313 12916
f 13313 12917 12916
f 13313 13314 12917
f 13314 12918 12917
f 13314 13315 12918
f 13315 13316 12918
f 13316 12919 12918
f 13316 12920 12919
f 13316 13317 12920
f 13317 13318 12920
f 13318 12921 12920
f 13318 13319 12921
f 13319 13320 12921
f 13320 12922 12921
f 13320 13321 12922
f 13321 12923 12922
f 13321 13322 12923
f 13322 12924 12923
f 13322 13323 12924
f 13323 13324 12924
f 13324 12927 12924
f 12927 12926 12924
f 12926 12925 12924
f 13324 12928 12927
f 13324 13325 12928
f 13325 13326 12928
f 13326 12929 12928
f 13326 13327 12929
f 13327 12930 12929
f 13327 13328 12930
f 13328 12931 12930
f 13328 12932 12931
f 13328 13329 12932
f 13329 13330 12932
f 13330 12933 12932
f 13329 13331 13330
f 13331 13332 13330
f 13331 13333 13332
f 13333 13334 13332
f 13334 13335 13332
f 13335 13336 13332
f 13335 13337 13336
f 13337 13338 13336
f 13338 13339 13336
f 13338 12934 13339
f 12934 13340 13339
f 12934 13341 13340
f 13338 12937 12934
f 13338 13342 12937
f 13342 12938 12937
f 13342 13343 12938
f 13343 12939 12938
f 13343 12940 12939
f 13343 13344 12940
f 13344 12941 12940
f 13344 13345 12941
f 13345 13346 12941
f 13346 13347 12941
f 13347 12942 12941
f 13347 12943 12942
f 13347 12944 12943
f 13347 13348 12944
f 13348 12945 12944
f 13348 13349 12945
f 13349 12946 12945
f 13349 13350 12946
f 13350 12947 12946
f 13350 13351 12947
f 13351 13352 12947
f 13352 12948 12947
f 13352 12949 12948
f 13352 13353 12949
f 13353 13354 12949
f 13354 12950 12949
f 13354 12954 12950
f 12954 12951 12950
f 12954 12952 12951
f 13354 13355 12954
f 13355 12955 12954
f 13355 13356 12955
f 13356 13357 12955
f 13357 12956 12955
f 13357 13358 12956
f 13358 13359 12956
f 13359 13360 12956
f 13360 12957 12956
f 13360 12961 12957
f 12961 12959 12957
f 12961 12960 12959
f 13360 13361 12961
f 13361 12963 12961
f 13361 13362 12963
f 13362 12971 12963
f 12971 12964 12963
f 12971 12969 12964
f 12969 12965 12964
f 13362 13363 12971
f 13363 12972 12971
f 13363 13364 12972
f 13364 13365 12972
f 13365 13366 12972
f 13366 12973 12972
f 13366 13367 12973
f 13367 13368 12973
f 13368 13369 12973
f 13369 12974 12973
f 13369 12975 12974
f 13369 13370 12975
f 13370 12976 12975
f 13370 13371 12976
f 13371 13372 12976
f 13371 13373 13372
f 13371 13374 13373
f 13374 13375 13373
f 13375 13376 13373
f 13376 13377 13373
f 13376 13378 13377
f 13376 13379 13378
f 13379 13380 13378
f 13379 13381 13380
f 13381 13382 13380
f 13381 13383 13382
f 13383 13384 13382
f 13384 13382 13385
f 13382 13386 13385
f 13382 13387 13386
f 13387 13388 13386
f 13388 13389 13386
f 13389 13377 13386
f 13389 12980 13377
f 12980 13390 13377
f 13390 13391 13377
f 13390 12976 13391
f 13390 12978 12976
f 12978 12977 12976
f 13390 12979 12978
f 13390 12980 12979
f 13389 12981 12980
f 13389 13388 12981
f 13388 12982 12981
f 13388 12983 12982
f 13388 13387 12983
f 13387 13392 12983
f 13392 12984 12983
f 13392 12985 12984
f 13392 13393 12985
f 13393 13394 12985
f 13394 12986 12985
f 13394 12987 12986
f 13394 13395 12987
f 13395 13396 12987
f 13396 13397 12987
f 13397 12988 12987
f 13397 12989 12988
f 13397 12990 12989
f 13397 13398 12990
f 13398 13399 12990
f 13399 12991 12990
f 13399 13400 12991
f 13400 12992 12991
f 13400 13401 12992
f 13401 12993 12992
f 13401 12994 12993
f 13401 13402 12994
f 13402 12995 12994
f 13402 13403 12995
f 13403 12996 12995
f 13403 13404 12996
f 13647 13648 13250
f 13648 13251 13250
f 13648 13649 13251
f 13649 13252 13251
f 13649 13650 13252
f 13650 13253 13252
f 13650 13651 13253
f 13651 13254 13253
f 13651 13652 13254
f 13652 13255 13254
f 13652 13653 13255
f 13653 13256 13255
f 13653 13654 13256
f 13654 13257 13256
f 13654 13655 13257
f 13655 13258 13257
f 13655 13259 13258
f 13655 13656 13259
f 13656 13657 13259
f 13657 13260 13259
f 13657 13658 13260
f 13658 13261 13260
f 13658 13659 13261
f 13659 13262 13261
f 13659 13660 13262
f 13660 13263 13262
f 13660 13661 13263
f 13661 13264 13263
f 13661 13662 13264
f 13662 13265 13264
f 13662 13663 13265
f 13663 13266 13265
f 13663 13664 13266
f 13664 13267 13266
f 13664 13665 13267
f 13665 13666 13267
f 13666 13268 13267
f 13666 13269 13268
f 13666 13667 13269
f 13667 13270 13269
f 13667 13668 13270
f 13668 13271 13270
f 13668 13669 13271
f 13669 13272 13271
f 13669 13670 13272
f 13670 13671 13272
f 13671 13273 13272
f 13671 13274 13273
f 13671 13672 13274
f 13672 13275 13274
f 13672 13673 13275
f 13673 13674 13275
f 13674 13276 13275
f 13674 13277 13276
f 13674 13675 13277
f 13675 13278 13277
f 13675 13676 13278
f 13676 13279 13278
f 13676 13677 13279
f 13677 13280 13279
f 13677 13678 13280
f 13678 13281 13280
f 13678 13679 13281
f 13679 13282 13281
f 13679 13283 13282
f 13679 13680 13283
f 13680 13681 13283
f 13681 13284 13283
f 13681 13682 13284
f 13682 13683 13284
f 13683 13285 13284
f 13683 13286 13285
f 13683 13684 13286
f 13684 13685 13286
f 13685 13686 13286
f 13686 13287 13286
f 13686 13687 13287
f 13687 13288 13287
f 13687 13289 13288
f 13687 13688 13289
f 13688 13290 13289
f 13688 13291 13290
f 13688 13689 13291
f 13689 13690 13291
f 13690 13292 13291
f 13690 13293 13292
f 13690 13691 13293
f 13691 13692 13293
f 13692 13294 13293
f 13692 13693 13294
f 13693 13296 13294
f 13693 13694 13296
f 13694 13298 13296
f 13298 13297 13296
f 13694 13695 13298
f 13695 13696 13298
f 13696 13299 13298
f 13696 13697 13299
f 13697 13300 13299
f 13697 13698 13300
f 13698 13301 13300
f 13698 13699 13301
f 13699 13302 13301
f 13699 13303 13302
f 13699 13700 13303
f 13700 13701 13303
f 13701 13304 13303
f 13701 13305 13304
f 13701 13306 13305
f 13701 13702 13306
f 13702 13703 13306
f 13703 13307 13306
f 13703 13704 13307
f 13704 13308 13307
f 13704 13705 13308
f 13705 13706 13308
f 13706 13309 13308
f 13706 13310 13309
f 13706 13707 13310
f 13707 13311 13310
f 13707 13312 13311
f 13707 13313 13312
f 13707 13708 13313
f 13708 13314 13313
f 13708 13709 13314
f 13709 13315 13314
f 13709 13710 13315
f 13710 13711 13315
f 13711 13316 13315
f 13711 13317 13316
f 13711 13712 13317
f 13712 13713 13317
f 13713 13318 13317
f 13713 13319 13318
f 13713 13714 13319
f 13714 13715 13319
f 13714 13716 13715
f 13716 13717 13715
f 13717 13718 13715
f 13718 13719 13715
f 13718 13720 13719
f 13720 13721 13719
f 13720 13722 13721
f 13722 13723 13721
f 13723 13724 13721
f 13723 13725 13724
f 13725 13726 13724
f 13726 13727 13724
f 13727 13728 13724
f 13727 13729 13728
f 13729 13730 13728
f 13730 13731 13728
f 13731 13732 13728
f 13731 13733 13732
f 13731 13734 13733
f 13734 13735 13733
f 13735 13736 13733
f 13736 13737 13733
f 13737 13738 13733
f 13737 13732 13738
f 13737 13739 13732
f 13739 13740 13732
f 13735 13320 13736
f 13320 13741 13736
f 13741 13739 13736
f 13741 13742 13739
f 13734 13321 13735
f 13734 13322 13321
f 13734 13743 13322
f 13743 13323 13322
f 13743 13744 13323
f 13744 13745 13323
f 13745 13324 13323
f 13745 13325 13324
f 13745 13746 13325
f 13746 13747 13325
f 13747 13326 13325
f 13747 13748 13326
f 13748 13327 13326
f 13748 13749 13327
f 13749 13328 13327
f 13749 13329 13328
f 13749 13750 13329
f 13750 13331 13329
f 13750 13333 13331
f 13750 13751 13333
f 13751 13752 13333
f 13752 13334 13333
f 13751 13753 13752
f 13753 13754 13752
f 13754 13755 13752
f 13755 13756 13752
f 13754 13757 13755
f 13757 13758 13755
f 13758 13759 13755
f 13758 13760 13759
f 13760 13761 13759
f 13761 13762 13759
f 13760 13763 13761
f 13763 13764 13761
f 13764 13765 13761
f 13764 13766 13765
f 13764 13767 13766
f 13767 13768 13766
f 13768 13769 13766
f 13768 13770 13769
f 13770 13771 13769
f 13771 13772 13769
f 13772 13773 13769
f 13772 13774 13773
f 13774 13775 13773
f 13775 13776 13773
f 13776 13777 13773
f 13777 13778 13773
f 13778 13779 13773
f 13778 13780 13779
f 13780 13781 13779
f 13781 13772 13779
f 13781 13782 13772
f 13782 13772 13771
f 13771 13783 13782
f 13783 13784 13782
f 13784 13785 13782
f 13785 13786 13782
f 13785 13350 13786
f 13350 13349 13786
f 13349 13787 13786
f 13787 13348 13786
f 13348 13774 13786
f 13774 13772 13786
f 13348 13788 13774
f 13788 13775 13774
f 13788 13347 13775
f 13347 13346 13775
f 13346 13345 13775
f 13345 13765 13775
f 13345 13789 13765
f 13789 13334 13765
f 13789 13335 13334
f 13789 13344 13335
f 13344 13337 13335
f 13344 13338 13337
f 13344 13342 13338
f 13344 13343 13342
f 13789 13345 13344
f 13788 13348 13347
f 13787 13349 13348
f 13785 13351 13350
f 13785 13790 13351
f 13790 13352 13351
f 13790 13353 13352
f 13790 13791 13353
f 13791 13356 13353
f 13356 13355 13353
f 13355 13354 13353
f 13791 13792 13356
f 13792 13357 13356
f 13792 13793 13357
f 13793 13794 13357
f 13794 13358 13357
f 13794 13795 13358
f 13795 13359 13358
f 13795 13796 13359
f 13796 13361 13359
f 13361 13360 13359
f 13796 13362 13361
f 13796 13797 13362
f 13797 13798 13362
f 13798 13363 13362
f 13798 13364 13363
f 13798 13799 13364
f 13799 13800 13364
f 13800 13365 13364
f 13800 13801 13365
f 13801 13802 13365
f 13802 13366 13365
f 13802 13367 13366
f 13802 13803 13367
f 13803 13804 13367
f 13804 13805 13367
f 13805 13368 13367
f 13805 13369 13368
f 13805 13370 13369
f 13805 13806 13370
f 13805 13806 13391
f 13803 13807 13804
f 13807 13808 13804
f 13808 13806 13804
f 13808 13809 13806
f 13809 13374 13806
f 13809 13810 13374
f 13810 13375 13374
f 13810 13376 13375
f 13810 13379 13376
f 13810 13811 13379
f 13811 13379 13812
f 13812 13813 13811
f 13812 13813 13385
f 13813 13814 13385
f 13814 13815 13385
f 13815 13816 13385
f 13816 13384 13385
f 13816 13817 13384
f 13817 13818 13384
f 13818 13819 13384
f 13819 13820 13384
f 13819 13393 13820
f 13393 13392 13820
f 13392 13387 13820
f 13387 13382 13820
f 13819 13821 13393
f 13821 13394 13393
f 13821 13395 13394
f 13821 13822 13395
f 13822 13823 13395
f 13823 13824 13395
f 13824 13396 13395
f 13824 13397 13396
f 13824 13398 13397
f 13824 13825 13398
f 13825 13399 13398
f 13825 13826 13399
f 13826 13400 13399
f 13826 13827 13400
f 13827 13402 13400
f 13402 13401 13400
f 13827 13828 13402
f 13828 13403 13402
f 13828 13829 13403
f 13829 13404 13403
f 13829 13830 13404
f 14060 14061 13647
f 14061 13648 13647
f 14061 14062 13648
f 14062 13649 13648
f 14062 14063 13649
f 14063 13650 13649
f 14063 14064 13650
f 14064 13651 13650
f 14064 14065 13651
f 14065 13652 13651
f 14065 14066 13652
f 14066 13653 13652
f 14066 14067 13653
f 14067 13654 13653
f 14067 14068 13654
f 14068 13655 13654
f 14068 13656 13655
f 14068 14069 13656
f 14069 14070 13656
f 14070 14071 13656
f 14071 13657 13656
f 14071 14072 13657
f 14072 13658 13657
f 14072 13659 13658
f 14072 14073 13659
f 14073 13660 13659
f 14073 14074 13660
f 14074 14075 13660
f 14075 13661 13660
f 14075 13662 13661
f 14075 14076 13662
f 14076 13663 13662
f 14076 14077 13663
f 14077 13664 13663
f 14077 14078 13664
f 14078 14079 13664
f 14079 13665 13664
f 14079 14080 13665
f 14080 13666 13665
f 14080 13667 13666
f 14080 14081 13667
f 14081 13668 13667
f 14081 14082 13668
f 14082 13669 13668
f 14082 14083 13669
f 14083 13670 13669
f 14083 14084 13670
f 14084 14085 13670
f 14085 13671 13670
f 14085 13672 13671
f 14085 14086 13672
f 14086 13673 13672
f 14086 14087 13673
f 14087 14088 13673
f 14088 13674 13673
f 14088 13675 13674
f 14088 14089 13675
f 14089 13676 13675
f 14089 14090 13676
f 14090 14091 13676
f 14091 13677 13676
f 14091 13678 13677
f 14091 14092 13678
f 14092 13680 13678
f 13680 13679 13678
f 14092 14093 13680
f 14093 14094 13680
f 14094 13681 13680
f 14094 13682 13681
f 14094 14095 13682
f 14095 14096 13682
f 14096 13684 13682
f 13684 13683 13682
f 14096 14097 13684
f 14097 14098 13684
f 14098 14099 13684
f 14099 13685 13684
f 14099 14100 13685
f 14100 13686 13685
f 14100 14101 13686
f 14101 13687 13686
f 14101 14102 13687
f 14102 13688 13687
f 14102 13689 13688
f 14102 14103 13689
f 14103 13691 13689
f 13691 13690 13689
f 14103 14104 13691
f 14104 14105 13691
f 14105 13692 13691
f 14105 13693 13692
f 14105 14106 13693
f 14106 14107 13693
f 14107 13694 13693
f 14107 13695 13694
f 14107 14108 13695
f 14108 14109 13695
f 14109 14110 13695
f 14110 14111 13695
f 14111 13696 13695
f 14111 14112 13696
f 14112 13697 13696
f 14112 13698 13697
f 14112 14113 13698
f 14113 13699 13698
f 14113 13700 13699
f 14113 14114 13700
f 14114 14115 13700
f 14115 13701 13700
f 14115 13702 13701
f 14115 13703 13702
f 14115 14116 13703
f 14116 13704 13703
f 14116 14117 13704
f 14117 14118 13704
f 14118 14119 13704
f 14119 13705 13704
f 14119 13709 13705
f 13709 13708 13705
f 13708 13706 13705
f 13708 13707 13706
f 14119 13710 13709
f 14119 14118 13710
f 14118 14120 13710
f 14120 13711 13710
f 14120 13712 13711
f 14120 14121 13712
f 14121 14122 13712
f 14122 13713 13712
f 14122 13714 13713
f 14122 13716 13714
f 14122 14123 13716
f 14123 14124 13716
f 14124 13717 13716
f 14124 13718 13717
f 14124 14125 13718
f 14125 14126 13718
f 14126 14127 13718
f 14127 13720 13718
f 14127 13722 13720
f 14127 14128 13722
f 14128 14129 13722
f 14129 13723 13722
f 14129 14130 13723
f 14130 13725 13723
f 14130 14131 13725
f 14131 13726 13725
f 14131 14132 13726
f 14132 14133 13726
f 14133 14134 13726
f 14134 14135 13726
f 14135 13729 13726
f 13729 13727 13726
f 14135 14136 13729
f 14136 14137 13729
f 14137 13730 13729
f 14137 14138 13730
f 14138 13743 13730
f 13743 13731 13730
f 13743 13734 13731
f 14138 14139 13743
f 14139 13744 13743
f 14139 14140 13744
f 14140 14141 13744
f 14141 13745 13744
f 14141 13746 13745
f 14141 14140 13746
f 14140 14142 13746
f 14142 13747 13746
f 14142 14143 13747
f 14143 14144 13747
f 14144 13748 13747
f 14144 14145 13748
f 14145 13749 13748
f 14145 13751 13749
f 13751 13750 13749
f 14145 13753 13751
f 14145 13754 13753
f 14145 14144 13754
f 14143 14146 14144
f 14146 14147 14144
f 14147 14148 14144
f 14147 14149 14148
f 14149 14150 14148
f 14150 13754 14148
f 14149 14151 14150
f 14151 14152 14150
f 14152 14150 14153
f 14151 14154 14152
f 14154 14155 14152
f 14155 14156 14152
f 14155 14157 14156
f 14157 14158 14156
f 14158 14159 14156
f 14159 14160 14156
f 14159 13756 14160
f 14159 14161 13756
f 14161 13336 13756
f 14161 14162 13336
f 14161 13762 14162
f 13762 14163 14162
f 14161 14158 13762
f 14158 14164 13762
f 14158 14165 14164
f 14158 14166 14165
f 14166 14157 14165
f 14166 14158 14157
f 14161 14159 14158
f 14155 14167 14157
f 14167 14168 14157
f 14167 14168 14165
f 14168 14169 14165
f 14169 14170 14165
f 14170 14171 14165
f 14171 14172 14165
f 14172 13762 14165
f 14172 13777 13762
f 13777 13776 13762
f 13776 13765 13762
f 13776 14163 13765
f 13776 13775 14163
f 14172 13780 13777
f 13780 13778 13777
f 14172 14171 13780
f 14171 14173 13780
f 14173 13781 13780
f 14173 14174 13781
f 14173 14171 14174
f 14171 14170 14174
f 14170 14175 14174
f 14175 14176 14174
f 14175 14177 14176
f 14177 14178 14176
f 14178 14179 14176
f 14178 14180 14179
f 14180 14181 14179
f 14181 14182 14179
f 14181 14183 14182
f 14183 14184 14182
f 14184 14185 14182
f 14184 13794 14185
f 14183 14186 14184
f 14183 14187 14186
f 14187 14188 14186
f 14188 14189 14186
f 14189 14190 14186
f 14189 14191 14190
f 14191 14192 14190
f 14191 14193 14192
f 14193 14192 14194
f 14192 14195 14194
f 14195 14196 14194
f 14196 14197 14194
f 14197 14198 14194
f 14198 14193 14194
f 14198 14199 14193
f 14199 14200 14193
f 14199 13798 14200
f 13798 14201 14200
f 14201 14202 14200
f 14202 14192 14200
f 14202 14195 14192
f 14202 14203 14195
f 14203 14196 14195
f 14202 14204 14203
f 14204 14205 14203
f 14204 13794 14205
f 13794 14206 14205
f 14206 14207 14205
f 14206 14208 14207
f 14208 14209 14207
f 14209 14210 14207
f 14210 14211 14207
f 14211 14212 14207
f 14212 14176 14207
f 14212 14211 14176
f 14210 14213 14211
f 14213 14214 14211
f 14214 14215 14211
f 14215 14216 14211
f 14215 14217 14216
f 14217 14218 14216
f 14218 14219 14216
f 14218 14220 14219
f 14220 14221 14219
f 14221 14222 14219
f 14221 14223 14222
f 14223 14224 14222
f 14223 14225 14224
f 14225 14226 14224
f 14226 14227 14224
f 14227 14228 14224
f 14226 14229 14227
f 14229 14230 14227
f 14230 14231 14227
f 14230 14232 14231
f 14232 14233 14231
f 14233 14234 14231
f 14233 14235 14234
f 14235 14197 14234
f 14197 14196 14234
f 14235 14236 14197
f 14236 14198 14197
f 14236 14237 14198
f 14237 14238 14198
f 14238 14239 14198
f 14239 13800 14198
f 13800 14199 14198
f 13800 13799 14199
f 13799 13798 14199
f 14239 13801 13800
f 14239 14240 13801
f 14240 14241 13801
f 14241 13802 13801
f 14241 13803 13802
f 14241 14242 13803
f 14242 13807 13803
f 14242 14243 13807
f 14243 14244 13807
f 14244 14245 13807
f 14245 13808 13807
f 14245 13809 13808
f 14245 13812 13809
f 14245 14246 13812
f 14245 14247 14246
f 14247 14248 14246
f 14248 14249 14246
f 14249 13813 14246
f 14249 13814 13813
f 14249 14250 13814
f 14250 14251 13814
f 14251 14252 13814
f 14252 13815 13814
f 14252 14253 13815
f 14253 13817 13815
f 13817 13816 13815
f 14253 14254 13817
f 14254 14255 13817
f 14255 13818 13817
f 14255 14256 13818
f 14256 13819 13818
f 14256 13821 13819
f 14256 13822 13821
f 14256 14257 13822
f 14257 14258 13822
f 14258 14259 13822
f 14259 13823 13822
f 14259 14260 13823
f 14260 13824 13823
f 14260 13825 13824
f 14260 14261 13825
f 14261 13826 13825
f 14261 14262 13826
f 14262 13827 13826
f 14262 13828 13827
f 14262 13829 13828
f 14262 14263 13829
f 14263 13830 13829
f 14263 14264 13830
f 14477 14478 14059
f 14478 14060 14059
f 14478 14479 14060
f 14479 14061 14060
f 14479 14480 14061
f 14480 14062 14061
f 14480 14481 14062
f 14481 14063 14062
f 14481 14482 14063
f 14482 14064 14063
f 14482 14483 14064
f 14483 14065 14064
f 14483 14484 14065
f 14484 14485 14065
f 14485 14066 14065
f 14485 14067 14066
f 14485 14486 14067
f 14486 14069 14067
f 14069 14068 14067
f 14486 14487 14069
f 14487 14488 14069
f 14488 14070 14069
f 14488 14489 14070
f 14489 14071 14070
f 14489 14490 14071
f 14490 14072 14071
f 14490 14073 14072
f 14490 14491 14073
f 14491 14492 14073
f 14492 14074 14073
f 14492 14075 14074
f 14492 14493 14075
f 14493 14494 14075
f 14494 14076 14075
f 14494 14495 14076
f 14495 14077 14076
f 14495 14496 14077
f 14496 14078 14077
f 14496 14497 14078
f 14497 14079 14078
f 14497 14498 14079
f 14498 14499 14079
f 14499 14080 14079
f 14499 14500 14080
f 14500 14081 14080
f 14500 14082 14081
f 14500 14501 14082
f 14501 14083 14082
f 14501 14502 14083
f 14502 14503 14083
f 14503 14084 14083
f 14503 14504 14084
f 14504 14085 14084
f 14504 14086 14085
f 14504 14505 14086
f 14505 14087 14086
f 14505 14506 14087
f 14506 14507 14087
f 14507 14088 14087
f 14507 14089 14088
f 14507 14508 14089
f 14508 14090 14089
f 14508 14509 14090
f 14509 14091 14090
f 14509 14510 14091
f 14510 14092 14091
f 14510 14093 14092
f 14510 14511 14093
f 14511 14512 14093
f 14512 14094 14093
f 14512 14095 14094
f 14512 14513 14095
f 14513 14514 14095
f 14514 14097 14095
f 14097 14096 14095
f 14514 14515 14097
f 14515 14516 14097
f 14516 14098 14097
f 14516 14517 14098
f 14517 14099 14098
f 14517 14518 14099
f 14518 14100 14099
f 14518 14519 14100
f 14519 14101 14100
f 14519 14520 14101
f 14520 14102 14101
f 14520 14103 14102
f 14520 14104 14103
f 14520 14521 14104
f 14521 14522 14104
f 14522 14523 14104
f 14523 14105 14104
f 14523 14106 14105
f 14523 14524 14106
f 14524 14107 14106
f 14524 14108 14107
f 14524 14525 14108
f 14525 14109 14108
f 14525 14526 14109
f 14526 14527 14109
f 14527 14110 14109
f 14527 14528 14110
f 14528 14111 14110
f 14528 14529 14111
f 14529 14112 14111
f 14529 14113 14112
f 14529 14114 14113
f 14529 14530 14114
f 14530 14531 14114
f 14531 14115 14114
f 14531 14116 14115
f 14531 14117 14116
f 14531 14532 14117
f 14532 14533 14117
f 14533 14118 14117
f 14533 14120 14118
f 14533 14121 14120
f 14533 14534 14121
f 14534 14535 14121
f 14535 14123 14121
f 14123 14122 14121
f 14535 14124 14123
f 14535 14536 14124
f 14536 14537 14124
f 14537 14125 14124
f 14537 14126 14125
f 14537 14538 14126
f 14538 14539 14126
f 14539 14127 14126
f 14539 14128 14127
f 14539 14540 14128
f 14540 14541 14128
f 14541 14542 14128
f 14542 14129 14128
f 14542 14543 14129
f 14543 14130 14129
f 14543 14544 14130
f 14544 14131 14130
f 14544 14545 14131
f 14545 14132 14131
f 14545 14546 14132
f 14546 14547 14132
f 14547 14133 14132
f 14547 14548 14133
f 14548 14134 14133
f 14548 14549 14134
f 14549 14550 14134
f 14550 14136 14134
f 14136 14135 14134
f 14550 14137 14136
f 14550 14139 14137
f 14139 14138 14137
f 14550 14551 14139
f 14551 14140 14139
f 14551 14552 14140
f 14552 14142 14140
f 14552 14146 14142
f 14146 14143 14142
f 14552 14553 14146
f 14553 14554 14146
f 14553 14555 14554
f 14555 14556 14554
f 14556 14557 14554
f 14557 14153 14554
f 14153 14558 14554
f 14558 13757 14554
f 13757 13754 14554
f 14558 13758 13757
f 14557 14559 14153
f 14557 14560 14559
f 14557 14561 14560
f 14561 14562 14560
f 14562 14563 14560
f 14563 14564 14560
f 14564 14565 14560
f 14564 14566 14565
f 14566 14567 14565
f 14567 14568 14565
f 14568 14569 14565
f 14568 14570 14569
f 14570 14571 14569
f 14571 14572 14569
f 14572 13760 14569
f 14572 13763 13760
f 14572 14573 13763
f 14573 13767 13763
f 13767 13764 13763
f 14573 13768 13767
f 14573 14217 13768
f 14217 13770 13768
f 14217 14574 13770
f 14574 13783 13770
f 13783 13771 13770
f 14574 14214 13783
f 14214 14213 13783
f 14213 13784 13783
f 14213 14575 13784
f 14575 14576 13784
f 14576 13785 13784
f 14576 13790 13785
f 14576 14575 13790
f 14575 13791 13790
f 14575 13792 13791
f 14575 14209 13792
f 14209 14208 13792
f 14208 13793 13792
f 14208 13794 13793
f 14208 14206 13794
f 14575 14213 14209
f 14213 14210 14209
f 14574 14215 14214
f 14574 14217 14215
f 14572 14571 14573
f 14567 14577 14568
f 14577 14578 14568
f 14577 14579 14578
f 14579 14580 14578
f 14579 14581 14580
f 14581 14582 14580
f 14581 14583 14582
f 14583 14584 14582
f 14584 14585 14582
f 14585 14586 14582
f 14586 14587 14582
f 14586 14588 14587
f 14588 14589 14587
f 14588 14590 14589
f 14590 14591 14589
f 14590 14592 14591
f 14592 14593 14591
f 14592 14594 14593
f 14594 14595 14593
f 14594 14596 14595
f 14596 14597 14595
f 14596 14598 14597
f 14598 14599 14597
f 14598 14600 14599
f 14600 14154 14599
f 14154 14601 14599
f 14600 14155 14154
f 14600 14598 14155
f 14594 14602 14596
f 14602 14155 14596
f 14602 14167 14155
f 14602 14603 14167
f 14602 14604 14603
f 14604 14592 14603
f 14592 14590 14603
f 14590 14605 14603
f 14605 14169 14603
f 14169 14168 14603
f 14605 14606 14169
f 14606 14175 14169
f 14175 14170 14169
f 14606 14605 14175
f 14605 14607 14175
f 14607 14177 14175
f 14607 14178 14177
f 14607 14608 14178
f 14607 14588 14608
f 14588 14228 14608
f 14588 14586 14228
f 14586 14585 14228
f 14607 14590 14588
f 14607 14605 14590
f 14604 14594 14592
f 14604 14602 14594
f 14584 14609 14585
f 14609 14225 14585
f 14225 14223 14585
f 14609 14226 14225
f 14609 14610 14226
f 14610 14229 14226
f 14610 14611 14229
f 14611 14612 14229
f 14612 14232 14229
f 14232 14230 14229
f 14612 14613 14232
f 14613 14614 14232
f 14614 14233 14232
f 14614 14615 14233
f 14615 14235 14233
f 14615 14616 14235
f 14616 14617 14235
f 14617 14236 14235
f 14617 14618 14236
f 14618 14237 14236
f 14618 14619 14237
f 14619 14620 14237
f 14620 14621 14237
f 14621 14238 14237
f 14621 14239 14238
f 14621 14240 14239
f 14621 14620 14240
f 14620 14622 14240
f 14622 14241 14240
f 14622 14242 14241
f 14622 14243 14242
f 14622 14623 14243
f 14623 14624 14243
f 14624 14625 14243
f 14625 14247 14243
f 14247 14244 14243
f 14247 14245 14244
f 14625 14248 14247
f 14625 14626 14248
f 14626 14627 14248
f 14627 14628 14248
f 14628 14249 14248
f 14628 14250 14249
f 14628 14629 14250
f 14629 14251 14250
f 14629 14630 14251
f 14630 14631 14251
f 14631 14252 14251
f 14631 14632 14252
f 14632 14253 14252
f 14632 14633 14253
f 14633 14634 14253
f 14634 14254 14253
f 14634 14635 14254
f 14635 14255 14254
f 14635 14636 14255
f 14636 14257 14255
f 14257 14256 14255
f 14636 14258 14257
f 14636 14637 14258
f 14637 14638 14258
f 14638 14259 14258
f 14638 14639 14259
f 14639 14260 14259
f 14639 14261 14260
f 14639 14640 14261
f 14640 14262 14261
f 14640 14263 14262
f 14640 14264 14263
f 14640 14641 14264
f 14641 14642 14264
f 14642 14643 14264
f 14847 14848 14477
f 14848 14849 14477
f 14849 14478 14477
f 14849 14850 14478
f 14850 14479 14478
f 14850 14851 14479
f 14851 14480 14479
f 14851 14852 14480
f 14852 14481 14480
f 14852 14853 14481
f 14853 14482 14481
f 14853 14854 14482
f 14854 14483 14482
f 14854 14855 14483
f 14855 14484 14483
f 14855 14856 14484
f 14856 14485 14484
f 14856 14857 14485
f 14857 14486 14485
f 14857 14487 14486
f 14857 14858 14487
f 14858 14859 14487
f 14859 14488 14487
f 14859 14860 14488
f 14860 14489 14488
f 14860 14861 14489
f 14861 14490 14489
f 14861 14862 14490
f 14862 14491 14490
f 14862 14863 14491
f 14863 14492 14491
f 14863 14864 14492
f 14864 14493 14492
f 14864 14865 14493
f 14865 14494 14493
f 14865 14866 14494
f 14866 14495 14494
f 14866 14867 14495
f 14867 14496 14495
f 14867 14868 14496
f 14868 14497 14496
f 14868 14869 14497
f 14869 14498 14497
f 14869 14870 14498
f 14870 14871 14498
f 14871 14872 14498
f 14872 14499 14498
f 14872 14500 14499
f 14872 14873 14500
f 14873 14501 14500
f 14873 14874 14501
f 14874 14502 14501
f 14874 14875 14502
f 14875 14503 14502
f 14875 14876 14503
f 14876 14877 14503
f 14877 14504 14503
f 14877 14505 14504
f 14877 14878 14505
f 14878 14879 14505
f 14879 14506 14505
f 14879 14880 14506
f 14880 14507 14506
f 14880 14508 14507
f 14880 14881 14508
f 14881 14509 14508
f 14881 14882 14509
f 14882 14510 14509
f 14882 14511 14510
f 14882 14883 14511
f 14883 14513 14511
f 14513 14512 14511
f 14883 14884 14513
f 14884 14885 14513
f 14885 14514 14513
f 14885 14515 14514
f 14885 14886 14515
f 14886 14887 14515
f 14887 14516 14515
f 14887 14888 14516
f 14888 14517 14516
f 14888 14889 14517
f 14889 14518 14517
f 14889 14890 14518
f 14890 14519 14518
f 14890 14891 14519
f 14891 14521 14519
f 14521 14520 14519
f 14891 14892 14521
f 14892 14522 14521
f 14892 14893 14522
f 14893 14894 14522
f 14894 14523 14522
f 14894 14895 14523
f 14895 14524 14523
f 14895 14896 14524
f 14896 14525 14524
f 14896 14526 14525
f 14896 14897 14526
f 14897 14898 14526
f 14898 14527 14526
f 14898 14899 14527
f 14899 14900 14527
f 14900 14901 14527
f 14901 14528 14527
f 14901 14900 14528
f 14900 14902 14528
f 14902 14529 14528
f 14902 14530 14529
f 14902 14903 14530
f 14903 14532 14530
f 14532 14531 14530
f 14903 14533 14532
f 14903 14534 14533
f 14903 14535 14534
f 14903 14904 14535
f 14904 14905 14535
f 14905 14536 14535
f 14905 14537 14536
f 14905 14538 14537
f 14905 14906 14538
f 14906 14907 14538
f 14907 14908 14538
f 14908 14539 14538
f 14908 14540 14539
f 14908 14909 14540
f 14909 14541 14540
f 14909 14910 14541
f 14910 14911 14541
f 14911 14912 14541
f 14912 14913 14541
f 14913 14542 14541
f 14913 14543 14542
f 14913 14914 14543
f 14914 14544 14543
f 14914 14915 14544
f 14915 14545 14544
f 14915 14916 14545
f 14916 14546 14545
f 14916 14917 14546
f 14917 14918 14546
f 14918 14547 14546
f 14918 14919 14547
f 14919 14548 14547
f 14919 14920 14548
f 14920 14921 14548
f 14921 14549 14548
f 14921 14922 14549
f 14922 14923 14549
f 14923 14550 14549
f 14923 14551 14550
f 14923 14924 14551
f 14924 14552 14551
f 14924 14553 14552
f 14924 14925 14553
f 14925 14555 14553
f 14925 14926 14555
f 14926 14556 14555
f 14926 14561 14556
f 14561 14557 14556
f 14926 14927 14561
f 14927 14928 14561
f 14928 14562 14561
f 14928 14563 14562
f 14928 14929 14563
f 14929 14930 14563
f 14930 14564 14563
f 14930 14566 14564
f 14930 14931 14566
f 14931 14932 14566
f 14932 14567 14566
f 14932 14577 14567
f 14932 14933 14577
f 14933 14579 14577
f 14933 14934 14579
f 14934 14935 14579
f 14935 14581 14579
f 14935 14583 14581
f 14935 14936 14583
f 14936 14937 14583
f 14937 14584 14583
f 14937 14610 14584
f 14610 14609 14584
f 14937 14611 14610
f 14937 14938 14611
f 14938 14939 14611
f 14939 14612 14611
f 14939 14613 14612
f 14939 14940 14613
f 14940 14941 14613
f 14941 14614 14613
f 14941 14942 14614
f 14942 14615 14614
f 14942 14616 14615
f 14942 14943 14616
f 14943 14944 14616
f 14944 14945 14616
f 14945 14617 14616
f 14945 14946 14617
f 14946 14947 14617
f 14946 14948 14947
f 14948 14949 14947
f 14949 14950 14947
f 14950 14951 14947
f 14950 14952 14951
f 14952 14617 14951
f 14952 14953 14617
f 14952 14954 14953
f 14954 14955 14953
f 14955 14956 14953
f 14956 14957 14953
f 14956 14958 14957
f 14958 14959 14957
f 14958 14960 14959
f 14960 14961 14959
f 14961 14962 14959
f 14961 14180 14962
f 14180 14178 14962
f 14961 14181 14180
f 14961 14963 14181
f 14963 14187 14181
f 14187 14183 14181
f 14963 14188 14187
f 14963 14964 14188
f 14964 14956 14188
f 14956 14955 14188
f 14955 14191 14188
f 14191 14189 14188
f 14955 14954 14191
f 14954 14965 14191
f 14954 14966 14965
f 14966 14967 14965
f 14967 14968 14965
f 14968 14190 14965
f 14968 14969 14190
f 14954 14952 14966
f 14952 14950 14966
f 14950 14949 14966
f 14964 14960 14956
f 14960 14958 14956
f 14964 14961 14960
f 14964 14963 14961
f 14946 14970 14948
f 14970 14971 14948
f 14946 14970 14972
f 14970 14973 14972
f 14973 14974 14972
f 14974 14972 14975
f 14975 14976 14974
f 14976 14977 14974
f 14977 14978 14974
f 14978 14979 14974
f 14978 14980 14979
f 14980 14981 14979
f 14981 14972 14979
f 14981 14619 14972
f 14619 14618 14972
f 14981 14982 14619
f 14982 14620 14619
f 14982 14622 14620
f 14982 14623 14622
f 14982 14983 14623
f 14983 14624 14623
f 14983 14984 14624
f 14984 14985 14624
f 14985 14625 14624
f 14985 14626 14625
f 14985 14986 14626
f 14986 14627 14626
f 14986 14987 14627
f 14987 14988 14627
f 14988 14628 14627
f 14988 14629 14628
f 14988 14989 14629
f 14989 14630 14629
f 14989 14990 14630
f 14990 14991 14630
f 14991 14631 14630
f 14991 14992 14631
f 14992 14632 14631
f 14992 14993 14632
f 14993 14633 14632
f 14993 14994 14633
f 14994 14634 14633
f 14994 14995 14634
f 14995 14635 14634
f 14995 14996 14635
f 14996 14997 14635
f 14997 14636 14635
f 14997 14637 14636
f 14997 14998 14637
f 14998 14999 14637
f 14999 14638 14637
f 14999 15000 14638
f 15000 14639 14638
f 15000 14640 14639
f 15000 14641 14640
f 15000 15001 14641
f 15001 14642 14641
f 15001 15002 14642
f 15002 15003 14642
f 15198 14848 14847
f 15198 15199 14848
f 15199 15200 14848
f 15200 14849 14848
f 15200 15201 14849
f 15201 14850 14849
f 15201 15202 14850
f 15202 14851 14850
f 15202 15203 14851
f 15203 14852 14851
f 15203 15204 14852
f 15204 14853 14852
f 15204 15205 14853
f 15205 14854 14853
f 15205 15206 14854
f 15206 14855 14854
f 15206 15207 14855
f 15207 14856 14855
f 15207 15208 14856
f 15208 14857 14856
f 15208 14858 14857
f 15208 15209 14858
f 15209 15210 14858
f 15210 14859 14858
f 15210 15211 14859
f 15211 14860 14859
f 15211 15212 14860
f 15212 14861 14860
f 15212 15213 14861
f 15213 14862 14861
f 15213 15214 14862
f 15214 14863 14862
f 15214 15215 14863
f 15215 14864 14863
f 15215 15216 14864
f 15216 14865 14864
f 15216 15217 14865
f 15217 14866 14865
f 15217 15218 14866
f 15218 15219 14866
f 15219 14867 14866
f 15219 15220 14867
f 15220 14868 14867
f 15220 14869 14868
f 15220 15221 14869
f 15221 15222 14869
f 15222 14870 14869
f 15222 14871 14870
f 15222 15223 14871
f 15223 15224 14871
f 15224 14873 14871
f 14873 14872 14871
f 15224 14874 14873
f 15224 15225 14874
f 15225 14875 14874
f 15225 15226 14875
f 15226 14876 14875
f 15226 15227 14876
f 15227 15228 14876
f 15228 14877 14876
f 15228 14878 14877
f 15228 15229 14878
f 15229 14879 14878
f 15229 15230 14879
f 15230 15231 14879
f 15231 14880 14879
f 15231 15232 14880
f 15232 14881 14880
f 15232 15233 14881
f 15233 14882 14881
f 15233 14883 14882
f 15233 15234 14883
f 15234 14884 14883
f 15234 15235 14884
f 15235 14886 14884
f 14886 14885 14884
f 15235 15236 14886
f 15236 15237 14886
f 15237 14887 14886
f 15237 15238 14887
f 15238 14888 14887
f 15238 15239 14888
f 15239 15240 14888
f 15240 14889 14888
f 15240 15241 14889
f 15241 14890 14889
f 15241 14891 14890
f 15241 15242 14891
f 15242 14892 14891
f 15242 15243 14892
f 15243 15244 14892
f 15244 14893 14892
f 15244 15245 14893
f 15245 15246 14893
f 15246 14894 14893
f 15246 15247 14894
f 15247 14896 14894
f 14896 14895 14894
f 15247 15248 14896
f 15248 14897 14896
f 15248 15249 14897
f 15249 15250 14897
f 15250 14898 14897
f 15250 15251 14898
f 15251 14907 14898
f 14907 14899 14898
f 14907 14906 14899
f 14906 14905 14899
f 14905 14900 14899
f 14905 14904 14900
f 14904 14903 14900
f 14903 14902 14900
f 15251 15252 14907
f 15252 14908 14907
f 15252 15253 14908
f 15253 14909 14908
f 15253 15254 14909
f 15254 14910 14909
f 15254 14911 14910
f 15254 15255 14911
f 15255 15256 14911
f 15256 15257 14911
f 15257 15258 14911
f 15258 14912 14911
f 15258 15259 14912
f 15259 15260 14912
f 15260 14913 14912
f 15260 14914 14913
f 15260 15261 14914
f 15261 14915 14914
f 15261 15262 14915
f 15262 14916 14915
f 15262 15263 14916
f 15263 14917 14916
f 15263 15264 14917
f 15264 15265 14917
f 15265 14918 14917
f 15265 15266 14918
f 15266 14919 14918
f 15266 15267 14919
f 15267 14920 14919
f 15267 15268 14920
f 15268 14922 14920
f 14922 14921 14920
f 15268 14926 14922
f 14926 14925 14922
f 14925 14924 14922
f 14924 14923 14922
f 15268 14927 14926
f 15268 15269 14927
f 15269 14928 14927
f 15269 15270 14928
f 15270 15271 14928
f 15271 14929 14928
f 15271 15272 14929
f 15272 14930 14929
f 15272 14931 14930
f 15272 15273 14931
f 15273 15274 14931
f 15274 14932 14931
f 15274 14933 14932
f 15274 15275 14933
f 15275 14934 14933
f 15275 15276 14934
f 15276 15277 14934
f 15277 15278 14934
f 15278 14935 14934
f 15278 15279 14935
f 15279 14936 14935
f 15279 15280 14936
f 15280 15281 14936
f 15281 15282 14936
f 15282 14938 14936
f 14938 14937 14936
f 15282 15281 14938
f 15281 15283 14938
f 15283 14939 14938
f 15283 15284 14939
f 15284 14940 14939
f 15284 15285 14940
f 15285 14941 14940
f 15285 15286 14941
f 15286 14942 14941
f 15286 15287 14942
f 15287 14944 14942
f 14944 14943 14942
f 15287 14945 14944
f 15286 15288 15287
f 15288 15289 15287
f 15289 14975 15287
f 15289 15290 14975
f 15290 14976 14975
f 15290 15291 14976
f 15291 15292 14976
f 15292 14977 14976
f 15292 15293 14977
f 15293 14978 14977
f 15293 15294 14978
f 15294 15295 14978
f 15295 14980 14978
f 15295 14984 14980
f 14984 14983 14980
f 14983 14982 14980
f 14982 14981 14980
f 15295 15296 14984
f 15296 14985 14984
f 15296 14986 14985
f 15296 15297 14986
f 15297 14987 14986
f 15297 15298 14987
f 15298 15299 14987
f 15299 14988 14987
f 15299 14989 14988
f 15299 15300 14989
f 15300 14990 14989
f 15300 15301 14990
f 15301 15302 14990
f 15302 14991 14990
f 15302 15303 14991
f 15303 14992 14991
f 15303 15304 14992
f 15304 14993 14992
f 15304 15305 14993
f 15305 14994 14993
f 15305 15306 14994
f 15306 14995 14994
f 15306 15307 14995
f 15307 14996 14995
f 15307 15308 14996
f 15308 15309 14996
f 15309 14997 14996
f 15309 14998 14997
f 15309 15310 14998
f 15310 15311 14998
f 15311 14999 14998
f 15311 15001 14999
f 15001 15000 14999
f 15311 15002 15001
f 15311 15312 15002
f 15312 15313 15002
f 15313 15003 15002
f 15489 15199 15198
f 15489 15490 15199
f 15490 15491 15199
f 15491 15200 15199
f 15491 15492 15200
f 15492 15201 15200
f 15492 15493 15201
f 15493 15202 15201
f 15493 15494 15202
f 15494 15203 15202
f 15494 15495 15203
f 15495 15204 15203
f 15495 15496 15204
f 15496 15205 15204
f 15496 15497 15205
f 15497 15206 15205
f 15497 15498 15206
f 15498 15207 15206
f 15498 15499 15207
f 15499 15208 15207
f 15499 15209 15208
f 15499 15500 15209
f 15500 15501 15209
f 15501 15210 15209
f 15501 15502 15210
f 15502 15211 15210
f 15502 15212 15211
f 15502 15503 15212
f 15503 15504 15212
f 15504 15213 15212
f 15504 15505 15213
f 15505 15214 15213
f 15505 15506 15214
f 15506 15215 15214
f 15506 15507 15215
f 15507 15216 15215
f 15507 15508 15216
f 15508 15217 15216
f 15508 15509 15217
f 15509 15218 15217
f 15509 15510 15218
f 15510 15219 15218
f 15510 15511 15219
f 15511 15220 15219
f 15511 15512 15220
f 15512 15221 15220
f 15512 15513 15221
f 15513 15222 15221
f 15513 15514 15222
f 15514 15223 15222
f 15514 15515 15223
f 15515 15516 15223
f 15516 15224 15223
f 15516 15225 15224
f 15516 15517 15225
f 15517 15226 15225
f 15517 15518 15226
f 15518 15227 15226
f 15518 15519 15227
f 15519 15520 15227
f 15520 15228 15227
f 15520 15229 15228
f 15520 15521 15229
f 15521 15230 15229
f 15521 15522 15230
f 15522 15523 15230
f 15523 15231 15230
f 15523 15232 15231
f 15523 15524 15232
f 15524 15233 15232
f 15524 15234 15233
f 15524 15525 15234
f 15525 15526 15234
f 15526 15235 15234
f 15526 15236 15235
f 15526 15527 15236
f 15527 15528 15236
f 15528 15529 15236
f 15529 15237 15236
f 15529 15530 15237
f 15530 15238 15237
f 15530 15531 15238
f 15531 15239 15238
f 15531 15532 15239
f 15532 15533 15239
f 15533 15240 15239
f 15533 15241 15240
f 15533 15243 15241
f 15243 15242 15241
f 15533 15534 15243
f 15534 15535 15243
f 15535 15245 15243
f 15245 15244 15243
f 15535 15536 15245
f 15536 15537 15245
f 15537 15246 15245
f 15537 15538 15246
f 15538 15247 15246
f 15538 15248 15247
f 15538 15539 15248
f 15539 15249 15248
f 15539 15540 15249
f 15540 15251 15249
f 15251 15250 15249
f 15540 15253 15251
f 15253 15252 15251
f 15540 15541 15253
f 15541 15254 15253
f 15541 15255 15254
f 15541 15542 15255
f 15542 15543 15255
f 15543 15256 15255
f 15543 15544 15256
f 15544 15257 15256
f 15544 15545 15257
f 15545 15259 15257
f 15259 15258 15257
f 15545 15546 15259
f 15546 15547 15259
f 15547 15261 15259
f 15261 15260 15259
f 15547 15262 15261
f 15547 15548 15262
f 15548 15263 15262
f 15548 15549 15263
f 15549 15264 15263
f 15549 15550 15264
f 15550 15551 15264
f 15551 15265 15264
f 15551 15552 15265
f 15552 15266 15265
f 15552 15553 15266
f 15553 15267 15266
f 15553 15269 15267
f 15269 15268 15267
f 15553 15270 15269
f 15553 15271 15270
f 15553 15554 15271
f 15554 15555 15271
f 15555 15272 15271
f 15555 15273 15272
f 15555 15556 15273
f 15556 15557 15273
f 15557 15558 15273
f 15558 15274 15273
f 15558 15559 15274
f 15559 15275 15274
f 15559 15560 15275
f 15560 15276 15275
f 15560 15277 15276
f 15560 15561 15277
f 15561 15562 15277
f 15562 15563 15277
f 15563 15278 15277
f 15563 15279 15278
f 15563 15564 15279
f 15564 15565 15279
f 15565 15280 15279
f 15565 15281 15280
f 15565 15566 15281
f 15566 15283 15281
f 15566 15284 15283
f 15566 15567 15284
f 15567 15568 15284
f 15568 15285 15284
f 15568 15569 15285
f 15569 15286 15285
f 15569 15288 15286
f 15569 15570 15288
f 15570 15571 15288
f 15571 15289 15288
f 15571 15290 15289
f 15571 15291 15290
f 15571 15572 15291
f 15572 15573 15291
f 15573 15574 15291
f 15574 15292 15291
f 15574 15575 15292
f 15575 15293 15292
f 15575 15576 15293
f 15576 15294 15293
f 15576 15577 15294
f 15577 15578 15294
f 15578 15295 15294
f 15578 15296 15295
f 15578 15297 15296
f 15578 15579 15297
f 15579 15298 15297
f 15579 15580 15298
f 15580 15581 15298
f 15581 15582 15298
f 15582 15299 15298
f 15582 15300 15299
f 15582 15583 15300
f 15583 15301 15300
f 15583 15584 15301
f 15584 15585 15301
f 15585 15586 15301
f 15586 15302 15301
f 15586 15303 15302
f 15586 15587 15303
f 15587 15304 15303
f 15587 15588 15304
f 15588 15305 15304
f 15588 15589 15305
f 15589 15306 15305
f 15589 15590 15306
f 15590 15307 15306
f 15590 15591 15307
f 15591 15308 15307
f 15591 15592 15308
f 15592 15593 15308
f 15593 15309 15308
f 15593 15310 15309
f 15593 15594 15310
f 15594 15311 15310
f 15594 15312 15311
f 15594 15595 15312
f 15595 15596 15312
f 15596 15313 15312
f 15596 15597 15313
f 15748 15749 15485
f 15749 15486 15485
f 15749 15750 15486
f 15750 15751 15486
f 15751 15487 15486
f 15751 15489 15487
f 15751 15490 15489
f 15751 15752 15490
f 15752 15491 15490
f 15752 15753 15491
f 15753 15492 15491
f 15753 15754 15492
f 15754 15493 15492
f 15754 15755 15493
f 15755 15756 15493
f 15756 15494 15493
f 15756 15757 15494
f 15757 15495 15494
f 15757 15758 15495
f 15758 15496 15495
f 15758 15759 15496
f 15759 15497 15496
f 15759 15760 15497
f 15760 15498 15497
f 15760 15761 15498
f 15761 15499 15498
f 15761 15500 15499
f 15761 15762 15500
f 15762 15763 15500
f 15763 15501 15500
f 15763 15764 15501
f 15764 15502 15501
f 15764 15765 15502
f 15765 15503 15502
f 15765 15766 15503
f 15766 15504 15503
f 15766 15767 15504
f 15767 15505 15504
f 15767 15768 15505
f 15768 15769 15505
f 15769 15506 15505
f 15769 15507 15506
f 15769 15770 15507
f 15770 15508 15507
f 15770 15771 15508
f 15771 15509 15508
f 15771 15772 15509
f 15772 15510 15509
f 15772 15773 15510
f 15773 15511 15510
f 15773 15774 15511
f 15774 15512 15511
f 15774 15775 15512
f 15775 15513 15512
f 15775 15776 15513
f 15776 15514 15513
f 15776 15777 15514
f 15777 15515 15514
f 15777 15778 15515
f 15778 15779 15515
f 15779 15516 15515
f 15779 15517 15516
f 15779 15780 15517
f 15780 15518 15517
f 15780 15781 15518
f 15781 15519 15518
f 15781 15782 15519
f 15782 15783 15519
f 15783 15520 15519
f 15783 15521 15520
f 15783 15784 15521
f 15784 15785 15521
f 15785 15522 15521
f 15785 15786 15522
f 15786 15787 15522
f 15787 15523 15522
f 15787 15525 15523
f 15525 15524 15523
f 15787 15786 15525
f 15786 15788 15525
f 15788 15527 15525
f 15527 15526 15525
f 15788 15789 15527
f 15789 15528 15527
f 15789 15790 15528
f 15790 15791 15528
f 15791 15529 15528
f 15791 15792 15529
f 15792 15530 15529
f 15792 15793 15530
f 15793 15531 15530
f 15793 15794 15531
f 15794 15795 15531
f 15795 15532 15531
f 15795 15533 15532
f 15795 15534 15533
f 15795 15796 15534
f 15796 15797 15534
f 15797 15535 15534
f 15797 15536 15535
f 15797 15798 15536
f 15798 15799 15536
f 15799 15800 15536
f 15800 15537 15536
f 15800 15539 15537
f 15539 15538 15537
f 15800 15540 15539
f 15800 15541 15540
f 15800 15799 15541
f 15799 15542 15541
f 15799 15801 15542
f 15801 15543 15542
f 15801 15802 15543
f 15802 15544 15543
f 15802 15803 15544
f 15803 15545 15544
f 15803 15804 15545
f 15804 15805 15545
f 15805 15546 15545
f 15805 15806 15546
f 15806 15547 15546
f 15806 15548 15547
f 15806 15807 15548
f 15807 15549 15548
f 15807 15808 15549
f 15808 15550 15549
f 15808 15809 15550
f 15809 15810 15550
f 15810 15551 15550
f 15810 15811 15551
f 15811 15552 15551
f 15811 15554 15552
f 15554 15553 15552
f 15811 15812 15554
f 15812 15555 15554
f 15812 15556 15555
f 15812 15813 15556
f 15813 15557 15556
f 15813 15814 15557
f 15814 15815 15557
f 15815 15558 15557
f 15815 15559 15558
f 15815 15816 15559
f 15816 15560 15559
f 15816 15561 15560
f 15816 15817 15561
f 15817 15818 15561
f 15818 15819 15561
f 15819 15562 15561
f 15819 15820 15562
f 15820 15821 15562
f 15821 15564 15562
f 15564 15563 15562
f 15821 15822 15564
f 15822 15565 15564
f 15822 15823 15565
f 15823 15566 15565
f 15823 15567 15566
f 15823 15824 15567
f 15824 15825 15567
f 15825 15826 15567
f 15826 15568 15567
f 15826 15569 15568
f 15826 15827 15569
f 15827 15570 15569
f 15827 15828 15570
f 15828 15572 15570
f 15572 15571 15570
f 15828 15829 15572
f 15829 15573 15572
f 15829 15830 15573
f 15830 15574 15573
f 15830 15831 15574
f 15831 15575 15574
f 15831 15832 15575
f 15832 15576 15575
f 15832 15833 15576
f 15833 15577 15576
f 15833 15834 15577
f 15834 15580 15577
f 15580 15579 15577
f 15579 15578 15577
f 15834 15581 15580
f 15834 15835 15581
f 15835 15836 15581
f 15836 15837 15581
f 15837 15582 15581
f 15837 15583 15582
f 15837 15584 15583
f 15837 15838 15584
f 15838 15839 15584
f 15839 15585 15584
f 15839 15840 15585
f 15840 15586 15585
f 15840 15841 15586
f 15841 15587 15586
f 15841 15842 15587
f 15842 15588 15587
f 15842 15843 15588
f 15843 15589 15588
f 15843 15844 15589
f 15844 15590 15589
f 15844 15845 15590
f 15845 15591 15590
f 15845 15846 15591
f 15846 15592 15591
f 15846 15847 15592
f 15847 15848 15592
f 15848 15593 15592
f 15848 15594 15593
f 15848 15595 15594
f 15848 15849 15595
f 15849 15850 15595
f 15850 15596 15595
f 15850 15851 15596
f 16000 16001 15747
f 16001 15748 15747
f 16001 16002 15748
f 16002 15749 15748
f 16002 16003 15749
f 16003 15750 15749
f 16003 16004 15750
f 16004 15752 15750
f 15752 15751 15750
f 16004 16005 15752
f 16005 15753 15752
f 16005 16006 15753
f 16006 15754 15753
f 16006 16007 15754
f 16007 15755 15754
f 16007 16008 15755
f 16008 15756 15755
f 16008 16009 15756
f 16009 15757 15756
f 16009 16010 15757
f 16010 15758 15757
f 16010 16011 15758
f 16011 15759 15758
f 16011 16012 15759
f 16012 15760 15759
f 16012 16013 15760
f 16013 15761 15760
f 16013 15762 15761
f 16013 16014 15762
f 16014 16015 15762
f 16015 15763 15762
f 16015 16016 15763
f 16016 15764 15763
f 16016 16017 15764
f 16017 15765 15764
f 16017 16018 15765
f 16018 15766 15765
f 16018 16019 15766
f 16019 15767 15766
f 16019 16020 15767
f 16020 15768 15767
f 16020 16021 15768
f 16021 15769 15768
f 16021 16022 15769
f 16022 15770 15769
f 16022 16023 15770
f 16023 15771 15770
f 16023 16024 15771
f 16024 15772 15771
f 16024 16025 15772
f 16025 16026 15772
f 16026 15773 15772
f 16026 15774 15773
f 16026 16027 15774
f 16027 15775 15774
f 16027 16028 15775
f 16028 15776 15775
f 16028 16029 15776
f 16029 15777 15776
f 16029 16030 15777
f 16030 15778 15777
f 16030 16031 15778
f 16031 16032 15778
f 16032 15779 15778
f 16032 15780 15779
f 16032 16033 15780
f 16033 15781 15780
f 16033 16034 15781
f 16034 15782 15781
f 16034 16035 15782
f 16035 16036 15782
f 16036 15783 15782
f 16036 15784 15783
f 16036 16037 15784
f 16037 15785 15784
f 16037 16038 15785
f 16038 15786 15785
f 16038 16039 15786
f 16039 15788 15786
f 16039 15789 15788
f 16039 15790 15789
f 16039 16040 15790
f 16040 16041 15790
f 16041 16042 15790
f 16042 15791 15790
f 16042 16043 15791
f 16043 15792 15791
f 16043 16044 15792
f 16044 16045 15792
f 16045 15793 15792
f 16045 15794 15793
f 16045 16046 15794
f 16046 15796 15794
f 15796 15795 15794
f 16046 16047 15796
f 16047 16048 15796
f 16048 15797 15796
f 16048 15798 15797
f 16048 16049 15798
f 16049 15801 15798
f 15801 15799 15798
f 16049 15802 15801
f 16049 16050 15802
f 16050 15803 15802
f 16050 16051 15803
f 16051 15804 15803
f 16051 16052 15804
f 16052 16053 15804
f 16053 15805 15804
f 16053 16054 15805
f 16054 15806 15805
f 16054 15807 15806
f 16054 16055 15807
f 16055 15808 15807
f 16055 16056 15808
f 16056 15809 15808
f 16056 16057 15809
f 16057 16058 15809
f 16058 15810 15809
f 16058 16059 15810
f 16059 15811 15810
f 16059 15812 15811
f 16059 15813 15812
f 16059 16060 15813
f 16060 15814 15813
f 16060 16061 15814
f 16061 16062 15814
f 16062 15815 15814
f 16062 16063 15815
f 16063 16064 15815
f 16064 15816 15815
f 16064 15817 15816
f 16064 16063 15817
f 16063 16065 15817
f 16065 16066 15817
f 16066 15818 15817
f 16066 16067 15818
f 16067 15820 15818
f 15820 15819 15818
f 16067 16068 15820
f 16068 16069 15820
f 16069 15821 15820
f 16069 15822 15821
f 16069 16070 15822
f 16070 15823 15822
f 16070 16071 15823
f 16071 15824 15823
f 16071 16072 15824
f 16072 16073 15824
f 16073 15825 15824
f 16073 16074 15825
f 16074 16075 15825
f 16075 15826 15825
f 16075 15827 15826
f 16075 16076 15827
f 16076 15828 15827
f 16076 15829 15828
f 16076 16077 15829
f 16077 16078 15829
f 16078 15830 15829
f 16078 16079 15830
f 16079 16080 15830
f 16080 15831 15830
f 16080 16081 15831
f 16081 15832 15831
f 16081 16082 15832
f 16082 15833 15832
f 16082 16083 15833
f 16083 15834 15833
f 16083 15835 15834
f 16083 15836 15835
f 16083 16084 15836
f 16084 16085 15836
f 16085 16086 15836
f 16086 15837 15836
f 16086 15838 15837
f 16086 16087 15838
f 16087 16088 15838
f 16088 15839 15838
f 16088 16089 15839
f 16089 16090 15839
f 16090 15840 15839
f 16090 16091 15840
f 16091 16092 15840
f 16092 15841 15840
f 16092 15842 15841
f 16092 16093 15842
f 16093 15843 15842
f 16093 16094 15843
f 16094 15844 15843
f 16094 16095 15844
f 16095 15845 15844
f 16095 16096 15845
f 16096 16097 15845
f 16097 15846 15845
f 16097 16098 15846
f 16098 16099 15846
f 16099 15847 15846
f 16099 15848 15847
f 16099 15849 15848
f 16099 16100 15849
f 16100 16101 15849
f 16101 15850 15849
f 16101 16102 15850
f 16102 15851 15850
f 16243 16244 15998
f 16244 15999 15998
f 16244 16245 15999
f 16245 16246 15999
f 16246 16000 15999
f 16246 16001 16000
f 16246 16247 16001
f 16247 16002 16001
f 16247 16248 16002
f 16248 16003 16002
f 16248 16249 16003
f 16249 16004 16003
f 16249 16250 16004
f 16250 16005 16004
f 16250 16251 16005
f 16251 16006 16005
f 16251 16252 16006
f 16252 16007 16006
f 16252 16253 16007
f 16253 16008 16007
f 16253 16254 16008
f 16254 16009 16008
f 16254 16255 16009
f 16255 16010 16009
f 16255 16256 16010
f 16256 16011 16010
f 16256 16257 16011
f 16257 16012 16011
f 16257 16258 16012
f 16258 16013 16012
f 16258 16014 16013
f 16258 16259 16014
f 16259 16260 16014
f 16260 16015 16014
f 16260 16261 16015
f 16261 16016 16015
f 16261 16262 16016
f 16262 16017 16016
f 16262 16263 16017
f 16263 16018 16017
f 16263 16264 16018
f 16264 16019 16018
f 16264 16265 16019
f 16265 16266 16019
f 16266 16020 16019
f 16266 16021 16020
f 16266 16267 16021
f 16267 16022 16021
f 16267 16268 16022
f 16268 16269 16022
f 16269 16023 16022
f 16269 16024 16023
f 16269 16270 16024
f 16270 16271 16024
f 16271 16025 16024
f 16271 16026 16025
f 16271 16272 16026
f 16272 16027 16026
f 16272 16273 16027
f 16273 16028 16027
f 16273 16274 16028
f 16274 16029 16028
f 16274 16275 16029
f 16275 16030 16029
f 16275 16276 16030
f 16276 16031 16030
f 16276 16277 16031
f 16277 16278 16031
f 16278 16032 16031
f 16278 16033 16032
f 16278 16279 16033
f 16279 16034 16033
f 16279 16280 16034
f 16280 16035 16034
f 16280 16281 16035
f 16281 16282 16035
f 16282 16283 16035
f 16283 16036 16035
f 16283 16284 16036
f 16284 16037 16036
f 16284 16038 16037
f 16284 16285 16038
f 16285 16040 16038
f 16040 16039 16038
f 16285 16286 16040
f 16286 16041 16040
f 16286 16287 16041
f 16287 16288 16041
f 16288 16289 16041
f 16289 16042 16041
f 16289 16290 16042
f 16290 16043 16042
f 16290 16044 16043
f 16290 16291 16044
f 16291 16292 16044
f 16292 16045 16044
f 16292 16047 16045
f 16047 16046 16045
f 16292 16293 16047
f 16293 16294 16047
f 16294 16048 16047
f 16294 16049 16048
f 16294 16050 16049
f 16294 16293 16050
f 16293 16295 16050
f 16295 16051 16050
f 16295 16296 16051
f 16296 16052 16051
f 16296 16297 16052
f 16297 16298 16052
f 16298 16053 16052
f 16298 16299 16053
f 16299 16054 16053
f 16299 16300 16054
f 16300 16055 16054
f 16300 16056 16055
f 16300 16301 16056
f 16301 16057 16056
f 16301 16302 16057
f 16302 16303 16057
f 16303 16058 16057
f 16303 16060 16058
f 16060 16059 16058
f 16303 16061 16060
f 16303 16304 16061
f 16304 16305 16061
f 16305 16062 16061
f 16305 16306 16062
f 16306 16063 16062
f 16306 16307 16063
f 16307 16308 16063
f 16308 16065 16063
f 16308 16066 16065
f 16308 16309 16066
f 16309 16310 16066
f 16310 16311 16066
f 16311 16312 16066
f 16312 16067 16066
f 16312 16313 16067
f 16313 16314 16067
f 16314 16315 16067
f 16315 16316 16067
f 16316 16068 16067
f 16316 16317 16068
f 16317 16069 16068
f 16317 16070 16069
f 16317 16071 16070
f 16317 16318 16071
f 16318 16072 16071
f 16318 16319 16072
f 16319 16320 16072
f 16320 16321 16072
f 16321 16073 16072
f 16321 16074 16073
f 16321 16322 16074
f 16322 16323 16074
f 16323 16075 16074
f 16323 16076 16075
f 16323 16077 16076
f 16323 16324 16077
f 16324 16325 16077
f 16325 16078 16077
f 16325 16326 16078
f 16326 16079 16078
f 16326 16327 16079
f 16327 16328 16079
f 16328 16080 16079
f 16328 16081 16080
f 16328 16329 16081
f 16329 16082 16081
f 16329 16330 16082
f 16330 16084 16082
f 16084 16083 16082
f 16330 16331 16084
f 16331 16085 16084
f 16331 16332 16085
f 16332 16333 16085
f 16333 16086 16085
f 16333 16087 16086
f 16333 16334 16087
f 16334 16335 16087
f 16335 16088 16087
f 16335 16089 16088
f 16335 16336 16089
f 16336 16337 16089
f 16337 16338 16089
f 16338 16090 16089
f 16338 16091 16090
f 16338 16339 16091
f 16339 16092 16091
f 16339 16340 16092
f 16340 16093 16092
f 16340 16341 16093
f 16341 16094 16093
f 16341 16342 16094
f 16342 16096 16094
f 16096 16095 16094
f 16342 16343 16096
f 16343 16344 16096
f 16344 16345 16096
f 16345 16098 16096
f 16098 16097 16096
f 16345 16346 16098
f 16346 16347 16098
f 16347 16100 16098
f 16100 16099 16098
f 16347 16348 16100
f 16348 16101 16100
f 16348 16349 16101
f 16349 16102 16101
f 16494 16495 16243
f 16495 16244 16243
f 16495 16496 16244
f 16496 16245 16244
f 16496 16497 16245
f 16497 16498 16245
f 16498 16246 16245
f 16498 16247 16246
f 16498 16499 16247
f 16499 16248 16247
f 16499 16500 16248
f 16500 16249 16248
f 16500 16501 16249
f 16501 16250 16249
f 16501 16502 16250
f 16502 16251 16250
f 16502 16503 16251
f 16503 16252 16251
f 16503 16504 16252
f 16504 16253 16252
f 16504 16505 16253
f 16505 16254 16253
f 16505 16506 16254
f 16506 16255 16254
f 16506 16507 16255
f 16507 16256 16255
f 16507 16508 16256
f 16508 16257 16256
f 16508 16509 16257
f 16509 16258 16257
f 16509 16259 16258
f 16509 16510 16259
f 16510 16511 16259
f 16511 16260 16259
f 16511 16512 16260
f 16512 16261 16260
f 16512 16513 16261
f 16513 16262 16261
f 16513 16514 16262
f 16514 16263 16262
f 16514 16515 16263
f 16515 16264 16263
f 16515 16516 16264
f 16516 16265 16264
f 16516 16517 16265
f 16517 16266 16265
f 16517 16518 16266
f 16518 16267 16266
f 16518 16519 16267
f 16519 16268 16267
f 16519 16520 16268
f 16520 16269 16268
f 16520 16521 16269
f 16521 16270 16269
f 16521 16271 16270
f 16521 16522 16271
f 16522 16523 16271
f 16523 16272 16271
f 16523 16524 16272
f 16524 16273 16272
f 16524 16525 16273
f 16525 16274 16273
f 16525 16526 16274
f 16526 16275 16274
f 16526 16527 16275
f 16527 16276 16275
f 16527 16528 16276
f 16528 16277 16276
f 16528 16529 16277
f 16529 16530 16277
f 16530 16278 16277
f 16530 16279 16278
f 16530 16531 16279
f 16531 16280 16279
f 16531 16532 16280
f 16532 16281 16280
f 16532 16533 16281
f 16533 16534 16281
f 16534 16282 16281
f 16534 16535 16282
f 16535 16536 16282
f 16536 16284 16282
f 16284 16283 16282
f 16536 16286 16284
f 16286 16285 16284
f 16536 16535 16286
f 16535 16287 16286
f 16535 16537 16287
f 16537 16288 16287
f 16537 16538 16288
f 16538 16289 16288
f 16538 16539 16289
f 16539 16290 16289
f 16539 16540 16290
f 16540 16291 16290
f 16540 16541 16291
f 16541 16292 16291
f 16541 16293 16292
f 16541 16542 16293
f 16542 16295 16293
f 16542 16296 16295
f 16542 16543 16296
f 16543 16297 16296
f 16543 16544 16297
f 16544 16545 16297
f 16545 16298 16297
f 16545 16546 16298
f 16546 16299 16298
f 16546 16300 16299
f 16546 16547 16300
f 16547 16301 16300
f 16547 16548 16301
f 16548 16302 16301
f 16548 16549 16302
f 16549 16304 16302
f 16304 16303 16302
f 16549 16550 16304
f 16550 16305 16304
f 16550 16306 16305
f 16550 16551 16306
f 16551 16552 16306
f 16552 16307 16306
f 16552 16553 16307
f 16553 16309 16307
f 16309 16308 16307
f 16553 16310 16309
f 16553 16554 16310
f 16554 16311 16310
f 16554 16555 16311
f 16555 16556 16311
f 16556 16313 16311
f 16313 16312 16311
f 16556 16557 16313
f 16557 16558 16313
f 16558 16314 16313
f 16558 16315 16314
f 16558 16559 16315
f 16559 16319 16315
f 16319 16318 16315
f 16318 16316 16315
f 16318 16317 16316
f 16559 16560 16319
f 16560 16561 16319
f 16561 16320 16319
f 16561 16562 16320
f 16562 16321 16320
f 16562 16563 16321
f 16563 16322 16321
f 16563 16564 16322
f 16564 16565 16322
f 16565 16566 16322
f 16566 16323 16322
f 16566 16565 16323
f 16565 16567 16323
f 16567 16324 16323
f 16567 16325 16324
f 16567 16326 16325
f 16567 16568 16326
f 16568 16569 16326
f 16569 16327 16326
f 16569 16570 16327
f 16570 16571 16327
f 16571 16328 16327
f 16571 16572 16328
f 16572 16329 16328
f 16572 16573 16329
f 16573 16331 16329
f 16331 16330 16329
f 16573 16332 16331
f 16573 16574 16332
f 16574 16575 16332
f 16575 16576 16332
f 16576 16333 16332
f 16576 16334 16333
f 16576 16577 16334
f 16577 16578 16334
f 16578 16336 16334
f 16336 16335 16334
f 16578 16579 16336
f 16579 16337 16336
f 16579 16580 16337
f 16580 16581 16337
f 16581 16338 16337
f 16581 16339 16338
f 16581 16582 16339
f 16582 16340 16339
f 16582 16583 16340
f 16583 16341 16340
f 16583 16584 16341
f 16584 16342 16341
f 16584 16343 16342
f 16584 16585 16343
f 16585 16586 16343
f 16586 16587 16343
f 16587 16588 16343
f 16588 16344 16343
f 16588 16346 16344
f 16346 16345 16344
f 16588 16589 16346
f 16589 16347 16346
f 16589 16590 16347
f 16590 16348 16347
f 16590 16591 16348
f 16591 16349 16348
f 16706 16496 16495
f 16706 16707 16496
f 16707 16497 16496
f 16707 16708 16497
f 16708 16709 16497
f 16709 16498 16497
f 16709 16499 16498
f 16709 16710 16499
f 16710 16500 16499
f 16710 16711 16500
f 16711 16501 16500
f 16711 16712 16501
f 16712 16502 16501
f 16712 16713 16502
f 16713 16503 16502
f 16713 16714 16503
f 16714 16504 16503
f 16714 16715 16504
f 16715 16505 16504
f 16715 16716 16505
f 16716 16506 16505
f 16716 16717 16506
f 16717 16507 16506
f 16717 16718 16507
f 16718 16508 16507
f 16718 16719 16508
f 16719 16509 16508
f 16719 16510 16509
f 16719 16720 16510
f 16720 16721 16510
f 16721 16511 16510
f 16721 16722 16511
f 16722 16723 16511
f 16723 16512 16511
f 16723 16513 16512
f 16723 16724 16513
f 16724 16514 16513
f 16724 16725 16514
f 16725 16515 16514
f 16725 16726 16515
f 16726 16516 16515
f 16726 16727 16516
f 16727 16517 16516
f 16727 16728 16517
f 16728 16518 16517
f 16728 16729 16518
f 16729 16519 16518
f 16729 16730 16519
f 16730 16731 16519
f 16731 16520 16519
f 16731 16521 16520
f 16731 16732 16521
f 16732 16522 16521
f 16732 16733 16522
f 16733 16523 16522
f 16733 16734 16523
f 16734 16524 16523
f 16734 16735 16524
f 16735 16525 16524
f 16735 16736 16525
f 16736 16526 16525
f 16736 16737 16526
f 16737 16527 16526
f 16737 16738 16527
f 16738 16528 16527
f 16738 16739 16528
f 16739 16529 16528
f 16739 16740 16529
f 16740 16741 16529
f 16741 16530 16529
f 16741 16531 16530
f 16741 16742 16531
f 16742 16532 16531
f 16742 16743 16532
f 16743 16533 16532
f 16743 16744 16533
f 16744 16534 16533
f 16744 16745 16534
f 16745 16535 16534
f 16745 16746 16535
f 16746 16537 16535
f 16746 16747 16537
f 16747 16748 16537
f 16748 16538 16537
f 16748 16749 16538
f 16749 16539 16538
f 16749 16750 16539
f 16750 16751 16539
f 16751 16540 16539
f 16751 16541 16540
f 16751 16542 16541
f 16751 16543 16542
f 16751 16752 16543
f 16752 16544 16543
f 16752 16753 16544
f 16753 16754 16544
f 16754 16545 16544
f 16754 16755 16545
f 16755 16546 16545
f 16755 16547 16546
f 16755 16756 16547
f 16756 16548 16547
f 16756 16757 16548
f 16757 16549 16548
f 16757 16758 16549
f 16758 16550 16549
f 16758 16551 16550
f 16758 16759 16551
f 16759 16760 16551
f 16760 16552 16551
f 16760 16761 16552
f 16761 16554 16552
f 16554 16553 16552
f 16761 16762 16554
f 16762 16555 16554
f 16762 16763 16555
f 16763 16764 16555
f 16764 16556 16555
f 16764 16765 16556
f 16765 16557 16556
f 16765 16766 16557
f 16766 16767 16557
f 16767 16558 16557
f 16767 16559 16558
f 16767 16560 16559
f 16767 16768 16560
f 16768 16769 16560
f 16769 16561 16560
f 16769 16770 16561
f 16770 16562 16561
f 16770 16771 16562
f 16771 16564 16562
f 16564 16563 16562
f 16771 16772 16564
f 16772 16565 16564
f 16772 16773 16565
f 16773 16568 16565
f 16568 16567 16565
f 16773 16774 16568
f 16774 16569 16568
f 16774 16570 16569
f 16774 16775 16570
f 16775 16776 16570
f 16776 16571 16570
f 16776 16777 16571
f 16777 16778 16571
f 16778 16572 16571
f 16778 16574 16572
f 16574 16573 16572
f 16778 16575 16574
f 16778 16779 16575
f 16779 16780 16575
f 16780 16781 16575
f 16781 16576 16575
f 16781 16577 16576
f 16781 16782 16577
f 16782 16783 16577
f 16783 16578 16577
f 16783 16784 16578
f 16784 16579 16578
f 16784 16785 16579
f 16785 16580 16579
f 16785 16786 16580
f 16786 16581 16580
f 16786 16787 16581
f 16787 16582 16581
f 16787 16788 16582
f 16788 16583 16582
f 16788 16586 16583
f 16586 16584 16583
f 16586 16585 16584
f 16788 16789 16586
f 16789 16790 16586
f 16790 16791 16586
f 16791 16587 16586
f 16791 16792 16587
f 16792 16793 16587
f 16793 16794 16587
f 16794 16588 16587
f 16794 16795 16588
f 16795 16589 16588
f 16795 16796 16589
f 16796 16797 16589
f 16797 16590 16589
f 16797 16591 16590
f 16904 16707 16706
f 16904 16905 16707
f 16905 16708 16707
f 16905 16906 16708
f 16906 16907 16708
f 16907 16709 16708
f 16907 16710 16709
f 16907 16908 16710
f 16908 16711 16710
f 16908 16909 16711
f 16909 16712 16711
f 16909 16910 16712
f 16910 16713 16712
f 16910 16911 16713
f 16911 16714 16713
f 16911 16912 16714
f 16912 16715 16714
f 16912 16913 16715
f 16913 16716 16715
f 16913 16914 16716
f 16914 16717 16716
f 16914 16915 16717
f 16915 16718 16717
f 16915 16916 16718
f 16916 16719 16718
f 16916 16720 16719
f 16916 16917 16720
f 16917 16918 16720
f 16918 16721 16720
f 16918 16919 16721
f 16919 16722 16721
f 16919 16920 16722
f 16920 16723 16722
f 16920 16921 16723
f 16921 16724 16723
f 16921 16922 16724
f 16922 16725 16724
f 16922 16923 16725
f 16923 16726 16725
f 16923 16924 16726
f 16924 16727 16726
f 16924 16925 16727
f 16925 16728 16727
f 16925 16926 16728
f 16926 16729 16728
f 16926 16927 16729
f 16927 16730 16729
f 16927 16928 16730
f 16928 16731 16730
f 16928 16929 16731
f 16929 16732 16731
f 16929 16930 16732
f 16930 16733 16732
f 16930 16931 16733
f 16931 16734 16733
f 16931 16932 16734
f 16932 16735 16734
f 16932 16933 16735
f 16933 16736 16735
f 16933 16934 16736
f 16934 16737 16736
f 16934 16935 16737
f 16935 16738 16737
f 16935 16936 16738
f 16936 16739 16738
f 16936 16937 16739
f 16937 16740 16739
f 16937 16938 16740
f 16938 16939 16740
f 16939 16741 16740
f 16939 16940 16741
f 16940 16742 16741
f 16940 16743 16742
f 16940 16941 16743
f 16941 16744 16743
f 16941 16942 16744
f 16942 16745 16744
f 16942 16943 16745
f 16943 16746 16745
f 16943 16747 16746
f 16943 16944 16747
f 16944 16945 16747
f 16945 16748 16747
f 16945 16946 16748
f 16946 16749 16748
f 16946 16947 16749
f 16947 16750 16749
f 16947 16752 16750
f 16752 16751 16750
f 16947 16753 16752
f 16947 16948 16753
f 16948 16949 16753
f 16949 16754 16753
f 16949 16950 16754
f 16950 16755 16754
f 16950 16756 16755
f 16950 16951 16756
f 16951 16952 16756
f 16952 16757 16756
f 16952 16953 16757
f 16953 16954 16757
f 16954 16758 16757
f 16954 16759 16758
f 16954 16955 16759
f 16955 16760 16759
f 16955 16956 16760
f 16956 16957 16760
f 16957 16761 16760
f 16957 16762 16761
f 16957 16958 16762
f 16958 16763 16762
f 16958 16959 16763
f 16959 16764 16763
f 16959 16960 16764
f 16960 16765 16764
f 16960 16961 16765
f 16961 16766 16765
f 16961 16962 16766
f 16962 16767 16766
f 16962 16768 16767
f 16962 16963 16768
f 16963 16964 16768
f 16964 16769 16768
f 16964 16965 16769
f 16965 16966 16769
f 16966 16770 16769
f 16966 16771 16770
f 16966 16967 16771
f 16967 16772 16771
f 16967 16968 16772
f 16968 16773 16772
f 16968 16969 16773
f 16969 16774 16773
f 16969 16775 16774
f 16969 16970 16775
f 16970 16971 16775
f 16971 16776 16775
f 16971 16972 16776
f 16972 16777 16776
f 16972 16779 16777
f 16779 16778 16777
f 16972 16780 16779
f 16971 16973 16972
f 16971 16974 16973
f 16974 16975 16973
f 16975 16976 16973
f 16975 16977 16976
f 16977 16978 16976
f 16977 16979 16978
f 16977 16980 16979
f 16980 16981 16979
f 16981 16982 16979
f 16981 16983 16982
f 16983 16984 16982
f 16984 16985 16982
f 16985 16986 16982
f 16985 16987 16986
f 16985 16988 16987
f 16988 16989 16987
f 16988 16990 16989
f 16990 16991 16989
f 16991 16992 16989
f 16991 16993 16992
f 16993 16994 16992
f 16993 16995 16994
f 16995 16996 16994
f 16996 16997 16994
f 16997 16998 16994
f 16997 16999 16998
f 16999 17000 16998
f 16999 17001 17000
f 17001 17002 17000
f 17002 17003 17000
f 17002 17004 17003
f 17004 17005 17003
f 17004 17006 17005
f 17006 17007 17005
f 17007 17008 17005
f 17008 16782 17005
f 16782 17009 17005
f 16782 16781 17009
f 16781 16780 17009
f 17008 16783 16782
f 17008 16784 16783
f 17008 17010 16784
f 17010 16785 16784
f 17010 17011 16785
f 17011 16786 16785
f 17011 17012 16786
f 17012 16787 16786
f 17012 17013 16787
f 17013 16789 16787
f 16789 16788 16787
f 17013 17014 16789
f 17014 16790 16789
f 17014 17015 16790
f 17015 17016 16790
f 17016 16791 16790
f 17016 16792 16791
f 17016 17017 16792
f 17017 17018 16792
f 17018 16793 16792
f 17018 17019 16793
f 17019 17020 16793
f 17020 16794 16793
f 17020 16795 16794
f 17020 17021 16795
f 17021 16796 16795
f 17021 17022 16796
f 17133 17134 16905
f 17134 16906 16905
f 17134 17135 16906
f 17135 17136 16906
f 17136 16907 16906
f 17136 16908 16907
f 17136 17137 16908
f 17137 16909 16908
f 17137 17138 16909
f 17138 16910 16909
f 17138 17139 16910
f 17139 16911 16910
f 17139 17140 16911
f 17140 16912 16911
f 17140 17141 16912
f 17141 16913 16912
f 17141 17142 16913
f 17142 16914 16913
f 17142 17143 16914
f 17143 16915 16914
f 17143 17144 16915
f 17144 16916 16915
f 17144 16917 16916
f 17144 17145 16917
f 17145 17146 16917
f 17146 16918 16917
f 17146 17147 16918
f 17147 16919 16918
f 17147 17148 16919
f 17148 16920 16919
f 17148 17149 16920
f 17149 16921 16920
f 17149 17150 16921
f 17150 16922 16921
f 17150 17151 16922
f 17151 16923 16922
f 17151 17152 16923
f 17152 16924 16923
f 17152 16925 16924
f 17152 17153 16925
f 17153 17154 16925
f 17154 16926 16925
f 17154 17155 16926
f 17155 16927 16926
f 17155 17156 16927
f 17156 16928 16927
f 17156 17157 16928
f 17157 16929 16928
f 17157 17158 16929
f 17158 16930 16929
f 17158 17159 16930
f 17159 16931 16930
f 17159 17160 16931
f 17160 16932 16931
f 17160 17161 16932
f 17161 16933 16932
f 17161 17162 16933
f 17162 16934 16933
f 17162 17163 16934
f 17163 16935 16934
f 17163 17164 16935
f 17164 16936 16935
f 17164 17165 16936
f 17165 16937 16936
f 17165 17166 16937
f 17166 16938 16937
f 17166 17167 16938
f 17167 17168 16938
f 17168 16939 16938
f 17168 16940 16939
f 17168 17169 16940
f 17169 16941 16940
f 17169 17170 16941
f 17170 16942 16941
f 17170 17171 16942
f 17171 16943 16942
f 17171 16944 16943
f 17171 17172 16944
f 17172 17173 16944
f 17173 16945 16944
f 17173 17174 16945
f 17174 16946 16945
f 17174 16948 16946
f 16948 16947 16946
f 17174 17175 16948
f 17175 16949 16948
f 17175 16951 16949
f 16951 16950 16949
f 17175 17176 16951
f 17176 16953 16951
f 16953 16952 16951
f 17176 17177 16953
f 17177 16955 16953
f 16955 16954 16953
f 17177 16956 16955
f 17177 17178 16956
f 17178 17179 16956
f 17179 16958 16956
f 16958 16957 16956
f 17179 17180 16958
f 17180 17181 16958
f 17181 16959 16958
f 17181 17182 16959
f 17182 17183 16959
f 17183 16960 16959
f 17183 17184 16960
f 17184 17185 16960
f 17185 16961 16960
f 17185 16962 16961
f 17185 16963 16962
f 17185 17186 16963
f 17186 17187 16963
f 17187 17188 16963
f 17188 16964 16963
f 17188 16965 16964
f 17188 17189 16965
f 17189 17190 16965
f 17190 16966 16965
f 17190 16967 16966
f 17190 17191 16967
f 17191 16968 16967
f 17191 17192 16968
f 17192 16969 16968
f 17192 16970 16969
f 17192 17193 16970
f 17193 16974 16970
f 16974 16971 16970
f 17193 17194 16974
f 17194 16975 16974
f 17194 17195 16975
f 17195 16977 16975
f 17195 16980 16977
f 17195 17196 16980
f 17196 17197 16980
f 17197 16981 16980
f 17197 16983 16981
f 17197 17198 16983
f 17198 17199 16983
f 17199 16984 16983
f 17199 17200 16984
f 17200 16985 16984
f 17200 17201 16985
f 17201 17202 16985
f 17202 16988 16985
f 17202 17203 16988
f 17203 17204 16988
f 17204 16990 16988
f 17204 17205 16990
f 17205 17206 16990
f 17206 16991 16990
f 17206 16993 16991
f 17206 17207 16993
f 17207 16995 16993
f 17207 17208 16995
f 17208 17209 16995
f 17209 16996 16995
f 17209 17210 16996
f 17210 17211 16996
f 17211 16997 16996
f 17211 17212 16997
f 17212 16999 16997
f 17212 17213 16999
f 17213 17001 16999
f 17213 17214 17001
f 17214 17215 17001
f 17215 17002 17001
f 17215 17216 17002
f 17216 17004 17002
f 17216 17006 17004
f 17216 17217 17006
f 17217 17218 17006
f 17218 17219 17006
f 17219 17007 17006
f 17219 17010 17007
f 17010 17008 17007
f 17219 17011 17010
f 17219 17218 17011
f 17218 17220 17011
f 17220 17012 17011
f 17220 17221 17012
f 17221 17014 17012
f 17014 17013 17012
f 17221 17222 17014
f 17222 17015 17014
f 17222 17223 17015
f 17223 17224 17015
f 17224 17016 17015
f 17224 17017 17016
f 17224 17225 17017
f 17225 17226 17017
f 17226 17227 17017
f 17227 17018 17017
f 17227 17019 17018
f 17227 17228 17019
f 17228 17229 17019
f 17229 17020 17019
f 17229 17021 17020
f 17229 17230 17021
f 17330 17134 17133
f 17330 17331 17134
f 17331 17135 17134
f 17331 17332 17135
f 17332 17333 17135
f 17333 17136 17135
f 17333 17137 17136
f 17333 17334 17137
f 17334 17138 17137
f 17334 17335 17138
f 17335 17139 17138
f 17335 17336 17139
f 17336 17140 17139
f 17336 17337 17140
f 17337 17141 17140
f 17337 17338 17141
f 17338 17142 17141
f 17338 17339 17142
f 17339 17143 17142
f 17339 17340 17143
f 17340 17144 17143
f 17340 17145 17144
f 17340 17341 17145
f 17341 17342 17145
f 17342 17146 17145
f 17342 17343 17146
f 17343 17147 17146
f 17343 17344 17147
f 17344 17148 17147
f 17344 17345 17148
f 17345 17149 17148
f 17345 17346 17149
f 17346 17150 17149
f 17346 17347 17150
f 17347 17151 17150
f 17347 17348 17151
f 17348 17152 17151
f 17348 17349 17152
f 17349 17153 17152
f 17349 17350 17153
f 17350 17154 17153
f 17350 17351 17154
f 17351 17155 17154
f 17351 17352 17155
f 17352 17156 17155
f 17352 17353 17156
f 17353 17157 17156
f 17353 17354 17157
f 17354 17158 17157
f 17354 17355 17158
f 17355 17159 17158
f 17355 17356 17159
f 17356 17160 17159
f 17356 17357 17160
f 17357 17161 17160
f 17357 17358 17161
f 17358 17162 17161
f 17358 17359 17162
f 17359 17163 17162
f 17359 17360 17163
f 17360 17164 17163
f 17360 17361 17164
f 17361 17165 17164
f 17361 17362 17165
f 17362 17166 17165
f 17362 17363 17166
f 17363 17167 17166
f 17363 17364 17167
f 17364 17365 17167
f 17365 17168 17167
f 17365 17169 17168
f 17365 17366 17169
f 17366 17170 17169
f 17366 17367 17170
f 17367 17171 17170
f 17367 17172 17171
f 17367 17368 17172
f 17368 17369 17172
f 17369 17173 17172
f 17369 17370 17173
f 17370 17174 17173
f 17370 17175 17174
f 17370 17176 17175
f 17370 17371 17176
f 17371 17177 17176
f 17371 17178 17177
f 17371 17372 17178
f 17372 17373 17178
f 17373 17179 17178
f 17373 17180 17179
f 17373 17374 17180
f 17374 17375 17180
f 17375 17181 17180
f 17375 17182 17181
f 17375 17376 17182
f 17376 17377 17182
f 17377 17183 17182
f 17377 17378 17183
f 17378 17184 17183
f 17378 17379 17184
f 17379 17185 17184
f 17379 17186 17185
f 17379 17380 17186
f 17380 17381 17186
f 17381 17187 17186
f 17381 17382 17187
f 17382 17383 17187
f 17383 17188 17187
f 17383 17189 17188
f 17383 17384 17189
f 17384 17385 17189
f 17385 17190 17189
f 17385 17191 17190
f 17385 17386 17191
f 17386 17192 17191
f 17386 17193 17192
f 17386 17387 17193
f 17387 17194 17193
f 17387 17388 17194
f 17388 17195 17194
f 17388 17196 17195
f 17388 17389 17196
f 17389 17390 17196
f 17390 17197 17196
f 17390 17198 17197
f 17390 17391 17198
f 17391 17199 17198
f 17391 17392 17199
f 17392 17200 17199
f 17392 17393 17200
f 17393 17201 17200
f 17393 17394 17201
f 17394 17202 17201
f 17394 17395 17202
f 17395 17203 17202
f 17395 17396 17203
f 17396 17397 17203
f 17397 17204 17203
f 17397 17398 17204
f 17398 17205 17204
f 17398 17399 17205
f 17399 17400 17205
f 17400 17206 17205
f 17400 17207 17206
f 17400 17401 17207
f 17401 17208 17207
f 17401 17402 17208
f 17402 17403 17208
f 17403 17209 17208
f 17403 17404 17209
f 17404 17210 17209
f 17404 17405 17210
f 17405 17406 17210
f 17406 17407 17210
f 17407 17211 17210
f 17407 17213 17211
f 17213 17212 17211
f 17407 17214 17213
f 17407 17408 17214
f 17408 17409 17214
f 17409 17410 17214
f 17410 17215 17214
f 17410 17411 17215
f 17411 17217 17215
f 17217 17216 17215
f 17411 17412 17217
f 17412 17222 17217
f 17222 17413 17217
f 17413 17220 17217
f 17220 17218 17217
f 17413 17221 17220
f 17413 17222 17221
f 17412 17223 17222
f 17412 17414 17223
f 17414 17415 17223
f 17415 17224 17223
f 17415 17225 17224
f 17415 17416 17225
f 17416 17226 17225
f 17416 17417 17226
f 17417 17418 17226
f 17418 17227 17226
f 17418 17228 17227
f 17420 17229 17228
f 17512 17331 17330
f 17512 17513 17331
f 17513 17332 17331
f 17513 17514 17332
f 17514 17515 17332
f 17515 17333 17332
f 17515 17334 17333
f 17515 17516 17334
f 17516 17335 17334
f 17516 17517 17335
f 17517 17336 17335
f 17517 17518 17336
f 17518 17337 17336
f 17518 17519 17337
f 17519 17338 17337
f 17519 17520 17338
f 17520 17339 17338
f 17520 17521 17339
f 17521 17340 17339
f 17521 17341 17340
f 17521 17522 17341
f 17522 17523 17341
f 17523 17342 17341
f 17523 17524 17342
f 17524 17343 17342
f 17524 17525 17343
f 17525 17344 17343
f 17525 17526 17344
f 17526 17345 17344
f 17526 17527 17345
f 17527 17346 17345
f 17527 17528 17346
f 17528 17347 17346
f 17528 17529 17347
f 17529 17348 17347
f 17529 17530 17348
f 17530 17349 17348
f 17530 17531 17349
f 17531 17350 17349
f 17531 17532 17350
f 17532 17351 17350
f 17532 17352 17351
f 17532 17533 17352
f 17533 17534 17352
f 17534 17353 17352
f 17534 17535 17353
f 17535 17354 17353
f 17535 17536 17354
f 17536 17355 17354
f 17536 17537 17355
f 17537 17356 17355
f 17537 17538 17356
f 17538 17357 17356
f 17538 17539 17357
f 17539 17358 17357
f 17539 17540 17358
f 17540 17359 17358
f 17540 17541 17359
f 17541 17360 17359
f 17541 17542 17360
f 17542 17361 17360
f 17542 17543 17361
f 17543 17362 17361
f 17543 17544 17362
f 17544 17363 17362
f 17544 17545 17363
f 17545 17364 17363
f 17545 17546 17364
f 17546 17547 17364
f 17547 17365 17364
f 17547 17366 17365
f 17547 17548 17366
f 17548 17367 17366
f 17548 17368 17367
f 17548 17549 17368
f 17549 17372 17368
f 17372 17369 17368
f 17372 17371 17369
f 17371 17370 17369
f 17549 17373 17372
f 17549 17374 17373
f 17549 17550 17374
f 17550 17551 17374
f 17551 17375 17374
f 17551 17376 17375
f 17551 17552 17376
f 17552 17553 17376
f 17553 17377 17376
f 17553 17554 17377
f 17554 17378 17377
f 17554 17555 17378
f 17555 17379 17378
f 17555 17380 17379
f 17555 17556 17380
f 17556 17557 17380
f 17557 17381 17380
f 17557 17558 17381
f 17558 17382 17381
f 17558 17559 17382
f 17559 17560 17382
f 17560 17383 17382
f 17560 17384 17383
f 17560 17561 17384
f 17561 17562 17384
f 17562 17385 17384
f 17562 17386 17385
f 17562 17387 17386
f 17562 17563 17387
f 17563 17388 17387
f 17563 17389 17388
f 17563 17564 17389
f 17563 17561 17564
f 17561 17565 17564
f 17565 17566 17564
f 17565 17567 17566
f 17567 17568 17566
f 17568 17569 17566
f 17569 17570 17566
f 17570 17571 17566
f 17570 17572 17571
f 17572 17573 17571
f 17573 17574 17571
f 17574 17391 17571
f 17574 17392 17391
f 17574 17575 17392
f 17575 17393 17392
f 17575 17576 17393
f 17576 17394 17393
f 17576 17577 17394
f 17577 17395 17394
f 17577 17578 17395
f 17578 17579 17395
f 17579 17396 17395
f 17579 17580 17396
f 17580 17397 17396
f 17580 17581 17397
f 17581 17398 17397
f 17581 17582 17398
f 17582 17399 17398
f 17582 17583 17399
f 17583 17584 17399
f 17584 17585 17399
f 17585 17400 17399
f 17585 17401 17400
f 17585 17586 17401
f 17586 17587 17401
f 17587 17402 17401
f 17587 17588 17402
f 17588 17403 17402
f 17588 17589 17403
f 17589 17590 17403
f 17590 17404 17403
f 17590 17591 17404
f 17591 17405 17404
f 17591 17592 17405
f 17592 17593 17405
f 17593 17406 17405
f 17593 17408 17406
f 17408 17407 17406
f 17593 17594 17408
f 17594 17409 17408
f 17594 17595 17409
f 17595 17596 17409
f 17596 17410 17409
f 17596 17414 17410
f 17414 17412 17410
f 17412 17411 17410
f 17596 17415 17414
f 17596 17597 17415
f 17597 17416 17415
f 17597 17598 17416
f 17598 17417 17416
f 17598 17599 17417
f 17599 17418 17417
f 17684 17513 17512
f 17684 17685 17513
f 17685 17514 17513
f 17685 17686 17514
f 17686 17687 17514
f 17687 17515 17514
f 17687 17516 17515
f 17687 17688 17516
f 17688 17517 17516
f 17688 17689 17517
f 17689 17518 17517
f 17689 17690 17518
f 17690 17519 17518
f 17690 17691 17519
f 17691 17520 17519
f 17691 17692 17520
f 17692 17521 17520
f 17692 17522 17521
f 17692 17693 17522
f 17693 17694 17522
f 17694 17523 17522
f 17694 17695 17523
f 17695 17524 17523
f 17695 17696 17524
f 17696 17525 17524
f 17696 17697 17525
f 17697 17526 17525
f 17697 17698 17526
f 17698 17527 17526
f 17698 17699 17527
f 17699 17528 17527
f 17699 17700 17528
f 17700 17529 17528
f 17700 17701 17529
f 17701 17530 17529
f 17701 17702 17530
f 17702 17531 17530
f 17702 17703 17531
f 17703 17532 17531
f 17703 17704 17532
f 17704 17533 17532
f 17704 17705 17533
f 17705 17534 17533
f 17705 17706 17534
f 17706 17535 17534
f 17706 17707 17535
f 17707 17536 17535
f 17707 17708 17536
f 17708 17537 17536
f 17708 17709 17537
f 17709 17538 17537
f 17709 17710 17538
f 17710 17539 17538
f 17710 17711 17539
f 17711 17540 17539
f 17711 17712 17540
f 17712 17541 17540
f 17712 17713 17541
f 17713 17542 17541
f 17713 17714 17542
f 17714 17543 17542
f 17714 17715 17543
f 17715 17544 17543
f 17715 17716 17544
f 17716 17545 17544
f 17716 17552 17545
f 17552 17546 17545
f 17552 17551 17546
f 17551 17550 17546
f 17550 17547 17546
f 17550 17548 17547
f 17550 17549 17548
f 17716 17553 17552
f 17716 17717 17553
f 17717 17554 17553
f 17717 17718 17554
f 17718 17555 17554
f 17718 17556 17555
f 17718 17719 17556
f 17719 17720 17556
f 17720 17557 17556
f 17720 17721 17557
f 17721 17558 17557
f 17721 17722 17558
f 17722 17723 17558
f 17723 17559 17558
f 17723 17567 17559
f 17567 17565 17559
f 17565 17560 17559
f 17565 17561 17560
f 17723 17568 17567
f 17723 17722 17568
f 17722 17724 17568
f 17724 17569 17568
f 17724 17725 17569
f 17725 17570 17569
f 17725 17726 17570
f 17726 17572 17570
f 17726 17727 17572
f 17727 17728 17572
f 17728 17729 17572
f 17729 17573 17572
f 17729 17730 17573
f 17730 17575 17573
f 17575 17574 17573
f 17730 17731 17575
f 17731 17576 17575
f 17731 17732 17576
f 17732 17577 17576
f 17732 17578 17577
f 17732 17733 17578
f 17733 17579 17578
f 17733 17734 17579
f 17734 17735 17579
f 17735 17580 17579
f 17735 17736 17580
f 17736 17581 17580
f 17736 17737 17581
f 17737 17582 17581
f 17737 17583 17582
f 17737 17738 17583
f 17738 17739 17583
f 17739 17584 17583
f 17739 17740 17584
f 17740 17586 17584
f 17586 17585 17584
f 17740 17741 17586
f 17741 17742 17586
f 17742 17587 17586
f 17742 17743 17587
f 17743 17588 17587
f 17743 17744 17588
f 17744 17589 17588
f 17744 17590 17589
f 17744 17745 17590
f 17745 17746 17590
f 17746 17747 17590
f 17747 17591 17590
f 17747 17748 17591
f 17748 17592 17591
f 17748 17749 17592
f 17749 17593 17592
f 17749 17594 17593
f 17749 17750 17594
f 17750 17595 17594
f 17750 17751 17595
f 17751 17597 17595
f 17597 17596 17595
f 17751 17598 17597
f 17751 17752 17598
f 17752 17599 17598
f 17837 17685 17684
f 17837 17838 17685
f 17838 17686 17685
f 17838 17839 17686
f 17839 17840 17686
f 17840 17687 17686
f 17840 17688 17687
f 17840 17841 17688
f 17841 17689 17688
f 17841 17842 17689
f 17842 17690 17689
f 17842 17843 17690
f 17843 17691 17690
f 17843 17844 17691
f 17844 17692 17691
f 17844 17693 17692
f 17844 17845 17693
f 17845 17846 17693
f 17846 17694 17693
f 17846 17847 17694
f 17847 17695 17694
f 17847 17848 17695
f 17848 17696 17695
f 17848 17849 17696
f 17849 17697 17696
f 17849 17850 17697
f 17850 17698 17697
f 17850 17851 17698
f 17851 17699 17698
f 17851 17852 17699
f 17852 17700 17699
f 17852 17853 17700
f 17853 17701 17700
f 17853 17854 17701
f 17854 17702 17701
f 17854 17855 17702
f 17855 17703 17702
f 17855 17856 17703
f 17856 17704 17703
f 17856 17857 17704
f 17857 17705 17704
f 17857 17858 17705
f 17858 17706 17705
f 17858 17859 17706
f 17859 17707 17706
f 17859 17860 17707
f 17860 17708 17707
f 17860 17861 17708
f 17861 17709 17708
f 17861 17862 17709
f 17862 17710 17709
f 17862 17863 17710
f 17863 17711 17710
f 17863 17864 17711
f 17864 17712 17711
f 17864 17865 17712
f 17865 17713 17712
f 17865 17866 17713
f 17866 17714 17713
f 17866 17867 17714
f 17867 17715 17714
f 17867 17717 17715
f 17717 17716 17715
f 17867 17718 17717
f 17867 17719 17718
f 17867 17866 17719
f 17866 17868 17719
f 17868 17720 17719
f 17868 17869 17720
f 17869 17721 17720
f 17869 17722 17721
f 17869 17870 17722
f 17870 17724 17722
f 17870 17871 17724
f 17871 17725 17724
f 17871 17872 17725
f 17872 17726 17725
f 17872 17873 17726
f 17873 17727 17726
f 17873 17874 17727
f 17874 17728 17727
f 17874 17875 17728
f 17875 17876 17728
f 17876 17730 17728
f 17730 17729 17728
f 17876 17877 17730
f 17877 17731 17730
f 17877 17732 17731
f 17877 17878 17732
f 17878 17733 17732
f 17878 17879 17733
f 17879 17734 17733
f 17879 17880 17734
f 17880 17881 17734
f 17881 17735 17734
f 17881 17882 17735
f 17882 17736 17735
f 17882 17883 17736
f 17883 17737 17736
f 17883 17738 17737
f 17883 17884 17738
f 17884 17885 17738
f 17885 17739 17738
f 17885 17886 17739
f 17886 17887 17739
f 17887 17740 17739
f 17887 17741 17740
f 17887 17886 17741
f 17886 17888 17741
f 17888 17889 17741
f 17889 17742 17741
f 17889 17743 17742
f 17889 17744 17743
f 17888 17890 17889
f 17890 17891 17889
f 17891 17892 17889
f 17892 17893 17889
f 17893 17894 17889
f 17893 17744 17894
f 17893 17745 17744
f 17893 17895 17745
f 17895 17746 17745
f 17895 17896 17746
f 17896 17897 17746
f 17897 17747 17746
f 17897 17898 17747
f 17898 17899 17747
f 17899 17748 17747
f 17899 17900 17748
f 17900 17749 17748
f 17900 17901 17749
f 17901 17750 17749
f 17901 17902 17750
f 17902 17751 17750
f 17902 17752 17751
f 17972 17838 17837
f 17972 17973 17838
f 17973 17974 17838
f 17974 17839 17838
f 17974 17975 17839
f 17975 17976 17839
f 17976 17840 17839
f 17976 17841 17840
f 17976 17977 17841
f 17977 17842 17841
f 17977 17978 17842
f 17978 17843 17842
f 17978 17979 17843
f 17979 17844 17843
f 17979 17845 17844
f 17979 17980 17845
f 17980 17981 17845
f 17981 17846 17845
f 17981 17982 17846
f 17982 17847 17846
f 17982 17983 17847
f 17983 17848 17847
f 17983 17984 17848
f 17984 17849 17848
f 17984 17985 17849
f 17985 17850 17849
f 17985 17986 17850
f 17986 17851 17850
f 17986 17987 17851
f 17987 17852 17851
f 17987 17988 17852
f 17988 17853 17852
f 17988 17989 17853
f 17989 17854 17853
f 17989 17990 17854
f 17990 17855 17854
f 17990 17991 17855
f 17991 17856 17855
f 17991 17992 17856
f 17992 17857 17856
f 17992 17993 17857
f 17993 17858 17857
f 17993 17994 17858
f 17994 17859 17858
f 17994 17995 17859
f 17995 17860 17859
f 17995 17996 17860
f 17996 17861 17860
f 17996 17997 17861
f 17997 17862 17861
f 17997 17998 17862
f 17998 17863 17862
f 17998 17999 17863
f 17999 17864 17863
f 17999 18000 17864
f 18000 17865 17864
f 18000 17868 17865
f 17868 17866 17865
f 18000 17869 17868
f 18000 17870 17869
f 18000 17999 17870
f 17999 17871 17870
f 17999 17998 17871
f 17998 17872 17871
f 17998 17997 17872
f 17997 17873 17872
f 17997 17996 17873
f 17996 17874 17873
f 17996 17995 17874
f 17995 17875 17874
f 17995 17994 17875
f 17994 18001 17875
f 18001 17876 17875
f 18001 18002 17876
f 18002 17877 17876
f 18002 17878 17877
f 18002 18003 17878
f 18003 17879 17878
f 18003 18004 17879
f 18004 17880 17879
f 18004 18005 17880
f 18005 18006 17880
f 18006 17881 17880
f 18006 18007 17881
f 18007 18008 17881
f 18008 17882 17881
f 18008 18009 17882
f 18009 17883 17882
f 18009 18010 17883
f 18010 17884 17883
f 18010 18011 17884
f 18011 18012 17884
f 18012 18013 17884
f 18013 17885 17884
f 18013 18014 17885
f 18014 17886 17885
f 18014 18015 17886
f 18015 18016 17886
f 18016 17890 17886
f 17890 17888 17886
f 18016 18017 17890
f 18017 17891 17890
f 18017 18018 17891
f 18018 18019 17891
f 18019 18020 17891
f 18020 17893 17891
f 17893 17892 17891
f 18020 18021 17893
f 18021 17895 17893
f 18021 18022 17895
f 18022 18023 17895
f 18023 18024 17895
f 18024 17896 17895
f 18026 17897 17896
f 18026 17898 17897
f 18029 17899 17898
f 18029 17900 17899
f 18029 18030 17900
f 18030 17901 17900
f 18031 17902 17901
f 18097 18098 17973
f 18098 17974 17973
f 18098 18099 17974
f 18099 17975 17974
f 18099 18100 17975
f 18100 18101 17975
f 18101 17976 17975
f 18101 17977 17976
f 18101 18102 17977
f 18102 17978 17977
f 18102 18103 17978
f 18103 17979 17978
f 18103 17980 17979
f 18103 18104 17980
f 18104 18105 17980
f 18105 17981 17980
f 18105 18106 17981
f 18106 17982 17981
f 18106 18107 17982
f 18107 17983 17982
f 18107 17984 17983
f 18107 18108 17984
f 18108 17985 17984
f 18108 18109 17985
f 18109 17986 17985
f 18109 18110 17986
f 18110 17987 17986
f 18110 18111 17987
f 18111 17988 17987
f 18111 18112 17988
f 18112 17989 17988
f 18112 18113 17989
f 18113 17990 17989
f 18113 18114 17990
f 18114 17991 17990
f 18114 18115 17991
f 18115 17992 17991
f 18115 18116 17992
f 18116 17993 17992
f 18116 18001 17993
f 18001 17994 17993
f 18116 18002 18001
f 18116 18003 18002
f 18116 18115 18003
f 18115 18004 18003
f 18115 18114 18004
f 18114 18005 18004
f 18114 18113 18005
f 18113 18117 18005
f 18117 18006 18005
f 18117 18007 18006
f 18117 18118 18007
f 18118 18119 18007
f 18119 18009 18007
f 18009 18008 18007
f 18119 18010 18009
f 18119 18120 18010
f 18120 18011 18010
f 18120 18121 18011
f 18120 18122 18121
f 18122 18123 18121
f 18123 18124 18121
f 18124 18125 18121
f 18125 18126 18121
f 18126 18127 18121
f 18127 18128 18121
f 18128 18129 18121
f 18128 18130 18129
f 18130 18131 18129
f 18131 18011 18129
f 18130 18132 18131
f 18132 18012 18131
f 18132 18013 18012
f 18132 18133 18013
f 18133 18014 18013
f 18133 18015 18014
f 18133 18134 18015
f 18134 18016 18015
f 18134 18135 18016
f 18135 18136 18016
f 18136 18017 18016
f 18136 18137 18017
f 18137 18018 18017
f 18137 18138 18018
f 18138 18139 18018
f 18139 18019 18018
f 18139 18020 18019
f 18139 18021 18020
f 18139 18022 18021
f 18139 18140 18022
f 18140 18023 18022
f 18140 18141 18023
f 18141 18024 18023
f 18206 18207 18098
f 18207 18099 18098
f 18207 18208 18099
f 18208 18100 18099
f 18208 18209 18100
f 18209 18210 18100
f 18210 18101 18100
f 18210 18102 18101
f 18210 18211 18102
f 18211 18103 18102
f 18211 18104 18103
f 18211 18212 18104
f 18212 18213 18104
f 18213 18105 18104
f 18213 18106 18105
f 18213 18214 18106
f 18213 18215 18214
f 18215 18216 18214
f 18216 18217 18214
f 18217 18218 18214
f 18218 18219 18214
f 18219 18220 18214
f 18219 18125 18220
f 18219 18126 18125
f 18219 18221 18126
f 18221 18130 18126
f 18130 18127 18126
f 18130 18128 18127
f 18221 18132 18130
f 18219 18222 18221
f 18222 18223 18221
f 18222 18224 18223
f 18224 18225 18223
f 18225 18133 18223
f 18133 18132 18223
f 18225 18134 18133
f 18225 18224 18134
f 18224 18135 18134
f 18224 18226 18135
f 18226 18227 18135
f 18227 18136 18135
f 18227 18228 18136
f 18228 18137 18136
f 18228 18229 18137
f 18229 18138 18137
f 18229 18230 18138
f 18230 18231 18138
f 18231 18232 18138
f 18232 18139 18138
f 18232 18140 18139
f 18232 18233 18140
f 18233 18141 18140
f 18289 18208 18207
f 18289 18290 18208
f 18290 18209 18208
f 18290 18291 18209
f 18291 18292 18209
f 18292 18210 18209
f 18292 18211 18210
f 18292 18212 18211
f 18292 18293 18212
f 18293 18215 18212
f 18215 18213 18212
f 18293 18216 18215
f 18293 18294 18216
f 18294 18295 18216
f 18295 18296 18216
f 18296 18217 18216
f 18296 18297 18217
f 18297 18298 18217
f 18298 18218 18217
f 18298 18299 18218
f 18299 18222 18218
f 18222 18219 18218
f 18299 18300 18222
f 18300 18226 18222
f 18226 18224 18222
f 18300 18227 18226
f 18300 18301 18227
f 18301 18302 18227
f 18302 18228 18227
f 18302 18229 18228
f 18302 18303 18229
f 18303 18230 18229
f 18303 18304 18230
f 18304 18305 18230
f 18305 18231 18230
f 18233 18232 18231
f 18358 18290 18289
f 18358 18359 18290
f 18359 18291 18290
f 18359 18294 18291
f 18294 18293 18291
f 18293 18292 18291
f 18359 18360 18294
f 18360 18295 18294
f 18360 18361 18295
f 18361 18296 18295
f 18361 18362 18296
f 18362 18297 18296
f 18362 18363 18297
f 18363 18364 18297
f 18364 18301 18297
f 18301 18298 18297
f 18301 18300 18298
f 18300 18299 18298
f 18364 18365 18301
f 18365 18366 18301
f 18366 18302 18301
f 18366 18303 18302
f 18366 18367 18303
f 18367 18304 18303
f 18367 18368 18304
f 18415 18359 18358
f 18415 18360 18359
f 18418 18419 18362
f 18419 18363 18362
f 18419 18420 18363
f 18420 18366 18363
f 18366 18365 18363
f 18365 18364 18363
f 18420 18367 18366
f 18420 18368 18367
f 18124 18123 18125
f 18122 18109 18123
f 18109 18108 18123
f 18108 18107 18123
f 18122 18110 18109
f 18122 18111 18110
f 18122 18118 18111
f 18118 18112 18111
f 18118 18117 18112
f 18117 18113 18112
f 18122 18119 18118
f 18122 18120 18119
f 17563 17562 17561
f 17389 18503 17390
f 17389 18504 18503
f 14945 18516 14946
f 18516 14975 14946
f 14975 14973 14946
f 14221 18517 14223
f 14221 18518 18517
f 14221 14220 18518
f 14220 14218 18518
f 14218 14217 18518
f 14204 13795 13794
f 14204 14201 13795
f 14201 13797 13795
f 13797 13796 13795
f 14201 13798 13797
f 14204 14202 14201
f 14147 14146 14149
f 13810 13809 13811
f 13381 18519 13383
f 18519 13379 13383
f 18519 13381 13379
f 12567 12966 12568
f 11648 11647 11646
f 10581 10580 10579
f 9358 9352 9351
f 9357 9353 9352
f 9357 9356 9353
f 9340 18527 9341
f 9340 9337 18527
f 9337 18528 18527
f 18528 18529 18527
f 18528 18530 18529
f 18530 18531 18529
f 18530 9308 18531
f 9308 18532 18531
f 18532 18531 9310
f 9310 9309 18532
f 9308 9307 18532
f 9307 9306 18532
f 18530 9309 9308
f 9337 18533 18528
f 18533 9334 18528
f 18533 9335 9334
f 18533 9337 9335
f 9331 9330 9334
f 9333 9332 9331
f 9329 9330 18534
f 9328 9314 9329
f 9314 9313 9329
f 9313 18535 9329
f 9313 9312 18535
f 9312 9330 18535
f 9328 9315 9314
f 9316 18536 9327
f 18536 18537 9327
f 18537 8054 9327
f 18536 18538 18537
f 18536 9315 18538
f 18536 9316 9315
f 9298 9297 9299
f 9297 18539 9299
f 9297 9296 18539
f 9296 18540 18539
f 9296 9295 18540
f 9295 9294 18540
f 8124 8116 8115
f 8124 8118 8116
f 8118 8117 8116
f 8121 8119 8118
f 8121 8120 8119
f 8105 18595 8106
f 8105 18596 18595
f 8105 18597 18596
f 18597 18598 18596
f 18598 10038 18596
f 10038 18599 18596
f 18599 18600 18596
f 18597 9390 18598
f 8105 8102 18597
f 8102 18601 18597
f 8068 10007 8069
f 8065 8063 8066
f 8062 8060 8063
f 8060 8059 8063
f 8062 8061 8060
f 8024 18602 8026
f 18602 8014 8026
f 18602 8015 8014
f 18602 8016 8015
f 18602 8017 8016
f 18602 8024 8017
f 8019 8018 8017
f 8001 8000 8002
f 7974 7973 7975
f 7973 18603 7975
f 7973 7957 18603
f 7957 7955 18603
f 7957 7956 7955
f 7973 7972 7957
f 7972 7958 7957
f 7972 7959 7958
f 7972 7963 7959
f 7963 7960 7959
f 7963 7961 7960
f 7972 7964 7963
f 7065 18606 7074
f 18606 7064 7074
f 7064 7063 7074
f 18606 7065 7064
f 7060 18607 7061
f 18607 18608 7061
f 18607 7058 18608
f 18607 7060 7058
f 7060 7059 7058
f 7050 7000 6999
f 7047 7003 7001
f 7011 7004 7003
f 7046 18609 7011
f 18609 7012 7011
f 18609 7013 7012
f 18609 18610 7013
f 18610 7018 7013
f 18610 18611 7018
f 18611 18612 7018
f 18611 7035 18612
f 7035 7034 18612
f 7034 18613 18612
f 18613 18614 18612
f 18614 18615 18612
f 18614 7032 18615
f 18614 7034 7032
f 7034 7033 7032
f 18614 18613 7034
f 18611 7036 7035
f 18611 7044 7036
f 7044 7043 7036
f 18611 18610 7044
f 18610 18609 7044
f 18609 7046 7044
f 7031 7030 7032
f 7026 18616 7030
f 18616 18617 7030
f 18616 7021 18617
f 18616 7024 7021
f 18616 7026 7024
f 7018 18618 7019
f 18618 18619 7019
f 18619 7028 7019
f 7028 7021 7019
f 18619 7030 7028
f 18619 18620 7030
f 18620 18615 7030
f 18620 18619 18615
f 18618 18621 18619
f 5908 5907 5904
f 5907 5905 5904
f 4899 4888 4887
f 4899 18623 4888
f 18623 4897 4888
f 4897 4896 4888
f 4896 4889 4888
f 18623 3890 4897
f 18623 4899 3890
f 4899 4898 3890
f 4817 4814 4813
f 4776 5895 4777
f 4774 4771 4775
f 4771 4769 4775
f 4771 4770 4769
f 4774 4773 4771
f 4773 4772 4771
f 4766 18624 4767
f 4766 4765 18624
f 3950 3949 3951
f 3931 3930 3929
f 3905 3904 3906
f 3867 3866 3872
f 3866 3865 3872
f 3858 3856 3865
f 3856 18625 3865
f 3856 3855 18625
f 3855 3854 18625
f 3787 3770 3769
f 3787 3771 3770
f 3787 3786 3771
f 3786 3772 3771
f 3786 3784 3772
f 3784 18626 3772
f 18626 3773 3772
f 18626 3774 3773
f 18626 3780 3774
f 3780 3779 3774
f 3779 3775 3774
f 18626 3784 3780
f 3784 3781 3780
f 3784 3782 3781
f 3742 18627 2549
f 18627 2551 2549
f 2551 2550 2549
f 18627 18628 2551
f 3742 3741 18627
f 3740 5937 3741
f 2796 2791 2790
f 2798 2797 2796
f 2763 2762 2764
f 2762 18649 2764
f 18649 3922 2764
f 18649 18650 3922
f 18649 2759 18650
f 18649 2760 2759
f 18649 2762 2760
f 2696 3875 2697
f 3875 3868 2697
f 2650 2649 2652
f 2604 2589 2605
f 2589 2579 2605
f 2589 2585 2579
f 2585 2584 2579
f 2584 2580 2579
f 2584 2582 2580
f 2604 2603 2589
f 2603 2592 2589
f 2592 2590 2589
f 2602 2601 2600
f 2598 2594 2593
f 2517 2459 2458
f 2515 2462 2459
f 2462 2460 2459
f 2436 2435 2439
f 2435 18651 2439
f 18651 2439 18652
f 2435 2434 18651
f 1370 1363 1379
f 1363 1362 1379
f 1326 1347 1328
f 1326 18658 1347
f 1326 1325 18658
f 18754 18755 18756
f 18755 18757 18756
f 18755 18758 18757
f 18758 18759 18757
f 18759 18760 18757
f 18759 18761 18760
f 18761 18762 18760
f 18759 18758 18761
f 18756 1445 18754
f 18787 18788 18789
f 18788 18790 18789
f 18787 18791 18788
f 18792 18793 18794
f 18794 18795 18792
f 18795 18796 18792
f 18796 18797 18792
f 18796 18797 18798
f 18797 18799 18798
f 18794 18800 18795
f 18800 18795 18801
f 18793 18802 18794
f 18802 18803 18794
f 18803 18804 18794
f 18804 18805 18794
f 18804 18806 18805
f 18804 18807 18806
f 18802 18808 18803
f 18808 18809 18803
f 18808 18810 18809
f 18810 18811 18809
f 18811 18812 18809
f 18812 18813 18809
f 18812 18814 18813
f 18814 18815 18813
f 18815 18816 18813
f 18816 18817 18813
f 18816 18818 18817
f 18818 18819 18817
f 18819 18820 18817
f 18820 18821 18817
f 18821 18822 18817
f 18816 18815 18818
f 18812 18823 18814
f 18823 18824 18814
f 18824 18825 18814
f 18824 18823 18825
f 18823 18826 18825
f 18826 18827 18825
f 18827 18828 18825
f 18823 18829 18826
f 18829 18830 18826
f 18829 18811 18830
f 18811 18831 18830
f 18829 18812 18811
f 18829 18823 18812
f 18808 18832 18810
f 18832 18833 18810
f 18832 18834 18833
f 18808 18793 18832
f 18808 18802 18793
f 18835 18836 18837
f 18838 18839 18840
f 18838 18841 18839
f 18841 18842 18839
f 18842 18843 18839
f 18842 18844 18843
f 18842 18845 18844
f 18842 18846 18845
f 18846 18847 18845
f 18846 18848 18847
f 18846 18849 18848
f 18846 18841 18849
f 18841 18838 18849
f 18846 18842 18841
f 18850 18851 18852
f 18850 18504 18851
f 18504 18853 18851
f 18853 18852 18851
f 18853 18854 18852
f 18853 18855 18854
f 18504 17564 18853
f 18852 18856 18850
f 18856 18503 18850
f 18857 18858 18859
f 18860 18861 18862
f 18863 18864 18865
f 18866 18867 18868
f 18868 13740 18866
f 18869 18870 18871
f 18869 18864 18870
f 18870 18872 18871
f 18872 18873 18871
f 18872 18874 18873
f 18874 18875 18873
f 18875 18876 18873
f 18875 18877 18876
f 18877 18878 18876
f 18875 18874 18877
f 18874 18879 18877
f 18874 18872 18879
f 18872 18870 18879
f 18880 18881 18882
f 18882 18883 18880
f 18884 18885 18886
f 18885 18887 18886
f 18886 18888 18884
f 18888 18881 18884
f 18889 18890 18891
f 18889 18892 18890
f 18892 18893 18890
f 18894 18895 18896
f 18896 18897 18894
f 18896 18898 18897
f 18898 18899 18897
f 18898 18900 18899
f 18898 18901 18900
f 18898 18896 18901
f 18902 18903 18904
f 18903 18905 18904
f 18905 18901 18904
f 18905 18906 18901
f 18905 18907 18906
f 18907 18908 18906
f 18908 18909 18906
f 18908 18910 18909
f 18910 18911 18909
f 18910 18912 18911
f 18910 18913 18912
f 18913 18914 18912
f 18914 18915 18912
f 18914 18916 18915
f 18916 18917 18915
f 18916 18918 18917
f 18918 18919 18917
f 18918 18920 18919
f 18920 18921 18919
f 18921 18922 18919
f 18921 18923 18922
f 18921 18924 18923
f 18921 18920 18924
f 18920 18925 18924
f 18925 18926 18924
f 18925 18927 18926
f 18920 18928 18925
f 18920 18916 18928
f 18916 18929 18928
f 18916 18914 18929
f 18914 18913 18929
f 18920 18918 18916
f 18910 18908 18913
f 18907 18930 18908
f 18905 18931 18907
f 18905 18903 18931
f 18932 18933 18934
f 18933 18935 18934
f 18932 18936 18933
f 18937 18938 18939
f 18940 18941 18942
f 18941 18943 18942
f 18941 18944 18943
f 18944 18945 18943
f 18945 18946 18943
f 18947 18948 18949
f 18948 18950 18949
f 18948 18951 18950
f 18951 18952 18950
f 18951 18953 18952
f 18953 18954 18952
f 18954 18955 18952
f 18948 18956 18951
f 18948 18957 18956
f 18948 18947 18957
f 18958 18959 18960
f 18961 18962 18963
f 18961 18964 18962
f 18964 18965 18962
f 18965 18966 18962
f 18966 18967 18962
f 18966 18968 18967
f 18968 18969 18967
f 18968 18970 18969
f 18970 18971 18969
f 18971 18972 18969
f 18972 18973 18969
f 18972 18974 18973
f 18972 18975 18974
f 18972 18976 18975
f 18976 18977 18975
f 18977 18927 18975
f 18976 18978 18977
f 18978 18979 18977
f 18978 18980 18979
f 18980 18981 18979
f 18980 18982 18981
f 18982 18983 18981
f 18983 18984 18981
f 18982 18985 18983
f 18985 18986 18983
f 18986 18987 18983
f 18986 18988 18987
f 18988 18989 18987
f 18989 18990 18987
f 18990 18991 18987
f 18988 18992 18989
f 18988 18993 18992
f 18993 18994 18992
f 18994 18995 18992
f 18994 18996 18995
f 18996 18997 18995
f 18997 18998 18995
f 18997 18999 18998
f 18999 19000 18998
f 18997 19001 18999
f 18997 19002 19001
f 19002 19003 19001
f 19003 19004 19001
f 19004 19005 19001
f 19004 19006 19005
f 19006 19007 19005
f 19007 19008 19005
f 19007 19009 19008
f 19009 19010 19008
f 19010 19011 19008
f 19010 19012 19011
f 19012 19013 19011
f 19013 19014 19011
f 19013 19015 19014
f 19015 19016 19014
f 19015 19017 19016
f 19017 19018 19016
f 19018 19019 19016
f 19018 19020 19019
f 19020 19021 19019
f 19020 19022 19021
f 19022 19023 19021
f 19023 19024 19021
f 19023 19025 19024
f 19025 19026 19024
f 19023 19022 19025
f 19022 19027 19025
f 19022 19028 19027
f 19015 19029 19017
f 19029 19030 19017
f 19030 19031 19017
f 19030 19032 19031
f 19030 19029 19032
f 19029 19033 19032
f 19033 19034 19032
f 19033 19035 19034
f 19035 19036 19034
f 19035 19037 19036
f 19037 19038 19036
f 19037 19039 19038
f 19039 19040 19038
f 19039 19041 19040
f 19041 19042 19040
f 19041 19043 19042
f 19043 19044 19042
f 19044 19045 19042
f 19045 19046 19042
f 19045 19047 19046
f 19047 19048 19046
f 19047 19049 19048
f 19049 19050 19048
f 19049 19051 19050
f 19051 19052 19050
f 19052 19053 19050
f 19053 19046 19050
f 19053 19054 19046
f 19053 19055 19054
f 19055 19056 19054
f 19055 19057 19056
f 19057 19058 19056
f 19057 19059 19058
f 19059 19060 19058
f 19059 19057 19060
f 19055 19052 19057
f 19052 19061 19057
f 19061 19062 19057
f 19061 19063 19062
f 19063 19064 19062
f 19064 19065 19062
f 19065 19060 19062
f 19065 19066 19060
f 19066 19067 19060
f 19067 19068 19060
f 19067 19069 19068
f 19069 19070 19068
f 19069 19071 19070
f 19069 19072 19071
f 19072 19073 19071
f 19073 19074 19071
f 19073 19075 19074
f 19075 19076 19074
f 19076 19077 19074
f 19076 19078 19077
f 19076 19075 19078
f 19069 19079 19072
f 19069 19067 19079
f 19066 19080 19067
f 19080 19081 19067
f 19080 19082 19081
f 19082 19079 19081
f 19066 19083 19080
f 19066 19065 19083
f 19063 19084 19064
f 19084 19085 19064
f 19085 19086 19064
f 19086 19083 19064
f 19084 19087 19085
f 19087 19088 19085
f 19088 19089 19085
f 19087 19090 19088
f 19090 19091 19088
f 19087 19084 19090
f 19084 19092 19090
f 19092 19051 19090
f 19092 19052 19051
f 19092 19061 19052
f 19092 19063 19061
f 19092 19084 19063
f 19055 19053 19052
f 19044 19093 19045
f 19044 19043 19093
f 19043 19094 19093
f 19043 19095 19094
f 19095 19096 19094
f 19096 19097 19094
f 19096 19098 19097
f 19098 19099 19097
f 19098 19100 19099
f 19100 19101 19099
f 19100 19102 19101
f 19102 19103 19101
f 19102 19104 19103
f 19104 19105 19103
f 19104 19106 19105
f 19106 19107 19105
f 19106 19108 19107
f 19108 19109 19107
f 19109 19110 19107
f 19110 19111 19107
f 19110 19112 19111
f 19110 19113 19112
f 19113 19114 19112
f 19113 19115 19114
f 19115 19116 19114
f 19115 19117 19116
f 19117 19118 19116
f 19117 19119 19118
f 19119 19120 19118
f 19119 19121 19120
f 19117 19122 19119
f 19122 19123 19119
f 19122 19124 19123
f 19122 19125 19124
f 19125 19126 19124
f 19125 19127 19126
f 19125 19128 19127
f 19128 19129 19127
f 19128 19130 19129
f 19130 19131 19129
f 19131 19132 19129
f 19131 19133 19132
f 19131 19134 19133
f 19134 19135 19133
f 19135 19136 19133
f 19135 19137 19136
f 19137 19138 19136
f 19137 19139 19138
f 19139 19140 19138
f 19140 19141 19138
f 19140 19142 19141
f 19142 19143 19141
f 19143 19144 19141
f 19143 19145 19144
f 19145 19146 19144
f 19146 19147 19144
f 19146 19148 19147
f 19146 19149 19148
f 19149 19150 19148
f 19150 19151 19148
f 19151 19152 19148
f 19151 19153 19152
f 19151 19154 19153
f 19154 19155 19153
f 19155 19156 19153
f 19156 19157 19153
f 19156 19158 19157
f 19158 19159 19157
f 19159 19160 19157
f 19160 19152 19157
f 19160 19161 19152
f 19160 19162 19161
f 19162 19163 19161
f 19163 19147 19161
f 19163 19164 19147
f 19160 19165 19162
f 19160 19159 19165
f 19156 19166 19158
f 19166 19167 19158
f 19166 19168 19167
f 19168 19169 19167
f 19168 19170 19169
f 19170 19171 19169
f 19170 19172 19171
f 19172 19173 19171
f 19170 19174 19172
f 19170 19168 19174
f 19168 19166 19174
f 19166 19175 19174
f 19166 19176 19175
f 19176 19177 19175
f 19177 19178 19175
f 19178 19179 19175
f 19179 19180 19175
f 19178 19181 19179
f 19178 19182 19181
f 19182 19183 19181
f 19183 19184 19181
f 19183 19185 19184
f 19185 19186 19184
f 19186 19187 19184
f 19186 19188 19187
f 19188 19189 19187
f 19189 19190 19187
f 19189 19191 19190
f 19191 19192 19190
f 19192 19180 19190
f 19189 19193 19191
f 19189 19194 19193
f 19194 19195 19193
f 19189 19188 19194
f 19185 19196 19186
f 19183 19197 19185
f 19183 19198 19197
f 19198 19199 19197
f 19198 19200 19199
f 19198 19201 19200
f 19201 19202 19200
f 19202 19203 19200
f 19202 19204 19203
f 19204 19205 19203
f 19204 19206 19205
f 19206 19207 19205
f 19206 19208 19207
f 19208 19209 19207
f 19208 19210 19209
f 19210 19211 19209
f 19210 19212 19211
f 19212 19213 19211
f 19212 19214 19213
f 19214 19215 19213
f 19215 19216 19213
f 19215 19217 19216
f 19217 19218 19216
f 19217 19219 19218
f 19219 19220 19218
f 19219 19221 19220
f 19221 19222 19220
f 19222 19223 19220
f 19222 19224 19223
f 19221 19225 19222
f 19221 19226 19225
f 19226 19227 19225
f 19227 19228 19225
f 19226 19229 19227
f 19229 19230 19227
f 19229 19231 19230
f 19231 19232 19230
f 19232 19233 19230
f 19233 19234 19230
f 19233 19235 19234
f 19235 19236 19234
f 19236 19237 19234
f 19237 19238 19234
f 19237 19149 19238
f 19149 19239 19238
f 19149 19145 19239
f 19145 19240 19239
f 19240 19241 19239
f 19241 19242 19239
f 19241 19243 19242
f 19241 19244 19243
f 19244 19245 19243
f 19244 19246 19245
f 19246 19247 19245
f 19246 19248 19247
f 19246 19249 19248
f 19249 19250 19248
f 19249 19251 19250
f 19251 19252 19250
f 19252 19253 19250
f 19252 19254 19253
f 19252 19255 19254
f 19252 19256 19255
f 19256 19257 19255
f 19256 19258 19257
f 19258 19259 19257
f 19258 19260 19259
f 19260 19261 19259
f 19260 19262 19261
f 19262 18966 19261
f 18966 18965 19261
f 19262 18968 18966
f 19262 19263 18968
f 19263 18970 18968
f 19263 19264 18970
f 19264 19265 18970
f 19265 18971 18970
f 19265 18980 18971
f 18980 18978 18971
f 18978 18976 18971
f 18976 18972 18971
f 19265 19266 18980
f 19266 18982 18980
f 19266 19267 18982
f 19267 18985 18982
f 19267 19268 18985
f 19268 19269 18985
f 19269 18986 18985
f 19269 19270 18986
f 19270 18988 18986
f 19270 19271 18988
f 19271 18993 18988
f 19271 18994 18993
f 19271 19272 18994
f 19272 19273 18994
f 19273 18996 18994
f 19273 19274 18996
f 19274 19275 18996
f 19275 18997 18996
f 19275 19002 18997
f 19275 19276 19002
f 19276 19003 19002
f 19276 19139 19003
f 19276 19140 19139
f 19276 19142 19140
f 19276 19277 19142
f 19277 19278 19142
f 19278 19143 19142
f 19277 19279 19278
f 19279 19280 19278
f 19280 19281 19278
f 19280 19282 19281
f 19282 19244 19281
f 19282 19283 19244
f 19283 19246 19244
f 19283 19284 19246
f 19284 19249 19246
f 19284 19285 19249
f 19285 19251 19249
f 19285 19286 19251
f 19286 19287 19251
f 19287 19252 19251
f 19287 19256 19252
f 19287 19258 19256
f 19287 19288 19258
f 19288 19260 19258
f 19288 19289 19260
f 19289 19262 19260
f 19289 19263 19262
f 19289 19264 19263
f 19289 19290 19264
f 19290 19266 19264
f 19266 19265 19264
f 19290 19291 19266
f 19291 19267 19266
f 19291 19286 19267
f 19286 19268 19267
f 19286 19285 19268
f 19285 19292 19268
f 19292 19269 19268
f 19292 19293 19269
f 19293 19270 19269
f 19293 19271 19270
f 19293 19294 19271
f 19294 19272 19271
f 19294 19295 19272
f 19295 19273 19272
f 19295 19280 19273
f 19280 19274 19273
f 19280 19279 19274
f 19279 19275 19274
f 19279 19277 19275
f 19277 19276 19275
f 19295 19282 19280
f 19295 19296 19282
f 19296 19283 19282
f 19296 19297 19283
f 19297 19284 19283
f 19297 19292 19284
f 19292 19285 19284
f 19297 19293 19292
f 19297 19294 19293
f 19297 19296 19294
f 19296 19295 19294
f 19291 19287 19286
f 19291 19288 19287
f 19291 19290 19288
f 19290 19289 19288
f 19145 19143 19240
f 19149 19146 19145
f 19237 19150 19149
f 19237 19151 19150
f 19237 19298 19151
f 19298 19154 19151
f 19298 19299 19154
f 19299 19300 19154
f 19300 19155 19154
f 19300 19301 19155
f 19301 19302 19155
f 19302 19176 19155
f 19176 19156 19155
f 19176 19166 19156
f 19302 19177 19176
f 19302 19303 19177
f 19303 19304 19177
f 19304 19178 19177
f 19304 19182 19178
f 19304 19201 19182
f 19201 19198 19182
f 19198 19183 19182
f 19304 19305 19201
f 19305 19306 19201
f 19306 19202 19201
f 19306 19204 19202
f 19306 19307 19204
f 19307 19206 19204
f 19307 19308 19206
f 19308 19208 19206
f 19308 19309 19208
f 19309 19210 19208
f 19309 19310 19210
f 19310 19212 19210
f 19310 19214 19212
f 19310 19232 19214
f 19232 19231 19214
f 19231 19215 19214
f 19231 19311 19215
f 19311 19217 19215
f 19311 19226 19217
f 19226 19219 19217
f 19226 19221 19219
f 19311 19229 19226
f 19311 19231 19229
f 19310 19312 19232
f 19312 19233 19232
f 19312 19235 19233
f 19312 19313 19235
f 19313 19314 19235
f 19314 19236 19235
f 19314 19299 19236
f 19299 19298 19236
f 19298 19237 19236
f 19314 19315 19299
f 19315 19300 19299
f 19315 19301 19300
f 19315 19316 19301
f 19316 19303 19301
f 19303 19302 19301
f 19316 19305 19303
f 19305 19304 19303
f 19316 19307 19305
f 19307 19306 19305
f 19316 19317 19307
f 19317 19308 19307
f 19317 19313 19308
f 19313 19309 19308
f 19313 19312 19309
f 19312 19310 19309
f 19317 19314 19313
f 19317 19315 19314
f 19317 19316 19315
f 19135 19004 19137
f 19135 19318 19004
f 19318 19006 19004
f 19318 19319 19006
f 19319 19320 19006
f 19320 19007 19006
f 19320 19321 19007
f 19321 19009 19007
f 19321 19322 19009
f 19322 19323 19009
f 19323 19010 19009
f 19323 19012 19010
f 19323 19324 19012
f 19324 19013 19012
f 19324 19325 19013
f 19325 19029 19013
f 19029 19015 19013
f 19325 19033 19029
f 19325 19037 19033
f 19037 19035 19033
f 19325 19039 19037
f 19325 19324 19039
f 19323 19326 19324
f 19323 19322 19326
f 19322 19327 19326
f 19322 19328 19327
f 19328 19329 19327
f 19328 19330 19329
f 19330 19331 19329
f 19331 19100 19329
f 19100 19098 19329
f 19331 19102 19100
f 19331 19332 19102
f 19332 19333 19102
f 19333 19104 19102
f 19333 19106 19104
f 19333 19108 19106
f 19333 19334 19108
f 19334 19335 19108
f 19335 19336 19108
f 19336 19337 19108
f 19337 19109 19108
f 19337 19110 19109
f 19337 19338 19110
f 19338 19113 19110
f 19338 19339 19113
f 19339 19115 19113
f 19339 19117 19115
f 19339 19122 19117
f 19339 19125 19122
f 19337 19336 19338
f 19334 19340 19335
f 19334 19341 19340
f 19341 19342 19340
f 19342 19343 19340
f 19343 19344 19340
f 19344 19345 19340
f 19344 19318 19345
f 19318 19135 19345
f 19135 19134 19345
f 19134 19130 19345
f 19134 19131 19130
f 19344 19319 19318
f 19344 19343 19319
f 19343 19346 19319
f 19346 19321 19319
f 19321 19320 19319
f 19346 19342 19321
f 19342 19330 19321
f 19330 19328 19321
f 19328 19322 19321
f 19342 19331 19330
f 19342 19341 19331
f 19341 19332 19331
f 19341 19334 19332
f 19334 19333 19332
f 19346 19343 19342
f 19125 19347 19128
f 19043 19041 19095
f 19348 19349 19350
f 19350 9327 19348
f 19351 19352 19353
f 19353 19354 19351
f 19353 19355 19354
f 19355 19356 19354
f 19356 19357 19354
f 19353 19352 19355
f 19358 19359 19360
f 19359 19361 19360
f 19359 19362 19361
f 19362 19363 19361
f 19362 19364 19363
f 19364 19363 19365
f 19363 19366 19365
f 19359 19366 19362
f 19367 19368 19369
f 19370 19371 19372
f 19371 19373 19372
f 19374 19375 19376
f 19374 19369 19375
f 19374 19377 19369
f 19376 19378 19374
f 19376 19379 19378
f 19376 19380 19379
f 19380 19077 19379
f 19381 19382 19383
f 19383 19196 19381
f 19196 19384 19381
f 19382 19385 19383
f 19382 19386 19385
f 19386 19387 19385
f 19387 19388 19385
f 19386 19389 19387
f 19399 19400 19401
f 19402 19403 19404
f 19404 19405 19402
f 975 977 973
f 980 1015 977
f 980 1005 1015
f 1005 1008 1015
f 980 1003 1005
f 980 1001 1003
f 980 981 1001
f 985 998 983
f 998 999 983
f 985 995 998
f 1100 2441 1098
f 2441 2587 1098
f 2441 2447 2587
f 2441 2445 2447
f 1100 1078 2441
f 1097 1088 1100
f 1138 1169 1139
f 1203 1206 1202
f 1216 19086 1213
f 1215 19080 1216
f 19080 19083 1216
f 1231 2705 1234
f 1235 19364 1233
f 1238 19361 1235
f 19361 19363 1235
f 1238 19360 19361
f 1238 1241 19360
f 1248 19415 1246
f 1248 1253 19415
f 1253 19416 19415
f 19416 18942 19415
f 18942 18946 19415
f 19416 18940 18942
f 1272 1257 1270
f 1272 1254 1257
f 1271 1285 1272
f 1285 19416 1272
f 1287 19417 1281
f 1287 18878 19417
f 18878 19418 19417
f 19418 19419 19417
f 19419 19420 19417
f 19420 1283 19417
f 19419 18899 19420
f 18899 19421 19420
f 19421 19422 19420
f 19421 19423 19422
f 19423 18947 19422
f 18947 19424 19422
f 18947 18949 19424
f 18949 18941 19424
f 18941 18940 19424
f 18949 18950 18941
f 18950 18944 18941
f 18950 18952 18944
f 18952 18955 18944
f 18955 19425 18944
f 18955 18954 19425
f 18954 19367 19425
f 19367 19377 19425
f 19377 19358 19425
f 19358 18945 19425
f 19377 19362 19358
f 19377 19378 19362
f 19378 19364 19362
f 19378 19426 19364
f 19426 1227 19364
f 1227 1231 19364
f 19378 19380 19426
f 18954 18953 19367
f 18953 19427 19367
f 19427 19368 19367
f 19427 19428 19368
f 19428 19370 19368
f 19370 19372 19368
f 19372 19375 19368
f 19372 19429 19375
f 19429 19380 19375
f 19429 19074 19380
f 19429 19430 19074
f 19430 19070 19074
f 19430 19431 19070
f 19431 19432 19070
f 19431 19034 19432
f 19034 19036 19432
f 19036 19058 19432
f 19058 19068 19432
f 19036 19056 19058
f 19036 19038 19056
f 19431 19032 19034
f 19431 19031 19032
f 19431 19433 19031
f 19433 19017 19031
f 19433 19434 19017
f 19434 19020 19017
f 19020 19018 19017
f 19433 19430 19434
f 19430 19373 19434
f 19373 19028 19434
f 19028 19022 19434
f 19373 19027 19028
f 19373 19025 19027
f 19373 19026 19025
f 19373 19435 19026
f 19435 18991 19026
f 18991 19024 19026
f 18991 18990 19024
f 18990 19021 19024
f 18990 19019 19021
f 18990 18989 19019
f 18989 18992 19019
f 18992 18995 19019
f 19435 19436 18991
f 19436 18984 18991
f 18984 18983 18991
f 18983 18987 18991
f 19436 18981 18984
f 19436 18979 18981
f 19436 18977 18979
f 19436 18927 18977
f 19436 18926 18927
f 19436 19435 18926
f 19435 18923 18926
f 18923 18924 18926
f 19435 19371 18923
f 19371 19370 18923
f 19370 18922 18923
f 19370 19428 18922
f 19428 19427 18922
f 19435 19373 19371
f 19430 19429 19373
f 19429 19372 19373
f 19433 19431 19430
f 18953 18919 19427
f 18953 18956 18919
f 18956 18917 18919
f 18956 18935 18917
f 18935 18912 18917
f 18935 18933 18912
f 18933 18936 18912
f 18936 18911 18912
f 18936 18909 18911
f 18936 18901 18909
f 18936 18900 18901
f 18936 18932 18900
f 18932 18899 18900
f 18932 18934 18899
f 18934 19421 18899
f 18934 19423 19421
f 18934 18935 19423
f 18935 18947 19423
f 18935 18957 18947
f 18935 18956 18957
f 18953 18951 18956
f 19419 18897 18899
f 19419 18887 18897
f 18887 18894 18897
f 19419 18886 18887
f 19419 18888 18886
f 19419 19418 18888
f 19418 18881 18888
f 19418 18882 18881
f 19418 18878 18882
f 18878 18883 18882
f 18878 18877 18883
f 18877 19437 18883
f 19437 18880 18883
f 1287 18876 18878
f 1287 1292 18876
f 1287 1288 1292
f 1294 18873 1292
f 18873 18877 1292
f 1317 1323 1315
f 1323 1343 1315
f 1357 18865 1354
f 1355 1360 1356
f 1339 1366 1360
f 1339 1361 1366
f 1377 1371 1389
f 1401 1404 1398
f 1409 1412 1407
f 1420 19438 1418
f 1420 18762 19438
f 1420 1421 18762
f 1421 1424 18762
f 1425 18760 1424
f 1425 1429 18760
f 1435 1438 1432
f 1438 18756 1432
f 1448 1451 1446
f 1479 1483 1480
f 2446 2456 2447
f 2477 2500 2478
f 2477 2559 2500
f 2477 3755 2559
f 3755 3754 2559
f 3754 3753 2559
f 2504 2471 2478
f 2736 2748 2735
f 2748 1273 2735
f 2748 2758 1273
f 2761 1303 2742
f 2800 2805 1390
f 3659 3674 3656
f 3659 3664 3674
f 3752 3755 3748
f 3755 2482 3748
f 2482 2547 3748
f 2482 2534 2547
f 3806 3805 3807
f 3805 3818 3807
f 3817 3821 3818
f 3824 3851 3821
f 3836 3824 3833
f 3871 3849 3887
f 3888 2696 3871
f 3923 2766 3922
f 3932 2766 3928
f 3990 3993 3988
f 3993 3982 3988
f 3698 2423 3696
f 3745 2535 2539
f 4984 4013 4981
f 5911 4792 5910
f 6977 18618 6975
f 6977 6985 18618
f 6985 18621 18618
f 6987 3802 6986
f 7027 6974 7028
f 7160 8126 7159
f 7160 8125 8126
f 6915 5883 7963
f 5883 9265 7963
f 9265 7966 7963
f 7966 6920 7963
f 5883 6895 9265
f 6895 6899 9265
f 9339 8069 9338
f 9339 9350 8069
f 9955 18891 9954
f 10029 9389 9388
f 10599 10611 10024
f 10611 10028 10024
f 10624 10626 10041
f 13715 13721 13319
f 13721 13321 13319
f 13765 13755 13761
f 13766 13769 13765
f 13820 13386 13384
f 14205 14219 14203
f 14219 14224 14203
f 14219 14222 14224
f 14205 14207 14219
f 14207 14216 14219
f 14234 14224 14231
f 14234 14196 14224
f 14571 18518 14573
f 14578 14580 14568
f 16972 17009 16780
f 16972 16976 17009
f 16976 16978 17009
f 16978 17003 17009
f 17003 17005 17009
f 16978 16998 17003
f 16998 17000 17003
f 16972 16973 16976
f 16979 16982 16978
f 16982 16986 16978
f 16986 16989 16978
f 16992 16998 16989
f 16992 16994 16998
f 17571 17391 17566
f 17391 17389 17566
f 18214 18107 18106
f 18214 18123 18107
f 18214 18223 18123
f 18223 18011 18123
f 18518 14570 18517
f 14570 14580 18517
f 18527 9300 9341
f 9300 19444 9341
f 19444 19445 9341
f 19444 18893 19445
f 19444 9953 18893
f 9953 18891 18893
f 18539 19444 9299
f 18540 9953 18539
f 9953 9302 18539
f 9953 9992 9302
f 18540 9294 9953
f 18621 5977 18619
f 4912 6017 4913
f 4912 4911 6017
f 4881 7057 4882
f 4881 9324 7057
f 4769 4779 4775
f 18848 18827 18847
f 18861 19437 18862
f 19437 18879 18862
f 18879 18863 18862
f 18863 18860 18862
f 18863 18865 18860
f 18864 1296 18865
f 1296 1351 18865
f 1296 1302 1351
f 18880 18884 18881
f 18896 18904 18901
f 18896 18895 18904
f 18895 18902 18904
f 18925 18975 18927
f 18925 18960 18975
f 18960 18974 18975
f 18960 18973 18974
f 18960 18959 18973
f 18959 19447 18973
f 19447 18967 18973
f 18967 18969 18973
f 19447 18962 18967
f 19447 18963 18962
f 19447 19448 18963
f 19448 18961 18963
f 19448 19449 18961
f 19448 19450 19449
f 19448 18958 19450
f 18958 18930 19450
f 18930 18907 19450
f 18907 18931 19450
f 18958 18913 18930
f 18913 18908 18930
f 18958 18929 18913
f 18958 18960 18929
f 18960 18928 18929
f 18960 18925 18928
f 19448 18959 18958
f 19448 19447 18959
f 19000 19016 18998
f 19016 19019 18998
f 19000 19014 19016
f 19000 19008 19014
f 19008 19011 19014
f 19000 18999 19008
f 18999 19005 19008
f 19042 19054 19040
f 19042 19046 19054
f 19075 1215 19078
f 1215 1222 19078
f 1222 1226 19078
f 1226 19426 19078
f 19119 19123 19121
f 19123 19451 19121
f 19123 19399 19451
f 19399 19401 19451
f 19401 19173 19451
f 19401 19400 19173
f 19123 19124 19399
f 19124 19126 19399
f 19126 19165 19399
f 19165 19400 19399
f 19165 19159 19400
f 19159 19158 19400
f 19158 19169 19400
f 19126 19162 19165
f 19126 19129 19162
f 19136 19141 19133
f 19141 19147 19133
f 19147 19164 19133
f 19141 19144 19147
f 19148 19161 19147
f 19148 19152 19161
f 19153 19157 19152
f 19163 19129 19164
f 19174 19192 19172
f 19174 19180 19192
f 19179 19181 19180
f 19187 19180 19184
f 19194 19388 19195
f 19388 19405 19195
f 19388 19402 19405
f 19186 19388 19188
f 19186 19382 19388
f 19186 19196 19382
f 19185 19197 19196
f 19197 19384 19196
f 19207 19209 19205
f 19224 19253 19223
f 19253 19254 19223
f 19224 19248 19253
f 19248 19250 19253
f 19224 19247 19248
f 19224 19222 19247
f 19222 19225 19247
f 19225 19228 19247
f 19228 19245 19247
f 19228 19243 19245
f 19228 19242 19243
f 19228 19230 19242
f 19230 19238 19242
f 19238 19239 19242
f 19230 19234 19238
f 19228 19227 19230
f 19244 19241 19281
f 19241 19143 19281
f 19324 19041 19039
f 19327 19041 19326
f 19339 19336 19125
f 19339 19338 19336
f 19335 19340 19336
f 19340 19345 19336
f 19345 19347 19336
f 19096 19041 19098
f 19402 19452 19403
f 19452 19453 19403
f 19402 19387 19452
f 1043 1036 1040
f 1051 1053 1048
f 19380 19078 19426
f 19378 19375 19380
f 19367 19375 19377
f 1405 1397 1404
f 1412 1414 1407
f 18762 18758 19438
f 1446 18755 1444
f 1451 18754 1446
f 1456 1459 1453
f 1480 1472 1476
f 3753 5951 2559
f 2753 1292 2758
f 2753 1296 1292
f 1296 18863 1292
f 2753 1302 1296
f 3788 5977 3785
f 3813 2696 3812
f 3813 3807 2696
f 3807 3871 2696
f 3807 3821 3871
f 3821 3851 3871
f 3940 4927 3933
f 4803 5911 4799
f 4937 8089 4952
f 4937 7107 8089
f 7107 19454 8089
f 7107 9362 19454
f 9362 18889 19454
f 18889 9970 19454
f 18889 18891 9970
f 18891 9967 9970
f 18891 9957 9967
f 9362 19445 18889
f 3802 18621 6986
f 6993 9324 6982
f 9324 4881 6982
f 4881 4875 6982
f 18891 9294 9954
f 2467 5910 2468
f 5910 4803 2468
f 4803 2473 2468
f 18890 19445 18891
f 19445 18539 18891
f 19192 19191 19172
f 19181 19190 19180
f 19197 19200 19384
f 19259 19261 19257
