# Created by Open3D 
# object name: tile_0
# number of vertices: 19454
# number of triangles: 7215
v 0 55.7349 32.4843
v 0.797199 55.7475 32.4529
v 0.395461 55.4336 32.2269
v 0.891357 55.2578 32.2207
v 0.615162 55.0444 32.296
v 1.08595 54.8875 32.3337
v 1.18011 54.3979 32.001
v 1.34331 55.0884 32.2772
v 1.7325 54.2786 31.8691
v 1.43747 54.0463 31.9256
v 1.82038 53.7827 31.5867
v 1.56929 53.5818 31.6997
v 2.10285 53.5002 31.4988
v 2.18445 54.0652 31.6997
v 2.44809 53.7702 31.5992
v 2.59247 53.3119 31.4235
v 2.23467 53.0294 31.2603
v 2.82472 52.9227 31.2791
v 2.46065 52.6403 31.1473
v 3.00676 52.5147 31.1284
v 3.4085 52.8286 31.2603
v 3.5466 52.452 31.1787
v 3.19507 52.1758 31.028
v 3.59681 51.9058 31.0154
v 3.22018 51.6108 30.8585
v 3.87301 51.5669 30.8334
v 3.49638 51.2718 30.6639
v 3.95461 51.0898 30.6388
v 4.30613 51.366 30.7455
v 4.30613 50.8638 30.5384
v 4.65765 51.1337 30.62
v 4.6451 50.5625 30.3563
v 4.33124 50.3177 30.281
v 4.72042 50.0541 30.099
v 5.09705 50.3428 30.1994
v 5.28537 49.9411 29.9672
v 4.9464 49.6774 29.8793
v 5.28537 49.4829 29.7851
v 5.63689 49.759 29.8981
v 5.87542 49.4264 29.6972
v 5.53018 49.1627 29.6408
v 5.93192 48.9618 29.3646
v 5.62434 48.7233 29.3583
v 5.95075 48.4848 29.2704
v 6.28971 48.7484 29.3081
v 6.42781 48.353 29.1825
v 6.10768 48.1019 29.0821
v 6.68518 47.9198 28.9754
v 6.36504 47.6688 28.9189
v 6.96765 47.562 28.8059
v 6.60985 47.2858 28.7494
v 7.16852 47.1603 28.6866
v 6.83583 46.8967 28.6176
v 7.34428 46.7774 28.4606
v 7.65814 47.0285 28.4606
v 7.82762 46.6079 28.3163
v 7.53259 46.3694 28.2786
v 7.90294 46.1183 27.7639
v 7.57653 45.8672 27.7388
v 8.06615 45.6914 27.4563
v 7.70835 45.409 27.3873
v 8.15403 45.2646 27.2429
v 7.82134 45.0072 27.1675
v 8.32979 44.8629 27.0043
v 8.6562 45.114 27.0295
v 8.66876 44.6118 26.6779
v 8.29213 44.3168 26.5147
v 8.8759 44.2979 26.4708
v 8.52438 44.0217 26.3452
v 8.97006 43.9338 26.1255
v 9.014 43.4317 25.8996
v 9.29647 43.6514 25.8682
v 9.23998 43.1115 25.7991
v 9.58522 43.3752 25.8682
v 9.74215 42.9483 25.7112
v 9.44713 42.7224 25.7238
v 9.99324 42.5905 25.6422
v 10.3071 42.8353 25.6861
v 10.4766 42.3834 25.4727
v 10.1753 42.1449 25.4853
v 10.5958 41.9063 25.3346
v 10.9034 42.1449 25.3283
v 10.8407 41.5234 25.3221
v 11.1671 41.7808 25.3472
v 11.1733 41.2723 25.027
v 10.7779 40.9585 24.776
v 11.619 41.0715 24.958
v 11.5939 40.5316 24.5123
v 11.2612 40.2743 24.506
v 11.5374 40.0232 24.1671
v 11.958 40.3496 24.393
v 12.0459 39.9981 24.1545
v 11.7006 39.7281 24.0729
v 12.0584 39.5336 23.803
v 11.776 39.3139 23.8218
v 12.3158 39.2887 23.7151
v 12.661 39.5587 23.7779
v 12.6673 39.0502 23.2192
v 13.0314 39.339 23.3259
v 13.3201 39.0251 22.9744
v 13.0063 38.7803 23.0058
v 13.4771 39.1444 22.6103
v 13.0063 39.8286 23.8469
v 13.521 39.7219 23.6837
v 13.3515 40.0985 23.9474
v 13.8537 39.973 23.7151
v 13.9981 40.0922 23.3322
v 13.6717 40.3496 23.985
v 13.7784 40.8831 23.2883
v 13.929 40.5505 23.056
v 14.0546 40.1362 22.7924
v 14.2743 40.3056 22.5789
v 14.2178 39.7344 22.0768
v 14.676 40.0922 22.3781
v 14.8769 39.634 22.3153
v 14.5818 39.408 22.3655
v 14.1487 39.069 22.0768
v 13.8725 39.4582 21.9826
v 13.7156 38.7301 21.8382
v 13.5336 39.1946 22.0266
v 14.2743 38.5543 21.8131
v 13.8349 38.2154 21.562
v 13.3829 38.4664 21.7504
v 13.5084 37.958 21.5683
v 13.9039 37.663 21.9826
v 13.5649 37.3993 21.9261
v 14.1613 37.3617 21.9324
v 13.8286 37.1043 21.9763
v 13.521 36.8658 21.9763
v 13.3013 37.1922 22.0391
v 12.887 36.872 21.788
v 13.7281 36.4577 22.0579
v 14.0671 36.7214 22.1521
v 14.2303 36.3196 21.945
v 14.6446 36.6398 22.1333
v 14.8894 36.351 21.6185
v 14.902 36.8469 22.0266
v 15.2598 36.6398 21.719
v 15.4732 36.3259 21.1101
v 15.5674 36.8846 21.6876
v 15.536 37.3428 22.0328
v 15.8561 37.1106 21.5934
v 16.3081 36.9788 21.4428
v 16.1449 37.3365 21.5432
v 16.5591 37.1796 21.3047
v 16.2139 36.9097 20.5326
v 16.6094 37.2173 20.6519
v 16.7098 36.7277 20.407
v 16.3897 36.4766 20.3945
v 15.8938 36.6586 20.52
v 16.0758 36.2318 20.3506
v 15.5736 36.4075 20.5389
v 15.1719 36.0937 20.451
v 15.7494 35.9744 20.3254
v 15.4042 35.7045 20.2878
v 14.8769 35.8614 20.4008
v 15.0024 35.3906 20.0806
v 14.5191 35.5789 20.3066
v 14.381 35.9619 20.4949
v 13.9918 35.6543 20.3945
v 14.1864 35.3216 20.3003
v 13.6403 35.3781 20.3317
v 13.5336 35.7735 20.4008
v 13 35.3592 19.93
v 13.3076 35.5978 20.6205
v 13.1255 35.987 20.7146
v 13.8223 35.0391 20.156
v 14.268 34.8131 19.9049
v 13.929 34.5495 19.8358
v 14.3621 34.3361 19.6161
v 14.0357 34.0787 19.5659
v 14.563 33.9281 19.2395
v 14.2052 33.6519 19.1642
v 14.5818 33.4384 18.9068
v 14.2617 33.1873 18.844
v 14.8078 33.043 18.6432
v 14.5065 32.8044 18.6181
v 14.8894 32.5471 18.1661
v 15.2221 32.8107 18.1724
v 15.0589 32.1391 18.0845
v 15.7306 32.1767 18.3921
v 15.4732 31.9759 18.4862
v 16.0005 31.8126 17.802
v 16.1135 32.4717 18.48
v 16.2892 32.0386 18.4549
v 16.578 32.2646 18.3105
v 16.6094 31.731 17.8397
v 16.3081 31.4925 17.8711
v 16.0319 31.2791 17.9464
v 15.9252 31.7499 18.3858
v 16.2767 30.915 17.8774
v 15.5485 30.9025 17.5509
v 15.7808 30.5321 17.5007
v 16.352 30.4693 17.733
v 15.944 30.1492 17.5133
v 16.6408 30.1366 17.168
v 16.9923 30.4128 17.9464
v 16.647 31.2038 17.9778
v 17.2936 30.6451 17.8648
v 17.6325 30.3689 18.0531
v 16.8102 30.2685 18.2226
v 17.5258 30.2873 17.0739
v 17.8648 30.5509 17.0802
v 17.915 30.055 16.8667
v 17.62 29.8228 16.8856
v 17.168 30.0048 17.0111
v 17.2999 29.5717 16.8667
v 16.8353 29.7412 17.0299
v 16.5215 29.5027 17.0237
v 16.5152 30.0362 17.5635
v 17.0048 29.3394 16.8918
v 16.6972 29.1009 16.9358
v 17.1429 28.9628 16.8605
v 16.8291 28.718 16.8542
v 17.2308 28.4544 16.8918
v 17.507 28.6678 16.8416
v 17.9338 28.4104 16.76
v 17.733 27.745 16.9483
v 18.3732 28.2472 16.9546
v 18.5239 27.9522 16.3897
v 18.0845 27.607 16.17
v 17.8774 27.4437 16.3771
v 18.2603 27.268 15.8247
v 18.6934 27.607 16.0256
v 19.0449 27.5065 15.5109
v 18.48 27.0608 15.6678
v 18.0719 26.7407 15.4606
v 17.7895 26.8976 15.5046
v 17.7204 26.4645 15.3665
v 17.438 26.6214 15.4104
v 18.0343 26.3704 15.3288
v 18.3921 26.6528 15.4042
v 18.3042 26.2385 15.2158
v 18.3293 25.7866 14.9459
v 18.662 26.0502 15.0275
v 18.6871 25.592 14.676
v 19.0449 25.8807 14.7576
v 18.9821 25.3472 14.4751
v 19.3462 25.6296 14.5818
v 19.4215 25.253 14.4375
v 19.4278 24.7132 14.3119
v 19.7542 24.9705 14.381
v 19.8735 24.5437 14.3119
v 20.2313 24.8262 14.4249
v 20.2627 24.324 14.268
v 20.6519 24.6316 14.381
v 20.8716 24.2926 14.3182
v 20.5389 24.0352 14.2429
v 20.8841 23.7402 14.2052
v 21.2482 24.0227 14.3056
v 21.4742 23.7088 14.1613
v 21.1415 23.4452 14.1111
v 21.4491 23.2255 14.0734
v 21.7755 23.4829 14.0859
v 21.6436 22.987 13.8349
v 22.014 23.2757 13.929
v 22.1898 22.9681 13.7909
v 21.8131 22.6731 13.5963
v 22.3781 22.6731 13.3892
v 22.0077 22.3781 13.3076
v 22.2839 22.1584 13.295
v 22.6668 22.4597 13.4708
v 22.6354 22.0517 13.295
v 23.0686 22.3906 13.5838
v 22.9681 21.8006 13.226
v 23.4075 22.1458 13.4833
v 23.6712 21.8131 13.2574
v 23.2757 21.5056 13.1067
v 22.83 21.1603 12.8117
v 23.2694 20.9971 12.7866
v 23.7026 21.3361 13.0251
v 23.8783 20.9971 12.7991
v 23.5519 20.7397 12.6736
v 23.8595 20.4322 12.479
v 24.2424 20.7335 12.6673
v 24.1922 20.1999 12.3283
v 24.6504 20.5514 12.5606
v 24.7697 20.1748 12.3472
v 24.3805 19.8735 12.1777
v 24.0101 19.5785 12.0459
v 24.5751 19.6098 12.4978
v 24.9015 19.8735 12.5418
v 24.9454 19.4466 12.548
v 25.479 19.8609 12.3221
v 25.5355 19.4278 12.1902
v 25.8493 19.6789 12.1902
v 25.8933 19.2395 12.027
v 26.2636 19.5345 12.1338
v 26.4394 19.2834 12.027
v 26.7595 19.5345 12.0521
v 26.6026 19.7982 12.184
v 27.1173 19.817 12.1651
v 26.9667 20.0869 12.2718
v 27.3245 20.3631 12.3409
v 26.9918 20.564 12.5794
v 27.3747 20.8653 12.6987
v 27.6634 20.6267 12.4288
v 27.7262 21.1415 12.7426
v 28.0275 20.9092 12.5167
v 28.3477 21.1603 12.5418
v 28.1028 21.4365 12.8368
v 28.423 21.6876 12.8556
v 28.0777 21.8947 13.0314
v 28.4293 22.1709 13.1507
v 28.1091 22.3844 13.226
v 28.5611 22.7296 13.4833
v 28.2284 22.8802 13.5524
v 28.5736 23.1439 13.6152
v 28.9126 23.0121 13.521
v 28.9126 22.5476 14.2303
v 28.9691 22.1082 14.0546
v 29.3457 22.4095 14.1927
v 29.2453 22.8049 14.2805
v 28.9503 23.4452 13.7909
v 29.3394 23.3385 14.4689
v 29.2578 23.6837 14.4689
v 29.6659 23.5958 14.5442
v 29.2453 24.1482 14.1801
v 29.6533 23.9913 14.6007
v 28.831 23.8281 13.9918
v 28.7557 24.2675 14.1362
v 28.7996 24.845 14.2931
v 28.4418 24.5625 14.2617
v 28.4983 25.0898 14.4061
v 28.831 25.3472 14.4375
v 28.4669 25.5669 14.6007
v 28.8687 25.8807 14.7827
v 29.2202 25.6548 14.6383
v 29.4399 25.3472 14.9899
v 29.239 26.1695 14.8455
v 28.6364 26.2323 15.0526
v 28.9565 26.4896 15.1028
v 29.4336 26.86 15.4293
v 29.0507 27.0734 15.3665
v 29.7224 27.0859 15.4042
v 29.421 27.3621 15.5046
v 29.0695 27.4689 15.4544
v 29.3959 27.7199 15.4983
v 29.1197 27.9459 15.5234
v 29.1951 28.4481 15.6992
v 28.8122 28.1468 15.5987
v 28.5925 28.4293 15.7494
v 29.0319 28.7682 15.9189
v 28.3979 28.6678 15.9314
v 28.7996 28.9816 16.0946
v 29.17 29.2704 16.2516
v 28.4858 29.1951 16.1323
v 28.4355 29.1637 16.7412
v 28.2472 29.5027 16.2578
v 28.3351 30.1366 16.6031
v 27.9459 29.8353 16.4085
v 27.8015 30.2308 16.7161
v 28.1656 30.5133 16.8228
v 28.6552 30.3877 16.6721
v 28.0212 30.9213 16.7726
v 27.4877 30.507 16.9672
v 27.8141 30.7644 17.0048
v 27.3684 30.9338 17.0237
v 26.9981 30.6451 16.8981
v 26.9918 31.1849 16.9546
v 27.563 31.6306 17.5509
v 26.6277 30.9025 16.9232
v 26.5649 31.2854 17.0488
v 26.2134 31.0154 17.0048
v 26.1695 31.4611 17.055
v 26.1255 31.9005 17.2999
v 25.7301 31.5929 17.168
v 25.6673 32.0072 17.281
v 26.0126 32.2772 17.4003
v 26.4331 32.1391 17.9841
v 26.86 32.001 17.8711
v 26.7595 32.3964 18.0782
v 27.2115 32.2772 17.915
v 27.2178 31.8001 17.8271
v 26.9416 31.5867 17.8962
v 26.5712 32.7166 17.9401
v 27.1048 32.6663 18.1535
v 26.9918 33.043 18.0845
v 26.6465 33.1183 18.0531
v 27.0295 33.4196 18.2352
v 26.6654 33.4761 18.1912
v 27.0922 33.8151 18.4235
v 27.3935 33.7021 18.3732
v 27.5191 34.1478 18.6243
v 27.1927 34.267 18.6494
v 27.5442 34.5432 18.6871
v 26.9478 34.5495 18.8315
v 27.3621 34.8696 18.957
v 27.7576 35.1772 19.1391
v 27.4186 35.3279 19.2144
v 27.8078 35.6354 19.3839
v 28.0275 35.3906 19.7479
v 27.9836 36.2883 19.9614
v 27.5567 35.9556 19.7479
v 27.3559 36.3824 20.156
v 27.7011 36.6523 20.2438
v 28.0903 36.9536 20.3819
v 27.7388 37.2612 20.5514
v 28.128 37.5625 20.6519
v 28.6427 37.3868 20.9343
v 28.7494 36.8846 20.9532
v 29.2265 37.2612 21.311
v 29.283 36.7904 21.3047
v 29.3583 36.4326 21.2733
v 29.691 36.6963 21.3423
v 29.6721 36.2067 21.3172
v 29.2704 35.8928 21.2231
v 29.6345 35.7986 21.2231
v 29.2516 35.4973 21.1038
v 28.7055 35.9242 20.5954
v 28.6929 35.4408 20.6205
v 28.8624 35.196 20.9281
v 28.4544 34.8759 20.7335
v 28.2096 35.0642 20.1873
v 28.8561 34.8445 20.972
v 28.9252 34.5558 21.0285
v 28.5548 34.267 20.8778
v 28.31 34.0724 20.3317
v 28.5925 33.8213 20.7648
v 28.9942 34.1415 20.9657
v 29.17 33.8025 20.8841
v 29.1825 33.3317 20.8653
v 29.5152 33.156 20.4887
v 29.1009 32.8358 20.3129
v 29.5089 32.6098 20.3506
v 29.0695 32.2646 20.1246
v 28.6678 32.4906 20.0367
v 28.5799 32.8609 20.2062
v 28.2598 32.6161 20.1685
v 28.2158 33.0618 20.1748
v 29.4085 32.0072 19.9049
v 29.9923 32.4655 20.4887
v 30.0237 33.0116 20.746
v 30.4003 32.7856 20.7209
v 30.3626 32.2332 20.2941
v 30.7832 32.5659 20.5451
v 30.9652 32.1956 20.3882
v 30.4631 31.8064 20.0304
v 31.254 31.8566 20.225
v 30.9652 31.6306 20.2376
v 30.8397 31.0406 20.0116
v 31.2038 31.323 20.0618
v 31.4109 31.028 19.8798
v 31.0657 30.7581 19.8295
v 30.5823 30.3752 19.4278
v 30.9276 30.2559 19.478
v 30.8209 29.7224 19.3588
v 31.1535 29.9797 19.4215
v 31.0029 29.421 19.0072
v 31.4674 29.7851 19.3399
v 31.731 29.5466 19.3462
v 31.7562 29.1888 19.3085
v 32.0951 29.4524 19.3713
v 32.2081 29.0256 18.7436
v 31.8754 28.7682 18.7122
v 31.1473 28.7117 18.6934
v 31.4297 28.423 18.5176
v 30.5635 28.6364 18.1222
v 30.802 27.9271 18.4925
v 30.5321 28.2284 18.0029
v 32.0135 28.3414 18.2414
v 31.7562 28.1405 18.3732
v 31.4925 27.9334 18.4862
v 30.9527 27.5128 18.6997
v 31.3356 27.3056 18.6369
v 31.8691 27.7262 18.367
v 31.6494 27.0671 18.5051
v 31.9759 27.3245 17.8648
v 31.5741 27.0169 17.6263
v 32.0135 27.3559 17.2308
v 32.4529 27.7011 17.5133
v 31.7122 27.607 17.2747
v 32.2081 27.9961 17.6702
v 32.5659 28.2723 17.7518
v 32.3023 28.5674 18.21
v 32.6161 28.8122 18.2352
v 32.9112 28.5422 17.8209
v 32.9363 29.0633 18.1975
v 32.6475 29.3708 19.0323
v 32.4027 29.691 19.3964
v 33.0179 29.6659 19.1014
v 33.4949 29.5027 18.7185
v 33.3443 29.9169 19.1453
v 33.677 30.1806 19.2081
v 33.0806 30.2245 19.5031
v 33.4635 30.5258 19.6789
v 34.0787 30.4944 19.3713
v 33.8904 30.8585 19.8358
v 34.493 30.8146 19.6475
v 34.4804 30.2685 20.1748
v 34.154 30.0111 20.1936
v 34.4302 29.7286 20.5451
v 34.0661 29.4399 20.407
v 34.5683 29.352 20.7837
v 34.0536 28.9503 20.4133
v 34.6248 28.8498 20.8276
v 34.1854 28.5046 20.4761
v 33.5891 28.5862 20.0555
v 33.7523 28.1719 20.2125
v 33.2627 27.789 19.8672
v 33.8841 27.7764 20.3443
v 33.3819 27.3873 19.9739
v 32.8923 27.494 19.7354
v 32.9488 27.042 19.6601
v 33.2376 26.7909 19.6663
v 33.5326 26.6152 19.5847
v 33.5263 26.1506 19.4466
v 33.2501 25.9372 19.5659
v 33.3192 25.5104 19.5345
v 32.8044 25.5857 19.2458
v 32.8421 25.14 19.2081
v 32.5031 25.8117 18.8064
v 32.2269 25.1337 18.6997
v 31.9507 25.3848 18.21
v 32.3337 26.0879 18.4109
v 32.6036 26.295 18.2477
v 32.3023 24.7195 18.6997
v 32.9865 24.7822 19.2018
v 32.6726 24.1545 18.731
v 32.3713 24.3052 18.5678
v 31.7248 24.2675 18.1033
v 31.8754 23.916 18.1661
v 32.2144 23.7967 18.4297
v 32.1893 23.2883 18.3921
v 32.6475 23.6523 18.6557
v 32.4153 23.0309 18.3544
v 31.8629 22.5978 17.8271
v 32.3525 22.5601 18.3168
v 32.1642 22.0266 18.1033
v 31.8378 22.1584 17.8899
v 31.7499 21.7001 17.8585
v 31.3858 21.8069 17.6012
v 31.3795 21.4177 17.6953
v 30.8648 21.3988 17.1618
v 31.1849 22.0705 16.986
v 31.6557 21.1917 17.8083
v 31.6369 20.7523 17.8962
v 31.9696 21.0159 17.9338
v 32.2207 20.7523 17.9401
v 31.9633 20.5514 18.0782
v 31.6243 20.2815 18.0531
v 32.1265 20.2752 18.028
v 31.9068 20.1057 18.1598
v 31.5113 19.7919 17.9778
v 31.2163 19.9676 17.9087
v 31.1347 19.4969 17.8711
v 30.8522 19.6852 17.8522
v 30.9464 18.8817 17.4505
v 31.3984 19.2332 17.7518
v 31.5365 18.8503 17.4442
v 31.1535 18.549 17.2747
v 30.4819 18.9884 17.0802
v 31.775 18.5804 17.4003
v 31.4235 18.3105 17.3626
v 31.9194 18.2791 17.3187
v 31.6118 18.0343 17.2873
v 32.1579 17.9213 17.2873
v 32.4655 18.1598 17.2873
v 32.6726 17.802 17.1429
v 32.3525 17.5509 17.1366
v 32.8233 17.4317 17.0613
v 32.5031 17.1806 17.0111
v 32.9802 17.1178 16.9169
v 33.0367 16.6847 16.7412
v 33.3317 16.9107 16.7537
v 33.4698 16.5466 16.4775
v 33.1497 16.2955 16.4587
v 33.5389 16.126 16.2202
v 34.0222 16.5089 16.5654
v 34.1226 16.1888 16.4211
v 33.6832 15.8498 16.1135
v 34.1164 15.718 16.0256
v 34.0913 15.2284 15.6678
v 34.4491 15.5046 15.8059
v 34.4302 15.0275 15.4606
v 34.832 15.3351 15.6427
v 34.8508 14.9208 15.4355
v 34.4428 14.6007 15.2284
v 35.0579 14.5756 15.0652
v 34.7253 14.3182 14.971
v 35.0579 14.1111 14.6446
v 35.4722 14.4375 14.8329
v 35.7547 14.1927 14.6195
v 35.2902 13.8286 14.3433
v 34.9073 13.5336 14.1738
v 35.535 13.6214 14.0295
v 35.1772 13.3452 13.9353
v 35.7924 13.3766 13.6528
v 35.3404 13.0188 13.3766
v 34.9889 12.7489 13.2887
v 35.3216 12.5606 13.0879
v 35.6417 12.8117 13.1067
v 35.6857 12.4037 12.8242
v 35.2902 12.0961 12.6799
v 35.6919 12.0333 12.5418
v 35.761 11.6065 12.2844
v 36.0999 11.8701 12.3723
v 36.1753 11.437 12.0208
v 36.5393 11.7195 12.0835
v 36.577 11.2989 11.8136
v 36.2506 11.0478 11.7822
v 36.5519 10.8658 11.2989
v 36.8909 11.1294 11.3366
v 37.1545 10.8218 10.9034
v 37.4495 11.0478 10.7967
v 37.2424 11.3993 11.3617
v 37.5688 11.6567 11.4182
v 37.1985 11.7822 11.8073
v 37.5625 12.071 11.8889
v 37.914 11.9266 11.506
v 38.3283 11.732 11.2989
v 38.2718 12.2091 11.5374
v 38.6234 11.958 11.211
v 38.548 12.4162 11.4998
v 38.297 12.6422 12.0145
v 38.6171 12.8933 12.027
v 38.9121 12.6987 11.6065
v 38.9435 13.1444 11.9957
v 39.2825 12.9874 11.6065
v 39.2385 13.3766 11.9392
v 39.6277 13.2574 11.6881
v 39.747 12.8368 10.9348
v 40.0985 13.1067 11.0039
v 40.1424 12.6485 10.4264
v 39.7972 12.3786 10.395
v 39.4771 12.1275 10.395
v 39.8098 11.8889 9.9493
v 39.0565 11.8011 10.1753
v 39.3578 11.5311 9.69194
v 38.6108 11.4495 9.90536
v 38.9812 11.2424 9.60406
v 38.6673 10.9976 9.61033
v 38.297 11.211 9.95558
v 38.3597 10.7528 9.61661
v 37.9392 10.9348 9.92419
v 37.6253 11.1859 10.4829
v 37.5562 10.6335 9.83003
v 38.0208 10.4954 9.54756
v 37.6504 10.2067 9.45968
v 37.2487 10.395 9.82376
v 37.3554 9.97441 9.49734
v 36.9411 10.1564 9.82376
v 36.5393 10.3385 10.3259
v 36.6774 9.9493 9.96185
v 36.3008 10.1564 10.4389
v 36.4138 9.74843 10.0748
v 36.7904 9.53501 9.71077
v 36.5205 9.32786 9.83631
v 36.7402 9.0705 9.29647
v 36.9976 9.27137 9.22743
v 37.1357 8.91357 8.86335
v 36.8846 8.71898 8.98262
v 37.142 8.46789 8.48672
v 37.437 8.70014 8.45533
v 37.4621 8.29213 8.08498
v 37.1608 8.05987 8.12892
v 37.5374 7.99082 7.78996
v 37.211 7.73346 7.7774
v 37.7132 7.67697 7.34428
v 37.4495 7.46982 7.41333
v 37.776 7.30034 7.02414
v 38.1149 7.56398 7.0367
v 38.071 7.1183 6.74795
v 37.7634 6.88604 6.72912
v 38.0145 6.66007 6.37132
v 37.7257 6.43409 6.4027
v 37.9831 6.14534 6.02607
v 38.2781 6.37132 5.99469
v 38.4915 6.05746 5.5239
v 38.1589 5.8001 5.48624
v 38.8054 6.30227 5.5239
v 38.9372 5.89425 4.73926
v 39.069 6.50942 5.36069
v 39.3013 6.17673 4.85224
v 39.3139 5.75616 4.67648
v 38.8745 5.41091 4.46306
v 38.548 5.58667 4.55722
v 38.4978 5.12216 4.40657
v 38.2028 5.32303 4.53211
v 38.2216 4.90874 4.43795
v 37.914 5.09705 4.60744
v 37.7697 5.49879 5.3042
v 38.6987 4.82086 4.50072
v 38.7301 4.38773 4.2873
v 39.0502 4.63882 4.24336
v 38.9749 4.15548 3.87301
v 39.3201 4.4254 3.96089
v 39.2825 4.02366 3.71608
v 39.6214 4.2873 3.81651
v 39.6842 3.86045 3.32062
v 39.3892 3.63448 3.30806
v 39.634 3.37711 3.15113
v 39.9478 3.62192 3.11347
v 40.0357 3.26412 2.7494
v 39.7093 3.00676 2.78078
v 40.3684 3.51521 2.73056
v 40.4877 3.20135 2.0338
v 40.2429 3.85418 3.06325
v 40.7199 3.7914 2.82472
v 40.6132 4.13665 3.17624
v 41.0338 4.03621 2.78706
v 40.902 4.35635 3.13858
v 41.3288 4.26219 2.71173
v 41.2409 4.62627 3.13858
v 41.5987 4.47562 2.63641
v 41.4355 3.93578 1.87059
v 41.9252 4.31241 2.27233
v 41.6176 3.60309 1.84549
v 41.084 3.65958 1.85176
v 41.0777 3.1888 1.38725
v 40.6823 2.88122 1.23032
v 41.2033 2.84983 1.19266
v 40.789 2.52342 1.02318
v 40.2994 2.57991 1.0169
v 40.3308 2.1719 0.746982
v 39.8223 2.21584 0.715596
v 39.7344 2.14679 1.26799
v 39.4394 1.92081 0.608885
v 39.2009 1.7325 0.765814
v 39.4708 1.50652 0.370352
v 39.8725 1.8141 0.489618
v 40.0357 1.50652 0.382907
v 39.6403 1.19894 0.225978
v 40.1173 1.18011 0.238532
v 40.5379 1.50652 0.451956
v 40.6948 1.13617 0.439401
v 40.8204 0.765814 0.106712
v 40.3684 0.878802 0.370352
v 40.45 0.477064 0
v 40.9208 0.445678 0.138098
v 41.0275 0.144375 0
v 41.3665 0.408015 0.0564944
v 41.4606 0 0.0313858
v 41.8059 0.263641 0.100435
v 41.6992 0.665379 0.125543
v 42.2013 0.571222 0.225978
v 42.2139 1.06084 0.495896
v 42.691 0.947851 0.539836
v 42.5654 1.33704 0.621439
v 43.099 1.26171 0.765814
v 42.9546 1.63834 0.765814
v 43.4882 1.56929 0.891357
v 43.4944 2.05891 1.12989
v 43.8836 1.87059 1.06084
v 43.9527 2.41043 1.45002
v 44.2916 2.18445 1.2931
v 44.3168 2.6929 1.52535
v 44.6243 2.44809 1.34331
v 44.6683 2.96282 1.53163
v 45.0198 2.7494 1.42492
v 44.9759 3.20135 1.53163
v 45.365 3.01304 1.46258
v 45.4466 3.56543 1.86432
v 45.7919 3.34573 1.64462
v 45.8044 3.84162 1.91453
v 46.1685 3.63448 1.7325
v 46.5326 3.92323 1.85804
v 46.2313 4.17431 2.19701
v 46.5891 4.45051 2.30999
v 46.9657 4.25591 2.07146
v 46.9657 4.73926 2.34138
v 47.3172 4.52583 2.12168
v 47.6436 4.77692 2.19701
v 47.3675 5.05311 2.51714
v 47.7001 5.3042 2.51086
v 47.9575 5.02173 2.15307
v 48.0266 5.56156 2.4732
v 48.2525 5.25398 2.1154
v 48.3153 5.78754 2.42298
v 48.5413 5.47368 2.05263
v 48.6229 6.0198 2.3916
v 48.8802 5.73732 2.00241
v 48.9744 6.29599 2.39788
v 49.2067 5.99469 1.97103
v 49.2569 6.51569 2.3916
v 49.5205 6.23322 1.99614
v 49.577 6.76678 2.41043
v 49.8218 6.46548 1.8957
v 49.8971 7.01159 2.37277
v 50.1608 6.72912 1.92081
v 50.1985 7.24384 2.32883
v 50.5876 7.06181 2.20328
v 50.55 7.52004 2.3916
v 50.9392 7.33172 2.26605
v 50.9266 7.80251 2.40415
v 51.2718 7.58909 2.25978
v 51.2154 8.02849 2.37277
v 51.4225 8.19169 2.10913
v 51.6861 7.90922 1.78899
v 50.7822 8.07871 2.3916
v 51.0961 8.31724 2.41043
v 51.3534 8.91984 2.49203
v 50.7195 8.43023 2.56736
v 50.8889 9.02656 2.73056
v 51.1526 9.2337 2.6113
v 51.4099 9.42829 2.51086
v 51.6422 9.14582 2.42298
v 51.9937 9.014 2.2535
v 52.1506 8.75664 2.29744
v 52.1506 9.13327 1.82665
v 52.6277 9.12699 1.92081
v 52.5273 9.42829 1.93964
v 52.9227 9.35297 1.91453
v 52.8474 9.67938 1.93964
v 53.3621 9.69194 2.1719
v 53.224 9.96813 2.78078
v 53.4751 10.1627 2.57364
v 53.8831 10.1 2.5297
v 53.7827 10.4013 2.5548
v 54.1907 10.3385 2.5297
v 54.084 10.6335 2.5297
v 54.5925 10.6461 2.67407
v 54.4606 10.9223 2.66779
v 54.9691 10.9348 2.76195
v 54.8561 11.2298 2.85611
v 55.3206 11.2047 2.86866
v 55.2013 11.4998 2.95027
v 55.6219 11.4433 2.831
v 55.5152 11.7446 2.90633
v 55.9421 11.6943 2.81217
v 55.8667 12.0145 2.91888
v 56.1178 12.2091 2.7494
v 56.2057 11.8952 2.73684
v 56.4819 12.1086 2.66152
v 56.4254 12.4476 2.68662
v 56.8334 12.3786 2.65524
v 56.7455 12.6987 2.68035
v 57.1724 12.6422 2.71801
v 57.0594 12.9372 3.38967
v 57.3481 13.1632 3.32689
v 57.731 13.0753 3.23901
v 57.6494 13.3955 3.28295
v 58.0449 13.3139 3.15741
v 57.9382 13.6152 3.23274
v 58.3462 13.5524 3.14486
v 58.3274 13.9165 3.42733
v 58.7605 13.8725 3.34573
v 58.6726 14.1801 3.48382
v 59.0932 14.1299 3.33945
v 59.0053 14.4437 3.49638
v 59.4133 14.3747 3.41478
v 59.3505 14.7137 3.52776
v 59.7711 14.6572 3.52776
v 59.7774 15.0401 3.72863
v 60.2294 15.0087 3.81024
v 60.1666 15.3414 3.89184
v 60.5244 15.6176 3.95461
v 60.7755 15.4293 4.35635
v 60.4428 15.9565 4.16176
v 61.1082 16.0695 4.57605
v 61.3216 15.8498 4.83341
v 61.6731 16.5027 5.14099
v 61.8802 16.283 5.32303
v 62.2318 16.5529 5.43602
v 62.1376 16.8667 5.50507
v 62.5017 16.76 5.29792
v 62.4326 17.0927 5.45485
v 62.7967 16.9923 5.18493
v 62.7339 17.325 5.46113
v 63.0666 17.1994 5.14727
v 63.0478 17.5698 5.41091
v 63.3742 17.438 5.14099
v 63.3679 17.8146 5.34814
v 63.6692 17.6702 5.04684
v 63.663 18.0468 5.29165
v 63.9266 17.8648 4.97779
v 63.9831 18.2916 5.29792
v 64.2405 18.1096 4.9464
v 64.2781 18.5239 5.20377
v 64.5041 18.3105 4.73298
v 64.7615 18.5113 4.62627
v 64.9309 19.0323 5.27281
v 65.1193 18.7938 4.69532
v 65.1255 19.1767 5.00917
v 65.4457 19.0449 4.66393
v 65.4017 19.3964 4.93385
v 65.8474 19.3525 4.90246
v 65.7658 19.6789 5.09078
v 66.1362 19.5785 4.8083
v 66.0608 19.9049 4.97151
v 66.381 19.7668 4.63882
v 66.3119 20.0995 4.79575
v 66.7702 20.0681 4.87735
v 66.7702 20.451 5.09078
v 67.084 20.3129 4.90246
v 67.0777 20.6895 5.04056
v 67.4355 20.5828 4.89618
v 67.423 20.9594 5.13472
v 67.7871 20.859 4.99034
v 67.7745 21.2294 5.21004
v 68.1511 21.1352 5.06567
v 68.1072 21.4867 5.21632
v 68.4462 21.3675 4.95896
v 68.3646 21.6876 5.12216
v 68.7098 21.5746 4.88363
v 68.6156 21.8822 4.99662
v 68.9985 21.7943 4.78947
v 68.8918 22.0956 4.90874
v 69.2936 22.0203 4.68904
v 69.5447 22.6041 4.90246
v 69.576 22.24 4.70159
v 69.8773 22.8614 4.89618
v 70.0217 22.5852 5.01545
v 70.3167 22.8112 4.96523
v 70.1975 23.1125 4.90874
v 70.8315 23.2129 5.44858
v 69.7957 23.2004 5.04684
v 69.5447 23.0058 5.17866
v 69.4505 23.395 5.6055
v 69.168 23.1816 5.69966
v 69.0864 23.6147 5.84404
v 69.5509 23.9788 6.15162
v 69.0425 23.9725 6.16417
v 69.0111 24.393 6.53452
v 69.62 24.4182 6.82327
v 69.7957 24.1671 6.72284
v 70.0594 24.3679 6.64124
v 69.9213 24.6504 6.77306
v 70.7436 24.9015 6.75422
v 70.6181 24.2989 6.8421
v 71.0072 24.6002 6.18928
v 71.0386 24.1608 6.53452
v 71.4843 24.1043 7.18735
v 71.3274 24.8513 6.94882
v 71.1453 25.2091 6.29599
v 70.8315 24.9705 6.27716
v 70.5929 25.1777 6.03863
v 71.0198 25.5041 6.28971
v 70.3481 25.4225 6.68518
v 70.7059 25.6987 6.81072
v 71.0575 25.9749 6.90488
v 70.9759 26.3515 7.06181
v 71.3839 26.226 6.97393
v 71.5157 25.887 7.44471
v 71.6287 25.5857 7.43843
v 71.8421 26.1381 7.48237
v 72.3066 26.1067 7.46982
v 72.5389 25.7866 7.55142
v 72.3694 25.6548 7.89039
v 72.0681 25.4225 7.97199
v 72.3443 25.1651 8.0536
v 72.677 25.4225 8.06615
v 72.8025 25.1149 8.07243
v 72.52 24.9015 8.12265
v 72.6393 24.6065 8.07243
v 72.9469 24.845 8.09754
v 73.38 25.1777 8.36118
v 73.2231 25.4476 8.31724
v 73.6939 25.8117 7.95944
v 73.5495 25.6987 8.38629
v 73.0285 25.6987 8.11637
v 73.198 26.295 7.66441
v 73.6499 26.182 7.36939
v 73.3235 26.3955 7.23757
v 73.8257 26.3201 7.06808
v 73.5746 26.5901 7.1183
v 73.1477 26.7658 7.19363
v 73.8131 26.7721 6.8421
v 74.0077 26.4582 6.77306
v 73.493 26.0628 6.28344
v 73.5181 27.0483 7.30034
v 73.7629 27.2429 7.12458
v 73.3361 27.2994 7.33172
v 73.7943 27.6509 6.86721
v 73.2105 27.6446 7.43216
v 73.4616 28.2786 7.00531
v 73.7504 28.5046 6.8986
v 74.4095 28.128 6.81072
v 74.0014 27.4249 7.00531
v 74.3153 26.6968 6.77933
v 74.5789 26.9039 6.64124
v 74.761 27.5128 6.817
v 75.3008 27.4626 6.79189
v 75.0748 27.7513 6.82327
v 75.4138 28.015 6.92371
v 75.2004 28.3539 6.8421
v 75.7339 28.2661 6.91115
v 75.5582 28.6301 6.87977
v 75.8971 28.8938 6.9802
v 76.1294 28.5674 7.13085
v 76.4244 28.7933 7.16224
v 76.2926 29.2013 7.13085
v 76.8262 29.1135 7.30034
v 76.6316 29.4587 7.16224
v 77.253 29.4399 7.51376
v 77.1024 29.8228 7.59536
v 77.3911 30.0488 7.53887
v 77.2216 30.3061 7.48865
v 77.7112 30.2999 7.54515
v 77.8619 29.9107 8.22936
v 78.2322 30.1994 8.31096
v 78.4771 29.9169 8.39256
v 78.1695 29.6784 8.44278
v 77.8933 29.465 8.493
v 77.6045 29.239 8.54322
v 77.8368 29.0193 8.75036
v 77.5292 28.7808 8.76919
v 77.3095 29.013 8.55577
v 77.0145 28.7808 8.58716
v 77.2279 28.5485 8.82569
v 76.7257 28.5611 8.6562
v 76.914 28.3037 8.88846
v 76.4433 28.3414 8.74408
v 76.6567 28.1028 8.96378
v 76.142 28.1091 8.78175
v 76.3868 27.8957 9.05167
v 76.098 27.6697 9.10188
v 75.8469 27.8769 8.82569
v 75.7904 27.4312 9.11444
v 75.5142 27.6258 8.8508
v 75.5017 27.2052 9.14582
v 75.2945 27.45 9.0705
v 74.9556 27.1864 8.2733
v 74.7861 27.5253 8.38629
v 75.2318 27.8706 7.92178
v 74.6229 27.9083 7.74602
v 74.7673 27.042 8.56205
v 75.169 26.9478 9.14582
v 74.7986 26.6654 9.03283
v 74.466 26.408 8.97634
v 74.6982 26.2009 9.25881
v 74.2965 25.887 9.02656
v 75.0497 26.4708 9.32158
v 75.3636 26.7093 9.40319
v 75.6774 26.9604 9.38435
v 76.029 27.2303 9.39063
v 76.3365 27.4689 9.38435
v 76.6316 27.6948 9.30903
v 76.914 27.9145 9.20859
v 77.1714 28.1154 9.12699
v 77.4602 28.3414 9.04539
v 77.7552 28.5674 8.98889
v 78.0314 28.7808 8.95751
v 78.3139 28.9942 8.92612
v 78.1444 29.2578 8.68759
v 78.634 29.2453 8.8759
v 78.4268 29.4775 8.6311
v 78.8913 29.4462 8.75664
v 78.7093 29.691 8.5746
v 79.2178 29.6972 8.71898
v 79.0169 29.9295 8.53694
v 79.3308 30.1743 8.56205
v 79.5756 29.9734 8.7943
v 79.676 30.4379 8.66248
v 79.8957 30.2245 8.86963
v 80.2096 30.4693 8.85707
v 80.0024 30.6953 8.72525
v 80.5171 30.7079 8.80058
v 80.3163 30.9401 8.7127
v 80.6238 31.1724 8.64993
v 80.7808 30.9087 8.76919
v 80.9314 31.4172 8.61854
v 81.1135 31.1661 8.81313
v 81.4148 31.4046 8.78802
v 81.2704 31.6746 8.66876
v 81.691 31.6118 8.7127
v 81.5215 31.8754 8.51811
v 81.942 31.8064 8.51811
v 81.7788 32.07 8.37373
v 82.2182 32.0261 8.37373
v 82.0237 32.2583 8.24191
v 82.4756 32.2207 8.26702
v 82.212 32.8107 8.24819
v 82.915 32.5596 8.55577
v 82.8083 32.8672 8.63737
v 83.2916 32.8547 7.97827
v 83.2038 33.1748 8.12892
v 83.5553 33.0618 7.88411
v 83.1535 33.5389 8.24191
v 83.5867 33.4698 8.24819
v 83.888 33.3192 7.90922
v 83.8754 33.6958 8.18542
v 84.1704 33.5389 7.92178
v 83.775 34.0222 8.29213
v 84.4529 34.1415 8.80686
v 84.5659 33.8402 8.86963
v 84.8421 34.0536 8.75036
v 84.9237 34.5055 9.15838
v 84.5533 34.6248 9.40319
v 84.93 34.9073 9.60406
v 85.5954 34.6248 9.73588
v 85.6016 35.0203 10.0497
v 85.9971 34.9387 9.98068
v 85.9029 35.2525 10.0497
v 86.2858 35.1647 9.91164
v 86.2231 35.5036 10.0811
v 86.4553 35.6794 9.8928
v 86.8006 35.5601 9.63544
v 86.1477 35.8489 10.1753
v 86.3612 36.0121 9.93674
v 85.8778 36.1062 10.1188
v 86.1477 36.3196 10.0811
v 86.4491 36.5519 10.0309
v 86.6562 35.8363 9.67938
v 86.3361 35.9995 9.12699
v 86.9701 35.6982 9.30903
v 86.3486 35.6041 8.94495
v 85.9469 35.6982 8.94495
v 86.041 36.238 9.03911
v 86.0724 35.3844 8.97006
v 87.0328 36.1313 9.79237
v 87.3216 35.9619 9.3718
v 87.3843 36.4013 9.87397
v 87.7108 36.2632 9.64172
v 87.6605 36.6147 9.76098
v 87.8551 36.7653 9.47223
v 87.9932 36.4829 9.60406
v 88.3761 36.7779 9.69821
v 88.2067 37.0415 9.56639
v 88.7339 37.0541 9.82376
v 88.6586 37.393 9.90536
v 89.1357 37.3679 10.0246
v 88.5519 37.7132 10.0372
v 88.985 38.0459 10.2883
v 89.1671 37.7822 10.3699
v 89.4746 38.0208 10.4201
v 89.2863 38.7489 10.8658
v 89.5437 38.479 10.8846
v 90.0772 38.4853 10.395
v 89.9831 38.818 11.1608
v 89.7132 39.0816 11.1231
v 89.9517 39.2574 10.985
v 89.5123 39.4268 10.3385
v 89.845 39.6842 10.351
v 90.1526 39.9227 11.1043
v 90.5857 39.2887 11.1231
v 90.2656 39.0377 11.0855
v 90.3597 38.705 11.0729
v 90.7928 39.0377 10.5896
v 90.9372 39.5587 11.2361
v 91.1444 38.9247 11.1608
v 90.8556 38.6987 11.1482
v 91.4896 39.1883 11.2424
v 91.408 39.521 11.3052
v 91.634 39.6905 11.1043
v 91.973 39.5649 10.9411
v 91.8411 39.8474 10.8407
v 92.2994 39.816 10.9285
v 91.8097 39.4331 11.2487
v 92.2115 40.1424 10.9536
v 92.6509 40.0859 10.9474
v 92.494 40.3559 10.9285
v 92.0483 40.4186 10.9725
v 92.1424 40.9585 11.0039
v 91.8035 40.6948 10.9348
v 91.6026 41.0464 10.9411
v 91.4708 41.3351 10.9725
v 91.6465 41.4669 11.3993
v 92.0106 41.7494 11.4935
v 92.45 41.6992 11.4433
v 92.3559 42.0256 11.6065
v 92.7137 41.9063 11.3679
v 92.7639 41.4418 11.7508
v 92.3621 42.4713 11.4307
v 91.7595 42.4462 11.1231
v 92.111 42.7224 11.1859
v 92.4877 43.0111 11.3742
v 92.9208 42.8981 12.0019
v 92.8957 42.4399 12.184
v 93.3163 42.76 12.479
v 93.0652 42.1762 12.2279
v 93.536 42.5403 12.5669
v 93.7054 42.17 12.6171
v 93.2849 41.8436 12.2907
v 93.0652 41.2033 11.8638
v 92.7011 40.9208 11.7885
v 93.197 40.902 11.9266
v 92.8894 40.6634 11.9078
v 93.0212 40.3684 11.845
v 93.492 41.128 11.8889
v 93.7619 40.9459 12.1714
v 93.9189 41.4606 12.2216
v 94.3081 41.3665 12.7238
v 94.1574 41.6427 12.027
v 94.4273 41.8498 12.6861
v 94.691 41.6615 12.9561
v 95.0174 41.9189 13.0314
v 95.1053 42.3771 12.7677
v 95.3312 42.1574 13.0188
v 95.6388 42.3959 13.113
v 95.5886 42.7475 13.2071
v 95.9276 42.6219 13.0377
v 95.8836 42.9797 13.1381
v 96.2728 42.8856 13.0251
v 96.2351 43.2496 13.2574
v 96.5867 43.1304 13.0753
v 96.5992 43.9401 12.9623
v 96.8691 43.3501 12.9937
v 96.6118 43.5447 13.4582
v 97.2018 43.6074 13.8035
v 97.1014 43.9213 13.8976
v 97.5596 43.8836 13.8851
v 97.3776 44.5365 14.1173
v 97.9865 44.6055 13.8349
v 97.9551 44.1912 14.155
v 98.2941 44.4548 14.224
v 98.633 44.7122 14.2931
v 98.4886 44.9884 14.2868
v 98.928 44.9445 14.3308
v 98.4447 45.365 13.7344
v 99.041 45.4215 14.0922
v 99.1917 45.1453 14.2492
v 99.4993 45.3839 14.1989
v 99.2419 45.9802 14.268
v 99.4553 45.7417 14.3496
v 99.9261 45.7166 14.5065
v 99.9324 46.112 14.7827
v 98.8841 45.704 14.0922
v 98.9218 46.2062 14.0295
v 98.5263 46.4008 14.2492
v 98.1811 46.1371 14.0859
v 97.9802 46.3757 14.1236
v 98.4008 46.6958 14.3559
v 97.8107 46.6895 14.155
v 98.0932 47.3486 14.607
v 98.3694 47.1164 14.7639
v 97.5408 46.9218 14.0671
v 97.3525 47.2545 14.0922
v 97.2207 47.5746 14.1801
v 96.8817 47.311 14.0797
v 96.6243 47.5432 14.1111
v 97.0198 47.8571 14.2931
v 96.7059 48.0642 14.2805
v 96.3105 47.7566 14.0483
v 96.1975 48.1521 13.9165
v 96.5929 48.4534 14.0546
v 96.2226 48.5538 13.9918
v 95.9652 48.353 13.3515
v 96.0531 47.562 13.408
v 95.6451 48.1019 13.3327
v 95.4944 48.4157 13.2574
v 95.2245 48.2023 13.3327
v 95.0676 48.5476 13.3327
v 94.7914 48.7986 12.8996
v 94.421 48.943 13.0439
v 94.4713 48.5476 12.931
v 94.057 48.6605 12.9435
v 94.0444 49.169 13.1883
v 93.6741 48.8865 13.0565
v 93.5925 49.3134 13.1946
v 93.4544 49.7026 13.1758
v 93.0966 49.4264 13.069
v 93.1154 49.8658 13.295
v 92.6948 49.5393 13.0188
v 92.5818 49.872 13.1255
v 92.5002 50.2361 13.4017
v 91.8725 50.211 12.8431
v 91.7721 50.506 13.0753
v 91.5712 50.7759 12.9623
v 91.3829 50.2047 12.8996
v 91.2636 50.5374 12.9812
v 90.9812 50.7759 12.9121
v 91.4017 51.1024 13.1067
v 91.1193 51.3534 13.069
v 90.548 50.914 12.4664
v 90.6547 51.4225 13.0628
v 90.3723 51.7112 12.9121
v 90.14 51.0208 12.5606
v 90.1902 51.5731 13.2636
v 89.9015 51.3472 13.3327
v 89.6002 51.6171 13.1695
v 89.5374 51.0647 13.1946
v 89.3554 51.4225 13.2887
v 89.1733 51.8054 13.3013
v 89.5374 52.0942 13.5147
v 89.9392 51.8807 13.2574
v 90.0772 51.9874 12.774
v 89.8073 52.295 13.4394
v 89.6378 52.5963 13.408
v 90.1714 52.5838 13.5147
v 89.9894 52.8725 14.2868
v 90.6045 52.3955 14.0734
v 89.3805 52.4017 13.5649
v 89.1294 52.2009 13.7156
v 89.2236 52.7281 14.3684
v 88.916 52.4896 14.3559
v 88.9976 53.0546 14.4877
v 89.5437 52.973 14.4061
v 89.845 53.2115 14.4249
v 89.3868 53.3559 14.6258
v 89.9015 53.7513 15.1342
v 90.1651 53.4626 15.2221
v 90.435 53.6697 15.1845
v 90.6296 53.3684 15.1154
v 90.7866 53.0608 15.0338
v 89.3805 53.8392 14.9899
v 89.2675 54.128 15.1405
v 88.8846 53.8329 14.9773
v 89.0478 53.5818 14.9647
v 88.4703 53.5065 14.7513
v 88.3887 53.8957 14.9083
v 88.3071 54.2849 14.9961
v 87.987 54.0338 14.9773
v 87.5789 54.1656 15.0275
v 87.6103 53.7388 14.7262
v 87.196 54.2723 14.8706
v 87.1835 53.858 14.7827
v 86.8445 53.9961 14.7388
v 87.2776 53.4814 14.6572
v 86.8947 53.6321 14.8518
v 86.5118 53.745 14.7262
v 86.3298 54.0715 14.5191
v 86.3423 53.1989 14.2052
v 86.1854 53.4877 14.7074
v 85.633 53.5316 14.2994
v 85.7837 54.1091 14.4437
v 85.6519 54.5171 15.0464
v 86.085 53.0043 14.2743
v 85.7146 53.1236 14.3433
v 85.2627 53.2366 14.1424
v 84.8107 53.3559 14.2554
v 85.0367 52.59 14.1111
v 84.3839 53.0232 13.9165
v 84.0951 53.3056 14.2492
v 84.0575 53.7137 14.381
v 83.7813 53.5002 14.45
v 83.7059 53.9145 14.5818
v 83.5239 53.7764 14.8455
v 83.4297 54.1782 15.0087
v 83.1033 53.9208 15.0526
v 82.9652 54.2912 15.0212
v 83.3167 54.5674 15.128
v 84.0826 54.6803 15.1217
v 84.1077 54.2284 15.5799
v 84.4592 54.4983 15.6929
v 84.5973 54.1342 15.7117
v 84.2269 53.8455 15.5485
v 84.5345 53.6509 15.3414
v 83.662 53.4061 14.9459
v 83.7059 52.9981 14.8329
v 83.4297 53.224 15.1405
v 83.0406 53.3998 15.1593
v 83.1159 52.9792 15.1342
v 82.6828 53.1173 15.0464
v 82.7706 53.6634 14.9961
v 82.6325 54.0275 15.0087
v 82.4819 54.3163 15.1154
v 82.8209 54.5799 15.2033
v 83.1787 54.8561 15.3037
v 83.6494 54.8247 15.2347
v 83.9696 55.0758 15.2661
v 84.2646 55.3018 15.2472
v 84.7919 54.7619 14.9899
v 84.773 55.2202 15.3037
v 85.0492 55.4399 15.2472
v 85.4698 55.2955 15.0966
v 85.1873 54.1531 15.3853
v 85.5514 53.9334 15.3037
v 84.9865 53.9961 15.6992
v 85.7899 54.1154 15.1593
v 85.7711 55.0507 14.902
v 85.7272 55.013 15.5234
v 85.3129 55.1637 15.4983
v 84.8421 55.7537 16.0068
v 84.5785 55.5466 15.3477
v 84.1956 55.647 16.2327
v 84.6601 55.6094 16.2202
v 84.3964 55.4022 16.3143
v 83.9068 55.0193 15.8624
v 83.8754 55.3959 15.4418
v 82.2936 55.1197 15.649
v 82.0927 54.4858 15.3853
v 82.1304 54.9942 16.0319
v 82.1178 55.4713 16.4211
v 82.6137 55.3646 16.4336
v 82.9778 55.17 16.0005
v 83.2038 54.8749 16.1511
v 83.549 55.6156 16.6659
v 83.8064 55.3457 16.0695
v 81.7286 55.1637 16.2767
v 81.5843 55.4901 16.3269
v 81.4273 55.3646 16.6847
v 81.5152 54.9942 16.4211
v 81.0695 55.0884 16.5843
v 81.2704 54.8059 16.5968
v 80.3979 54.5611 16.4838
v 80.6741 55.2767 16.126
v 81.6533 54.6176 16.3269
v 81.8856 54.7996 16.1637
v 81.4085 54.4293 15.718
v 81.873 54.31 15.5862
v 82.1931 54.084 15.1028
v 82.0425 53.971 15.4795
v 81.7726 53.7576 15.5485
v 81.6094 54.1028 15.7368
v 81.2578 53.8266 15.649
v 81.0507 54.1468 15.6552
v 80.8373 54.4669 15.5234
v 80.6992 54.7996 15.6741
v 80.3728 54.5485 15.6741
v 80.2849 54.9691 15.9063
v 80.2472 55.465 16.5654
v 80.9126 55.4587 16.7098
v 81.2013 55.6847 16.6721
v 79.858 55.1637 16.3143
v 79.8392 55.1511 16.9672
v 79.6885 55.5717 17.1618
v 79.3496 55.3143 16.3332
v 79.6321 54.9879 16.4587
v 78.9478 55.0005 16.17
v 78.8851 55.3771 16.465
v 78.5398 55.1072 16.3897
v 78.3076 55.3834 16.4901
v 78.6528 55.647 16.5843
v 78.1067 55.7224 16.7098
v 77.7364 55.4273 16.5403
v 77.4915 55.7161 16.6721
v 77.435 55.1951 16.578
v 77.2342 55.5152 16.76
v 77.1086 54.944 16.6345
v 76.9329 55.2767 16.8479
v 76.7508 55.5466 16.986
v 76.4433 55.3018 16.986
v 76.2361 55.6094 17.1366
v 75.9285 55.3646 17.1304
v 75.7402 55.647 17.281
v 75.4138 55.3897 17.2496
v 75.2192 55.6847 17.3438
v 74.8363 55.3834 17.1743
v 74.6417 55.6156 17.394
v 74.1458 55.2265 16.9358
v 74.4032 55.0444 16.7788
v 73.7441 54.9189 16.6784
v 73.5495 55.1888 16.7977
v 73.2105 54.9252 16.7726
v 73.4365 54.6741 16.6721
v 73.085 54.4041 16.5403
v 72.8778 54.6615 16.7286
v 72.4698 54.7871 16.986
v 72.8088 54.1907 16.5529
v 72.1622 54.5485 17.0488
v 71.8107 54.7557 16.9609
v 71.8547 54.3037 17.055
v 71.4969 54.5171 16.9358
v 71.3023 54.7557 17.1241
v 71.2646 54.3351 17.0802
v 71.0888 54.5862 17.2999
v 71.0637 55.0381 17.5007
v 70.8126 54.8373 17.62
v 70.6118 55.1637 18.1096
v 70.5364 54.6238 17.7267
v 70.3293 54.944 18.2226
v 70.3419 55.4148 18.4486
v 70.6557 55.6533 18.3984
v 71.0575 55.5152 18.4674
v 70.1347 55.6596 18.7185
v 70.0594 55.1888 18.549
v 69.8585 55.4462 18.8252
v 69.8397 55.0193 18.6746
v 69.6012 55.239 18.9445
v 69.4254 55.5843 19.114
v 69.1304 55.352 19.1265
v 68.7161 55.5278 19.2458
v 68.7914 55.0884 19.0826
v 68.3897 55.2704 19.1642
v 68.0821 55.578 19.3525
v 68.0821 55.0319 19.0826
v 67.7494 55.3143 19.3399
v 67.5799 55.6659 19.6287
v 67.2284 55.3959 19.5659
v 66.9208 55.6533 19.8923
v 66.9459 55.17 19.6161
v 66.6258 55.421 19.8923
v 66.3119 55.7161 20.0618
v 65.9102 55.4022 19.8547
v 65.6465 55.7161 20.0932
v 65.6152 55.17 19.8547
v 65.4017 55.5215 20.2438
v 65.1444 55.7035 20.3819
v 65.1193 55.2955 20.3129
v 64.8933 55.5089 20.5075
v 64.6485 55.7537 20.6895
v 64.6108 55.2892 20.5891
v 64.3723 55.5466 20.7711
v 63.9831 55.239 20.5451
v 63.619 55.4022 20.564
v 63.6881 55.0068 20.5451
v 63.3554 55.1951 20.6205
v 63.0917 55.4399 21.3423
v 63.4621 55.7286 21.4302
v 63.0227 54.9377 20.5891
v 62.8218 55.2265 21.4616
v 62.8532 55.6533 22.2714
v 62.577 55.4399 22.3341
v 62.1753 55.5843 22.8175
v 62.2757 55.2013 22.353
v 61.8928 55.3646 22.8928
v 61.6919 55.6972 23.2632
v 61.3592 55.4336 23.2067
v 60.8759 55.6219 23.6586
v 61.0579 55.2013 23.238
v 60.5746 55.3897 23.6586
v 60.0975 55.5215 23.8093
v 60.2545 55.1323 23.6461
v 59.7648 55.2641 23.7842
v 59.4384 55.5278 24.0792
v 59.0869 55.2516 23.9348
v 58.7479 55.5089 24.1796
v 58.8107 55.0381 23.9725
v 58.4341 55.2641 24.1671
v 58.1516 55.5843 24.3679
v 58.1391 55.0319 24.1985
v 57.8126 55.3206 24.3428
v 57.7562 55.7161 24.4935
v 57.4862 55.5027 24.5814
v 57.1347 55.7098 24.7446
v 57.1535 55.2453 24.5374
v 56.8397 55.4775 24.7257
v 56.4317 55.6345 24.8952
v 56.5384 55.239 24.7257
v 56.099 55.3708 24.8701
v 55.7098 55.534 24.9454
v 55.7788 55.1197 24.8262
v 55.4085 55.3018 24.914
v 55.3583 55.6094 24.9517
v 55.057 55.3708 24.9266
v 55.057 55.7161 24.9957
v 54.7243 55.4587 24.9643
v 54.4606 55.6282 25.0019
v 54.379 55.1888 24.9392
v 54.1405 55.3771 25.0145
v 53.8392 55.6094 25.0773
v 53.8015 55.1135 24.914
v 53.5316 55.3708 24.9957
v 53.1864 55.5152 25.1714
v 53.1738 55.0884 24.9015
v 52.86 55.2578 25.0898
v 52.8223 55.7412 25.1337
v 52.4645 55.4587 25.0459
v 52.5147 54.9879 24.9768
v 52.0942 55.17 24.8889
v 51.7426 55.4775 24.9768
v 51.7426 54.8938 24.8136
v 51.4099 55.2202 24.9454
v 51.3409 55.7475 25.0961
v 51.0208 55.4964 25.0647
v 50.6379 55.6784 25.2467
v 50.7383 55.2767 25.0835
v 50.3052 55.421 25.2154
v 49.9913 55.7098 25.6171
v 49.5519 55.3708 25.3597
v 49.1878 55.6219 25.8305
v 49.2318 55.1135 25.3535
v 48.8489 55.3583 25.8242
v 48.6354 55.7475 25.8996
v 48.3279 55.5089 25.8807
v 47.901 55.6847 25.9435
v 47.9889 55.2453 25.7301
v 47.5369 55.3959 25.8556
v 47.6248 54.9565 25.6548
v 47.1854 55.1197 25.7866
v 47.0034 55.5278 25.9247
v 46.6707 55.2704 25.8619
v 46.4761 55.6784 26.0188
v 46.1434 55.4148 25.9498
v 46.3317 55.0068 25.8117
v 45.8044 55.1511 25.9561
v 45.5471 55.5215 25.9498
v 45.252 55.2892 25.9247
v 45.0198 55.5968 25.9498
v 44.9319 55.0381 25.8682
v 44.6997 55.3457 25.9247
v 44.2351 55.5215 25.9623
v 44.3858 55.1009 25.8933
v 43.9025 55.2641 25.9372
v 43.576 55.5654 25.9184
v 43.5447 54.9879 25.8305
v 43.2873 55.3394 25.8807
v 42.986 55.6721 26.0063
v 42.9358 55.0632 25.818
v 42.6596 55.4148 25.9749
v 42.3018 55.1386 25.8305
v 42.1009 55.4901 25.8431
v 42.0758 55.465 26.5336
v 41.7745 55.2327 25.8368
v 41.7745 55.2327 26.5838
v 41.5611 55.6219 26.8286
v 41.2472 55.3771 26.8474
v 40.7576 55.5466 26.9604
v 40.9334 55.1323 26.8286
v 40.3119 55.2013 26.6214
v 40.5379 54.8247 26.6842
v 39.973 54.9314 26.6089
v 39.86 55.421 26.2887
v 39.6591 55.2578 26.5398
v 39.4143 55.5529 26.4017
v 39.4457 55.0946 26.7281
v 39.1758 54.8812 26.7595
v 38.9561 55.1951 26.8411
v 39.2511 55.421 26.7846
v 38.592 55.3897 27.042
v 38.1902 55.6031 26.7156
v 38.1212 55.0256 26.703
v 37.6755 55.2013 26.2636
v 37.55 55.6659 27.1111
v 38.2154 54.6113 26.5775
v 37.7132 54.6992 26.4708
v 37.4244 55.0068 26.3452
v 37.393 54.4481 25.7301
v 36.7528 55.0444 25.9686
v 37.142 55.3457 26.1569
v 36.8532 54.5548 25.7364
v 36.4891 54.8373 26.0879
v 36.5393 54.31 25.774
v 37.0729 54.197 25.7112
v 37.4809 53.5567 25.7677
v 37.1985 53.337 25.8431
v 36.9348 54.0903 26.182
v 36.9223 53.6007 26.3829
v 36.6837 53.8957 26.339
v 36.5833 53.337 25.6045
v 37.4809 52.9855 25.2091
v 37.437 52.9541 25.7866
v 37.1294 52.7156 25.0835
v 37.6692 52.5775 25.0396
v 37.3303 52.3139 24.9831
v 36.803 52.452 25.0082
v 36.985 52.0439 24.914
v 36.464 52.1883 24.9894
v 36.2443 52.59 25.1777
v 36.1564 51.9498 24.958
v 35.9493 52.3578 25.8305
v 35.8802 52.7846 25.4602
v 36.1753 53.0169 25.4037
v 36.0497 53.3998 25.5669
v 35.7422 52.6779 25.8493
v 35.127 52.6779 25.5543
v 36.6335 51.7677 24.8576
v 36.2694 51.4853 24.7697
v 35.8614 51.7175 24.9831
v 35.3467 51.887 25.1714
v 35.5162 51.4476 24.9831
v 35.0579 51.661 25.1902
v 34.9136 52.0251 25.4539
v 34.4679 52.1632 25.4602
v 34.2482 52.521 25.5229
v 34.1226 51.887 25.4037
v 33.9908 52.3139 25.6359
v 33.5012 52.4959 25.7175
v 33.633 52.0377 25.5669
v 33.225 52.2825 25.7677
v 33.1811 52.7533 26.1695
v 33.5263 53.0232 26.2385
v 33.1057 53.2931 26.5084
v 33.3819 53.5065 26.4582
v 33.8778 53.2931 26.3139
v 34.2419 53.0797 26.6403
v 34.2921 53.6195 26.5775
v 34.6625 52.8411 26.4645
v 35.0642 53.155 26.7219
v 35.24 52.7658 26.521
v 35.2714 52.3076 26.2825
v 35.466 52.4582 25.9874
v 35.535 52.9981 26.4896
v 34.6436 53.8957 26.6842
v 33.9532 53.9522 27.0608
v 34.38 54.2849 27.3747
v 35.1647 54.3037 27.1864
v 34.7253 54.5611 27.4186
v 35.2965 55.0005 27.2429
v 35.4597 54.536 27.1927
v 35.535 54.0903 27.3935
v 35.8614 54.3477 27.4751
v 36.282 54.1091 27.3998
v 36.1816 53.5002 27.2617
v 36.2883 53.5818 26.8223
v 36.3573 53.155 26.5649
v 36.7653 53.9585 27.2178
v 36.5958 54.3539 27.3496
v 36.8595 54.5611 27.2115
v 36.0999 55.0319 27.1487
v 36.6963 55.0005 27.2617
v 37.142 54.7808 27.1675
v 37.3554 55.5152 27.3684
v 36.3448 55.2265 27.0043
v 36.0874 55.6219 27.6132
v 35.6103 55.2453 27.224
v 35.8363 54.831 27.3245
v 35.2714 55.5968 27.0043
v 35.0266 55.4022 27.1864
v 34.7755 55.2013 27.2931
v 34.6123 55.6784 27.563
v 34.2733 55.421 27.5128
v 34.0661 55.2578 27.7639
v 33.746 55.5403 28.0338
v 33.7837 55.0319 27.8141
v 33.4259 55.2892 28.0275
v 33.2689 55.6847 28.2472
v 32.9614 55.4399 28.2221
v 32.7793 55.7412 28.4544
v 32.4717 55.5027 28.4544
v 32.0261 55.6282 28.6615
v 32.1579 55.2578 28.4418
v 31.7059 55.3771 28.6301
v 31.6055 55.7224 28.8247
v 31.2791 55.465 28.7808
v 30.9213 55.6533 28.944
v 30.8209 55.1072 28.4858
v 30.3815 55.2265 28.4042
v 30.2622 54.6678 27.9208
v 30.9903 54.8184 28.4795
v 30.4819 54.4167 27.9522
v 29.9232 53.9836 27.3559
v 31.1787 54.4858 28.3539
v 30.7393 54.1468 28.015
v 31.3105 54.1468 28.1468
v 30.9213 53.8455 27.9271
v 31.4862 53.7702 27.8455
v 31.1222 53.4877 27.7388
v 30.3375 53.3872 27.2994
v 30.6451 53.1173 27.3747
v 30.1492 52.7281 26.9416
v 29.9169 53.0608 27.0169
v 30.0927 53.6446 27.3119
v 29.6282 53.2805 27.0043
v 29.3834 53.5567 26.8851
v 29.647 54.1907 27.268
v 29.2013 53.8392 26.929
v 29.2202 54.3225 27.155
v 29.4399 55.013 27.3998
v 29.0758 54.7306 27.268
v 29.0884 55.283 27.5379
v 29.534 55.6345 27.8957
v 28.9942 55.7224 27.8204
v 28.6615 55.4587 27.745
v 28.1782 55.6533 27.9585
v 27.7827 55.3457 27.7639
v 28.2974 55.1762 28.3351
v 28.3979 54.7431 28.1593
v 27.9647 54.9126 28.2912
v 27.3684 55.0193 28.197
v 27.0922 55.3708 28.0212
v 26.8349 55.17 28.1844
v 26.226 55.2767 28.015
v 26.3955 54.8247 27.902
v 25.9372 55.0507 28.0715
v 25.6987 55.421 28.0903
v 26.0565 55.7035 28.2221
v 25.2154 55.5905 28.3539
v 25.3974 55.1825 28.084
v 24.8889 55.3332 28.3602
v 24.6692 55.6659 28.4355
v 24.3428 55.4148 28.379
v 23.9097 55.6031 28.3477
v 24.0039 55.1449 28.3665
v 23.5707 55.3394 28.3414
v 23.4138 55.6533 28.6427
v 23.1376 55.4336 28.6741
v 22.9305 55.7537 28.7996
v 22.5789 55.4775 28.7306
v 22.1144 55.6282 28.7871
v 22.24 55.2139 28.718
v 21.8508 55.421 28.9691
v 22.0014 55.0319 28.8624
v 21.7566 54.8373 28.9942
v 21.6311 55.2516 29.1574
v 21.3926 55.6031 29.2578
v 21.3926 55.0695 29.3394
v 21.2105 55.465 29.4964
v 21.0975 54.8373 29.465
v 20.9657 55.2767 29.7161
v 20.8088 55.647 29.8605
v 20.6895 55.0632 29.8102
v 20.5828 55.4713 30.0299
v 20.3066 55.2516 30.099
v 20.0932 55.647 30.3061
v 19.817 55.4336 30.3877
v 20.0492 55.0507 30.1869
v 19.4843 55.17 30.3877
v 19.3148 55.578 30.576
v 19.0198 55.3457 30.5886
v 18.7436 55.6847 30.6263
v 18.4423 55.4524 30.6012
v 18.141 55.7286 30.6263
v 18.0908 55.1762 30.5572
v 17.8146 55.4775 30.5698
v 17.7267 54.8938 30.4693
v 17.4631 55.2076 30.5007
v 17.2371 55.5843 30.576
v 16.9169 55.3332 30.5698
v 16.6721 55.7161 30.7393
v 16.3646 55.4775 30.7957
v 16.6156 55.0946 30.6137
v 16.0444 55.2265 30.8209
v 15.8122 55.6784 30.9527
v 15.5297 55.4587 30.9841
v 15.7368 54.9879 30.7769
v 15.1719 55.1825 30.8962
v 14.9647 55.5215 31.0782
v 14.6258 55.2578 30.9966
v 14.3308 55.5215 31.1598
v 14.2805 54.9879 30.915
v 13.9479 55.2202 31.0343
v 13.8914 55.691 31.323
v 13.5336 55.4085 31.21
v 13.2385 55.6972 31.323
v 13.1507 55.1072 31.0908
v 12.8745 55.4085 31.2414
v 12.5543 55.6156 31.3356
v 12.5418 55.1511 31.141
v 12.1902 55.3269 31.2414
v 11.9768 55.7098 31.4297
v 11.619 55.4336 31.3293
v 11.2738 55.7349 31.6494
v 11.2487 55.1449 31.2226
v 10.9411 55.4713 31.6118
v 10.6272 55.2265 31.5741
v 10.3385 55.5717 31.9821
v 10.3008 54.9754 31.6055
v 10.0183 55.3206 31.9821
v 9.71077 55.5843 32.2081
v 9.69194 55.0632 31.9319
v 9.36552 55.3143 32.1704
v 9.08933 55.6407 32.5094
v 8.75036 55.3708 32.4404
v 8.45533 55.6972 32.6915
v 8.41139 55.1072 32.409
v 8.1352 55.4462 32.6663
v 7.81506 55.1951 32.591
v 7.46982 55.5089 32.7982
v 7.41333 54.8812 32.4341
v 7.06181 55.1888 32.6098
v 6.93626 55.578 32.7982
v 6.54708 55.2767 32.6663
v 6.33993 55.6596 32.7291
v 5.9633 55.3646 32.5785
v 5.69966 55.7349 32.6161
v 5.32931 55.4462 32.4717
v 5.54901 55.0444 32.3713
v 4.95896 55.1574 32.3964
v 4.70787 55.5278 32.4529
v 4.33752 55.239 32.3274
v 4.11154 55.5654 32.409
v 3.75374 55.2892 32.3337
v 3.99855 54.9816 32.2395
v 3.34573 54.9691 32.1391
v 3.24529 55.4524 32.3901
v 2.81217 55.1197 32.1328
v 2.51086 55.4336 32.2646
v 2.42926 54.8184 31.9884
v 2.22211 55.2076 32.2583
v 2.0338 55.6282 32.3023
v 1.71994 55.3834 32.3211
v 1.41236 55.6659 32.6475
v 1.7576 54.8498 32.6161
v 2.30372 54.718 32.3964
v 2.54225 54.3414 31.8252
v 2.86866 54.0966 31.7624
v 2.98793 53.6195 31.5678
v 3.18252 53.1989 31.367
v 3.80396 53.1362 31.4486
v 3.96089 52.7721 31.3293
v 3.97344 52.2009 31.1222
v 4.24964 51.8619 30.9338
v 4.6451 51.6296 30.802
v 5.04684 51.4413 30.7204
v 5.0029 50.8387 30.4317
v 5.46113 50.6316 30.3061
v 5.66828 50.2424 30.0802
v 5.98841 50.029 29.9483
v 6.27088 49.7402 29.8291
v 6.31482 49.2632 29.5152
v 6.66007 49.0372 29.4085
v 6.77306 48.6229 29.1825
v 6.99903 48.1647 28.9879
v 7.30661 47.8257 28.8373
v 7.49493 47.4177 28.7243
v 8.02849 47.311 28.5171
v 8.16031 46.8653 28.2786
v 8.22308 46.3694 27.7827
v 8.40512 45.9551 27.4751
v 8.46789 45.5031 27.2805
v 9.00772 45.3901 27.0671
v 9.02656 44.8942 26.7156
v 9.2337 44.5741 26.5398
v 9.30903 44.1975 26.1758
v 9.62916 43.915 25.9247
v 9.88653 43.6137 25.8054
v 10.0874 43.2245 25.7615
v 10.4013 43.4693 25.6924
v 10.69 43.1366 25.818
v 11.1671 42.9232 25.5418
v 10.9411 42.7475 25.7991
v 11.3052 42.4587 25.5104
v 11.506 42.6156 25.3158
v 11.4495 41.9942 25.253
v 11.55 41.5674 25.1337
v 11.9329 41.3163 24.9392
v 11.958 40.8204 24.5939
v 12.2907 40.6132 24.4433
v 12.4225 40.2931 24.2675
v 12.479 39.86 23.9976
v 12.8619 40.1613 24.0604
v 13.2009 40.4249 24.1608
v 13.7344 40.8455 24.6002
v 13.9667 40.5818 23.8909
v 14.0985 41.128 23.2757
v 14.2868 40.8329 23.1188
v 14.7764 40.7011 22.9932
v 15.0777 40.4061 22.5413
v 15.31 39.9792 22.5036
v 15.4355 39.4645 22.2588
v 15.0966 39.2009 22.2337
v 14.7702 38.9435 22.1898
v 14.7639 38.3409 22.4848
v 14.3559 38.0208 22.3341
v 14.7137 37.2298 22.2023
v 15.0589 37.4998 22.2651
v 15.3225 37.7069 22.0893
v 15.5611 37.8889 21.8696
v 15.7871 37.5374 21.9387
v 15.5422 37.8764 21.1478
v 16.0946 37.7822 21.1415
v 16.3897 37.5311 21.3988
v 15.8812 38.14 21.154
v 16.3959 38.0208 21.0787
v 16.9232 37.4621 20.6456
v 17.0676 37.0039 20.4322
v 17.2057 36.5582 20.1811
v 16.8793 36.3071 20.1748
v 16.534 36.0372 20.156
v 16.2265 35.7986 20.1622
v 15.8749 35.5224 20.112
v 15.4481 35.1835 19.93
v 15.0526 34.8759 19.7605
v 14.6383 35.1019 19.9614
v 14.7011 34.5997 19.6663
v 14.9585 34.2356 19.3839
v 14.9585 33.7335 19.0323
v 15.1468 33.3066 18.7122
v 15.6427 33.1371 18.3732
v 15.7996 32.7228 18.3293
v 16.0758 32.9363 18.2728
v 16.4022 32.6977 18.4109
v 16.7914 32.4341 18.1096
v 16.9232 31.9759 17.8711
v 16.986 31.4737 18.0154
v 17.3752 31.7813 18.1849
v 17.7957 31.5992 18.1159
v 17.9025 31.1222 17.8648
v 18.1975 31.3544 17.7832
v 18.2854 30.8836 17.3187
v 18.2728 30.3375 16.9107
v 18.0971 29.7098 16.8353
v 17.8146 29.4964 16.8856
v 17.5133 29.2516 16.9421
v 17.8836 28.9628 16.8793
v 18.5741 28.4042 16.6596
v 18.957 28.2912 16.6972
v 19.0198 27.8643 16.0946
v 19.2709 28.0589 15.9252
v 19.3776 27.7639 15.4795
v 19.3211 27.3747 15.3477
v 19.0072 27.1299 15.3163
v 18.6997 26.8914 15.3414
v 18.6055 26.4771 15.2347
v 19.001 26.3139 15.084
v 19.4718 26.2134 14.9647
v 19.7542 25.9498 14.7953
v 19.8547 25.592 14.7011
v 20.1748 25.3032 14.5818
v 20.6267 25.1337 14.5944
v 21.0348 24.9329 14.5128
v 21.2607 24.6002 14.4563
v 21.6185 24.3177 14.381
v 21.832 23.9913 14.2115
v 22.1458 23.7716 14.1927
v 22.4032 23.5833 14.0295
v 22.5789 23.2694 13.9227
v 22.7986 22.9932 13.5901
v 23.1125 22.8049 13.7093
v 23.5205 22.7422 13.8411
v 23.8281 22.4722 13.6465
v 24.0917 22.1395 13.5147
v 24.0855 21.6374 13.1632
v 24.3177 21.3361 12.9749
v 24.6316 21.0348 12.7929
v 25.0333 20.8527 12.6861
v 25.1651 20.4824 12.5418
v 25.1714 20.0806 12.4162
v 25.5355 20.3694 12.4853
v 25.8619 20.1622 12.3974
v 26.2134 19.9614 12.3095
v 26.5838 20.2501 12.4602
v 26.6591 20.7837 12.7364
v 27.0295 21.0787 12.818
v 27.3684 21.3361 12.887
v 27.7325 21.6248 12.9561
v 27.7827 22.1207 13.1632
v 27.5128 22.3153 13.339
v 27.8769 22.6041 13.4645
v 27.6572 22.9116 13.5963
v 28.0338 23.2067 13.6779
v 28.423 23.508 13.7909
v 28.4167 23.9976 14.0295
v 28.084 24.2863 14.1738
v 28.1656 24.8262 14.3684
v 28.1028 25.2781 14.5253
v 27.789 25.5732 14.607
v 28.2221 25.9121 14.7953
v 28.2912 26.4771 15.197
v 28.6552 26.7658 15.2912
v 28.6992 27.1738 15.31
v 28.7306 27.6383 15.3916
v 28.4669 27.8769 15.5171
v 28.2409 28.1531 15.6678
v 28.0024 28.3602 15.7745
v 28.1091 28.9063 15.9942
v 27.858 29.2013 16.17
v 27.563 29.534 16.3143
v 27.3747 29.8981 16.5278
v 27.042 30.1555 16.6721
v 26.6403 30.3626 16.7788
v 26.2323 30.5949 16.7788
v 25.8682 30.7393 16.9232
v 25.7929 31.1661 16.9734
v 25.3472 31.2916 17.0362
v 25.2467 31.6808 17.0927
v 25.3472 32.1014 17.2999
v 25.5606 32.6098 17.8334
v 25.8996 32.5345 17.8209
v 26.2699 32.8233 17.9213
v 26.2574 33.1622 18.028
v 26.4268 33.6707 18.2791
v 26.8035 33.9657 18.4549
v 26.5712 34.2545 18.6997
v 26.6591 34.7378 18.9507
v 27.0608 35.0517 19.1077
v 26.7721 35.3341 19.4341
v 27.1927 35.6668 19.6475
v 26.9604 36.0686 19.9488
v 27.0295 36.7088 20.3631
v 27.3496 36.9536 20.4447
v 27.3182 37.4182 20.6393
v 27.6823 37.7006 20.7272
v 28.0275 37.9768 20.8088
v 28.5297 37.8827 20.8778
v 29.0633 37.7195 21.2356
v 29.5591 37.5186 21.3298
v 29.5843 37.029 21.3172
v 30.0299 36.9599 21.4114
v 30.0174 36.4766 21.3926
v 29.9797 36.0686 21.311
v 29.9672 35.717 21.2294
v 29.5968 35.4283 21.154
v 29.6094 35.0893 21.0913
v 29.2327 35.1458 21.085
v 29.2955 34.8445 21.0787
v 29.3708 34.4365 21.0661
v 29.5466 34.0975 21.0348
v 29.5466 33.6205 20.9469
v 29.9734 33.5138 20.8653
v 30.394 33.3003 20.8841
v 30.733 33.043 20.746
v 31.1222 32.8295 20.5954
v 31.254 32.4278 20.3506
v 31.5365 32.0826 20.1811
v 31.4988 31.5616 20.0053
v 31.6934 31.2477 19.8609
v 31.6871 30.846 19.7103
v 31.3042 30.5509 19.6412
v 31.4988 30.2559 19.5534
v 31.844 30.0739 19.4592
v 32.0888 29.8291 19.4215
v 32.4969 30.1492 19.5785
v 32.7668 29.9797 19.4592
v 32.8672 30.4379 19.6852
v 33.225 30.7141 19.7668
v 33.633 31.0343 19.9363
v 33.9532 31.2854 19.9676
v 33.677 31.5113 20.0869
v 33.6456 31.9319 20.0367
v 34.0097 32.2207 20.0806
v 33.7837 32.4906 20.1873
v 34.1415 32.7668 20.2752
v 34.4302 32.5471 20.3192
v 34.3737 32.0575 20.9029
v 34.675 31.8503 20.8778
v 34.3737 31.6118 20.9155
v 34.1164 31.8566 21.0724
v 34.3172 32.4592 20.7774
v 34.6688 31.4674 20.8527
v 35.0328 31.7499 20.9783
v 34.9638 31.1849 20.7084
v 35.3404 31.48 20.8904
v 35.6103 31.1535 20.564
v 35.1458 30.7895 20.2564
v 34.8947 30.5949 20.3882
v 34.8194 30.0299 20.7209
v 34.9952 29.6847 20.9908
v 35.0077 29.1511 20.9469
v 35.083 28.7117 20.8151
v 34.7315 28.4355 20.7523
v 34.3361 28.128 20.6016
v 34.2168 27.5567 20.4761
v 34.1164 27.0734 20.2125
v 33.79 27.224 20.2187
v 34.1164 26.6152 20.0304
v 34.0536 26.0879 19.6977
v 34.1164 25.6673 19.6412
v 33.8151 25.4288 19.6538
v 33.4447 25.14 19.5094
v 33.6079 24.8827 19.4215
v 33.1999 24.5625 19.2897
v 33.0995 23.9976 18.9507
v 32.886 23.395 18.7185
v 32.7793 22.8928 18.5678
v 32.9928 22.6794 18.4611
v 32.6412 22.4032 18.3607
v 32.7793 22.0705 18.1535
v 32.4404 21.8006 18.1284
v 32.0512 21.4993 17.9903
v 32.3023 21.2733 17.9903
v 32.591 21.041 18.0406
v 32.5031 20.5703 18.0719
v 32.8044 20.3317 17.9778
v 32.6475 19.7166 17.802
v 32.1767 19.8421 18.028
v 31.775 19.5282 17.8334
v 32.1014 18.8378 17.4191
v 32.252 18.5302 17.325
v 32.8107 18.4297 17.3312
v 33.0367 18.0845 17.2183
v 33.1685 17.6953 17.1115
v 33.338 17.4003 16.9797
v 33.6707 17.1806 16.7412
v 33.8778 16.8667 16.6784
v 34.3988 16.7977 16.6721
v 34.4742 16.465 16.5215
v 34.5055 16.0193 16.1762
v 34.8633 15.831 15.9565
v 35.1709 15.5987 15.6929
v 35.2023 15.197 15.492
v 35.4346 14.8706 15.1907
v 35.83 14.7137 14.8957
v 36.1125 14.4689 14.6572
v 36.2569 14.1864 14.224
v 35.943 13.9416 14.2052
v 36.1376 13.6465 13.6654
v 36.0372 13.1193 13.2636
v 36.0623 12.6987 12.9247
v 36.0246 12.297 12.6359
v 36.4201 12.1212 12.3911
v 36.8595 11.9705 12.0773
v 36.8846 11.5437 11.8073
v 37.1985 12.2342 12.1086
v 37.5437 12.4978 12.1463
v 37.9643 12.3848 12.0019
v 37.8764 12.7615 12.184
v 38.1902 13.0063 12.1965
v 38.4978 13.2448 12.1714
v 38.7929 13.4771 12.1526
v 39.1444 13.747 12.1902
v 39.5147 13.5901 11.8701
v 39.929 13.4959 11.6379
v 40.4061 13.3515 10.9223
v 40.5567 12.9686 10.6649
v 40.5944 12.4915 10.2192
v 40.1613 12.1589 9.98068
v 40.3684 11.8889 9.47223
v 40.0546 11.6504 9.49734
v 39.6842 11.3617 9.34041
v 39.3013 11.0666 9.21487
v 38.9435 10.7842 9.17093
v 38.6485 10.5519 9.18976
v 38.2656 10.2569 9.10188
v 37.8764 9.95558 9.03283
v 37.5688 9.71704 9.05794
v 37.2675 9.48479 9.10188
v 37.0604 9.74215 9.57895
v 37.437 9.14582 8.80058
v 37.7508 8.94495 8.39256
v 37.776 8.53694 8.09126
v 37.8576 8.23563 7.77112
v 38.0333 7.92178 7.35683
v 38.4351 7.81506 7.02414
v 38.3848 7.36311 6.66634
v 38.297 6.87977 6.31482
v 38.6422 6.65379 6.03235
v 38.9937 6.92998 6.07001
v 39.4268 6.78561 5.39208
v 39.7093 6.49058 5.02173
v 39.7219 6.07001 4.8648
v 39.6968 5.59295 4.59488
v 39.3578 5.32931 4.51956
v 38.9623 5.02173 4.37518
v 39.4268 4.92757 4.35007
v 39.6842 4.70159 4.01738
v 39.973 4.55722 3.83534
v 40.0357 4.13665 3.32689
v 40.4312 4.44423 3.42105
v 40.7702 4.70159 3.47127
v 41.0966 4.95268 3.42733
v 41.5611 4.87108 3.10092
v 41.8938 4.70159 2.5548
v 42.2892 4.59488 2.30372
v 42.5278 4.30613 2.3916
v 42.2013 4.05505 2.43554
v 42.3457 3.72863 2.28489
v 41.9252 3.40222 2.06519
v 42.0884 3.09464 1.3182
v 41.5485 3.11347 1.2366
v 41.6803 2.7745 1.16127
v 41.2598 2.45437 0.998068
v 40.8894 2.16562 0.853694
v 40.902 1.79527 0.470787
v 40.4375 1.82038 0.577499
v 40.9899 1.36214 0.357798
v 41.1782 1.04201 0.156929
v 41.2849 0.721873 0.194592
v 41.5234 1.31193 0.225978
v 41.7368 1.07339 0.42057
v 41.9 1.60068 0.351521
v 42.5654 1.71366 0.790922
v 42.3959 1.98986 0.753259
v 42.8228 2.31627 0.991791
v 43.055 2.09657 1.11733
v 43.2434 2.64268 1.19266
v 43.5572 2.48576 1.5128
v 43.7455 3.02559 1.52535
v 43.9213 2.76195 1.61951
v 44.254 3.02559 1.63206
v 44.5553 3.25785 1.62578
v 44.4737 3.59681 1.68856
v 44.9445 3.55915 1.80782
v 45.365 3.88556 1.96475
v 45.3211 4.24964 2.09657
v 45.817 4.23081 2.21584
v 46.1999 4.53211 2.34766
v 46.0932 4.84597 2.38532
v 46.6079 4.84597 2.50459
v 46.4698 5.14099 2.54225
v 46.9908 5.14099 2.61758
v 47.311 5.39208 2.62385
v 47.6185 5.63061 2.57991
v 47.9198 5.85659 2.54853
v 48.2149 6.08885 2.5297
v 48.5287 6.32738 2.51714
v 48.8677 6.5973 2.5297
v 49.2129 6.86094 2.53597
v 49.5393 7.11202 2.51714
v 49.8155 7.33172 2.40415
v 50.1168 7.5577 2.34138
v 50.4809 7.84645 2.41671
v 50.3428 8.1352 2.46692
v 50.4872 8.71898 2.59874
v 50.6127 9.30903 2.54853
v 50.9078 9.54128 2.48576
v 51.2216 9.78609 2.45437
v 51.6485 9.61661 2.32255
v 51.9184 9.35925 2.29744
v 52.1004 9.50362 2.00869
v 52.3892 9.72332 1.95847
v 51.9372 9.84259 2.2535
v 51.4915 9.99324 2.28489
v 51.0898 10.5017 2.93771
v 50.7759 10.2632 3.00048
v 50.5249 10.508 2.76823
v 50.8262 10.7402 3.43988
v 51.2844 10.6586 3.38339
v 51.705 10.5456 3.19507
v 51.4351 10.3322 3.28295
v 51.0961 10.0686 3.25157
v 51.8996 10.3071 3.19507
v 52.0125 10.7779 3.19507
v 52.226 10.5582 3.22646
v 52.408 10.2004 3.31434
v 52.8662 10.0937 3.03187
v 52.5336 10.803 3.19507
v 53.0232 10.6774 3.18252
v 53.155 10.3134 2.95654
v 53.3496 10.4703 2.70546
v 53.6948 10.7339 2.7494
v 54.1091 11.0541 2.88749
v 54.5862 11.4182 3.21391
v 54.944 11.7006 3.30179
v 55.2453 11.9329 3.22646
v 55.2641 12.4162 3.15741
v 55.534 12.1526 3.15741
v 55.7788 12.3472 3.01304
v 56.0048 12.5229 2.81844
v 54.9942 12.2091 3.26412
v 54.5674 12.3723 3.44616
v 54.7243 11.9957 3.40222
v 54.2661 12.14 3.54032
v 54.1593 12.4413 4.30613
v 53.902 12.6861 4.22453
v 53.8894 13.113 4.55722
v 53.1362 12.5292 4.32496
v 53.5065 12.3786 4.02366
v 53.1801 12.1212 3.97972
v 52.8035 12.2718 4.35007
v 52.747 12.6987 4.71415
v 53.1801 13.0314 4.90874
v 52.408 12.8493 5.0029
v 52.8537 13.1946 5.31675
v 53.2052 13.4708 5.41719
v 53.6195 13.3704 5.14727
v 53.9522 13.6277 5.24771
v 54.4858 13.5712 5.14727
v 54.3539 13.9416 5.42974
v 54.8247 13.8349 5.17238
v 54.9503 13.4959 5.14727
v 54.9754 13.0753 4.71415
v 55.2327 13.7156 5.03428
v 55.5717 13.5336 4.63882
v 55.5529 13.1381 4.87735
v 55.1323 12.8054 4.72042
v 55.7161 12.7615 4.90246
v 55.3143 12.4476 4.73298
v 56.0048 12.9812 4.82714
v 55.9609 13.452 4.38146
v 56.3689 13.2699 4.22453
v 56.2747 13.6968 4.31241
v 56.6388 13.4771 4.06132
v 56.4254 12.8493 3.78513
v 56.1366 12.6234 3.81651
v 56.7267 13.0753 3.73491
v 57.0092 13.295 3.67214
v 57.3042 13.5273 3.58426
v 57.6745 13.8098 3.66586
v 58.0261 14.0859 3.71608
v 58.3839 14.3621 3.77885
v 58.6977 14.607 3.74746
v 59.0806 14.902 3.91695
v 59.4447 15.1845 4.02366
v 59.7711 15.4355 4.04249
v 60.0787 15.6741 4.04249
v 59.9532 16.0444 4.31241
v 60.3988 16.3897 4.54466
v 60.9575 16.352 4.5886
v 60.832 16.7286 4.79575
v 61.5852 16.8416 5.27281
v 62.1376 17.2622 5.77499
v 62.4703 17.5258 5.76871
v 62.7842 17.7706 5.77499
v 63.1043 18.0154 5.76871
v 63.4307 18.2665 5.78754
v 63.7195 18.4925 5.75616
v 64.027 18.731 5.75616
v 64.3158 18.957 5.71222
v 64.6234 19.1956 5.66828
v 64.887 19.3964 5.49879
v 65.1695 19.6161 5.37953
v 65.4771 19.8547 5.34186
v 65.747 20.0681 5.22887
v 66.0357 20.2878 5.14727
v 66.4249 20.5891 5.35442
v 66.7137 20.8151 5.29792
v 67.0463 21.0724 5.34814
v 67.3351 21.2921 5.29792
v 67.7368 21.5997 5.46741
v 68.0193 21.8257 5.35442
v 68.3206 22.0517 5.28537
v 68.7035 22.353 5.43602
v 68.9672 22.5601 5.31048
v 69.2559 22.7798 5.24143
v 68.8981 22.9744 5.74988
v 68.7851 23.3887 5.91308
v 68.7286 23.7277 6.17045
v 68.6659 24.1168 6.48431
v 68.5968 24.506 6.71028
v 68.8856 24.732 6.63496
v 69.1492 24.9392 6.6224
v 69.4693 24.7383 6.86721
v 69.7455 24.958 6.7605
v 70.0657 25.2028 6.73539
v 69.802 25.4413 6.5973
v 69.7957 25.9121 6.38387
v 70.1284 26.1695 6.38387
v 69.6828 26.2448 6.57219
v 69.576 26.5901 6.79816
v 69.4254 26.0439 6.66007
v 69.3187 26.3955 6.94254
v 69.3312 26.8474 6.96765
v 69.8397 26.7972 7.41333
v 69.5321 27.0043 7.44471
v 69.9527 27.3308 7.64558
v 70.367 26.7721 7.37566
v 70.5302 26.4833 7.32545
v 70.888 26.7595 7.43216
v 71.3274 26.6214 7.17479
v 71.7291 26.4896 6.99903
v 72.3129 26.5022 7.13085
v 72.6142 26.3515 7.4196
v 72.6393 26.7533 7.18107
v 72.6079 27.1738 7.53887
v 72.4008 27.4563 7.51376
v 73.0285 27.9396 7.50748
v 72.9092 28.3225 7.01787
v 73.2733 28.1342 7.38194
v 73.3863 28.6929 7.33172
v 73.4114 29.1323 7.10575
v 73.7252 29.3771 7.06181
v 73.9826 29.1574 7.31289
v 74.5789 28.7055 7.04925
v 74.7735 28.4104 6.95509
v 74.8677 28.0966 6.8421
v 75.0937 28.6615 6.94254
v 75.4075 28.9 6.96765
v 75.7716 29.1825 7.10575
v 76.098 29.4336 7.16852
v 76.4558 29.7161 7.23129
v 76.9392 30.0927 7.6142
v 76.6378 30.2936 7.34428
v 76.9643 30.5509 7.37566
v 77.2907 30.802 7.44471
v 77.5794 30.5886 8.34862
v 78.0314 30.9338 8.67504
v 78.703 30.5572 8.68759
v 78.8286 30.1931 8.44278
v 79.2115 30.4819 8.59343
v 79.5316 30.733 8.59343
v 79.8455 30.9778 8.58716
v 80.1719 31.2289 8.60599
v 80.4481 31.4423 8.52438
v 80.7619 31.6871 8.54322
v 81.0695 31.9256 8.5746
v 81.2955 32.1014 8.39256
v 81.5968 32.3337 8.34862
v 81.9044 32.5722 8.28585
v 81.6721 32.8609 8.32979
v 82.1178 33.7084 8.33607
v 81.4524 33.1936 8.29213
v 81.5905 33.6895 8.90101
v 82.1806 33.7586 9.22743
v 82.6451 33.6142 9.13955
v 82.4882 33.9971 9.22743
v 82.9338 33.8402 9.13327
v 83.0719 33.0681 8.5746
v 82.394 33.4196 9.25881
v 83.1535 34.0034 8.88218
v 83.5553 33.8464 8.46161
v 83.5804 34.3361 8.46161
v 84.0951 34.267 9.05794
v 84.3525 34.9324 9.49734
v 84.5282 35.5664 9.61033
v 84.1767 35.3027 9.44713
v 83.8001 35.014 9.30275
v 84.0826 35.6229 8.90101
v 84.4466 35.5099 8.66876
v 83.7499 34.9701 8.41767
v 83.5553 35.2086 9.17721
v 83.844 35.8802 8.81313
v 84.3399 35.8238 8.76919
v 84.1077 36.0811 8.7127
v 84.4843 36.3699 8.91357
v 83.5427 36.0874 9.37808
v 83.2414 35.8551 9.40319
v 83.028 36.1627 9.36552
v 83.3419 36.4075 9.41574
v 83.8252 36.7779 9.77354
v 83.1473 36.6774 9.34041
v 83.6745 37.0792 9.8928
v 84.2897 37.1357 9.4534
v 83.9319 37.2801 8.95123
v 82.9527 36.9599 9.42829
v 82.8585 37.3303 9.93674
v 83.3042 37.6755 10.238
v 83.6243 37.4746 10.3008
v 84.001 37.3303 9.93047
v 83.9194 37.7069 10.238
v 84.1642 37.8952 10.0811
v 84.6224 37.393 9.46596
v 84.7793 37.9329 9.4534
v 84.0072 37.776 8.95123
v 83.6683 37.5123 8.88846
v 83.6494 37.9454 8.89474
v 83.8001 38.5418 9.21487
v 83.4611 38.2781 9.12699
v 83.6934 38.8368 9.20232
v 83.2979 38.5292 9.648
v 82.8334 39.0565 9.17093
v 83.1975 39.339 9.32786
v 83.7122 39.2762 9.35297
v 83.141 39.7595 9.40946
v 83.7122 40.2052 9.32786
v 84.0449 39.5398 9.44085
v 83.5302 39.1381 9.69194
v 84.3713 39.3578 10.0183
v 83.2414 40.2743 9.92419
v 83.5176 41.0024 9.3718
v 82.7895 40.4375 9.88025
v 83.0719 41.1468 10.1627
v 83.2854 40.8204 10.3385
v 83.5553 40.5128 10.6774
v 83.3167 41.3351 10.7591
v 83.6243 41.5736 10.7214
v 84.0763 41.4355 10.7214
v 84.2207 41.0275 10.7716
v 84.3023 41.6113 10.5331
v 84.5157 41.2598 10.7214
v 84.6287 40.9145 10.7465
v 84.6789 40.4877 10.6272
v 83.9696 40.3998 10.6774
v 83.7499 39.7658 10.6649
v 84.1956 39.6465 10.5205
v 83.9319 39.4457 10.6649
v 84.7668 39.6654 10.2067
v 84.7605 39.6654 9.42202
v 85.0492 39.8851 10.1188
v 85.0932 39.9227 9.4534
v 85.0995 39.5461 9.46596
v 84.8107 39.3264 9.42829
v 85.4384 39.3327 9.39691
v 85.3505 38.8117 10.0246
v 85.0367 38.5669 9.98696
v 85.3505 38.3786 9.32786
v 85.0367 38.1337 9.32158
v 84.7668 38.3597 10.0937
v 84.5094 38.6108 10.2067
v 85.156 39.113 10.1878
v 85.0179 39.4833 9.92419
v 83.9005 38.1337 10.2632
v 83.6432 37.9392 10.351
v 83.1912 38.071 10.0183
v 82.8836 37.8262 10.0183
v 82.733 38.0898 9.78609
v 83.0845 38.366 9.89908
v 82.507 38.7991 9.84259
v 82.8083 39.0377 9.82376
v 82.5698 37.5939 10.1188
v 82.3501 37.7948 10.3573
v 81.9169 38.3534 9.90536
v 82.1931 38.5543 9.84259
v 82.0174 38.887 9.82376
v 82.1053 39.3892 9.37808
v 81.647 39.5524 9.42829
v 81.9295 39.7721 9.40946
v 82.2434 40.0169 9.3718
v 82.9464 39.6089 9.74843
v 82.3626 39.1569 9.88025
v 81.8416 40.1927 9.39691
v 82.1492 40.4312 9.32158
v 81.4901 40.4186 9.69821
v 81.9985 40.8078 10.1941
v 81.3771 40.7513 10.3573
v 81.1888 41.0212 10.1816
v 81.7475 41.4606 10.056
v 82.4379 41.1468 10.4452
v 82.5572 40.745 10.3134
v 82.5133 40.224 10.0183
v 81.9797 40.2931 10.464
v 81.9923 39.816 10.2569
v 81.534 39.9541 9.39063
v 82.8209 40.9522 10.2443
v 82.6765 41.3351 9.5099
v 82.9401 41.5422 10.1564
v 83.436 41.9252 10.5394
v 83.9068 41.7933 10.6712
v 83.9507 42.3269 10.3071
v 84.409 42.1825 10.3197
v 84.6161 41.8561 10.5394
v 84.7605 41.4481 10.5394
v 85.0618 41.2472 10.3761
v 85.2438 40.9271 10.4703
v 85.0492 40.3182 10.4138
v 84.3964 40.268 10.7402
v 84.8986 40.6572 9.61661
v 85.3694 40.563 10.4703
v 85.4949 40.2303 10.4201
v 85.633 40.7702 10.3259
v 85.7774 40.4563 10.351
v 85.7899 40.0797 10.3197
v 86.2105 39.929 10.464
v 85.972 39.295 9.96185
v 85.3694 39.2825 9.98068
v 85.7272 39.1067 9.35925
v 85.7021 38.6485 9.44713
v 86.2105 39.0502 9.9493
v 86.606 39.3515 10.1376
v 86.3988 38.7677 10.0058
v 86.0473 38.4978 9.89908
v 86.6185 38.4602 10.056
v 86.3298 38.2405 10.0246
v 86.4616 37.9015 9.85514
v 85.8527 37.8701 9.59778
v 86.0787 37.6002 9.68566
v 85.8151 37.3993 9.84259
v 85.6079 37.6818 9.79237
v 85.6016 38.1526 9.60406
v 85.0555 37.732 9.78609
v 84.9049 37.1357 9.53501
v 85.3631 37.4935 9.8928
v 85.5577 37.1985 9.99952
v 85.1999 36.9223 9.93674
v 85.4008 36.6335 9.0705
v 84.6852 36.9725 9.014
v 85.7648 36.916 9.95558
v 85.5263 36.7277 10.1062
v 85.1434 36.4326 9.93047
v 85.6456 36.4326 10.0623
v 85.3066 36.169 9.99324
v 84.8358 36.2004 9.96813
v 84.5722 36.4389 9.84886
v 84.886 36.6774 9.87397
v 84.6789 36.9599 9.79865
v 85.0367 35.9619 10.1
v 85.2438 35.6166 10.1439
v 85.6016 35.8928 10.2004
v 85.4886 35.3404 10.1753
v 85.8402 35.6103 10.2129
v 85.9971 36.7088 10.1251
v 86.267 36.916 9.96813
v 86.3172 36.9536 9.3718
v 86.719 36.7591 9.9493
v 86.9889 36.5017 9.94302
v 87.2714 36.7214 9.90536
v 87.4283 37.3114 9.39691
v 87.761 37.098 9.61661
v 87.6103 37.4558 9.84259
v 88.0246 37.7697 10.0748
v 88.4326 38.0898 10.2757
v 88.6461 38.7552 10.5833
v 88.6586 39.1569 10.9034
v 89.0164 39.4394 11.0039
v 89.3428 39.6905 10.3573
v 89.6065 39.8914 10.9976
v 89.9705 40.1738 11.1231
v 90.2593 40.3998 11.1482
v 90.5292 40.2178 11.2298
v 90.6422 39.7972 11.2047
v 90.9874 40.0608 11.2612
v 91.2825 39.8223 11.3428
v 91.2574 40.2743 11.1671
v 91.7219 40.1613 10.9474
v 91.4708 40.9459 11.3177
v 91.0502 41.0087 11.4621
v 91.0816 41.4795 11.2801
v 91.0377 41.8875 10.8595
v 91.4143 42.1825 11.0227
v 91.1632 42.465 10.9913
v 91.4017 41.7243 11.3366
v 91.8537 42.9985 11.2047
v 92.224 43.281 11.3993
v 92.676 43.6325 11.7383
v 92.9208 43.3501 11.732
v 93.4795 43.3312 11.8262
v 93.4041 43.2747 12.4099
v 93.944 42.8605 12.7803
v 94.1072 42.4775 12.8242
v 94.3959 42.2327 12.1212
v 93.5485 41.5799 12.3032
v 94.7161 42.4838 12.1589
v 94.6533 42.4336 12.7552
v 94.4524 42.7475 12.2154
v 94.8165 43.0299 12.2467
v 94.9546 42.6659 12.7489
v 95.4631 43.0613 13.2574
v 95.7455 43.2747 13.2323
v 96.0782 43.5384 13.2762
v 95.4944 43.5509 13.1569
v 95.7581 44.2603 13.5336
v 96.4925 43.8585 13.4959
v 95.4693 44.4297 13.1883
v 95.4568 44.8629 13.6905
v 95.1304 44.6118 13.6152
v 95.2873 45.1767 13.6968
v 95.6325 45.4466 13.0126
v 94.9044 45.3588 13.3201
v 95.0488 45.4655 12.9749
v 95.4066 45.7479 13.0816
v 95.9527 45.6977 13.0628
v 95.8962 45.6475 13.6654
v 96.4235 45.6161 13.816
v 96.1535 45.4027 13.9479
v 96.9319 45.1704 14.1236
v 96.2289 45.0198 14.3056
v 96.3607 44.7248 14.2492
v 96.731 44.5051 13.9165
v 96.5051 44.3293 14.0922
v 96.0406 43.9778 13.7658
v 97.0637 44.7624 14.0106
v 97.4717 45.0826 13.5084
v 97.7103 45.2646 14.0922
v 98.156 45.6098 13.6779
v 98.6644 46.0053 14.1613
v 97.8107 45.8484 13.9604
v 97.6663 46.1309 14.1048
v 97.4655 46.4196 14.0546
v 97.252 46.7021 14.042
v 97.0386 47.0097 14.0671
v 96.7875 46.8151 13.4394
v 96.5239 47.0348 13.929
v 96.2603 47.267 13.9855
v 96.2038 46.7837 13.8914
v 96.323 46.4573 13.9353
v 95.5133 46.2501 13.7281
v 95.9527 47.0285 13.973
v 96.2351 45.9111 13.7595
v 96.549 46.156 13.816
v 96.8126 45.9174 13.9981
v 97.2834 45.4466 13.4582
v 97.2018 46.2125 13.4017
v 95.2308 46.0304 13.0188
v 94.8479 45.7354 12.8556
v 94.7286 46.5326 13.2574
v 95.3752 46.5828 13.2762
v 95.0299 47.2419 13.2323
v 95.3814 47.041 13.3201
v 95.3752 47.5118 13.295
v 95.7141 47.2984 13.3076
v 95.7267 47.7817 13.4394
v 95.3375 47.8633 13.3515
v 94.6533 48.2211 13.113
v 94.7349 47.3926 13.452
v 95.0237 48.0454 13.5649
v 94.4838 47.2042 13.5336
v 94.0444 47.2858 13.4394
v 94.5717 47.7001 13.9667
v 94.7977 47.8696 13.7533
v 94.6282 48.2023 13.7909
v 94.2076 48.3404 13.747
v 93.7619 48.0014 13.4959
v 94.1762 48.3216 12.9561
v 93.8687 48.083 12.9184
v 93.7619 48.4346 12.9247
v 93.2912 48.5852 12.8556
v 93.1656 48.9807 12.8493
v 92.6885 49.1125 12.8305
v 92.3182 49.2506 12.8368
v 92.1801 49.5582 12.8556
v 91.8788 49.7528 12.5983
v 91.3578 49.351 12.931
v 91.1381 50.0101 13.0565
v 90.9623 50.3052 13
v 90.7552 50.6002 13.0188
v 90.4727 50.3805 13.069
v 90.2091 50.6441 13.1569
v 89.8073 50.7634 13.1946
v 89.4684 50.4998 13.1318
v 89.2173 50.8136 13.1569
v 88.9285 51.0961 13.069
v 88.803 51.5167 13.1318
v 88.69 51.8619 13.4268
v 88.3573 51.6045 13.4143
v 88.4954 51.2781 13.1507
v 87.9744 51.3095 13.182
v 87.4346 51.8368 13.6026
v 87.466 51.366 13.0502
v 87.1772 51.6359 13.7156
v 86.719 52.1444 14.1048
v 87.2086 52.1444 14.2617
v 87.9242 52.2134 14.1362
v 87.6857 52.521 14.7011
v 87.9367 53.0922 14.1362
v 88.1564 52.8851 14.2429
v 88.1941 52.9165 13.6277
v 88.3385 52.5398 14.3935
v 88.6084 52.2511 14.3433
v 88.3071 52.0125 14.381
v 88.6586 53.2743 14.7764
v 88.1188 53.2366 13.8788
v 87.987 53.5818 14.7011
v 87.2337 52.9981 14.4312
v 87.0077 53.268 14.789
v 87.2462 52.5587 14.6634
v 88.5268 53.1738 13.6717
v 86.3047 51.8242 13.86
v 86.154 52.1569 13.9416
v 86.1226 52.5838 14.0797
v 85.8402 52.3578 14.1989
v 85.3757 52.8537 14.2178
v 85.4824 52.0816 14.0859
v 85.112 52.2448 14.1613
v 84.4153 52.5838 13.5838
v 84.0951 52.7972 13.9479
v 83.8503 53.1173 14.4626
v 83.2414 52.6403 14.3684
v 83.844 52.6026 14.1236
v 83.5427 52.3703 14.1236
v 82.7016 52.6591 14.1048
v 83.1159 52.0314 13.8474
v 82.4756 52.0439 14.0357
v 82.3626 52.3955 14.0985
v 82.0174 52.6026 14.1738
v 82.2496 51.8682 14.1801
v 82.2685 51.3723 14.0797
v 81.9044 51.5983 14.1299
v 81.9232 51.1024 13.9855
v 81.2829 51.548 13.6152
v 81.2829 52.0251 13.9165
v 80.8812 51.7175 13.7533
v 80.8059 52.1318 14.6258
v 81.0821 52.3452 14.5253
v 80.8624 52.6528 14.45
v 81.3708 53.0483 14.9585
v 80.7996 52.9981 14.6634
v 80.8749 53.5316 15.4293
v 81.421 53.4814 15.4481
v 81.9358 53.0106 15.1405
v 81.6784 52.8097 15.2096
v 82.0613 52.634 15.0589
v 81.804 52.4268 15.1907
v 82.4568 52.0314 14.6886
v 82.212 53.2303 15.1154
v 82.5258 53.4751 15.1091
v 82.3312 53.7953 14.9647
v 80.4983 54.2033 15.423
v 80.1593 53.9396 15.3037
v 80.1907 53.4751 15.0526
v 79.858 53.7074 15.3539
v 79.8643 53.224 15.0966
v 79.5505 53.4626 15.3539
v 79.2931 54.197 15.7431
v 78.9478 53.9271 15.6678
v 78.8411 54.3665 16.0319
v 79.5442 54.3916 16.3583
v 79.7262 54.0401 16.3269
v 79.042 53.5065 16.0946
v 80.0903 54.3225 16.4587
v 80.5297 54.2284 16.2076
v 79.8957 54.6678 16.4713
v 79.3559 54.7682 16.5529
v 78.6152 54.7368 16.1511
v 78.2071 54.8498 16.3269
v 77.9874 55.1323 16.4399
v 77.705 54.9126 16.4524
v 77.4162 54.6866 16.5215
v 77.0333 54.3853 16.3646
v 76.8513 54.7431 16.6659
v 76.6441 55.057 16.873
v 76.3303 54.8122 16.8479
v 76.142 55.0758 16.986
v 75.6021 55.1135 17.0676
v 75.0121 55.0821 17.0488
v 74.5036 54.6866 16.5654
v 73.9763 54.7117 16.5215
v 73.6185 54.4355 16.4336
v 73.2984 54.1844 16.3771
v 72.9971 53.9522 16.4211
v 72.8151 53.8015 16.7914
v 72.5451 53.5944 16.8605
v 72.6581 54.0715 17.0111
v 72.1497 54.0966 17.1304
v 72.0053 53.5567 16.9169
v 71.4341 53.9773 16.804
v 71.1328 53.745 16.8856
v 70.9884 54.1154 17.2183
v 70.8378 54.3916 17.4317
v 70.5804 54.1907 17.5258
v 70.2603 54.4041 17.8397
v 70.0719 54.7368 18.3042
v 69.8209 54.5422 18.4486
v 69.5572 54.7933 18.7436
v 69.2998 55.0068 19.0072
v 68.9985 54.7682 19.0575
v 68.4775 54.8435 19.0763
v 68.1511 54.5862 19.0449
v 67.7808 54.7933 19.1391
v 67.4418 55.0758 19.3462
v 67.1593 54.8561 19.3399
v 66.8329 54.5987 19.2709
v 66.1738 55.0758 19.5596
v 65.8976 54.8561 19.635
v 65.6152 54.6427 19.7103
v 65.3829 54.9942 19.9614
v 65.1004 54.7745 20.0492
v 64.8117 55.0632 20.3882
v 64.2593 55.013 20.5075
v 63.9329 54.7619 20.4949
v 63.6065 54.5046 20.4824
v 63.393 54.7745 20.5765
v 63.0604 54.5109 20.52
v 62.7904 54.7557 20.7209
v 62.577 55.0381 21.5934
v 62.2443 54.7808 21.6311
v 61.9367 54.9377 22.2839
v 61.5413 55.0884 22.7735
v 61.2023 54.8184 22.6982
v 60.7755 54.9816 23.2632
v 60.5244 54.7808 23.3322
v 59.9406 54.8875 23.6523
v 59.4384 55.0068 23.7402
v 59.112 54.7494 23.7026
v 58.7856 54.492 23.7214
v 58.4906 54.7871 23.9725
v 58.1893 54.5485 24.0101
v 57.8754 54.8247 24.2298
v 57.5365 55.1009 24.3993
v 57.1724 54.8184 24.3491
v 56.846 55.0005 24.5437
v 56.5321 54.7557 24.5563
v 56.2371 55.0068 24.7383
v 55.9295 54.7682 24.7132
v 55.4273 54.8435 24.7885
v 55.0507 55.0193 24.8638
v 54.7368 55.1197 24.8889
v 54.4104 54.8687 24.8513
v 54.0777 54.9503 24.9078
v 53.7639 54.7055 24.8638
v 53.4626 54.8435 24.8638
v 53.0985 54.5611 24.7697
v 52.816 54.8122 24.8011
v 52.4896 54.5548 24.7195
v 52.1695 54.718 24.8764
v 51.8619 54.4795 24.8764
v 51.4162 54.6364 24.8199
v 51.0835 54.9628 24.914
v 50.7885 54.7306 24.914
v 50.437 55.0381 25.0521
v 49.9474 55.1449 25.1526
v 49.6774 54.9314 25.1965
v 49.3573 54.6803 25.1463
v 48.8928 54.8498 25.3158
v 48.4471 55.0444 25.5794
v 48.0956 54.7682 25.4602
v 47.7692 54.5109 25.479
v 47.311 54.718 25.6485
v 46.9029 54.9 25.8117
v 46.5891 54.6552 25.774
v 46.2752 54.4104 25.7552
v 45.9928 54.7368 25.8054
v 45.5031 54.9126 25.9058
v 45.1579 54.6427 25.8619
v 44.5992 54.7745 25.8556
v 44.0719 54.8561 25.8745
v 43.7455 54.5987 25.7929
v 43.1931 54.7117 25.774
v 42.5968 54.7996 25.7615
v 42.2578 54.536 25.6673
v 41.9942 54.9 25.7866
v 41.3728 54.9189 25.6485
v 41.5987 54.5862 25.6234
v 40.9961 54.6238 25.5292
v 41.2409 54.3037 25.5167
v 40.8706 54.015 25.3283
v 40.6509 54.3539 25.4099
v 40.3056 54.084 25.3032
v 39.9792 54.3916 25.3848
v 39.9478 53.8015 25.1777
v 39.6277 54.1091 25.3283
v 39.4708 54.5485 25.4476
v 39.2197 54.3477 25.548
v 39.3201 53.8769 25.2844
v 38.8431 54.0526 25.4099
v 38.9812 53.6069 25.1965
v 38.5167 53.8015 25.4539
v 38.6422 53.337 25.1212
v 38.184 53.5379 25.3786
v 37.8513 53.8455 25.8619
v 37.6818 54.1907 26.0126
v 37.7634 53.2052 25.1589
v 37.9957 52.8349 25.0396
v 37.9266 52.2197 24.914
v 37.6127 51.9749 24.9078
v 37.2989 51.7238 24.8701
v 36.9599 51.4664 24.8073
v 36.6398 51.2154 24.7446
v 36.2945 50.9454 24.6567
v 35.9619 51.2405 24.7383
v 35.6605 51.0082 24.7571
v 35.2086 51.2091 24.9643
v 34.7566 51.4225 25.1902
v 34.6185 51.7991 25.4413
v 34.2168 51.4853 25.2467
v 33.79 51.6296 25.3786
v 33.2815 51.7615 25.4351
v 33.1873 51.6861 25.9561
v 32.8044 51.9561 26.2134
v 32.8547 52.4959 26.1381
v 32.8484 53.0859 26.6152
v 32.6036 53.5065 26.6403
v 32.9551 53.7827 26.7281
v 33.2627 54.0212 26.6591
v 33.6456 54.3225 26.8349
v 34.0159 54.6113 26.9855
v 34.4993 54.9942 27.3433
v 33.4761 54.7933 27.7513
v 33.0744 55.013 27.9836
v 32.6161 55.17 28.1719
v 32.2646 54.9 28.0966
v 31.8378 55.0068 28.3916
v 31.3607 55.1009 28.605
v 31.5113 54.7494 28.3602
v 31.6494 54.4167 28.1719
v 31.8001 54.015 27.8769
v 32.0888 53.7074 27.4814
v 31.7499 53.4437 27.4312
v 31.5051 53.2492 27.5693
v 31.7687 52.8537 26.8537
v 32.0449 53.0671 26.8349
v 32.2834 52.6465 26.7658
v 31.9947 52.4206 26.8223
v 31.367 52.5398 26.6277
v 31.1159 52.9478 26.6717
v 30.7267 52.6465 26.6089
v 30.3752 52.3703 26.4708
v 29.8228 52.4708 26.929
v 29.4462 52.6905 26.6214
v 29.2641 52.9918 26.8662
v 29.1072 53.3433 26.9165
v 28.8875 53.6007 26.9102
v 28.8938 54.0652 27.1173
v 28.7306 54.4544 27.2052
v 28.7117 54.9942 27.4375
v 28.3539 54.7117 27.3873
v 28.6678 54.9565 28.1028
v 28.0589 54.4795 27.381
v 28.128 54.536 28.2786
v 27.6697 54.6803 28.3351
v 27.2994 54.3916 28.2347
v 27.1173 54.8247 28.3351
v 26.5775 54.3979 27.8141
v 26.113 54.605 27.971
v 25.5794 54.7745 28.0464
v 25.1024 54.9565 28.1593
v 24.5939 55.1009 28.3539
v 24.2738 54.8561 28.31
v 23.9599 54.6113 28.3037
v 23.6586 54.8749 28.3288
v 23.2757 55.1072 28.4042
v 22.8112 55.1825 28.6113
v 22.4848 54.9252 28.5736
v 22.2274 54.7243 28.6992
v 21.9826 54.5297 28.831
v 21.7001 54.31 28.9314
v 21.493 54.6364 29.0758
v 21.2168 54.4167 29.17
v 20.8339 54.6364 29.5591
v 20.4573 54.8749 29.9421
v 20.1434 54.6301 30.0362
v 19.7605 54.8247 30.2496
v 19.4718 54.5987 30.2873
v 19.2081 54.9565 30.4505
v 18.6934 55.0946 30.6012
v 18.3168 54.7996 30.5384
v 17.9966 54.5485 30.4379
v 17.3689 54.6113 30.3187
v 17.1178 54.9314 30.394
v 16.804 54.6866 30.3815
v 16.2767 54.831 30.62
v 15.9754 54.5987 30.6012
v 15.3853 54.718 30.7518
v 14.8078 54.8938 30.8397
v 14.4689 54.6301 30.7204
v 13.9541 54.7306 30.8522
v 13.5775 54.9314 30.9213
v 13.2448 54.6741 30.8648
v 12.8054 54.8435 31.0217
v 12.1777 54.8687 31.0092
v 11.8324 55.0507 31.1222
v 11.4621 54.7619 30.9903
v 10.8972 54.8687 31.1661
v 10.6021 54.6427 31.2163
v 10.2632 54.379 31.2226
v 9.97441 54.718 31.5992
v 9.62916 54.4481 31.5113
v 9.40319 54.8373 31.9445
v 9.04539 55.0632 32.183
v 8.73153 54.8184 32.1642
v 8.40512 54.5611 32.1265
v 8.07243 54.8435 32.3901
v 7.65814 54.5234 32.183
v 7.01159 54.5674 32.2897
v 6.71028 54.9189 32.5094
v 6.13906 54.9628 32.4906
v 5.71222 54.6301 32.2018
v 5.17866 54.7557 32.2395
v 4.61999 54.8875 32.2834
v 4.24336 54.5987 32.1579
v 3.60309 54.6678 32.1014
v 3.23901 54.3853 31.9319
v 2.93771 54.649 31.9884
v 3.39594 53.9396 31.731
v 3.55915 53.494 31.5302
v 4.17431 53.4312 31.5678
v 4.29985 53.0357 31.4423
v 4.34379 52.4896 31.2289
v 4.61371 52.1444 31.0029
v 5.02173 51.9247 30.9527
v 5.46113 51.7615 30.959
v 5.7436 51.4162 30.6765
v 5.34186 51.1024 30.4882
v 5.78754 50.8827 30.3563
v 6.05118 50.5374 30.212
v 6.33365 50.3052 30.0613
v 6.60357 49.9976 29.8667
v 6.64124 49.5205 29.5843
v 6.96765 49.2757 29.3959
v 7.13713 48.9054 29.2139
v 7.31289 48.4095 28.9816
v 7.65186 48.0956 28.8938
v 7.81506 47.6625 28.7619
v 8.32979 47.5495 28.5485
v 8.49927 47.1289 28.2849
v 8.54949 46.6267 27.8329
v 8.74408 46.2187 27.5316
v 8.7943 45.7605 27.2868
v 9.32158 45.635 27.0797
v 9.3718 45.1642 26.7533
v 9.56012 44.8315 26.5775
v 9.67938 44.4862 26.2197
v 10.0435 44.2351 26.1381
v 10.238 43.8899 25.8682
v 10.7465 43.7393 25.7489
v 10.916 43.3124 25.6171
v 11.4809 43.168 25.5669
v 11.8638 42.8981 25.3848
v 12.0773 42.4901 25.2844
v 11.7508 42.2327 25.2405
v 11.8513 41.7996 25.0019
v 12.297 41.605 25.0521
v 12.7615 41.4481 24.9705
v 12.818 41.0212 24.9643
v 12.9623 40.7137 24.7634
v 13.4394 40.6132 24.6943
v 13.295 40.9773 24.8576
v 13.5838 41.2033 24.7885
v 13.9353 41.4732 24.1859
v 14.0232 41.0715 24.4746
v 13.6528 41.6741 24.5939
v 13.816 41.8059 24.2424
v 14.1613 42.0821 23.5896
v 14.268 41.7368 23.395
v 14.6007 42.0005 23.4829
v 14.7137 41.6113 23.2883
v 14.4124 41.3728 23.2632
v 14.6446 41.1154 23.2067
v 14.9396 41.3414 23.1502
v 15.128 40.9773 23.0874
v 15.3414 40.6069 22.4597
v 15.5611 40.1738 22.3216
v 15.7431 39.7093 22.2839
v 15.7808 39.1318 21.8257
v 15.6113 39 22.1835
v 15.3853 38.8242 22.3969
v 15.1154 38.6171 22.5162
v 15.3414 38.2907 22.4408
v 14.9899 38.0082 22.4157
v 15.9 38.1526 21.9387
v 16.1951 38.3848 21.1289
v 17.1304 38.592 21.2733
v 16.9985 38.0082 21.3675
v 17.2308 37.7069 20.6707
v 17.394 37.2612 20.4635
v 17.5196 36.8093 20.2187
v 17.3626 36.1251 19.7668
v 17.055 35.8802 19.8107
v 16.7035 35.6041 19.7919
v 16.3457 35.3279 19.704
v 16.013 35.0705 19.6663
v 15.6678 34.7943 19.591
v 15.3163 34.5181 19.5031
v 15.4293 34.1038 19.2709
v 15.5485 33.6267 18.8817
v 15.8875 33.8904 18.9821
v 15.7871 34.38 19.3839
v 16.2641 34.1791 19.0888
v 16.5152 33.8213 18.8817
v 16.5152 33.2815 18.5365
v 16.9734 33.6393 18.7687
v 17.1178 33.2564 18.6432
v 16.7161 32.9425 18.4737
v 17.2622 32.7982 18.4172
v 17.5572 33.6016 18.9256
v 17.3877 33.9594 18.9821
v 17.8962 33.8653 19.6726
v 18.1159 33.4698 19.5722
v 18.141 32.93 19.07
v 17.394 33.4761 19.2646
v 18.3858 34.2545 19.2646
v 18.5239 33.7837 19.7919
v 18.8189 34.0159 19.7291
v 19.1391 33.7146 19.114
v 17.6702 34.1791 19.6161
v 18.1787 34.5809 19.3023
v 18.775 34.5558 19.3964
v 19.0888 34.2294 19.6224
v 19.3148 34.4114 19.478
v 19.5282 34.0159 19.2709
v 19.7354 33.6267 19.1642
v 19.2709 33.2627 18.8754
v 19.7479 33.1246 18.8189
v 19.3023 32.7793 18.5302
v 18.8378 32.9237 18.6432
v 18.8691 32.4466 18.3419
v 18.4235 32.6036 18.4109
v 18.1347 32.9237 18.323
v 18.0343 32.2897 18.2226
v 17.7518 32.6224 18.2038
v 18.0971 31.8378 17.9903
v 18.5302 31.6118 17.8522
v 18.8189 31.2979 17.7769
v 18.7687 30.7204 17.281
v 18.5302 30.0488 17.0613
v 18.6746 29.578 17.212
v 18.436 29.3959 17.3815
v 19.0072 29.2578 17.0613
v 18.9633 29.8102 17.099
v 19.2897 29.4775 17.0237
v 19.1579 28.8624 16.465
v 18.8943 28.6552 16.6219
v 19.1956 28.4795 16.5654
v 19.6412 28.8184 16.013
v 19.4718 28.2158 15.6552
v 19.7354 28.0464 15.5422
v 19.6852 27.6634 15.4418
v 19.6412 27.2868 15.3037
v 19.3211 27.0357 15.2912
v 18.9821 26.7658 15.2598
v 19.3713 26.6026 15.1719
v 19.8609 26.5147 15.1028
v 20.1246 26.2385 14.9585
v 20.2313 25.887 14.7639
v 20.5828 25.6234 14.7011
v 21.0097 25.4288 14.7325
v 21.4365 25.2467 14.676
v 21.6248 24.8827 14.563
v 21.9701 24.5876 14.4877
v 22.2086 24.2863 14.3119
v 22.4973 24.0478 14.2868
v 22.761 23.8658 14.1362
v 22.9493 23.5582 14.0483
v 23.1753 23.2945 13.747
v 23.5707 23.1627 13.9855
v 23.9411 23.0748 14.0922
v 24.2424 22.7924 13.8474
v 24.4558 22.4283 13.6026
v 24.4621 21.9324 13.2825
v 24.7257 21.6562 13.113
v 24.9831 21.311 12.8682
v 25.4351 21.1666 12.8807
v 25.5669 20.7962 12.6924
v 25.9121 20.6581 12.661
v 26.2636 20.4761 12.6108
v 26.3139 20.9783 12.8556
v 26.6842 21.2607 12.9435
v 27.0295 21.5307 13.0314
v 27.3998 21.8257 13.1067
v 27.1424 22.0266 13.2448
v 27.0106 22.3969 13.5524
v 27.3182 22.6417 13.5649
v 27.3559 23.169 13.7784
v 27.6948 23.4326 13.8662
v 28.0589 23.7214 13.9416
v 27.7137 23.9913 14.1173
v 27.4751 24.2863 14.2303
v 27.8329 24.5688 14.3119
v 27.7388 24.9957 14.4751
v 27.4563 25.3095 14.5505
v 27.4814 25.8493 14.8518
v 27.858 26.1381 14.9585
v 27.9899 26.6214 15.2096
v 28.3351 26.8914 15.2347
v 28.3225 27.3245 15.2158
v 28.0652 27.5693 15.3288
v 27.858 27.8518 15.4606
v 27.5818 28.0275 15.5422
v 27.7199 28.605 15.831
v 27.5002 28.9189 16.0633
v 27.2366 29.2767 16.2453
v 27.0043 29.6031 16.4524
v 26.6905 29.8793 16.6219
v 26.3139 30.1115 16.7161
v 25.8996 30.3312 16.7349
v 25.5104 30.4631 16.8291
v 25.4539 30.8962 16.9483
v 24.9957 31.0154 16.9358
v 24.9203 31.4235 17.0237
v 24.9643 31.8001 17.1618
v 24.6567 31.9068 17.2183
v 25.184 32.3148 17.689
v 25.297 32.7856 17.9087
v 25.6422 33.0492 18.0029
v 25.9058 32.8798 17.9401
v 26.0063 33.3443 18.0908
v 25.8054 33.6581 18.3795
v 26.2134 33.972 18.5616
v 26.3201 34.4679 18.9068
v 26.0251 34.7566 19.1202
v 26.3766 35.0266 19.2709
v 26.1004 35.3969 19.4843
v 26.5147 35.7233 19.7166
v 26.2134 36.0686 19.9676
v 26.6591 36.4138 20.2501
v 26.5838 36.8469 20.4196
v 26.9541 37.1294 20.5451
v 26.8788 37.6127 20.8025
v 27.2366 37.8889 20.8904
v 27.5818 38.1589 20.972
v 27.9208 38.4225 21.0473
v 28.379 38.2467 20.8904
v 28.9063 38.1777 20.972
v 29.3959 37.9768 21.198
v 29.8793 37.7697 21.3423
v 29.9483 37.3114 21.3737
v 30.3752 37.2298 21.4616
v 30.3501 36.7402 21.4302
v 30.3061 36.3259 21.3737
v 30.2999 35.9807 21.2796
v 30.2936 35.6229 21.2042
v 29.9421 35.353 21.1603
v 30.0237 34.9512 21.1038
v 29.7349 34.719 21.0913
v 29.8918 34.3675 21.1101
v 29.9295 33.9218 21.0599
v 30.3124 33.7837 20.9406
v 30.7581 33.5891 20.9657
v 31.1222 33.3506 20.859
v 31.4737 33.1057 20.6958
v 31.6808 32.7542 20.52
v 31.9256 32.3839 20.3317
v 31.844 31.8315 20.0492
v 32.0763 31.549 19.9676
v 32.0072 31.0971 19.7417
v 32.183 30.7895 19.6036
v 31.8566 30.5321 19.6475
v 32.1956 30.3501 19.5534
v 32.5722 30.6451 19.7103
v 32.93 30.9276 19.817
v 33.3003 31.2163 19.9676
v 33.3819 31.7248 20.1057
v 33.1371 31.9884 20.1999
v 33.4196 32.2018 20.1873
v 33.1873 32.4153 20.2564
v 33.5577 32.7103 20.3568
v 33.8904 32.9676 20.407
v 34.2294 33.2313 20.4635
v 34.4804 33.0367 20.3443
v 34.6813 32.7479 20.2564
v 34.6311 32.704 20.7711
v 35.083 32.1704 21.1038
v 35.4597 32.0826 21.1917
v 35.7233 31.775 20.9532
v 35.9995 31.4548 20.7272
v 36.1313 31.0531 20.746
v 35.6919 30.7141 20.5138
v 35.4095 30.4944 20.6142
v 35.8489 30.3563 20.7586
v 35.6229 30.1743 20.9783
v 35.1395 30.281 20.746
v 35.2902 29.9169 20.9971
v 35.3404 29.4085 20.9908
v 35.4095 28.9691 20.8402
v 35.5915 28.6364 20.7335
v 35.24 28.3602 20.7146
v 34.9261 28.1091 20.6895
v 34.606 27.858 20.6393
v 34.6123 27.4563 20.5954
v 34.5369 26.9416 20.338
v 34.606 26.521 20.225
v 34.5181 25.9812 19.8421
v 34.3675 25.479 19.6601
v 33.9783 25.1714 19.4906
v 33.9281 24.6441 19.3964
v 33.9657 24.2424 19.6412
v 34.1352 24.3742 19.2646
v 33.9092 23.7716 18.9696
v 34.3047 24.0792 19.1642
v 34.2607 23.6649 19.0888
v 34.3549 23.3008 18.9256
v 33.8213 23.3197 18.7938
v 33.5451 23.4891 18.844
v 33.3506 23.7528 18.9947
v 33.1497 23.1816 18.6494
v 33.3945 22.987 18.5992
v 33.4698 22.6103 18.3607
v 33.0995 22.3216 18.1975
v 33.0116 21.8257 18.0782
v 32.6475 21.5432 18.0154
v 32.9614 21.3298 18.1535
v 32.8421 20.8339 18.0782
v 33.112 20.5703 17.9778
v 33.0179 20.0053 17.8585
v 33.1748 19.6726 17.6953
v 32.8107 19.3901 17.6137
v 32.4466 19.1077 17.4693
v 32.3713 19.4969 17.9213
v 32.6224 18.8252 17.3563
v 33.1434 18.6934 17.3815
v 33.5703 18.4988 17.6765
v 33.7837 18.1787 17.8083
v 34.1289 18.0154 17.3187
v 34.0536 18.3921 17.6639
v 34.3988 18.2289 17.2685
v 34.5369 17.8522 17.1931
v 34.1478 17.5447 17.0237
v 33.5954 17.6012 16.7914
v 34.2858 17.1806 16.873
v 34.7629 17.0802 16.7537
v 34.8445 16.7537 16.6219
v 34.8885 16.3206 16.2641
v 35.2274 16.1135 16.0068
v 35.5099 15.8624 15.7557
v 35.5538 15.4669 15.5046
v 35.7547 15.1217 15.1907
v 36.1439 14.9647 14.9208
v 36.4326 14.7199 14.6446
v 36.5645 14.4249 14.2554
v 36.8155 14.1738 13.7721
v 36.4703 13.9039 13.7219
v 36.7088 13.6465 13.3452
v 36.3699 13.3829 13.3515
v 36.4264 12.9812 13.0314
v 36.4075 12.592 12.6673
v 36.7528 12.3786 12.4099
v 37.0541 12.6108 12.4225
v 37.3868 12.8745 12.4162
v 37.7446 13.1507 12.4099
v 38.0773 13.4143 12.4539
v 38.3911 13.6591 12.4288
v 38.7615 13.9416 12.4915
v 39.069 14.1801 12.4978
v 39.4645 13.9981 12.1463
v 39.8411 13.8411 11.8827
v 40.2805 13.7658 11.6441
v 40.1738 14.1048 11.9203
v 40.6007 14.0169 11.663
v 40.5065 14.3621 11.9894
v 40.9522 14.2931 11.7634
v 41.1468 13.9227 11.0917
v 40.8769 14.6509 12.0584
v 41.3163 14.5756 11.8324
v 41.2661 14.9522 12.1777
v 41.6741 14.8518 11.9454
v 41.8561 14.4751 11.2424
v 42.1888 14.7325 11.2361
v 42.2955 14.3182 10.9223
v 41.9565 14.0608 10.9285
v 41.5862 13.7721 10.8407
v 41.2472 13.5022 10.8218
v 40.8957 13.2323 10.7402
v 40.9773 12.7929 10.3448
v 41.1844 12.5292 9.91791
v 40.7137 12.1651 9.5099
v 40.789 11.7571 9.00145
v 40.5316 11.5563 9.19604
v 40.1738 11.2738 9.13327
v 39.8098 10.9913 9.00145
v 39.4017 10.6712 8.86335
v 38.9874 10.3573 8.69387
v 38.6359 10.0811 8.63737
v 38.3346 9.84886 8.69387
v 38.0333 9.61033 8.73153
v 37.7383 9.38435 8.74408
v 38.0647 9.18976 8.34862
v 38.0835 8.77547 8.05987
v 38.1526 8.46789 7.66441
v 38.3346 8.16031 7.30034
v 38.7552 8.06615 7.04297
v 38.7301 7.63303 6.6789
v 38.6359 7.14341 6.30855
v 38.9623 7.40077 6.38387
v 39.3201 7.18107 6.09512
v 39.8474 7.11202 5.59295
v 40.1236 6.81072 5.24771
v 40.1424 6.39643 5.03428
v 40.0483 5.86287 4.71415
v 40.1236 5.46741 4.43795
v 39.7784 5.19749 4.38146
v 40.0043 4.95268 4.07388
v 40.3308 4.83969 3.88556
v 40.6446 5.07822 3.94206
v 40.9836 5.34186 3.95461
v 41.4167 5.20377 3.39594
v 41.9189 5.15355 3.1323
v 42.2076 4.9464 2.56736
v 42.6031 4.83969 2.28489
v 42.9797 4.21825 2.25978
v 42.6847 3.99227 2.30999
v 42.804 3.64703 2.1719
v 42.4524 3.37711 2.13423
v 42.8479 3.30179 1.26171
v 43.1115 3.88556 2.09657
v 43.4191 3.74119 1.77644
v 43.4191 4.12409 2.06519
v 43.733 3.97972 1.74505
v 43.5258 3.32689 1.56301
v 43.0362 2.95027 1.24288
v 42.4838 3.01931 1.155
v 42.1386 2.7494 1.02945
v 41.7368 2.43554 0.903911
v 41.3979 2.17817 0.866248
v 41.1593 1.98986 0.338967
v 41.2912 1.5944 0.326412
v 41.6427 1.86432 0.370352
v 42.2892 2.36649 1.02945
v 42.7035 2.68662 1.19894
v 44.1347 3.33317 1.64462
v 43.9401 3.64075 1.72622
v 44.3042 3.9295 1.88315
v 44.9319 3.94833 1.95847
v 44.7436 4.26847 2.12168
v 45.114 4.55094 2.23467
v 45.6914 4.53839 2.22211
v 45.8609 5.13472 2.4732
v 46.2627 5.4423 2.57991
v 46.8151 5.40463 2.6113
v 47.154 5.66828 2.63013
v 47.493 5.93192 2.61758
v 47.7943 6.16417 2.54853
v 48.1458 6.43409 2.5548
v 48.4722 6.69145 2.57991
v 48.7924 6.93626 2.59247
v 49.1439 7.20618 2.64268
v 49.4829 7.46982 2.69918
v 49.7779 7.70208 2.67407
v 50.0101 7.87784 2.4732
v 49.9097 8.26702 2.72429
v 50.1985 8.493 2.63013
v 49.9285 8.78175 2.50459
v 50.2549 9.03283 2.54853
v 50.5186 9.62289 2.64896
v 50.324 9.91164 2.7494
v 50.1922 10.2506 2.7745
v 49.7779 10.4013 3.07581
v 49.9348 10.0497 2.88749
v 49.4264 10.1251 3.01304
v 49.3573 10.4891 3.26412
v 49.7465 10.7904 3.37084
v 49.3573 10.916 3.73491
v 49.7904 11.2549 3.99227
v 50.1733 11.1169 3.57798
v 50.2047 11.5751 4.21825
v 49.6335 11.5751 4.39401
v 49.9599 11.8262 4.46306
v 50.3554 12.1338 4.57605
v 50.8952 11.6755 4.46934
v 51.14 11.4558 4.02994
v 51.6485 11.845 4.48189
v 51.5669 11.3114 3.73491
v 51.2342 11.0541 3.64703
v 51.7238 10.9913 3.63448
v 52.0565 11.2549 3.64075
v 52.5022 11.1608 3.53404
v 52.8411 11.0415 3.11975
v 53.2492 10.8532 2.92516
v 53.4814 11.5311 3.20763
v 54.1154 11.5249 3.42733
v 54.4795 11.8073 3.51521
v 53.9083 11.8638 3.43361
v 53.6069 12.0145 3.77257
v 53.2115 11.7069 3.6282
v 52.7784 11.8136 3.81024
v 52.3892 11.9517 4.11782
v 52.4268 12.4476 4.67648
v 52.0753 12.592 4.95268
v 51.9184 12.8996 5.21004
v 52.4206 13.2887 5.59923
v 52.7972 13.5775 5.69338
v 53.1613 13.8662 5.78754
v 53.6446 13.8035 5.63061
v 53.9961 14.0797 5.68083
v 54.3414 14.3496 5.69338
v 54.6803 14.1989 5.42347
v 55.0884 14.042 5.10961
v 55.578 13.9792 5.02801
v 55.8856 13.7846 4.65765
v 56.2434 14.0546 4.70787
v 56.5384 13.8976 4.24336
v 56.8836 13.6654 3.87929
v 57.254 13.9541 3.97344
v 57.6494 14.2617 4.12409
v 58.0072 14.5379 4.23708
v 58.3211 14.7764 4.18687
v 58.5847 14.9836 4.10526
v 58.8798 15.2158 4.08643
v 59.1999 15.4606 4.09899
v 59.5828 15.7557 4.19942
v 59.4698 16.17 4.32496
v 59.9029 16.5089 4.57605
v 60.311 16.8165 4.73926
v 60.7064 17.1304 5.0029
v 61.3592 17.1304 5.29792
v 61.1835 17.4944 5.3858
v 60.7127 17.5196 5.33559
v 61.1646 17.8711 5.59923
v 60.606 17.8774 5.55529
v 60.2858 17.6263 5.50507
v 60.198 18.0029 5.77499
v 59.6895 17.6074 5.34186
v 59.5451 17.9652 6.22694
v 59.8527 18.2038 6.20183
v 60.154 18.4423 6.18928
v 59.8025 18.5804 6.49686
v 60.1289 18.8378 6.56591
v 60.606 18.7875 6.45292
v 60.493 19.114 6.6224
v 61.014 19.1014 6.65379
v 61.1898 18.7687 6.50314
v 61.2651 18.3858 6.34621
v 61.6668 18.6997 6.59102
v 61.8677 18.4109 6.49686
v 61.8928 18.0468 6.19556
v 62.2883 18.3544 6.38387
v 62.4012 17.9338 6.183
v 62.0435 17.6577 6.08257
v 62.7151 18.1787 6.23322
v 63.0352 18.4235 6.21439
v 63.3617 18.6808 6.27716
v 63.663 18.9194 6.25833
v 63.9768 19.1579 6.16417
v 64.3095 19.4153 6.17673
v 64.592 19.635 6.12651
v 64.8745 19.8547 5.99469
v 65.182 20.0932 5.95703
v 65.521 20.3568 6.07629
v 65.069 20.5075 6.19556
v 65.4582 20.8025 6.30227
v 65.8474 20.6079 6.07001
v 65.7909 21.0599 6.30227
v 66.0922 20.7962 5.91308
v 66.3308 20.9845 5.80637
v 66.7137 21.2796 5.89425
v 67.0463 21.5369 5.88798
v 67.3979 21.8069 5.97586
v 67.6866 22.0328 5.85659
v 68.0068 22.2839 5.86287
v 68.3394 22.535 5.93192
v 68.6031 22.7422 5.78126
v 68.5152 23.1753 5.99469
v 68.4462 23.508 6.23322
v 68.3583 23.8846 6.55963
v 68.3081 24.2863 6.79816
v 68.1888 24.663 7.13085
v 68.4713 24.8827 7.04925
v 68.7537 25.1024 6.90488
v 69.0111 25.3032 6.79816
v 69.2998 25.5229 6.67262
v 69.5195 25.2216 6.72912
v 69.576 25.7426 6.55963
v 69.1869 25.8619 6.80444
v 69.0425 26.1758 7.0367
v 69.0927 26.6654 7.09319
v 68.8918 26.9855 7.45099
v 69.2747 27.2805 7.62675
v 69.6765 27.5944 7.75229
v 70.323 27.6195 7.82134
v 70.2791 27.1362 7.67697
v 70.7562 27.0734 7.51376
v 71.2018 26.9981 7.50121
v 71.6287 26.86 7.10575
v 72.1497 27.2617 7.60164
v 72.0179 27.6321 7.90294
v 71.8672 27.9334 7.859
v 72.2313 28.2158 7.97827
v 72.7899 27.7576 7.70208
v 72.6016 28.5046 7.40705
v 72.9594 28.7808 7.53259
v 73.1854 28.9565 7.338
v 73.0285 29.2641 7.46354
v 73.3047 29.4838 7.37566
v 73.7566 29.8353 7.6958
v 74.3969 29.4775 7.53887
v 74.5538 29.126 7.30661
v 74.9305 28.9754 7.08691
v 75.0183 29.4838 6.96137
v 75.6021 29.4964 7.14969
v 75.9348 29.7537 7.15596
v 76.2549 29.9985 7.18735
v 76.4056 30.5635 7.30034
v 76.7571 30.8271 7.31289
v 77.2091 31.1787 7.67697
v 76.6755 31.662 7.35683
v 77.0961 31.9884 7.55142
v 77.1212 31.5867 8.00966
v 76.7759 32.1767 7.39449
v 76.8513 32.6852 7.6142
v 76.4809 32.3964 7.44471
v 76.3491 32.7731 7.85273
v 76.6504 32.999 7.8339
v 77.2091 32.9551 8.45533
v 77.4476 33.1434 8.30468
v 77.2656 32.5534 8.54949
v 77.774 32.5094 8.44906
v 77.8807 32.1767 8.32979
v 78.4017 32.1077 8.26074
v 78.1569 32.8107 8.59343
v 78.5649 32.7103 8.53066
v 78.5398 33.1057 8.72525
v 78.8851 32.9551 8.49927
v 78.973 32.5471 8.07243
v 78.5084 32.1893 7.73974
v 79.0483 32.1642 7.8339
v 78.5084 31.7436 8.12892
v 79.2805 31.9005 7.93433
v 78.929 31.6243 8.56832
v 78.2825 31.5741 8.34862
v 77.8493 31.6808 8.41767
v 77.9874 31.3419 8.36745
v 78.3892 31.21 8.77547
v 78.5147 30.915 8.78802
v 79.0294 30.8146 8.75664
v 79.3245 31.0406 8.66248
v 79.5002 31.1787 8.38629
v 79.8266 31.4297 8.47417
v 80.197 31.7185 8.59971
v 80.536 31.9759 8.63737
v 80.8624 32.2332 8.67504
v 80.6364 32.5596 8.48044
v 81.1637 32.4655 8.58088
v 81.3771 32.6287 8.3549
v 81.1762 32.9802 8.34235
v 80.9816 33.225 8.24191
v 81.057 33.7209 8.17914
v 81.0068 34.1226 8.42395
v 81.2265 34.2921 8.25447
v 81.3959 33.9845 9.00145
v 82.0488 34.0473 9.27764
v 82.394 34.311 9.36552
v 82.8209 34.2482 9.20859
v 82.9966 34.3863 8.84452
v 83.4046 34.198 8.80058
v 83.2351 34.9638 8.41139
v 83.0719 35.2839 9.22743
v 83.7185 35.7798 9.26509
v 82.8146 35.5224 9.09561
v 82.689 35.8991 9.32158
v 82.507 36.1816 9.24626
v 82.8271 36.4264 9.31531
v 82.4756 37.0415 9.75471
v 82.3187 37.393 10.2255
v 81.9232 37.8952 10.395
v 81.7223 38.1965 10.2192
v 81.4336 38.4413 9.83003
v 81.804 38.7238 9.99324
v 81.4964 38.9247 10.1753
v 81.0884 38.6108 9.95558
v 81.1135 39.1444 10.3259
v 81.421 39.3703 10.3385
v 81.7223 39.6089 10.3322
v 81.6784 40.0608 10.4703
v 81.3583 39.8098 10.5268
v 81.2013 40.1927 10.4515
v 81.4838 40.4124 10.3699
v 80.8624 39.9353 10.3824
v 80.7494 40.268 10.3385
v 81.0632 40.5128 10.3761
v 80.9063 40.8078 10.2632
v 80.6866 41.0589 10.2506
v 80.9628 41.2723 10.2569
v 81.0005 41.7619 10.3887
v 81.3583 42.0381 10.4954
v 81.7537 41.8875 10.5331
v 82.0801 41.3037 10.5017
v 82.6702 41.3288 10.2757
v 82.1053 42.1637 10.6586
v 82.576 42.1009 10.6147
v 81.8856 42.4462 10.3448
v 82.7079 42.6282 10.5582
v 83.2226 42.1888 10.985
v 83.0092 42.0193 9.74215
v 82.6765 41.7682 9.66683
v 82.281 41.4606 9.48479
v 82.4944 42.0444 9.62916
v 82.8334 42.3018 9.66683
v 83.2728 42.2327 9.648
v 83.141 42.5466 9.648
v 83.4925 42.8165 9.73588
v 84.0135 42.3771 9.70449
v 84.1014 41.944 9.57267
v 84.4466 42.2139 9.648
v 84.1893 41.5234 9.49734
v 83.844 41.2535 9.41574
v 84.3023 42.6031 10.4075
v 84.7919 42.4775 10.4891
v 85.156 42.2767 10.395
v 84.9174 42.0884 10.5394
v 85.043 41.6678 10.464
v 85.338 41.9 10.4013
v 85.4698 41.5674 10.577
v 85.5577 41.1656 10.4389
v 85.9783 41.0338 10.3636
v 86.2042 40.7827 10.6398
v 86.5244 40.1738 10.5142
v 86.4993 39.703 10.4577
v 87.0265 39.6779 10.4766
v 87.2023 39.3892 10.4075
v 86.8068 39.0879 10.1941
v 86.9952 38.7552 10.1439
v 87.1772 38.4539 10.0937
v 86.7629 38.1337 9.85514
v 86.9575 37.8387 9.8677
v 86.6248 37.5814 9.83003
v 86.5871 37.1671 9.23998
v 86.267 37.3052 9.69821
v 86.9701 36.9536 9.89908
v 87.1709 37.619 9.89908
v 87.4597 37.8387 9.88653
v 87.8237 38.1212 10.0309
v 88.2255 38.4351 10.2443
v 88.0811 38.7112 10.282
v 87.6919 38.4099 10.0811
v 87.83 38.9623 10.2129
v 87.5476 38.7426 10.2318
v 87.3655 39.0439 10.238
v 87.7233 39.3201 10.3761
v 87.535 39.6528 10.4954
v 87.9556 39.9792 10.7214
v 88.4577 39.4457 10.985
v 88.5645 39.973 10.8469
v 88.7277 39.6591 10.9285
v 89.0855 39.929 11.0101
v 89.2989 40.5442 11.1545
v 89.8073 40.4877 11.1733
v 90.0898 40.7074 11.1169
v 90.5418 41.0589 10.7088
v 90.8117 40.4312 11.2236
v 90.5857 41.536 11.3114
v 90.8305 42.2013 10.9097
v 91 42.76 11.0101
v 91.7533 43.3375 11.2926
v 92.1048 43.6137 11.4056
v 92.5379 43.9464 11.7069
v 93.2535 43.6074 11.8011
v 93.718 43.9652 12.1965
v 93.7682 43.5572 12.5418
v 94.1825 43.0425 12.6673
v 94.4524 43.2496 12.5229
v 94.7035 43.4442 12.3597
v 95.0048 43.6828 12.4539
v 94.5278 43.7016 12.4225
v 94.2578 43.4944 12.5418
v 94.0695 43.7895 12.5104
v 93.4104 44.1975 12.7112
v 92.2178 44.1347 11.6253
v 92.5379 44.3858 12.4225
v 91.8349 43.8397 11.437
v 91.8976 44.3356 11.5374
v 91.8788 44.8064 11.55
v 91.4896 44.4988 11.393
v 91.5147 44.9005 11.5123
v 91.4457 45.2772 11.6065
v 91.1255 45.0261 11.5625
v 90.9812 45.3776 11.6127
v 90.8117 45.7103 11.4809
v 90.5606 45.5157 11.6127
v 90.4288 45.8484 11.5814
v 90.6924 46.0555 11.4558
v 90.7364 46.0869 12.3283
v 90.5669 46.4761 11.4433
v 90.9247 46.7523 11.5688
v 90.4853 46.9029 11.6316
v 90.7991 47.1478 11.619
v 91.2448 46.9971 11.6253
v 91.0251 47.3172 12.1651
v 91.3138 47.0536 12.5355
v 91.5336 47.7127 12.661
v 91.7156 47.3612 12.7929
v 91.7846 46.8967 12.5606
v 91.5273 46.7021 12.6924
v 91.182 46.4322 12.6673
v 91.6277 46.3443 12.7615
v 91.295 46.0869 12.6673
v 90.4915 45.8986 12.4664
v 91.7156 45.9425 12.661
v 91.8349 45.5785 12.5669
v 92.155 45.8233 12.6171
v 92.268 45.4843 12.5983
v 92.5442 45.3148 12.4727
v 92.3747 44.7059 12.705
v 92.9647 44.2728 12.7552
v 93.1091 44.8252 13.0502
v 93.3476 44.5741 12.9372
v 93.6866 44.8378 13.0753
v 93.9754 44.6369 13.3139
v 94.3269 44.9131 13.4833
v 94.4713 44.549 13.3013
v 94.1888 44.323 13.3452
v 94.6721 44.2603 13.2511
v 95.4066 43.9903 12.6673
v 94.7161 45.2081 13.5901
v 94.4901 45.4592 13.5649
v 94.2327 45.2583 13.6591
v 94.0444 45.5534 13.7658
v 94.013 45.9739 13.6528
v 94.2327 46.1497 13.4833
v 94.804 45.704 13.5524
v 93.8561 46.3317 13.3578
v 93.8938 45.8798 12.6422
v 93.6866 45.7228 13.6465
v 93.4167 45.9928 13.8788
v 93.718 46.6079 13.8662
v 94.5403 46.3819 13.5398
v 92.8455 46.3568 13.5963
v 93.3351 46.7397 14.0043
v 93.5674 46.9218 13.816
v 92.8141 46.7962 13.8035
v 93.4293 47.2733 13.8286
v 93.1279 47.5055 13.4645
v 92.6321 47.1226 13.7219
v 92.5881 47.0913 12.9247
v 92.8769 47.311 12.8556
v 93.5611 46.9155 13
v 93.8938 46.746 12.8431
v 93.649 46.5577 12.9623
v 94.2955 46.677 12.8619
v 93.3037 48.0768 13.2762
v 92.6383 48.083 12.8745
v 93.4104 47.7315 12.6234
v 92.971 47.8257 12.4539
v 93.4481 48.1898 12.8807
v 92.971 48.3341 12.887
v 92.8831 48.761 12.8745
v 92.3307 48.83 12.7615
v 91.8286 48.8677 12.4037
v 91.5775 49.0937 12.0898
v 91.1004 49.1439 12.2907
v 91.0377 49.5582 13.0377
v 90.8305 49.7716 13.0565
v 90.6485 50.0604 13.0063
v 90.1275 49.6586 12.5418
v 90.2467 50.1985 13.2699
v 89.9329 50.4307 13.3139
v 89.6253 50.1922 13.2197
v 89.1984 49.8595 12.8933
v 89.1231 50.2298 13.0502
v 88.8532 50.5311 12.9874
v 88.6586 50.8827 13.1569
v 88.1627 51.0208 13.0439
v 87.648 51.0521 13.1004
v 87.2776 50.7634 12.931
v 87.2337 51.1777 13.2448
v 86.6688 51.2405 13.2574
v 86.9324 51.4413 13.9102
v 86.9575 50.5123 12.887
v 86.3235 50.9705 13.1193
v 86.3486 51.479 12.9247
v 86.0913 51.2781 13
v 85.6895 51.3472 13.0942
v 85.5577 51.6924 13.2134
v 84.7417 51.5041 13.0565
v 85.0053 51.2593 13.3829
v 84.7354 51.0459 13.4708
v 84.3525 50.7508 13.295
v 84.2583 51.1337 13.3327
v 84.3148 51.6296 12.9812
v 84.0072 50.9329 12.705
v 83.9507 51.3409 12.8745
v 83.6369 51.5041 12.8996
v 83.7185 52.0377 13.4896
v 83.2289 51.6548 12.9812
v 83.4674 51.8368 13.5649
v 83.2477 51.6736 13.7846
v 82.9464 51.4351 13.7595
v 82.846 51.8242 14.0232
v 82.5007 51.5606 13.1758
v 82.5823 51.6171 14.1236
v 83.3167 51.253 12.8807
v 83.4674 50.9643 13.2699
v 83.662 50.663 13.3766
v 83.5992 50.1671 13.0565
v 83.4046 50.4621 13.452
v 83.2854 50.8262 13.5273
v 83.0531 51.0459 13.7909
v 83.3419 51.2718 13.703
v 82.6953 50.7697 13.6968
v 83.0217 50.1671 13.2762
v 82.7518 50.4056 13.6905
v 82.4505 50.1733 13.6905
v 82.0739 50.2863 13.6654
v 82.4631 50.5876 13.9165
v 82.7016 51.2405 13.9039
v 81.76 50.5123 13.8662
v 81.6596 50.9015 14.0357
v 81.2139 51.0584 13.929
v 80.9754 50.8701 13.3452
v 80.9565 51.297 13.5838
v 80.6113 51.5041 13.7909
v 80.6678 51.071 13.5963
v 80.3225 51.2781 13.816
v 80.0275 51.5229 14.2743
v 80.2598 52.182 14.4249
v 79.8894 51.8933 14.2805
v 79.6007 52.5398 14.5065
v 80.1342 52.4833 14.6007
v 80.4606 52.7344 14.6132
v 80.3037 53.0859 14.7639
v 80.0212 52.8662 14.8204
v 79.5253 52.9604 14.9459
v 79.1927 53.1864 15.2033
v 79.0859 53.0985 15.7494
v 78.4268 53.5191 15.9565
v 78.4206 54.0401 15.7117
v 78.0063 54.2598 16.1072
v 77.9309 54.6364 16.4148
v 78.2699 53.9208 16.1574
v 78.0502 53.7513 16.3646
v 77.592 53.3935 15.9879
v 78.4143 53.0169 16.0758
v 78.7972 52.8788 15.0526
v 79.1613 52.6779 14.7639
v 78.7344 52.3452 14.5002
v 78.3201 52.5022 14.6697
v 78.4268 52.1067 14.4689
v 78.0063 52.2636 14.6321
v 77.8431 52.5712 14.676
v 77.5355 52.3327 14.6823
v 77.3597 52.6905 14.7953
v 77.0208 52.4206 14.7199
v 76.8889 52.8474 15.0966
v 77.2781 53.155 15.2284
v 76.8387 53.3496 15.4481
v 77.253 53.676 15.6866
v 77.1777 54.0401 16.1135
v 76.7446 53.7074 15.8561
v 76.7132 54.1342 16.3143
v 77.6799 54.4355 16.5843
v 76.5374 54.492 16.5905
v 75.9474 54.5109 16.7537
v 75.7779 54.7871 16.8918
v 75.2192 54.8122 16.8542
v 74.7798 54.4669 16.4901
v 74.3279 54.1217 16.17
v 74.0768 54.3539 16.3332
v 73.7504 54.0966 16.2516
v 73.4742 53.8769 16.283
v 73.1352 53.6132 16.1951
v 72.7774 53.337 16.0884
v 72.2313 53.3496 16.8353
v 72.3882 53.858 17.1115
v 71.7103 53.3245 16.1888
v 71.5785 53.6509 16.4775
v 71.2772 53.4124 16.4775
v 70.8691 53.5379 16.9421
v 70.7185 53.902 17.3187
v 70.3105 53.9773 17.6074
v 70.0092 54.2096 18.0092
v 69.7957 54.0463 18.1912
v 69.5635 54.3414 18.6306
v 69.281 54.5799 18.8503
v 69.0111 54.3728 18.8629
v 68.7161 54.5485 19.0575
v 68.3959 54.2974 19.0198
v 68.0632 54.0338 18.9382
v 67.8687 54.3665 19.1579
v 67.4857 54.5611 19.1579
v 67.1907 54.3351 19.183
v 66.8518 54.0715 19.1642
v 66.3182 54.2033 19.4843
v 66.3308 54.6866 19.6789
v 65.8851 54.3477 19.3901
v 65.6089 54.1342 19.4215
v 65.3076 54.3979 19.7291
v 65.0188 54.1719 19.7982
v 64.8493 54.5736 20.1748
v 64.5418 54.8498 20.4322
v 64.2593 54.6301 20.451
v 63.9203 54.3665 20.4008
v 63.6253 54.1342 20.4133
v 63.3114 54.2723 20.4635
v 63.0604 54.0715 20.5703
v 62.7967 54.31 20.6519
v 62.5456 54.5611 20.8402
v 62.2757 54.3539 20.9783
v 61.9744 54.5674 21.6813
v 61.5852 54.6552 22.1772
v 61.2463 54.3979 22.1709
v 60.8759 54.5674 22.6605
v 60.5934 54.3414 22.7296
v 60.198 54.5234 23.3259
v 59.6393 54.6552 23.6084
v 59.338 54.4167 23.5833
v 59.0304 54.1719 23.621
v 58.7479 53.9522 23.6523
v 58.4906 54.2598 23.7967
v 58.1956 54.0338 23.7842
v 57.8942 54.3163 24.0227
v 57.5616 54.5799 24.2361
v 57.2414 54.3288 24.2047
v 56.8836 54.5925 24.3617
v 56.62 54.379 24.3993
v 56.2182 54.5109 24.5563
v 55.873 54.2409 24.5311
v 55.5968 54.5046 24.663
v 55.1009 54.5925 24.7571
v 54.7117 54.7494 24.8136
v 54.379 54.492 24.7697
v 54.0777 54.605 24.776
v 53.7137 54.3163 24.663
v 53.4061 54.423 24.732
v 53.0797 54.1656 24.663
v 52.7658 54.2974 24.6818
v 52.408 54.0212 24.6504
v 52.1632 54.2974 24.7132
v 51.8117 54.0212 24.6441
v 51.5543 54.2347 24.8576
v 51.0647 54.3665 24.7571
v 50.7634 54.128 24.7383
v 50.4684 54.4795 24.9203
v 50.1106 54.7871 25.0773
v 49.8218 54.5611 25.0773
v 49.4954 54.3037 25.0208
v 49.0372 54.4293 25.1086
v 48.5664 54.5987 25.253
v 48.2337 54.3351 25.1651
v 47.9198 54.0903 25.1337
v 47.4302 54.2472 25.4225
v 46.9908 54.4606 25.5857
v 46.633 54.1844 25.5104
v 46.3129 53.9334 25.5104
v 45.9488 54.1531 25.7112
v 45.6789 54.492 25.818
v 45.365 54.2472 25.7803
v 44.8064 54.3665 25.8305
v 44.2728 54.5171 25.7866
v 43.9401 54.2598 25.7238
v 43.3815 54.3163 25.6736
v 42.8353 54.4293 25.6799
v 42.4964 54.1656 25.5983
v 41.9 54.2535 25.5983
v 41.5109 53.9459 25.4288
v 41.1342 53.6572 25.2844
v 40.4877 53.7137 25.2216
v 40.1111 53.4249 25.0961
v 39.6277 53.5505 25.14
v 39.3076 53.2994 25.1086
v 38.9435 53.0169 25.027
v 38.6171 52.7595 24.9831
v 38.3221 53.0922 25.0961
v 38.2781 52.4959 24.9454
v 38.4602 52.1318 24.8576
v 38.1463 51.8807 24.8387
v 37.8324 51.6422 24.7948
v 37.4872 51.3723 24.776
v 37.1545 51.1086 24.732
v 36.8344 50.8576 24.6818
v 36.4389 50.55 24.6002
v 35.9493 50.6692 24.5814
v 35.2965 50.7195 24.6316
v 34.8445 50.9203 24.8701
v 34.3737 51.1212 25.0961
v 33.8464 51.1902 25.0961
v 33.5451 50.958 25.0961
v 34.0159 50.845 24.9643
v 33.7021 50.6002 24.9705
v 33.1873 50.6755 24.9894
v 33.2752 50.2675 24.8011
v 32.7731 50.3554 24.7822
v 32.886 49.9599 24.6127
v 32.3839 50.0478 24.6065
v 32.3211 50.4809 24.8889
v 31.957 50.1985 24.7634
v 31.7875 50.5939 24.9831
v 32.2081 50.9203 25.1777
v 31.4737 50.914 25.3095
v 31.4548 50.3303 24.9203
v 31.1661 50.6692 25.3032
v 30.7895 50.8827 25.0396
v 31.2163 51.2091 25.297
v 30.3689 51.1526 25.3409
v 30.8836 51.5543 25.7866
v 30.3563 51.7489 25.7364
v 29.9358 51.4225 25.479
v 29.9358 52.0251 26.1004
v 29.8605 51.9686 26.6717
v 29.986 50.8513 25.1337
v 29.4775 51.0647 25.2091
v 29.2076 51.4602 25.887
v 28.8624 51.1902 25.7552
v 28.5674 51.4853 26.226
v 28.197 51.1965 26.1004
v 28.0024 51.5606 26.2323
v 28.2347 52.1883 26.5775
v 28.6364 52.0565 26.9353
v 29.126 51.9247 26.8349
v 29.3269 51.548 26.816
v 29.6094 51.7677 26.8035
v 29.1072 52.4206 26.5649
v 28.9252 52.7281 26.816
v 28.8373 53.1299 27.0169
v 28.6364 53.3998 27.0357
v 28.2284 53.5442 27.0608
v 28.5987 53.8329 27.1675
v 28.4606 54.2472 27.2492
v 28.1217 53.9836 27.155
v 27.4626 54.015 27.4626
v 27.8015 54.2786 28.2347
v 27.5944 53.5693 27.3998
v 26.8537 54.0463 27.2115
v 27.1613 53.2303 27.1048
v 26.6905 53.4061 27.0859
v 26.5587 53.8141 27.2805
v 26.2574 54.1531 27.8078
v 25.8117 54.3665 27.9836
v 25.297 54.5485 28.1028
v 24.8199 54.7368 28.2347
v 24.5123 54.492 28.2535
v 24.1859 54.2409 28.2472
v 23.6586 54.3728 28.2974
v 23.3824 54.6552 28.3351
v 22.9995 54.8938 28.4355
v 22.6543 54.6238 28.4355
v 22.3718 54.3979 28.536
v 22.0956 54.1844 28.605
v 21.8131 53.9647 28.6929
v 21.4114 54.0966 29.0005
v 21.0913 53.8455 28.9942
v 20.9343 54.2033 29.2265
v 20.5703 54.4293 29.647
v 20.2752 54.197 29.6972
v 19.8295 54.3853 30.0362
v 19.4969 54.128 30.0048
v 19.1642 54.3602 30.325
v 18.9131 54.7243 30.4756
v 18.6055 54.4858 30.4693
v 18.254 54.2096 30.3815
v 17.846 53.8894 30.1366
v 17.6577 54.2849 30.3563
v 17.2936 53.9961 30.2622
v 16.9734 54.3037 30.2245
v 16.5027 54.4481 30.4191
v 16.1888 54.2033 30.4128
v 15.6552 54.3477 30.5635
v 15.015 54.423 30.6765
v 14.6697 54.1531 30.5886
v 14.1111 54.3539 30.6639
v 13.6089 54.4606 30.7957
v 13.2762 54.2033 30.7455
v 12.9121 54.4104 30.7895
v 12.4476 54.5611 30.9025
v 11.7822 54.5611 30.8648
v 11.4244 54.2786 30.7581
v 11.1357 54.5046 30.9276
v 10.8218 54.2598 30.9025
v 10.4703 53.9836 30.846
v 9.94302 54.128 31.1912
v 9.62916 53.8769 31.1535
v 9.27764 54.1782 31.4988
v 9.06422 54.5736 31.9319
v 8.72525 54.31 31.8943
v 8.41139 54.0652 31.8503
v 8.0536 54.2912 32.001
v 7.67069 53.9899 31.8629
v 7.28778 54.2284 32.0449
v 6.66007 54.2912 32.1453
v 6.32738 54.6176 32.3085
v 5.89425 54.2786 32.1202
v 5.32931 54.3288 32.07
v 4.7832 54.4481 32.0951
v 4.3689 54.1217 31.9194
v 3.80396 54.2598 31.9319
v 3.91695 53.7764 31.6808
v 4.57605 53.7388 31.7436
v 4.69532 53.3433 31.6306
v 4.68276 52.7533 31.3356
v 5.03428 52.4771 31.2289
v 5.41719 52.2323 31.1535
v 5.81893 52.0439 31.0782
v 6.15162 51.7364 30.8397
v 6.17045 51.1777 30.5196
v 6.39643 50.8073 30.2622
v 6.63496 50.5374 30.0864
v 6.91743 50.2487 29.8918
v 6.96137 49.7653 29.5654
v 7.25012 49.5017 29.352
v 7.42588 49.1313 29.1762
v 7.63303 48.6605 29.057
v 7.96572 48.3404 28.9063
v 8.12892 47.9136 28.7368
v 8.62482 47.7817 28.5422
v 8.7127 47.2984 28.0589
v 8.8759 46.8841 27.8957
v 9.05167 46.4635 27.5065
v 9.12071 46.0179 27.3056
v 9.62916 45.8798 27.1299
v 9.73588 45.4466 26.8286
v 9.8677 45.07 26.6152
v 10.0435 44.7687 26.3515
v 10.4389 44.5427 26.3013
v 10.5519 44.1347 25.9184
v 11.0792 44.0029 25.7803
v 11.2047 43.5384 25.6422
v 11.8073 43.4191 25.5983
v 12.2342 43.1869 25.4413
v 12.4225 42.76 25.3472
v 12.5041 42.3143 25.0835
v 12.1714 42.0507 25.0333
v 12.5104 41.7682 24.8952
v 12.9749 41.6176 24.732
v 13.1507 41.2786 24.9454
v 13.2574 41.8373 24.6755
v 13.5084 42.0319 24.55
v 13.6654 42.1574 24.2298
v 13.8098 42.2704 23.7904
v 14.0797 42.4775 23.6837
v 14.4751 42.3206 23.5833
v 14.7011 42.5027 23.4138
v 14.8831 42.2139 23.351
v 15.0212 41.8498 23.3071
v 15.1531 41.5109 22.9242
v 15.4795 41.2535 23.0999
v 15.5862 40.8015 22.3279
v 15.7933 40.3559 22.1835
v 15.9879 39.8976 22.1395
v 16.2453 39.4959 22.1647
v 16.4587 39.1632 22.1584
v 16.1197 38.8933 22.1333
v 15.8436 38.6799 22.2337
v 15.6301 38.5104 22.422
v 16.7663 38.8368 21.7441
v 16.7349 39.3766 22.0579
v 16.9107 38.9498 21.3612
v 17.4128 38.8117 21.1917
v 17.3563 38.2844 20.7272
v 17.5635 37.9643 20.633
v 17.7393 37.5311 20.4698
v 17.8585 37.0729 20.2564
v 18.1284 36.7214 20.0304
v 17.9087 36.5519 20.2878
v 18.0782 36.169 20.2376
v 17.507 35.7233 19.6036
v 17.1555 35.4534 19.5785
v 16.8228 35.1898 19.5094
v 16.5089 34.945 19.4969
v 16.126 34.6436 19.4278
v 16.6282 34.4616 19.0951
v 16.8605 34.0913 18.9445
v 16.986 34.7504 19.2018
v 17.4317 34.5432 19.5345
v 17.7016 34.7504 19.4341
v 18.0092 34.9952 19.4341
v 18.5678 34.8822 19.4592
v 18.9068 35.1521 19.4969
v 19.1453 34.8445 19.5659
v 19.6224 34.6499 19.4718
v 19.8923 34.3047 19.3901
v 20.1183 33.9281 19.2834
v 20.1183 33.4196 19.0198
v 20.269 32.9739 18.8189
v 19.8295 32.6287 18.5239
v 19.3713 32.2709 18.2352
v 18.9005 31.9005 17.9715
v 18.4611 32.1202 18.1159
v 19.2646 31.6432 18.0468
v 19.2332 31.0845 17.5698
v 19.3211 30.6702 17.4631
v 18.9633 30.3877 17.3187
v 19.3023 30.0739 17.1304
v 19.5722 29.7035 16.9358
v 19.7291 29.3143 16.3394
v 19.365 29.0193 16.2076
v 19.9551 29.0633 16.0068
v 19.7793 28.4544 15.6678
v 20.1497 28.3728 15.7431
v 20.0681 27.9647 15.6239
v 20.0806 27.6321 15.4983
v 20.0744 27.155 15.3602
v 19.6663 26.8349 15.1907
v 20.2376 26.8098 15.2284
v 20.5389 26.5649 15.128
v 20.5954 26.1695 14.8957
v 20.972 25.9247 14.8518
v 21.3549 25.705 14.8518
v 21.7943 25.5292 14.7764
v 22.0014 25.1777 14.7074
v 22.309 24.8513 14.5505
v 22.5852 24.5814 14.3873
v 22.8238 24.3052 14.3308
v 23.0999 24.1231 14.1738
v 23.282 23.8218 14.1111
v 23.6084 23.6272 13.9981
v 23.9913 23.4954 14.1801
v 24.3052 23.3573 14.2617
v 24.6379 23.1062 14.0232
v 24.8764 22.7547 13.7846
v 24.8513 22.24 13.4896
v 25.184 22.014 13.4457
v 25.4476 21.675 13.2699
v 25.8933 21.5307 13.1946
v 26.0251 21.154 12.9498
v 26.4331 21.4742 13.1067
v 26.7721 21.7378 13.1758
v 26.6591 22.127 13.5022
v 26.6842 22.6417 13.7784
v 27.0106 22.8991 13.7595
v 27.0357 23.464 13.9541
v 27.3684 23.7214 14.042
v 27.1048 23.9976 14.1676
v 27.0671 24.4746 14.3559
v 27.4249 24.7508 14.4375
v 27.1362 25.0584 14.5505
v 26.8537 25.3535 14.7702
v 27.1738 25.6045 14.8204
v 27.2178 26.0188 14.9271
v 27.5818 26.3013 14.9961
v 27.6258 26.7784 15.084
v 27.971 27.0483 15.1845
v 27.7011 27.2805 15.2849
v 27.5128 27.5756 15.4544
v 27.2303 27.7576 15.4983
v 27.3308 28.2974 15.649
v 27.1111 28.6113 15.9314
v 26.8662 28.9879 16.1574
v 26.6717 29.3457 16.3708
v 26.339 29.6031 16.5466
v 25.9435 29.8165 16.6282
v 25.5167 30.0237 16.647
v 25.1337 30.168 16.7349
v 25.071 30.6012 16.76
v 24.6002 30.7079 16.804
v 24.5688 31.1473 16.9232
v 24.6002 31.5176 17.0864
v 24.2926 31.6181 17.1241
v 24.1671 31.9005 17.6074
v 24.5311 32.183 17.7141
v 24.8952 32.4655 17.7895
v 24.7257 32.8044 18.0594
v 25.1086 33.112 18.1598
v 25.4539 33.3757 18.254
v 25.5355 33.859 18.6243
v 25.6359 34.4491 18.9633
v 25.7175 35.0956 19.3085
v 25.4099 35.4346 19.5282
v 25.8556 35.7861 19.8233
v 25.7426 36.1878 20.0555
v 26.1883 36.5331 20.3129
v 26.1695 37.0541 20.6205
v 26.5147 37.324 20.6832
v 26.5838 37.9203 20.8464
v 26.9541 38.2091 20.9783
v 27.3308 38.5041 21.0348
v 27.6886 38.7866 21.1352
v 28.2347 38.6736 21.0975
v 28.7243 38.5229 20.972
v 29.2955 38.479 21.1352
v 29.7537 38.2593 21.2859
v 30.1869 38.0082 21.3675
v 30.2936 37.5814 21.4302
v 30.6828 37.4684 21.493
v 30.6828 36.9976 21.4051
v 30.6263 36.577 21.3675
v 30.6451 36.2506 21.3235
v 30.6137 35.874 21.2607
v 30.7267 35.4973 21.2042
v 30.3689 35.2149 21.1352
v 30.5258 34.8633 21.1729
v 30.2057 34.6185 21.1352
v 30.3061 34.2168 21.1478
v 30.6765 34.0661 21.0034
v 31.1222 33.8716 21.0473
v 31.48 33.633 20.9469
v 31.8126 33.3694 20.7648
v 31.9884 32.999 20.5075
v 32.2646 32.6475 20.3568
v 32.252 32.1453 20.2438
v 32.5031 31.8817 20.156
v 32.3839 31.3984 19.93
v 32.591 31.1096 19.8358
v 33.0241 31.4486 20.0053
v 32.8107 31.731 20.1371
v 32.8735 32.1704 20.269
v 32.5785 32.4027 20.2752
v 32.9363 32.6852 20.3694
v 33.2878 32.9551 20.4635
v 33.6142 33.2187 20.52
v 33.9469 33.4761 20.5765
v 34.2921 33.746 20.6016
v 34.562 33.4949 20.5075
v 34.8257 33.3066 20.3506
v 35.0328 33.0179 20.2941
v 35.4534 32.8986 20.4133
v 35.6919 33.0869 20.2627
v 35.6794 32.6412 20.3254
v 35.6668 32.6287 21.0536
v 35.1458 32.6601 21.1854
v 35.0014 32.9928 20.9783
v 35.4408 32.4529 21.2231
v 35.717 32.2834 21.0599
v 35.9367 32.4592 20.8778
v 36.0623 32.0449 21.0034
v 36.282 31.6746 20.6895
v 36.4703 31.323 20.8151
v 36.6021 30.9464 21.0724
v 36.1376 30.5823 20.746
v 36.3573 30.2057 21.0724
v 36.0435 29.9609 21.085
v 35.6794 29.6784 21.0724
v 35.7673 29.2453 20.9281
v 35.943 28.9126 20.79
v 35.9242 28.4858 20.6644
v 35.5852 28.2221 20.6393
v 35.2714 27.9773 20.633
v 34.9701 27.7388 20.6142
v 34.945 27.2617 20.5263
v 34.9889 26.816 20.338
v 34.9638 26.3327 20.156
v 34.7755 25.7929 19.8107
v 35.0203 25.4978 19.7103
v 34.6311 25.1965 19.6287
v 34.3172 24.958 19.5722
v 34.5181 24.6692 19.4153
v 34.7064 24.3993 19.3525
v 34.6562 23.9725 19.2583
v 34.788 23.6398 19.1516
v 35.0328 23.4075 18.9884
v 34.6562 23.1125 18.8691
v 34.2796 22.8175 18.7059
v 33.9657 22.9995 18.7122
v 33.8841 22.5099 18.5678
v 34.0222 22.1584 18.4235
v 33.4322 22.1584 18.2979
v 33.6456 21.8633 18.2791
v 33.2941 21.5934 18.1849
v 33.1873 21.1038 18.1661
v 33.451 20.8339 18.0782
v 33.7272 20.5577 17.9903
v 33.3694 20.2815 17.9213
v 33.52 19.9488 17.7895
v 33.7335 19.6915 17.6263
v 33.338 19.3839 17.5447
v 32.9676 19.0951 17.4254
v 33.4573 18.9319 17.4191
v 33.8778 18.7373 17.6451
v 34.3549 18.6243 17.576
v 34.7504 18.5051 17.281
v 34.8696 18.1096 17.1869
v 34.9638 17.7079 16.9672
v 34.5872 17.4191 16.8981
v 35.1019 17.3501 16.7977
v 35.1772 17.0111 16.6659
v 35.2274 16.5843 16.3269
v 35.5789 16.3834 16.0507
v 35.7986 16.0884 15.7306
v 35.8677 15.7117 15.536
v 36.0937 15.3853 15.2409
v 36.4515 15.2033 14.9083
v 36.7591 14.9773 14.6258
v 36.9097 14.6948 14.2366
v 37.1545 14.4312 13.7846
v 37.3742 14.1613 13.3452
v 37.0415 13.9039 13.3327
v 37.0352 13.452 13
v 36.7402 13.226 13.0502
v 36.7465 12.8556 12.6987
v 37.0604 13.1004 12.6987
v 37.3993 13.3641 12.6673
v 37.7195 13.6152 12.6924
v 38.0333 13.86 12.6987
v 38.3974 14.1424 12.7426
v 38.7364 14.4061 12.8242
v 39.0502 14.6509 12.8745
v 39.4394 14.4689 12.5983
v 39.8286 14.2805 12.2028
v 40.1613 14.5379 12.2405
v 40.5379 14.8329 12.3346
v 40.902 15.1154 12.4162
v 41.2598 15.3916 12.5292
v 41.6176 15.2284 12.2405
v 41.9942 15.0966 12.0019
v 42.5529 15.015 11.324
v 42.6094 14.563 10.8909
v 42.6282 14.0734 10.4891
v 42.3394 13.8474 10.5394
v 42.0005 13.5901 10.5268
v 41.6866 13.339 10.4954
v 41.3477 13.0816 10.4515
v 41.5862 12.8368 10.0435
v 41.8749 12.5983 9.30903
v 41.5109 12.3158 9.22115
v 41.1342 12.0208 9.10816
v 41.084 11.5374 8.61226
v 40.7953 11.3114 8.70642
v 40.4626 11.0478 8.66248
v 40.1236 10.7904 8.59971
v 39.7846 10.5268 8.52438
v 39.4268 10.2443 8.43023
v 39.0628 9.96185 8.36118
v 38.7238 9.69821 8.33607
v 38.4037 9.44713 8.3549
v 38.3786 9.00145 8.03477
v 38.4288 8.68759 7.6142
v 38.661 8.41139 7.31917
v 39.069 8.30468 7.02414
v 39.0753 7.90294 6.72284
v 39.3076 7.66441 6.40898
v 39.6214 7.41333 6.03863
v 39.9478 7.67069 6.03863
v 40.1801 7.36311 5.59923
v 40.563 7.15596 5.49879
v 40.5065 6.6789 5.10333
v 40.4375 6.16417 4.75809
v 40.4626 5.73105 4.46306
v 40.3621 5.23515 4.11154
v 40.7325 5.51762 4.14293
v 41.0777 5.78754 4.19942
v 41.31 5.59295 3.96717
v 41.7431 5.46113 3.44616
v 42.2578 5.41091 3.15741
v 42.5843 5.24143 2.68662
v 42.8667 5.04056 2.19701
v 42.8856 4.5886 2.41043
v 43.3061 4.47562 2.29116
v 43.7581 4.38773 2.08402
v 44.141 4.29985 1.92709
v 44.5427 4.60744 2.01497
v 44.9256 4.90874 2.17817
v 45.4717 4.82714 2.38532
v 45.3274 5.21632 2.34138
v 45.6914 5.49879 2.38532
v 46.0744 5.79382 2.56108
v 46.3882 6.03863 2.58619
v 46.6079 5.71222 2.66152
v 46.9594 5.98213 2.68035
v 47.3047 6.24577 2.69918
v 47.5997 6.47803 2.68035
v 47.9449 6.74795 2.70546
v 48.2588 6.98648 2.66779
v 48.5915 7.24384 2.76195
v 48.9493 7.52004 2.85611
v 49.3322 7.81506 2.92516
v 49.6398 8.0536 2.90005
v 49.5268 8.85707 2.62385
v 49.872 9.12699 2.67407
v 49.7842 9.49734 2.92516
v 49.6398 9.82376 2.99421
v 49.2067 9.48479 2.78078
v 49.1376 9.90536 3.11347
v 49.0435 10.2443 3.30179
v 48.9556 10.6021 3.59681
v 48.8238 10.9474 4.03621
v 49.238 11.2675 4.22453
v 49.1564 11.6818 4.73298
v 49.4954 11.9454 4.75181
v 49.8344 12.2091 4.83341
v 50.2738 12.548 5.05311
v 50.8136 12.0459 4.88991
v 51.3534 12.0333 4.77692
v 51.7489 12.3409 4.92757
v 52.0879 12.1902 4.67648
v 51.5543 12.6234 5.1661
v 51.3597 12.9121 5.37953
v 51.7615 13.226 5.49252
v 52.1758 13.5461 5.69338
v 52.521 13.816 5.8001
v 52.929 14.1299 5.95703
v 53.224 14.3621 5.92564
v 53.5128 14.1362 5.85659
v 53.8266 14.381 5.8252
v 54.1154 14.607 5.74988
v 54.6238 14.5693 5.61806
v 54.9942 14.4375 5.47996
v 55.2892 14.6697 5.3858
v 55.4901 14.3496 5.27281
v 55.7914 14.5881 5.21004
v 55.9546 14.2743 5.14727
v 56.2245 14.4814 5.05939
v 56.4756 14.676 4.87735
v 56.5698 14.3119 4.70159
v 56.8711 14.155 4.29358
v 57.21 14.4186 4.2873
v 57.4925 14.6383 4.28102
v 57.8378 14.9083 4.31241
v 58.1579 15.1531 4.22453
v 58.4466 15.379 4.19314
v 58.7542 15.6176 4.16176
v 59.1183 15.9 4.2057
v 59.0618 16.239 4.55722
v 59.407 16.5089 4.60744
v 59.9155 16.8981 4.97151
v 60.2984 17.1994 5.10961
v 59.8276 17.2747 5.18493
v 59.3192 17.3187 5.26654
v 58.886 17.4568 5.51135
v 58.9488 17.0299 5.13472
v 58.5659 17.2057 5.51762
v 58.2395 17.3689 5.78126
v 58.7731 17.7832 6.28971
v 58.4843 17.5635 6.35876
v 58.6224 18.0971 6.60357
v 59.0995 18.0343 6.31482
v 59.0116 18.3984 6.74167
v 59.4824 18.3356 6.47175
v 59.3819 18.6871 6.79816
v 59.7146 18.9445 6.82955
v 60.041 19.1956 6.8421
v 59.6456 19.3337 7.35055
v 59.2313 19.0135 7.12458
v 58.8986 18.7562 7.13713
v 58.6726 19.0575 7.42588
v 58.3399 18.8001 7.33172
v 58.4153 19.2332 7.62675
v 59.2627 19.5157 8.03477
v 58.6977 19.4529 8.26074
v 59.0618 19.7291 8.34235
v 59.3819 19.9802 8.33607
v 59.6016 19.7731 8.03477
v 59.7523 20.269 8.45533
v 60.0724 20.1371 8.39256
v 60.2796 19.8233 8.12265
v 60.6813 20.1434 8.28585
v 60.8508 19.8233 7.93433
v 60.5181 19.5659 7.94688
v 60.9387 19.4592 7.64558
v 61.3153 19.7479 7.75229
v 61.353 19.365 7.43843
v 61.6731 19.6098 7.50121
v 61.9618 19.365 6.82955
v 61.6103 19.0888 6.77306
v 62.0937 19.0261 6.81072
v 62.2443 18.7059 6.64124
v 62.6523 18.6306 6.4592
v 63.0227 18.9194 6.53452
v 63.3052 19.1391 6.47803
v 63.619 19.3839 6.46548
v 63.914 19.6098 6.39015
v 64.1714 19.8107 6.3211
v 64.4853 20.0492 6.3211
v 64.7552 20.2627 6.21439
v 64.774 20.6644 6.55963
v 65.1067 20.9218 6.60985
v 65.4708 21.2042 6.71028
v 65.7533 21.4239 6.67262
v 66.0671 21.2796 6.23322
v 66.3559 21.4993 6.15789
v 66.6383 21.719 6.05746
v 66.971 21.9763 6.12023
v 67.2849 22.2211 6.13279
v 67.5611 22.4346 6.0198
v 67.9189 22.7108 6.19556
v 68.2202 22.943 6.11395
v 68.1762 23.3008 6.33365
v 68.057 23.6461 6.60985
v 68.0381 24.0729 6.86094
v 67.9314 24.4684 7.21873
v 67.8561 24.8262 7.39449
v 68.1323 25.0396 7.30034
v 68.4085 25.253 7.17479
v 68.6784 25.4664 7.08691
v 68.9358 25.661 6.94882
v 68.7475 25.9498 7.13713
v 68.8542 26.4771 7.2564
v 68.5905 26.7533 7.51376
v 68.6784 27.1927 7.75229
v 68.9609 27.4186 7.68952
v 69.2873 27.6697 7.68952
v 69.7204 28.0024 7.99082
v 70.1222 27.9396 8.05987
v 70.7248 27.9271 8.09126
v 71.001 27.6948 7.92178
v 70.6306 27.4124 7.78368
v 71.1328 27.3621 7.63303
v 71.5282 27.2554 7.48865
v 71.4592 27.6195 7.6393
v 71.5847 28.1468 7.86528
v 71.8923 28.3853 7.87156
v 72.1434 28.5799 7.68324
v 72.4949 28.8561 7.72718
v 72.7711 29.0695 7.62047
v 72.5389 29.3394 7.80251
v 72.8841 29.6031 7.82762
v 73.1352 29.7977 7.70835
v 73.4177 30.0174 7.6958
v 73.8131 30.325 7.87784
v 74.1584 30.1429 7.9155
v 74.3341 29.8479 7.71463
v 74.5601 30.0174 7.50748
v 75.0309 29.9672 7.62675
v 75.7528 30.055 7.1999
v 75.985 30.2371 7.08064
v 76.1671 30.8522 7.21246
v 76.4935 31.1033 7.22501
v 76.2424 31.3293 7.11202
v 76.4621 31.9319 7.38194
v 76.1922 32.1704 7.52004
v 76.0164 32.5157 7.87156
v 76.0666 32.93 8.08498
v 76.3428 33.1434 8.01593
v 76.4119 33.6205 8.38629
v 76.8764 33.5577 8.56832
v 76.7697 33.8967 8.46789
v 77.1463 33.7648 8.46789
v 77.5543 33.7021 8.48044
v 77.7489 33.8527 8.22936
v 77.8305 32.9865 8.44278
v 78.521 33.5263 8.66248
v 79.155 33.1622 8.41139
v 79.6069 33.043 8.19169
v 79.3559 32.4027 7.81506
v 79.6007 32.1516 8.02221
v 79.6823 31.8189 8.44278
v 80.0463 32.1014 8.54322
v 80.3163 32.3148 8.48672
v 80.1342 32.5596 8.49927
v 80.536 32.8735 8.66876
v 80.7682 33.0555 8.47417
v 80.9314 32.7919 8.44906
v 80.7494 33.4824 8.19169
v 80.7117 34.3675 8.31096
v 81.013 34.606 8.36745
v 81.0005 34.5934 9.00772
v 81.6659 34.6311 9.30275
v 81.8479 34.3298 9.3718
v 82.1304 34.5558 9.2902
v 82.6702 34.5307 9.29647
v 82.6388 34.945 8.91984
v 82.4317 35.2274 8.91984
v 82.4128 35.6919 8.66248
v 82.1994 36.3761 9.16465
v 81.8102 37.0039 9.72332
v 81.7537 37.3365 9.67938
v 81.4085 37.958 10.2632
v 81.2578 38.3032 10.1878
v 80.5862 38.2154 9.54756
v 81.3206 37.0039 9.41574
v 81.2139 37.3428 9.41574
v 80.9503 37.142 8.7943
v 80.7619 37.4558 8.70642
v 80.4983 37.2549 8.81313
v 80.3728 37.619 8.78175
v 80.266 37.9705 8.78175
v 81.0758 38.1651 8.96378
v 79.9208 38.2154 8.97634
v 79.9334 37.7132 8.75664
v 79.6509 38.0082 9.06422
v 79.6195 38.4727 9.30903
v 79.3496 38.2656 9.36552
v 79.2743 38.705 9.56012
v 79.5253 38.8996 9.42829
v 80.1656 38.8933 9.93674
v 79.9961 39.2636 9.79865
v 80.4041 39.5775 9.97441
v 80.6113 39.2448 10.2632
v 80.3037 38.5167 9.90536
v 79.8957 38.6861 9.98068
v 80.9314 39.4896 10.2569
v 80.3539 39.9667 10.1313
v 80.4041 40.8392 10.282
v 80.6741 40.6195 10.4326
v 80.605 41.4544 10.2255
v 80.6678 41.8749 10.1753
v 81.0758 42.1888 10.3887
v 81.3834 42.4273 10.3385
v 81.8102 42.76 9.85514
v 82.325 42.3332 9.63544
v 82.6388 42.578 9.6731
v 82.1555 41.7745 9.59778
v 82.915 42.7914 10.3448
v 83.323 43.1115 10.5582
v 83.1849 43.4568 10.395
v 82.9087 43.2434 10.5331
v 82.6451 43.4128 10.3761
v 82.9464 43.6451 10.3636
v 83.2728 43.8962 10.4264
v 83.5239 43.7204 10.5331
v 83.6557 43.3626 10.6335
v 83.8378 43.0802 9.83003
v 84.4655 43.1492 10.3134
v 84.5973 42.8291 10.4389
v 85.043 42.6784 10.3824
v 85.3066 42.8793 10.2067
v 85.677 42.1637 10.4829
v 85.6958 41.7431 10.4201
v 86.4051 41.3665 10.6461
v 86.5118 41.0212 10.6272
v 86.5871 40.7011 10.7402
v 86.9575 40.5128 10.8532
v 86.8759 39.9981 10.6335
v 87.3781 39.9478 10.5331
v 87.7484 40.2366 10.621
v 88.2945 40.2366 10.8218
v 88.916 40.2429 10.9976
v 89.0478 40.8204 11.1985
v 89.3742 41.0777 11.2047
v 89.6441 40.8078 11.2487
v 89.663 41.2974 11.1796
v 89.9705 41.0589 11.3679
v 90.0835 41.6238 11.3679
v 90.4288 41.8875 11.4558
v 90.2907 42.2076 11.5751
v 90.5731 42.4273 11.5625
v 90.8807 42.6659 11.4998
v 90.7677 43.0111 11.7697
v 91.0628 43.2371 11.7446
v 91.2322 42.9358 11.5688
v 91.1381 43.7518 11.1985
v 91.6026 44.1096 11.5625
v 91.069 44.5616 11.2424
v 90.6485 44.6557 11.142
v 90.3283 44.8691 11.5688
v 90.253 45.2772 11.6692
v 90.184 45.6601 11.7069
v 89.9956 46.0304 11.5876
v 90.2405 46.2187 11.4119
v 89.7195 46.3066 11.9203
v 90.0145 46.5389 11.9329
v 89.914 46.9532 12.0459
v 90.1777 47.1603 11.9266
v 89.9078 47.38 11.4433
v 89.5311 47.0913 11.3052
v 89.7508 47.675 11.4119
v 90.2153 47.6185 11.4809
v 90.6045 47.9198 11.7132
v 90.887 47.7127 12.1714
v 91.1946 48.3781 12.4225
v 91.6716 48.3216 12.5794
v 91.9918 47.5809 12.7301
v 92.1362 47.1729 12.6736
v 92.224 46.8088 12.7175
v 91.8976 46.5514 12.6171
v 92.0671 46.2187 12.7615
v 92.1989 46.79 13.3704
v 92.6321 46.1936 13.7972
v 93.1279 45.7668 13.9102
v 92.5002 47.4553 12.774
v 92.7388 47.6436 12.6296
v 92.5567 48.5099 12.8807
v 92.2303 48.2525 12.818
v 91.069 48.6982 12.3723
v 90.818 48.9305 12.2718
v 90.3095 49.3636 12.4978
v 90.7364 49.3259 13.0063
v 89.8575 49.4452 12.6548
v 89.8575 49.9034 12.3158
v 89.4872 49.1564 12.4476
v 89.663 49.7465 12.5418
v 89.029 49.2569 12.548
v 89.4433 49.5833 12.7552
v 88.8093 49.5582 12.7364
v 88.7653 49.9536 12.9247
v 88.5582 50.2989 12.9874
v 87.9618 50.3365 12.9874
v 87.8865 50.8073 13.1444
v 87.4911 50.4935 12.9623
v 87.0705 50.1733 12.661
v 86.3549 50.4935 12.6736
v 85.7962 51.0521 12.9749
v 85.1811 50.9454 13.4331
v 84.8735 50.7069 13.4394
v 84.591 50.4872 13.4645
v 84.252 50.2298 13.3892
v 84.0261 50.4998 13.3076
v 83.9005 49.9536 13.2323
v 83.9194 49.5896 12.9686
v 83.2477 49.8909 12.887
v 82.6137 50.3052 12.5732
v 82.7769 49.5268 12.479
v 82.5823 49.8281 12.2091
v 81.9483 49.7842 12.4602
v 81.6972 49.9913 12.7426
v 82.1806 49.5142 12.7615
v 81.9546 49.7904 13.1883
v 81.6972 49.9913 13.4708
v 81.7726 49.6461 13.5712
v 81.4964 49.8344 13.7219
v 81.0507 49.9599 12.9121
v 81.5968 49.508 13.8788
v 81.3269 49.7026 14.0546
v 81.1386 50.0227 13.9039
v 81.3394 50.1859 13.6152
v 81.0507 50.4244 13.2825
v 80.6992 50.1482 13.9416
v 80.9063 49.8469 14.1362
v 80.3414 49.872 13.8286
v 80.6427 49.6398 14.2178
v 80.3288 49.395 14.1801
v 79.9459 49.5645 13.6654
v 79.7639 50.3679 13.6779
v 80.2535 50.3114 13.8788
v 80.4606 50.4746 13.7156
v 80.6238 50.0917 13.0314
v 80.718 50.6755 13.5461
v 81.3206 50.1733 12.7929
v 81.3143 50.6316 13.1883
v 80.4167 50.8764 13.7721
v 80.0338 51.0521 13.8474
v 79.6885 51.2593 14.1989
v 79.5756 51.6485 14.3056
v 79.3684 51.8807 14.3056
v 79.2366 52.2574 14.381
v 78.9102 52 14.3559
v 78.6403 51.7866 14.4312
v 78.1255 51.8682 14.4563
v 77.705 52.0251 14.6697
v 77.1714 52.0502 14.5818
v 76.6316 52.1193 14.5002
v 76.5123 52.5524 14.9396
v 76.4433 53.042 15.2661
v 76.3428 53.3935 15.6113
v 76.2361 53.7639 15.9252
v 76.1671 54.2033 16.4838
v 75.508 54.1719 16.4587
v 75.3573 54.4606 16.6156
v 74.9556 54.1468 16.3708
v 74.4848 53.7764 16.0193
v 73.9826 53.8455 16.057
v 73.6374 53.5756 15.9691
v 73.2733 53.2994 15.831
v 73.0222 53.0922 16.0005
v 72.3505 52.9981 15.7431
v 72.451 52.6528 15.4104
v 72.0116 52.7407 15.718
v 71.8547 53.0546 15.9126
v 71.5596 52.8223 15.9628
v 71.3964 53.0859 16.2076
v 71.0072 53.1989 16.5968
v 70.6118 53.337 17.0237
v 70.4297 53.676 17.3689
v 70.0531 53.7764 17.7141
v 69.8146 53.5881 17.9025
v 69.5509 53.8518 18.3544
v 69.3061 54.1405 18.7436
v 68.9985 53.902 18.7813
v 68.7161 54.1405 18.9194
v 68.3583 53.858 18.8503
v 68.0884 53.6509 18.8817
v 67.8059 53.8392 19.0386
v 67.5046 54.0777 19.0323
v 66.8706 53.5944 18.9445
v 66.3245 53.6572 19.3839
v 65.8851 53.8643 19.2081
v 65.521 53.5818 19.1202
v 65.3264 53.9083 19.4843
v 65.0502 53.6948 19.5031
v 64.7238 53.9396 19.8672
v 64.5794 54.3665 20.2564
v 64.2656 54.1217 20.2815
v 63.9454 53.8706 20.2815
v 63.6692 53.6509 20.3443
v 63.3491 53.9208 20.4384
v 63.0604 53.6948 20.5577
v 62.8093 53.8769 20.7021
v 62.5456 54.1154 20.8213
v 62.2694 53.8957 20.9343
v 62.0058 54.1405 21.0599
v 61.6354 54.3037 21.562
v 61.3279 54.0589 21.562
v 61.0454 53.8455 21.6185
v 60.9701 54.1782 22.2839
v 60.7064 53.971 22.3341
v 60.4177 53.745 22.3906
v 60.3235 54.1342 22.8802
v 59.9029 54.2974 23.3385
v 59.6016 54.0589 23.3385
v 59.2752 53.8015 23.3385
v 58.9928 53.5818 23.4138
v 58.4278 53.7074 23.6272
v 57.8754 53.7827 23.7528
v 57.5678 54.0589 24.029
v 57.2351 53.8015 23.985
v 56.9338 54.0903 24.1859
v 56.5823 53.8141 24.1294
v 56.2999 54.1342 24.3868
v 55.9734 53.8769 24.3554
v 55.5403 53.9773 24.4244
v 55.2641 54.2472 24.6316
v 54.7933 54.3477 24.6818
v 54.423 54.0589 24.5374
v 54.0338 54.2221 24.6943
v 53.6697 53.9334 24.5249
v 53.3559 54.0401 24.5563
v 52.9918 53.7513 24.437
v 52.7407 53.902 24.6002
v 52.3641 53.6069 24.4621
v 52.0628 53.7513 24.5311
v 51.4099 53.7011 24.4119
v 51.2154 53.971 24.7948
v 51.7364 53.4877 24.4244
v 51.4099 53.2366 24.4182
v 51.1086 53.4689 24.5186
v 50.8889 53.7137 24.7948
v 50.4809 53.9083 24.8011
v 50.1482 54.2284 24.9015
v 49.8281 53.9773 24.8889
v 49.464 53.6948 24.845
v 49.1439 54.0275 24.9831
v 48.7359 54.1907 25.1086
v 48.4346 53.9585 25.1275
v 48.0956 53.6948 25.0647
v 47.5683 53.8141 25.0396
v 47.0536 53.9522 25.2844
v 46.7146 53.6886 25.2467
v 46.3819 53.4249 25.1463
v 45.9614 53.6572 25.4225
v 45.635 53.9083 25.6799
v 45.0386 53.9899 25.7238
v 44.4674 54.1028 25.7552
v 44.1347 53.8455 25.6924
v 43.5635 53.9647 25.6296
v 43.0362 54.0463 25.5983
v 42.6847 53.7702 25.4915
v 42.1386 53.8831 25.479
v 41.7745 53.6007 25.3221
v 41.4167 53.3182 25.184
v 41.0652 53.0483 25.0961
v 40.7325 53.337 25.1463
v 40.4061 53.0859 25.0647
v 40.0985 52.8411 25.0082
v 39.7909 53.1738 25.0647
v 39.4206 52.8851 25.0145
v 39.1193 52.6465 24.9768
v 38.7991 52.3955 24.9015
v 38.7615 51.7991 24.8324
v 38.4351 51.5418 24.8011
v 38.1149 51.2907 24.7571
v 37.7571 51.0082 24.732
v 37.4244 50.7508 24.6818
v 37.1043 50.4998 24.619
v 36.7528 50.2236 24.5311
v 36.4201 49.9662 24.4746
v 36.0748 50.2612 24.4998
v 35.5852 50.3868 24.4746
v 34.9826 50.4746 24.5939
v 34.4742 50.6316 24.8011
v 34.1854 50.4056 24.7948
v 33.8213 50.1231 24.663
v 33.4886 49.8595 24.6253
v 33.156 49.5958 24.5374
v 32.5471 49.6963 24.4935
v 32.0386 49.7779 24.5688
v 31.6557 49.9599 24.7822
v 31.141 50.0855 24.8764
v 30.733 50.3365 25.0333
v 30.4505 50.6127 24.9517
v 30.168 50.393 25.0082
v 29.7161 50.6379 25.2405
v 29.1135 50.7759 25.0773
v 28.8436 50.5688 25.2091
v 28.5548 50.9454 25.8305
v 28.2535 50.7132 25.8745
v 27.8518 50.9329 26.0126
v 27.6007 51.2467 26.0628
v 27.5002 51.6171 26.3641
v 27.8204 51.8682 26.3892
v 28.0401 52.5084 26.6591
v 28.6929 52.5461 26.9918
v 28.4732 52.8537 26.9667
v 28.3037 53.1424 26.9792
v 27.4877 52.9667 26.8851
v 26.8474 52.9855 27.2052
v 26.339 53.1299 26.9981
v 26.2385 53.563 27.3182
v 25.8996 53.8706 27.7325
v 25.5543 54.1656 28.0338
v 25.2781 53.9522 28.1531
v 25.0396 54.3477 28.2472
v 24.7257 54.1028 28.2535
v 24.4307 53.8706 28.2284
v 23.8469 53.9773 28.2096
v 23.3134 54.1028 28.2347
v 23.056 54.4041 28.3225
v 22.7422 54.1593 28.3163
v 22.4534 53.9334 28.3351
v 22.1835 53.7199 28.4355
v 21.8633 53.4751 28.4544
v 21.5181 53.7325 28.7306
v 21.2482 53.5316 28.7494
v 20.7774 53.6007 29.0319
v 20.6142 53.9522 29.2202
v 20.2752 53.6823 29.1574
v 19.9614 53.9522 29.6659
v 19.6538 53.7137 29.6345
v 19.1642 53.8643 29.9734
v 18.8064 54.0777 30.2308
v 18.4109 53.7702 30.0802
v 17.959 53.4186 29.8102
v 17.4442 53.5756 29.986
v 16.9295 53.7137 30.1241
v 16.6533 54.0526 30.2182
v 16.3332 53.8015 30.212
v 15.8687 53.9585 30.4254
v 15.3225 54.0903 30.5133
v 14.9836 53.8204 30.4379
v 14.6132 53.5379 30.3124
v 14.3056 53.8706 30.4756
v 13.747 54.0652 30.6263
v 13.4017 53.7953 30.5384
v 12.9498 53.9459 30.7016
v 12.5983 54.1719 30.7706
v 12.0521 54.2535 30.8146
v 11.6818 53.9647 30.7016
v 11.3491 53.7074 30.6263
v 11.1043 54.0275 30.7267
v 10.7465 53.7513 30.7141
v 10.395 53.4751 30.62
v 10.1313 53.7199 30.802
v 9.81748 53.4751 30.7895
v 9.30275 53.6258 31.1222
v 8.95123 53.9208 31.4862
v 8.64993 53.6886 31.4611
v 8.00966 53.7513 31.731
v 7.62675 53.4563 31.6055
v 7.32545 53.7199 31.7875
v 6.94254 53.9647 31.9759
v 6.59102 53.6823 31.844
v 6.27716 53.9961 32.0512
v 5.86287 53.676 31.888
v 5.5239 53.9899 31.9759
v 4.98407 54.0589 31.9445
v 5.15355 53.7011 31.8566
v 5.09078 53.0671 31.549
v 5.44858 52.7972 31.4297
v 5.81893 52.5461 31.3105
v 6.21439 52.3515 31.1912
v 6.5408 52.0377 30.9464
v 6.817 51.6861 30.6012
v 6.50314 51.4413 30.576
v 6.73539 51.071 30.281
v 6.99903 50.8199 30.099
v 7.26895 50.5186 29.9358
v 7.28151 50.0164 29.5215
v 7.56398 49.7402 29.3457
v 7.73346 49.3699 29.1386
v 7.95316 48.9054 29.0193
v 8.26074 48.5727 28.8624
v 8.45533 48.1647 28.6992
v 8.92612 48.014 28.4669
v 9.0705 47.5746 28.1091
v 9.23998 47.1666 27.971
v 9.39063 46.7209 27.5442
v 9.45968 46.2815 27.3433
v 9.97441 46.1497 27.1675
v 10.0748 45.7103 26.8474
v 10.2004 45.3337 26.6152
v 10.3887 45.0449 26.4331
v 10.7402 44.7813 26.2197
v 10.8909 44.3984 25.9686
v 11.4182 44.254 25.7929
v 11.5563 43.8083 25.6548
v 12.1463 43.6828 25.6359
v 12.5669 43.4442 25.479
v 12.7175 42.986 25.3283
v 12.8745 42.6031 25.1463
v 13.2448 42.3457 25.0019
v 13.5336 42.5717 24.958
v 13.8662 42.3143 24.6692
v 14.1236 42.0444 24.1985
v 13.9981 42.9295 25.2279
v 13.5775 43.1555 25.3346
v 13.9353 43.4317 25.3911
v 14.3245 43.1931 25.2718
v 14.7639 43.0111 25.2028
v 14.6697 43.4631 25.3597
v 15.1468 43.3124 25.3158
v 15.5109 43.1304 25.2154
v 15.5736 43.6451 25.548
v 15.9377 43.4631 25.4853
v 15.9691 43.959 25.7112
v 16.3081 43.7518 25.6296
v 16.4713 43.4568 25.5292
v 16.647 44.0154 25.6422
v 16.4211 44.3105 26
v 16.7851 44.5929 26.1318
v 17.1994 44.4548 25.4099
v 17.1178 44.8566 26.2009
v 16.6094 44.9821 26.1758
v 16.9546 45.2458 26.2385
v 17.4317 45.1014 26.2134
v 17.2747 45.4969 26.1758
v 17.689 45.3023 26.1193
v 17.8648 44.9759 25.4664
v 17.9966 45.5408 26.0565
v 18.3544 45.3588 25.8493
v 18.3105 45.7856 26.0126
v 18.6683 45.6036 25.8305
v 18.5929 46.0053 25.9309
v 18.9445 45.817 25.8117
v 19.1391 45.5408 25.7426
v 19.3839 45.7417 25.6485
v 19.2332 46.043 25.7489
v 19.6538 45.9488 25.5167
v 19.5534 46.2941 25.7991
v 20.0932 46.2941 25.7929
v 20.338 46.0116 25.8493
v 20.5703 46.6644 25.5167
v 20.6393 46.2438 25.8431
v 20.5451 46.1685 24.9078
v 20.8464 46.4133 24.845
v 20.8213 45.9425 24.2424
v 21.1917 46.2376 24.3679
v 21.4365 45.9111 24.3679
v 20.9783 45.5534 24.0352
v 20.2941 45.5345 23.8155
v 20.5075 45.183 23.6712
v 19.9174 45.2395 23.7214
v 19.7542 45.5534 23.8469
v 19.6098 44.9947 23.6837
v 19.478 45.3399 23.9097
v 19.0386 44.9947 23.6837
v 21.3675 45.3211 23.7967
v 21.0975 45.114 23.1816
v 21.0159 44.4423 23.238
v 21.3612 45.3211 23.0999
v 20.8025 44.8817 22.5225
v 21.2607 44.6369 23.056
v 21.7566 45.0261 22.7233
v 21.6562 44.9445 23.2129
v 21.719 46.1309 24.3428
v 22.127 45.9174 24.1168
v 22.014 46.3631 24.2549
v 22.4032 46.1309 23.985
v 22.3906 45.522 23.3887
v 22.309 46.5954 24.1671
v 22.6794 46.3506 23.985
v 23.1439 46.1057 23.6774
v 23.1376 45.4906 23.9223
v 23.4326 45.7228 23.8971
v 23.6774 45.3148 23.8846
v 23.1627 44.9068 23.4138
v 23.9034 44.9884 23.8658
v 23.4013 44.5929 23.4326
v 22.83 44.6494 23.3761
v 22.6417 45.1077 22.7986
v 22.3655 44.888 22.8489
v 22.1019 45.296 22.7296
v 22.466 45.5785 22.8551
v 22.0705 44.6557 22.8802
v 22.3467 44.2728 22.2776
v 22.3341 44.2603 23.0058
v 22.5287 43.915 22.943
v 22.535 43.9213 22.3028
v 22.2463 43.689 22.9493
v 22.9932 44.2728 23.3259
v 23.2318 43.8962 23.3761
v 23.5142 44.1159 22.5727
v 23.508 44.1159 23.282
v 24.2801 44.1849 23.0623
v 24.3303 43.7455 22.8614
v 23.6335 43.6828 23.0372
v 24.1357 43.5886 23.0874
v 24.0101 43.4944 22.127
v 24.393 43.7957 22.2651
v 24.7822 44.0971 22.3844
v 24.9517 43.7518 22.2714
v 24.5814 43.4631 22.1772
v 25.2216 43.394 22.2651
v 24.8324 43.0864 22.1521
v 24.2487 43.1994 22.0893
v 23.6147 43.1806 21.901
v 23.8971 42.9232 21.9826
v 23.5205 42.6282 21.9261
v 23.2569 42.9044 21.8069
v 23.169 42.3583 21.8069
v 22.874 42.6094 21.6436
v 22.7861 43.0174 21.8633
v 22.3906 42.7098 21.719
v 22.24 43.1178 21.8194
v 22.5601 43.3689 21.8571
v 21.7692 42.7537 21.5118
v 21.719 43.281 21.7566
v 21.3863 43.0174 21.7441
v 21.1666 43.3501 22.5664
v 21.3926 42.4524 21.3926
v 21.0285 42.7412 21.6374
v 21.0034 42.1511 21.2482
v 20.6832 42.4713 21.5369
v 20.4196 42.7663 21.6248
v 20.156 42.5591 21.6939
v 19.7228 42.8228 21.9575
v 19.9363 42.3897 21.9136
v 19.3901 42.5591 21.9324
v 19.2332 43.0488 21.9763
v 18.9131 42.7977 21.9763
v 19.0888 43.5447 22.3279
v 18.8943 43.3877 22.5476
v 18.7122 43.7832 22.4911
v 19.0575 44.0531 22.5413
v 19.6224 43.959 22.874
v 19.8735 43.5509 22.7233
v 19.8609 44.141 22.6041
v 20.1622 43.7769 22.648
v 20.3631 43.3187 22.6041
v 20.4384 43.9903 22.5727
v 20.7146 43.5949 22.6919
v 20.8716 43.1178 22.6417
v 21.4302 43.055 22.5538
v 21.5432 43.6451 22.6605
v 21.7943 43.3375 22.6731
v 21.2984 44.0531 23.282
v 21.5746 44.2665 23.1753
v 22.1144 44.0908 23.1878
v 20.1497 44.3732 22.5413
v 20.4887 44.6369 22.5789
v 20.0555 44.8315 22.6543
v 20.3254 45.0449 22.5601
v 19.7731 44.6118 22.717
v 19.4466 44.8691 22.6543
v 19.1453 44.6369 22.6543
v 19.522 44.4172 22.8614
v 18.7813 44.3481 22.5225
v 18.4674 44.1033 22.5225
v 18.2163 43.9087 22.6229
v 17.9966 44.1787 22.8049
v 17.6765 43.9276 22.7924
v 17.9025 43.6639 22.648
v 17.3438 43.6702 22.7484
v 17.6074 43.4317 22.7108
v 17.3187 43.2057 22.7735
v 17.0802 43.4631 22.7924
v 16.9985 42.9546 22.7986
v 16.804 43.2496 22.9305
v 16.5717 43.5384 22.9179
v 16.4713 42.986 22.8802
v 16.2767 43.3061 23.0246
v 16.0256 43.1115 23.0937
v 16.4022 43.4066 23.9411
v 16.239 42.804 23.0497
v 15.8812 42.5278 23.0183
v 15.718 42.873 23.1188
v 15.4104 42.6282 23.1502
v 15.5799 42.2892 23.056
v 15.1405 42.421 23.2004
v 15.3163 42.0821 23.169
v 15.4983 41.7808 22.9744
v 15.7745 41.4795 23.0309
v 15.8812 41.0275 22.9807
v 16.17 41.2598 22.8802
v 16.057 41.6992 22.9556
v 16.4336 41.4606 22.8363
v 16.3583 41.944 22.9054
v 16.7161 41.6866 22.7484
v 16.6847 41.0589 22.0454
v 16.9609 41.2723 21.9261
v 17.1618 40.8141 21.8257
v 16.8228 40.5567 21.8257
v 16.3394 40.7827 21.9136
v 16.5089 40.3056 21.8633
v 16.0381 40.5442 21.9387
v 15.7619 40.9334 21.9575
v 16.1825 40.0483 21.8508
v 16.5466 39.7344 22.1395
v 17.0425 39.6152 21.9575
v 17.2559 39.2197 21.3988
v 17.4882 39.4017 21.2859
v 17.6953 39.0377 21.1478
v 17.689 38.548 20.7397
v 17.8522 38.1902 20.6205
v 18.0594 37.7822 20.4635
v 18.1661 37.3177 20.2438
v 18.436 36.9599 20.0179
v 18.5678 36.5582 19.8672
v 18.775 36.1439 20.3254
v 18.5302 35.9556 20.4824
v 18.0971 35.6166 20.2062
v 17.7393 35.3341 19.4027
v 17.3438 35.0266 19.296
v 18.3607 35.2651 19.5157
v 18.7059 35.535 20.2815
v 19.2395 35.4157 19.5471
v 19.4969 35.1207 19.591
v 20.0304 34.9701 19.6161
v 20.269 34.5934 19.5408
v 20.4761 34.2042 19.3713
v 20.564 33.7648 19.2521
v 20.6707 33.2878 18.9445
v 20.8716 32.9049 18.8566
v 20.4761 32.5973 18.6683
v 20.0681 32.2772 18.4611
v 19.7166 32.001 18.323
v 19.6915 31.4423 17.846
v 19.704 30.9715 17.62
v 19.6726 30.3626 17.281
v 19.999 30.0362 17.1115
v 20.112 29.6094 16.4524
v 20.3819 29.4022 16.1825
v 20.5891 29.0884 16.0319
v 20.1622 28.7557 15.8561
v 20.5577 28.6866 15.9314
v 20.4887 28.2912 15.8184
v 20.4698 27.9334 15.6678
v 20.52 27.5002 15.5234
v 20.633 27.1173 15.3979
v 20.9908 26.9165 15.3539
v 20.9908 26.4833 15.1154
v 21.3988 26.2574 15.084
v 21.7755 26.0314 15.015
v 22.1772 25.8242 14.902
v 22.3844 25.479 14.7827
v 22.6857 25.1463 14.6509
v 22.9681 24.8764 14.5128
v 23.238 24.6316 14.5128
v 23.5331 24.4621 14.3873
v 23.7716 24.2047 14.3935
v 24.029 23.9599 14.224
v 24.3805 23.7967 14.3182
v 24.7006 23.6649 14.3496
v 25.0208 23.4075 14.1424
v 25.3346 23.1125 14.0483
v 25.2718 22.5664 13.6905
v 25.6108 22.3467 13.6528
v 25.9247 22.0517 13.5524
v 26.3139 21.8571 13.3892
v 26.3264 22.3592 13.6842
v 26.3515 22.9305 13.8725
v 26.6905 23.1941 13.9102
v 26.4206 23.464 14.0608
v 26.7721 23.7402 14.1362
v 26.7533 24.2236 14.3496
v 26.7784 24.7822 14.5379
v 26.5022 25.0773 14.7576
v 26.5273 25.4727 14.8518
v 26.8537 25.7364 14.8706
v 26.9416 26.2385 14.9459
v 27.268 26.4959 14.971
v 27.3684 27.0169 15.2409
v 27.1927 27.3308 15.4167
v 26.8851 27.4814 15.4795
v 26.9918 28.0275 15.605
v 26.7093 28.2974 15.8184
v 26.4833 28.6866 16.0507
v 26.3139 29.0633 16.283
v 25.9686 29.3143 16.4713
v 25.5983 29.5466 16.5529
v 25.1777 29.76 16.5654
v 24.7634 29.8793 16.6408
v 24.7446 30.3438 16.7286
v 24.2173 30.4066 16.691
v 24.2173 30.8774 16.9107
v 24.2361 31.2351 17.0111
v 23.9223 31.3293 17.0111
v 23.8532 31.6494 17.62
v 23.6147 31.9382 17.7769
v 24.0039 32.2395 17.8334
v 24.3491 32.5157 17.9464
v 24.4746 33.0241 18.367
v 24.8324 33.3066 18.4549
v 25.14 33.5451 18.4674
v 24.9266 33.8904 18.7875
v 25.2718 34.1666 18.8691
v 25.2907 34.7629 19.1579
v 25.0019 35.1207 19.3839
v 24.9831 35.5852 19.7228
v 25.3535 35.8802 19.8484
v 25.3911 36.4452 20.3317
v 25.8054 36.7653 20.5389
v 25.5229 37.0917 20.5703
v 25.8682 37.3617 20.6958
v 26.2385 37.6504 20.7962
v 26.1067 38.1086 20.8904
v 26.4457 38.3723 20.972
v 26.8035 38.6548 21.085
v 27.1801 38.9498 21.1603
v 27.5002 39.2009 21.2356
v 28.015 39.0377 21.1666
v 28.5925 38.9498 21.1478
v 29.0946 38.8054 21.1101
v 29.6408 38.7489 21.2356
v 30.1053 38.5292 21.3612
v 30.5133 38.2656 21.4051
v 30.6263 37.8387 21.4365
v 30.9841 37.7069 21.5118
v 31.0092 37.2549 21.4742
v 30.915 36.803 21.3486
v 30.959 36.4954 21.3047
v 30.915 36.1125 21.2859
v 31.0343 35.7422 21.2294
v 31.2289 35.4157 21.2733
v 30.8774 35.1458 21.2231
v 30.9903 34.7504 21.267
v 30.6388 34.4742 21.1854
v 31.0217 34.3361 21.0913
v 31.436 34.1164 21.1038
v 31.8315 33.9092 21.0348
v 32.1391 33.6205 20.8339
v 32.3274 33.2627 20.5703
v 32.6412 32.9425 20.4824
v 33.0053 33.2313 20.5326
v 33.3568 33.5012 20.6205
v 33.7021 33.7711 20.6707
v 34.0473 34.041 20.6958
v 34.3298 34.267 20.677
v 34.606 33.9908 20.5891
v 34.8571 33.7272 20.4949
v 35.1709 33.5765 20.4384
v 35.3404 33.2564 20.3066
v 35.6731 33.52 20.3568
v 36.0309 33.3506 20.338
v 35.9995 32.8923 20.3066
v 36.0121 32.5157 20.3066
v 36.5268 31.8754 20.5514
v 36.803 31.5867 20.8402
v 37.0101 31.2603 21.2733
v 37.1859 30.8522 21.4804
v 36.6649 30.4442 21.0913
v 36.8281 30.0739 21.2231
v 36.5017 29.8228 21.1603
v 36.1125 29.5215 20.9908
v 36.3636 29.239 20.9908
v 36.2192 28.718 20.6644
v 36.2569 28.2912 20.5514
v 35.9242 28.0275 20.5703
v 35.5978 27.7702 20.5828
v 35.2651 27.5128 20.5514
v 35.3341 27.0859 20.4008
v 35.3216 26.6089 20.2125
v 35.2086 26.1318 20.0681
v 35.5224 26.3829 20.1057
v 35.8426 26.1444 20.1434
v 35.8928 25.7426 20.3568
v 36.0497 25.4476 20.1434
v 36.1251 25.9247 20.1873
v 36.3134 25.6548 20.0241
v 36.3134 25.2656 20.1622
v 36.2569 24.7885 19.4969
v 36.6147 25.0647 19.5847
v 36.8281 24.8073 19.4592
v 36.4452 24.5123 19.3337
v 35.8677 24.4809 19.3713
v 35.6919 24.7822 19.4906
v 35.3341 24.4998 19.3901
v 35.4848 25.0082 19.5847
v 35.1207 24.7195 19.5031
v 35.2776 25.2656 19.6538
v 34.9324 24.9957 19.6036
v 35.0266 24.2612 19.3525
v 35.1709 23.9348 19.2207
v 35.3969 23.69 19.1202
v 35.5413 23.3448 18.8943
v 35.1709 23.056 18.8126
v 34.7755 22.7484 18.6871
v 34.3863 22.4408 18.5553
v 34.2607 21.945 18.3984
v 33.9281 21.6813 18.3168
v 33.5514 21.3863 18.2038
v 33.7962 21.1038 18.1284
v 34.1164 20.859 18.1222
v 34.3047 20.5577 18.0468
v 33.8904 20.2313 17.8836
v 34.0975 19.9739 17.7644
v 34.2796 19.5785 17.7141
v 33.8213 19.2207 17.4442
v 34.154 18.957 17.5572
v 34.719 18.9068 17.6388
v 35.0956 18.7687 17.3877
v 35.24 18.3984 17.2747
v 35.3341 17.9966 17.0299
v 35.422 17.6012 16.8102
v 35.5224 17.281 16.6596
v 35.5224 16.8102 16.3457
v 35.9054 16.6408 16.0507
v 36.1502 16.3646 15.7368
v 36.169 15.9503 15.492
v 36.4452 15.6615 15.2347
v 36.7653 15.4481 14.902
v 37.0478 15.2033 14.563
v 37.2236 14.9396 14.1989
v 37.437 14.6509 13.7595
v 37.6943 14.4061 13.3264
v 37.663 13.9416 12.9623
v 37.3491 13.6968 13.0063
v 38.0333 14.2303 13.0126
v 38.366 14.4877 13.0251
v 38.7112 14.7576 13.0942
v 39.069 15.0401 13.1381
v 39.3829 14.9083 12.8619
v 39.7533 14.7137 12.5543
v 40.0608 14.9585 12.6108
v 40.3872 15.2096 12.6485
v 40.7953 15.5234 12.7615
v 41.2033 15.8436 12.9749
v 41.6301 15.6803 12.6548
v 42.0068 15.5297 12.366
v 42.3646 15.3916 12.0333
v 42.691 15.6427 12.0521
v 42.3959 15.831 12.4978
v 43.0802 15.944 12.1902
v 42.7788 16.126 12.6422
v 43.099 16.3771 12.6485
v 43.4066 16.1951 12.1463
v 43.4882 15.7494 11.3366
v 43.3877 16.6031 12.592
v 43.7141 16.4399 12.1463
v 43.7079 16.8542 12.6171
v 44.0406 16.691 12.1651
v 44.1975 16.2955 11.4307
v 43.9966 17.0739 12.5732
v 44.3795 16.9546 12.1651
v 44.3356 17.3375 12.592
v 44.6745 17.1869 12.1714
v 44.8817 16.8291 11.5311
v 45.2395 17.1115 11.5625
v 45.2709 16.6345 11.098
v 44.9194 16.3646 11.098
v 44.5804 16.0946 11.0666
v 44.2603 15.8436 11.0227
v 43.915 15.5799 10.985
v 43.5949 15.3288 10.9474
v 43.2873 15.0903 10.9411
v 43.6074 14.8392 10.4515
v 43.2685 14.5756 10.4389
v 42.9609 14.8392 10.9599
v 42.9483 14.3245 10.4954
v 43.1429 14.0483 9.88025
v 42.8479 13.816 9.87397
v 42.5403 13.5838 9.9493
v 42.239 13.3515 10.0435
v 41.944 13.1193 10.0811
v 42.1951 12.8431 9.37808
v 42.2076 12.4099 8.88218
v 41.8812 12.1526 8.86335
v 41.4983 11.8576 8.75664
v 41.4983 11.4307 8.4365
v 41.1468 11.1545 8.34862
v 40.8831 10.9536 8.4365
v 40.494 10.6523 8.31724
v 40.1613 10.3887 8.29213
v 39.8035 10.1188 8.22936
v 39.452 9.83631 8.16031
v 39.0942 9.56639 8.11637
v 38.7238 9.27764 8.03477
v 38.7991 8.97006 7.70208
v 39.0251 8.68759 7.338
v 39.3515 8.52438 6.94254
v 39.408 8.16031 6.71656
v 39.6465 7.92805 6.35249
v 39.9981 8.20425 6.42781
v 40.268 7.92178 6.09512
v 40.5567 7.65814 5.68083
v 40.9459 7.45099 5.56156
v 40.8706 6.96137 5.25398
v 41.1719 6.73539 4.94013
v 40.8141 6.4592 4.87108
v 40.7827 5.98213 4.48189
v 41.4167 6.04491 4.22453
v 41.6238 5.83776 3.96089
v 42.0884 5.72477 3.47127
v 42.5529 5.64317 3.07581
v 42.9232 5.50507 2.68035
v 43.1994 5.3042 2.22839
v 43.1743 4.8083 2.36649
v 43.5949 4.70159 2.25978
v 44.1661 4.70159 2.25978
v 44.4988 4.95896 2.3351
v 44.888 5.26026 2.47948
v 45.2395 5.53646 2.57364
v 45.591 5.80637 2.60502
v 45.478 6.15162 2.72429
v 45.114 5.87542 2.63641
v 45.296 6.45292 2.81217
v 45.5345 6.63496 3.34573
v 45.4278 7.03042 2.79334
v 45.9049 6.92371 3.42733
v 46.0995 6.63496 3.36456
v 46.2501 6.31482 3.32062
v 46.5703 6.56591 3.25785
v 46.7586 6.32738 2.62385
v 47.1729 6.64124 2.89377
v 47.4365 6.84838 2.75567
v 47.832 7.15596 2.831
v 48.1019 7.36311 2.73056
v 48.3969 7.97827 3.04442
v 48.6103 8.14775 2.83728
v 48.9807 8.04732 3.1888
v 49.5707 8.50555 3.11347
v 49.0874 8.95123 2.76823
v 49.351 9.15838 2.66779
v 48.8991 9.24626 2.80589
v 48.874 9.69821 3.20763
v 48.7484 10.0183 3.34573
v 48.6354 10.3573 3.61564
v 48.4785 10.6837 3.9295
v 48.4032 11.098 4.51956
v 48.7798 11.3868 4.67021
v 48.8238 11.7948 4.79575
v 49.1816 12.071 4.8648
v 49.5017 12.3221 4.91502
v 49.8783 12.6108 5.04056
v 50.2989 12.9372 5.29165
v 51.0019 12.6359 5.26026
v 51.2028 12.3472 5.09078
v 50.7822 12.9372 5.46741
v 51.1212 13.2009 5.58667
v 51.4853 13.4833 5.65572
v 51.8745 13.7846 5.83776
v 51.9372 14.2115 5.99469
v 52.3264 14.1362 6.13906
v 52.703 14.4249 6.18928
v 52.6905 14.7953 6.23322
v 53.1111 14.745 6.34621
v 53.5379 14.6007 5.96958
v 53.9083 14.8894 6.07629
v 54.4858 14.8894 5.88798
v 54.9377 14.8078 5.5804
v 55.3394 15.1217 5.76243
v 55.6282 14.9334 5.37325
v 56.0111 14.7576 5.06567
v 56.3375 15.0087 5.04056
v 56.7895 14.9208 4.85852
v 56.9087 14.5756 4.70787
v 57.2163 14.8141 4.68276
v 57.5553 15.0715 4.68904
v 57.8629 15.31 4.66393
v 58.1642 15.5422 4.62627
v 58.4655 15.7808 4.61371
v 58.7417 15.9942 4.51956
v 58.7479 16.4399 4.92757
v 59.0618 16.6847 4.93385
v 59.4384 16.9734 5.05311
v 58.6412 16.7914 5.10333
v 58.2583 16.9672 5.56784
v 57.9256 17.1241 5.8252
v 57.957 16.7349 5.61806
v 57.6494 16.9107 5.93192
v 57.7185 17.394 6.64124
v 57.2351 17.0237 6.2395
v 57.1284 17.3815 6.77306
v 57.5113 17.6828 6.96137
v 58.0637 17.6639 6.75422
v 58.3588 17.8899 6.70401
v 58.2269 18.2352 7.04297
v 58.5345 18.4737 7.03042
v 58.0575 18.5804 7.37566
v 58.0637 18.957 7.56398
v 57.9256 19.2772 8.12265
v 58.4215 19.6601 8.56205
v 58.2646 19.9928 8.58716
v 58.817 19.9676 8.74408
v 59.1748 20.2438 8.83824
v 59.5075 20.5075 8.9324
v 59.8904 20.7962 9.04539
v 60.2294 20.6393 8.80058
v 60.5558 20.52 8.72525
v 61.0203 20.4008 8.37373
v 61.2525 20.1309 8.12892
v 61.6919 20.043 7.87156
v 62.0874 19.9363 7.70208
v 62.5456 19.817 7.42588
v 62.4326 20.1999 7.78996
v 62.8155 20.0241 7.38194
v 62.9474 19.6852 7.21873
v 62.5268 19.3588 7.01159
v 62.6523 19.0198 6.84838
v 62.9725 19.2646 6.88604
v 63.2549 19.4906 6.84838
v 63.5625 19.7228 6.77933
v 63.8701 19.9614 6.73539
v 64.1526 20.1811 6.62868
v 64.4664 20.4259 6.58474
v 64.4288 20.8339 6.98648
v 64.6987 21.0473 6.89232
v 65.0942 21.3486 7.11202
v 65.4017 21.5934 7.07436
v 65.7281 21.8445 7.04297
v 66.0294 21.6374 6.57846
v 66.2743 21.8257 6.42153
v 66.5756 22.0642 6.38387
v 66.9522 22.353 6.47803
v 67.3288 22.648 6.57846
v 67.6238 22.874 6.53452
v 67.9189 23.0999 6.47175
v 67.7996 23.4515 6.70401
v 67.7494 23.8469 6.94882
v 67.6678 24.2612 7.30034
v 67.5987 24.6253 7.54515
v 67.5046 24.9831 7.88411
v 67.7619 25.184 7.75229
v 68.0068 25.3723 7.60792
v 68.239 25.5543 7.4196
v 68.4713 25.7364 7.27523
v 68.5968 26.2825 7.4761
v 68.3457 26.5587 7.68324
v 68.3771 26.9604 7.80251
v 68.5654 27.5316 8.50555
v 68.2955 27.3245 8.61854
v 68.2892 27.7764 8.91357
v 68.5403 27.971 8.76292
v 68.9169 27.8078 8.64365
v 69.2371 28.0526 8.59971
v 68.9483 28.2849 8.97634
v 69.6576 28.379 8.81941
v 70.1849 28.3665 8.38001
v 70.5427 28.2661 8.32351
v 71.0763 28.2033 8.09754
v 71.3148 27.9396 7.92178
v 71.3901 28.4481 8.07243
v 71.6789 28.6678 8.01593
v 72.0241 28.9377 8.00966
v 72.2815 29.1386 7.90922
v 72.3882 29.6972 8.27957
v 72.6895 29.9295 8.17914
v 72.9845 30.1555 8.09754
v 73.3047 30.4066 8.15403
v 73.6311 30.6577 8.11637
v 74.1458 30.5823 7.9155
v 74.4157 30.3438 7.81506
v 74.6794 30.5509 7.71463
v 74.9618 30.3312 7.71463
v 75.5142 30.3438 7.17479
v 75.7465 30.5258 7.02414
v 75.9411 31.0971 7.09947
v 76.0855 31.6369 7.25012
v 75.8783 31.9256 7.48237
v 75.7277 32.2834 7.89667
v 75.7214 32.6601 7.9971
v 75.7967 33.1434 8.41767
v 76.098 33.3757 8.38629
v 76.0478 33.7962 8.6562
v 76.3617 34.041 8.66248
v 76.663 34.2733 8.60599
v 77.0521 34.1164 8.41767
v 77.4225 33.9783 8.36118
v 77.6736 34.1729 8.18542
v 78.3013 33.8025 8.75664
v 79.0608 33.9469 9.17721
v 79.2303 33.6393 8.91984
v 79.5818 33.9155 8.29213
v 80.0966 33.4196 8.56205
v 80.2974 33.5765 8.31096
v 79.789 34.0724 8.78802
v 80.0903 34.3047 8.80058
v 80.3665 34.0975 9.02028
v 80.6364 33.8339 9.11444
v 81.0695 33.7272 8.95751
v 80.379 33.1936 8.75036
v 80.5422 34.6562 9.09561
v 80.8373 34.8885 9.014
v 81.4148 35.3341 8.8759
v 80.9377 35.3969 9.08933
v 80.6929 35.6605 8.53066
v 81.2516 35.6417 9.11444
v 81.352 36.169 8.59971
v 81.986 35.7798 8.75664
v 81.942 35.3216 9.09561
v 81.6847 35.1207 9.19604
v 81.3583 34.8696 9.18976
v 81.9985 34.8947 9.31531
v 82.2496 35.083 9.17721
v 82.4442 34.7943 9.23998
v 81.7349 36.4703 8.7127
v 81.4148 36.6963 8.77547
v 81.2453 36.0874 9.08933
v 80.605 36.4452 9.25253
v 80.7745 37.0039 9.0705
v 80.128 36.9662 8.74408
v 80.0212 37.3491 8.64993
v 79.6697 37.506 8.81941
v 79.3433 37.7697 9.13327
v 79.0169 38.0082 9.38435
v 78.973 38.4664 9.65427
v 78.9604 38.887 9.74215
v 79.2303 39.0942 9.62916
v 79.6258 39.4017 9.83003
v 79.8831 40.0169 10.0623
v 80.0903 40.6069 10.3134
v 79.8455 40.8706 9.88025
v 80.197 41.5046 10.5017
v 80.4418 41.6992 10.3761
v 80.3539 42.0633 9.77982
v 80.2096 42.4022 9.92419
v 80.4481 42.5905 10.5017
v 80.9942 42.5591 10.5833
v 81.0319 43.0362 10.4264
v 81.6094 43.0362 9.79237
v 82.1366 43.4442 10.3385
v 82.3563 43.1869 10.4138
v 82.5195 42.9421 10.4264
v 82.4505 43.689 10.3824
v 82.7016 43.8836 10.282
v 83.1598 44.2414 10.5958
v 83.4109 44.436 10.4201
v 83.5992 44.1535 10.464
v 83.8126 43.9464 10.4452
v 83.9194 43.5698 10.577
v 84.1077 43.2936 10.4954
v 84.4278 43.5384 10.4891
v 84.8609 43.4568 10.4766
v 84.8735 43.0425 10.3573
v 85.2062 43.2999 10.4138
v 85.8653 43.3187 10.1188
v 86.041 42.4462 9.88025
v 85.52 43.5447 10.4326
v 85.7774 43.7455 10.2569
v 86.5683 43.8585 10.3259
v 86.3737 43.7079 10.577
v 86.2356 43.1115 10.7339
v 86.7378 42.986 10.1313
v 86.8006 43.0362 11.029
v 86.5369 42.8291 11.0917
v 86.198 42.5654 10.9913
v 85.9343 42.8793 10.7779
v 86.7127 42.5278 11.3052
v 86.3047 42.2139 11.1608
v 86.8006 42.1323 11.2487
v 86.493 41.8938 11.2298
v 86.9952 41.8247 11.3303
v 86.6939 41.5862 11.3428
v 87.0768 41.4606 11.2989
v 87.4157 41.7243 11.3805
v 87.4848 41.3916 11.3428
v 87.6605 41.0526 11.0855
v 87.2651 40.745 10.8344
v 87.5978 40.5505 10.8469
v 87.2588 40.2868 10.7779
v 87.9493 40.8267 10.9536
v 88.1878 40.5756 10.9223
v 88.6209 40.9083 10.4389
v 88.6774 40.5379 11.0666
v 88.3071 41.1091 10.3824
v 88.6209 41.3477 11.142
v 88.9913 41.2033 11.3554
v 89.324 41.4606 11.4182
v 89.5688 41.649 11.2738
v 89.9643 41.9503 11.506
v 90.027 42.4399 11.4998
v 90.0961 42.9421 11.6881
v 90.4539 43.2182 11.7697
v 90.7426 43.4442 11.7822
v 90.8242 43.9841 11.1608
v 90.6987 44.2665 11.1043
v 90.2844 44.3732 11.0101
v 90.0521 44.6557 10.9034
v 89.8199 45.3713 11.5437
v 89.6692 45.7793 11.5437
v 89.2738 45.9614 11.6127
v 89.2424 46.4322 11.9768
v 89.6253 46.7335 12.0647
v 89.2173 46.8402 12.0396
v 89.4244 47.4177 12.2154
v 88.9223 47.4553 12.1338
v 89.1608 48.1019 12.2718
v 89.6127 47.9952 12.3032
v 89.7634 47.6813 12.2467
v 89.8011 48.1395 12.0082
v 90.2091 48.4534 12.297
v 89.4558 48.3341 12.1965
v 89.6881 48.5099 12.0082
v 90.1902 48.014 11.732
v 90.7364 48.4346 12.2907
v 90.5167 48.6982 12.297
v 90.3221 49.0058 11.9831
v 90.1714 48.8865 12.3911
v 89.6378 48.8489 12.3409
v 89.1545 48.8991 12.3723
v 88.3322 49.1878 12.2593
v 87.9556 49.3259 12.4978
v 87.6919 49.6272 12.366
v 87.9618 48.8991 12.0898
v 87.3655 49.3761 12.297
v 87.1646 49.7214 12.4539
v 87.6166 50.0729 12.8619
v 86.7064 49.8909 12.5794
v 86.3988 49.6461 12.6359
v 86.0159 49.7842 12.8556
v 85.6707 50.4684 12.2781
v 86.0724 49.395 12.4915
v 85.5326 49.4075 12.4225
v 85.6519 49.9474 13.1067
v 85.3129 49.6837 13.0565
v 85.1183 50.0352 13.2636
v 85.3443 50.7006 13.4017
v 86.0222 50.7383 13.1444
v 85.6142 50.9078 13.3201
v 85.0681 50.4809 13.4457
v 84.7605 50.2424 13.5022
v 84.3776 49.9474 13.3452
v 84.252 49.3636 12.6296
v 83.5051 49.2694 12.8054
v 83.5239 49.6586 13.069
v 83.0782 49.3134 12.7552
v 83.1849 49.0183 12.7175
v 82.7141 49.0309 12.6045
v 82.2936 49.6021 12.297
v 82.5447 49.3448 12.6485
v 82.5133 48.8677 12.8493
v 82.8146 48.7296 12.4915
v 82.62 48.5789 12.8054
v 82.2747 48.6857 13.0628
v 82.394 49.2255 13
v 82.1931 49.0686 13.2762
v 82.0864 49.4389 13.3264
v 81.8542 49.2569 13.5901
v 81.6533 49.0999 13.7658
v 81.4085 48.9116 13.9102
v 81.4022 49.3573 14.1487
v 81.1009 49.5268 14.2429
v 80.8122 49.3008 14.3182
v 80.4795 49.0372 14.2554
v 79.9836 49.1251 14.0608
v 79.5442 48.7861 13.7281
v 79.3935 49.6398 13.3013
v 79.2491 49.9662 13.2385
v 79.0483 49.3699 13.1444
v 78.929 49.7151 13.226
v 78.8851 50.1608 13.3013
v 78.5649 49.9097 13.2762
v 78.5775 49.4452 13.0753
v 77.8242 49.3322 13.0251
v 78.0753 49.5268 13.634
v 77.8682 49.3636 13.9165
v 77.6736 50.1608 14.224
v 77.9121 49.872 14.3308
v 78 50.4182 14.2743
v 78.4896 50.324 14.1989
v 78.4582 50.7759 14.607
v 78.7721 50.5437 14.1864
v 78.7156 50.9768 14.4877
v 78.9478 51.1589 14.2303
v 78.9792 50.7069 13.9918
v 79.1675 51.3283 14.0106
v 79.2743 50.9392 13.9541
v 79.5002 50.6379 14.0232
v 79.7764 50.8513 13.9416
v 79.0546 51.6359 14.2178
v 78.8474 51.4727 14.4375
v 78.3829 51.592 14.5693
v 77.8431 51.6485 14.5818
v 77.2467 51.6673 14.9522
v 76.7634 51.7301 14.3621
v 76.2738 51.8368 14.3559
v 76.1796 52.295 14.8141
v 76.1294 52.7972 15.2096
v 76.0164 53.1362 15.5297
v 75.8783 53.4814 15.8373
v 75.7402 53.8769 16.1574
v 75.1878 53.9145 16.352
v 74.7924 53.6132 16.17
v 74.1082 53.4814 15.8938
v 73.7566 53.2115 15.7557
v 73.2921 52.8474 15.3414
v 72.8967 52.5398 15.1154
v 72.6267 52.3264 15.1845
v 72.3882 52.1381 15.3539
v 72.1936 52.452 15.5548
v 71.9488 52.2574 15.6803
v 71.7542 52.5336 15.8561
v 71.3336 52.6465 16.0821
v 71.1139 52.86 16.3081
v 70.7499 52.9981 16.7098
v 70.436 52.7533 16.7349
v 70.3419 53.1236 17.1304
v 70.1159 53.4312 17.4254
v 69.8773 53.2429 17.5258
v 69.5635 53.3935 18.0343
v 69.3061 53.6634 18.4737
v 69.0425 53.4563 18.5678
v 68.691 53.6572 18.7687
v 68.3834 53.4186 18.7059
v 68.0758 53.1801 18.7059
v 67.7368 53.3747 18.8315
v 67.4355 53.5442 18.8943
v 67.1468 53.3245 18.9633
v 66.745 53.0169 18.731
v 66.6886 53.45 19.2207
v 66.4061 53.2303 19.2646
v 65.5398 53.0483 19.001
v 65.2322 53.3496 19.1328
v 64.7489 53.4563 19.5157
v 64.4539 53.7325 19.9425
v 64.1902 53.5253 20.0116
v 63.9203 53.3119 20.0932
v 63.6316 53.0859 20.1371
v 63.3428 53.3998 20.4008
v 63.0729 53.1864 20.451
v 62.8218 53.5065 20.7146
v 62.5582 53.6823 20.8339
v 62.3071 53.4814 20.9532
v 62.0183 53.7011 21.085
v 61.7986 53.9773 21.2733
v 61.5099 53.7576 21.4177
v 61.2274 53.5316 21.4867
v 60.7943 53.6446 21.7001
v 60.5244 53.4312 21.8508
v 60.267 53.2303 21.9763
v 60.1603 53.5442 22.4597
v 60.041 53.9145 22.9681
v 59.7648 53.6948 23.0121
v 59.4824 53.4751 23.0623
v 59.1811 53.2366 23.0309
v 58.6914 53.3496 23.4515
v 58.1014 53.4437 23.6272
v 57.5804 53.5505 23.7402
v 57.2728 53.3119 23.7151
v 56.9025 53.5442 23.9474
v 56.5698 53.2805 23.8783
v 56.2308 53.5379 24.0604
v 55.6345 53.6132 24.2047
v 55.1323 53.6634 24.1733
v 54.9 53.9585 24.4809
v 54.492 53.6383 24.2738
v 54.0589 53.7702 24.4182
v 53.7513 53.5316 24.3679
v 53.3245 53.6697 24.3679
v 52.973 53.3935 24.324
v 52.6403 53.4751 24.3868
v 52.3076 53.2178 24.3428
v 52.0314 53.3433 24.393
v 51.6987 53.0859 24.3617
v 51.3534 52.816 24.3303
v 51.1149 53.0043 24.4307
v 50.8011 53.2303 24.4872
v 50.5814 53.4689 24.8011
v 50.1671 53.6634 24.7446
v 49.8532 53.4124 24.7006
v 49.5268 53.1613 24.6755
v 49.1627 53.4563 24.8262
v 48.8363 53.7827 24.9392
v 48.4911 53.5128 24.9078
v 48.1458 53.2429 24.8952
v 47.7378 53.4124 24.9705
v 47.2419 53.5567 24.9768
v 46.9218 53.3056 24.9705
v 46.6079 53.0608 24.9643
v 46.0806 53.1927 25.1024
v 45.6287 53.3998 25.4476
v 45.2897 53.6383 25.6359
v 44.7122 53.7388 25.6359
v 44.367 53.4689 25.5606
v 43.7393 53.5316 25.5167
v 43.2057 53.6823 25.4853
v 42.804 53.3747 25.3409
v 42.2767 53.45 25.2844
v 41.9063 53.1613 25.1714
v 41.5548 52.8851 25.0961
v 41.197 52.6026 25.0333
v 40.7074 52.7595 25.0019
v 40.3621 52.4959 24.9329
v 39.7533 52.5712 24.9643
v 39.4206 52.3139 24.9015
v 39.113 52.0753 24.8701
v 39.339 51.6924 24.8011
v 39.0251 51.4476 24.7634
v 38.6987 51.1902 24.7257
v 38.3848 50.9454 24.6881
v 38.071 50.6943 24.6692
v 37.732 50.437 24.6253
v 37.3993 50.1733 24.5751
v 37.0352 49.8909 24.4621
v 36.6774 49.6084 24.3805
v 36.1062 49.7214 24.4307
v 35.7735 50.0227 24.4433
v 35.2588 50.1357 24.4495
v 34.6562 50.2236 24.5814
v 34.3172 49.9536 24.5186
v 33.972 49.69 24.4558
v 33.6393 49.4264 24.4307
v 33.2627 49.1251 24.3052
v 32.7793 49.3071 24.3868
v 32.2018 49.4201 24.4684
v 31.7122 49.5205 24.5563
v 31.3544 49.7277 24.7948
v 30.8397 49.8532 24.9015
v 30.3501 50.029 24.9454
v 29.8228 50.1231 24.9392
v 29.0068 50.0855 25.0082
v 28.6301 49.7904 24.8576
v 28.6239 50.393 25.4978
v 27.9208 50.4495 25.7991
v 27.5191 50.6692 25.9372
v 27.2115 50.9454 25.9184
v 27.2743 51.4351 26.5336
v 27.1111 51.7866 26.7219
v 27.4375 52.0377 26.8349
v 27.7262 52.2636 26.6905
v 27.8831 52.8097 26.7344
v 27.6509 52.6277 26.929
v 27.042 52.6214 27.2366
v 26.5084 52.7219 27.1424
v 25.9812 52.86 26.8662
v 25.9686 53.3496 27.3496
v 25.5229 53.5756 27.607
v 24.9768 53.7137 28.1782
v 24.6755 53.4751 28.1719
v 24.0792 53.5944 28.1342
v 23.4577 53.6697 28.0715
v 22.9556 53.8266 28.1719
v 22.6229 53.563 28.1154
v 22.2965 53.3056 28.0903
v 21.9763 53.0546 28.1342
v 21.5683 53.2366 28.4732
v 21.2356 52.9792 28.4544
v 20.9155 53.268 28.7431
v 20.4259 53.3245 29.0005
v 19.9739 53.45 29.2139
v 19.2395 53.3872 29.4587
v 18.8378 53.6069 29.9044
v 18.5113 53.3559 29.8165
v 18.0343 52.9792 29.4775
v 17.5886 53.1299 29.6972
v 17.0927 53.3056 29.8918
v 16.6094 53.4626 30.0802
v 16.2578 53.1927 30.0739
v 16.0319 53.563 30.2559
v 15.5422 53.7011 30.4003
v 15.1907 53.4249 30.3438
v 14.7953 53.1173 30.2057
v 14.2052 53.2178 30.1241
v 13.973 53.6069 30.4254
v 13.634 53.3433 30.3124
v 13.0565 53.5253 30.4631
v 12.5669 53.6509 30.5949
v 12.2154 53.8706 30.62
v 11.8576 53.5881 30.5321
v 11.506 53.3119 30.4317
v 10.9976 53.4312 30.5572
v 10.6774 53.1801 30.5007
v 10.3573 52.9353 30.4568
v 10.1 53.2429 30.6702
v 9.74843 52.9667 30.6263
v 9.5099 53.2366 30.8711
v 8.98889 53.381 31.1159
v 8.70014 53.155 31.1535
v 8.30468 53.4186 31.4109
v 7.96572 53.1487 31.3481
v 7.64558 52.8976 31.2728
v 7.26895 53.1738 31.5113
v 6.95509 53.4312 31.6871
v 6.60985 53.1613 31.6181
v 6.22694 53.4061 31.7499
v 5.84404 53.1048 31.6055
v 5.47996 53.3747 31.731
v 6.21439 52.8537 31.4674
v 6.58474 52.6403 31.3795
v 6.8986 52.3201 31.0908
v 7.22501 52.0063 30.7706
v 7.45727 51.6359 30.4693
v 7.09947 51.3534 30.3877
v 7.35683 51.1024 30.1743
v 7.56398 50.7508 29.9107
v 7.62047 50.2801 29.5403
v 7.89667 50.0039 29.4336
v 8.09126 49.6523 29.1951
v 8.27957 49.1627 28.9754
v 8.53694 48.7861 28.8059
v 8.75664 48.4032 28.6552
v 9.22743 48.2463 28.4795
v 9.5099 47.9198 28.3602
v 9.65427 47.493 28.1468
v 9.76726 47.0222 27.7262
v 9.83631 46.5765 27.3998
v 10.2883 46.3945 27.1864
v 10.3887 45.9551 26.8537
v 10.5456 45.5973 26.6277
v 10.6963 45.2834 26.3704
v 11.0792 45.0449 26.2385
v 11.211 44.6432 26.0063
v 11.7634 44.5239 25.8682
v 11.9266 44.0971 25.7175
v 12.4413 43.915 25.6359
v 12.9058 43.7079 25.4978
v 13.0377 43.2371 25.3221
v 13.1758 42.8416 25.1526
v 13.4268 43.5447 25.4351
v 13.8098 43.8397 25.5794
v 14.2868 43.7079 25.5543
v 14.5756 43.9338 25.5104
v 15.0526 43.7581 25.4602
v 15.4606 44.0782 25.6987
v 15.8749 44.3984 25.9686
v 16.2453 44.6871 26.0816
v 16.1888 45.1956 26.1506
v 16.5152 45.4529 26.2197
v 16.8605 45.7166 26.2636
v 17.1994 45.9865 26.2825
v 17.6074 45.7542 26.2071
v 17.9464 46.0241 26.2887
v 18.2477 46.2564 26.2197
v 18.5867 46.5263 26.3013
v 19.001 46.3254 26.1255
v 19.3525 46.6016 26.1632
v 19.635 46.8213 26.1193
v 19.9802 46.6267 26.0126
v 20.3443 46.9155 26.0879
v 20.6456 47.1478 26.0126
v 20.8527 47.311 25.7803
v 20.8716 46.9029 25.4225
v 21.1478 46.6456 24.8701
v 21.6939 46.6267 24.776
v 21.8822 46.7711 24.4684
v 21.5056 46.9218 24.9705
v 21.1729 47.1352 25.3974
v 21.493 47.3926 25.366
v 22.0642 47.3612 25.5104
v 22.2588 47.0724 25.3283
v 22.127 47.8822 25.3911
v 22.6731 47.3863 25.548
v 23.1188 47.2294 25.2718
v 22.7422 47.8947 25.6485
v 23.4201 47.4679 25.2405
v 23.169 48.2274 25.1651
v 22.3906 48.0893 25.2467
v 22.466 48.1458 26.1569
v 23.238 48.2839 25.9937
v 23.1251 48.6668 26.1946
v 23.3573 48.8489 26.0879
v 23.5142 48.4973 25.184
v 23.6147 48.127 24.9266
v 23.2506 47.8445 24.7822
v 24.0666 47.4302 24.9957
v 23.7402 47.1791 24.9643
v 23.4075 46.9155 24.9392
v 22.8928 47.0473 25.4915
v 24.0039 46.7774 24.8513
v 23.6335 46.4886 24.7948
v 23.3008 46.2313 24.7383
v 23.916 46.0995 24.9894
v 24.2863 46.3945 25.0835
v 24.6881 46.1057 24.7697
v 24.619 46.6456 25.0773
v 24.8889 46.2627 24.5688
v 24.6692 45.5847 24.1043
v 25.0898 45.9174 24.3617
v 24.958 45.2458 23.7653
v 24.2424 45.252 23.9034
v 24.0101 45.5722 23.9348
v 24.5814 44.9507 23.6084
v 25.1902 44.9005 23.0121
v 25.4413 45.6224 23.3636
v 25.548 45.183 23.1062
v 25.5167 44.6745 22.5978
v 25.1589 44.3921 22.5162
v 24.7195 44.5365 22.6417
v 25.3221 44.0406 22.4346
v 25.5857 43.6765 22.3718
v 25.6924 43.2057 22.1898
v 25.3535 42.9358 22.083
v 24.9517 42.6219 21.901
v 24.4621 42.7977 22.0077
v 24.0792 42.4964 21.8885
v 23.6335 42.1511 21.6813
v 23.1816 41.7933 21.2984
v 22.6417 41.944 21.3486
v 22.5036 42.3143 21.493
v 21.9889 42.3959 21.5495
v 21.6185 42.1072 21.4114
v 21.2859 41.8436 21.3423
v 20.9406 41.5736 21.2607
v 20.6456 41.8749 21.2168
v 20.4196 42.2641 21.7253
v 20.1999 42.0884 21.9261
v 19.5094 42.057 21.6374
v 20.3254 41.6176 21.1854
v 20.5891 41.3037 21.1791
v 19.999 41.3665 21.1038
v 20.2376 41.0275 21.0913
v 19.9112 40.7702 21.0913
v 19.7166 41.1468 21.1791
v 19.3964 40.8957 21.2042
v 18.9759 41.1342 21.3926
v 19.1391 40.6948 21.2921
v 18.844 40.4626 21.3612
v 18.7562 40.9585 21.5683
v 18.7059 41.423 21.9638
v 18.323 41.1217 21.8194
v 18.1473 41.5862 21.901
v 18.5867 41.9314 22.1772
v 18.8629 42.1511 22.1144
v 19.1202 41.7431 22.1898
v 19.1642 42.3834 22.0893
v 18.6181 42.5717 22.083
v 18.2791 42.9107 22.6166
v 18.4674 43.5886 22.648
v 18.1159 43.3124 22.6292
v 17.8146 43.0802 22.6919
v 17.5698 42.8918 22.7986
v 17.2245 42.6156 22.7359
v 16.9169 42.3771 22.7484
v 16.6784 42.7035 22.83
v 16.3959 42.4838 22.9367
v 16.0758 42.2327 22.8991
v 15.7871 42.0068 22.9556
v 16.6533 42.17 22.8426
v 16.9609 41.8749 22.4973
v 17.2057 42.0695 22.3467
v 17.6074 41.7745 22.0454
v 17.4191 41.0212 21.7253
v 17.5949 40.5567 21.6813
v 17.2747 40.3056 21.7253
v 17.099 40.1675 21.9952
v 16.8416 39.9667 22.1019
v 17.3187 39.8349 21.901
v 17.507 39.9855 21.5997
v 17.733 39.59 21.0975
v 17.9464 39.2323 20.9845
v 18.0719 38.8431 20.859
v 18.1347 38.4162 20.6016
v 18.3481 38.0082 20.4447
v 18.4611 37.5437 20.2564
v 18.7436 37.2047 20.0053
v 18.9319 36.8469 19.9865
v 19.2081 36.4891 19.9174
v 19.2269 35.9493 19.9488
v 19.0386 35.7924 20.2564
v 19.6161 35.7045 19.6977
v 19.8672 35.4095 19.6915
v 20.4447 35.2902 19.8358
v 20.633 34.8822 19.6726
v 20.8464 34.493 19.4592
v 20.8967 34.0285 19.3274
v 21.0975 33.6267 19.1956
v 21.2921 33.2376 19.0826
v 21.6311 32.9614 18.6683
v 21.2733 32.6852 18.5741
v 20.8778 32.3713 18.3544
v 20.52 32.0951 18.2728
v 20.1497 31.8064 18.1724
v 20.1497 31.323 17.846
v 20.0806 30.6828 17.4317
v 20.3757 30.3312 17.212
v 20.4824 29.8981 16.6031
v 20.7711 29.7098 16.3583
v 20.972 29.3959 16.1762
v 20.9281 28.9754 16.0444
v 20.8904 28.605 15.9565
v 20.8339 28.2158 15.7871
v 20.8841 27.789 15.6552
v 20.9908 27.3998 15.5171
v 21.3612 27.2115 15.4795
v 21.4302 26.8286 15.3351
v 21.8445 26.6089 15.31
v 22.1647 26.339 15.1531
v 22.5287 26.1004 15.0212
v 22.7861 25.7929 14.9334
v 23.0623 25.4476 14.8204
v 23.3573 25.184 14.676
v 23.6398 24.9454 14.6634
v 23.9348 24.7822 14.6321
v 24.1671 24.5123 14.5316
v 24.3742 24.2298 14.3433
v 24.7697 24.1043 14.4563
v 25.0898 23.9725 14.4877
v 25.3786 23.69 14.2743
v 25.6924 23.395 14.1236
v 25.6422 22.8551 13.8474
v 26.0063 22.6605 13.7784
v 26.0439 23.169 13.9981
v 26.0628 23.6837 14.224
v 26.4268 23.9725 14.3245
v 26.4394 24.5123 14.5128
v 26.1695 24.8199 14.7074
v 26.1758 25.2028 14.7827
v 26.2511 25.6987 14.8204
v 26.6089 25.9749 14.9083
v 26.6591 26.4645 15.197
v 27.0232 26.747 15.2096
v 26.8914 27.0922 15.3979
v 26.5461 27.2178 15.4669
v 26.3201 27.5065 15.5485
v 26.6465 27.7639 15.5799
v 26.3704 28.0338 15.718
v 26.113 28.3979 15.9189
v 25.9561 28.7871 16.17
v 25.5857 29.013 16.352
v 25.2342 29.2641 16.4336
v 24.845 29.5027 16.4775
v 24.3742 29.5717 16.4838
v 24.3868 30.0613 16.6156
v 23.8658 30.1241 16.5905
v 23.872 30.6012 16.8416
v 23.8595 30.9401 16.9169
v 23.5456 31.0343 16.9107
v 23.4954 31.367 17.5196
v 23.2757 31.6746 17.7393
v 23.351 32.1453 17.9715
v 23.7465 32.4592 18.1347
v 23.7779 32.9928 18.3984
v 24.1796 33.3129 18.5867
v 24.5563 33.6079 18.6746
v 24.5876 34.2105 18.9759
v 24.9078 34.4616 19.0198
v 24.6316 34.8257 19.2207
v 24.5939 35.2839 19.5282
v 24.5311 35.7735 19.9112
v 24.9266 36.0811 20.0555
v 24.7634 36.4954 20.2752
v 25.1651 36.8093 20.451
v 24.958 37.211 20.5326
v 25.3409 37.5123 20.6644
v 25.7238 37.8073 20.8025
v 25.6171 38.2342 20.9029
v 25.9686 38.5041 20.9845
v 26.3139 38.7803 21.0975
v 26.6905 39.069 21.2042
v 27.0546 39.3578 21.267
v 27.4061 39.634 21.3549
v 27.8078 39.4394 21.2545
v 28.3665 39.3139 21.198
v 28.9503 39.2323 21.2231
v 29.421 39.0628 21.1854
v 29.9923 39.0251 21.2796
v 30.4379 38.7929 21.3423
v 30.8271 38.5104 21.4365
v 30.9401 38.0898 21.4239
v 31.3293 37.9768 21.493
v 31.3419 37.5123 21.5181
v 31.2728 37.0792 21.4365
v 31.2603 36.7339 21.3047
v 31.2414 36.3699 21.2419
v 31.3481 35.987 21.2294
v 31.5678 35.6794 21.2733
v 31.6557 35.2714 21.3423
v 31.323 35.0077 21.2921
v 31.3732 34.6123 21.1478
v 31.7624 34.3737 21.1478
v 32.1579 34.1603 21.0034
v 32.5031 33.9092 20.8904
v 32.6852 33.5451 20.6205
v 33.0367 33.8151 20.7021
v 33.338 34.0536 20.746
v 33.6832 34.3235 20.7711
v 33.9657 34.5495 20.7397
v 34.267 34.7817 20.7146
v 34.5997 34.4742 20.6205
v 34.9136 34.2356 20.5451
v 35.1584 33.9594 20.4887
v 35.4973 33.8339 20.4887
v 35.7798 34.0536 20.3568
v 36.0058 33.7774 20.3192
v 36.0874 34.2921 20.3945
v 36.7779 33.9406 20.6644
v 36.4201 34.5558 20.4824
v 36.8218 34.4177 20.746
v 37.1294 34.2168 20.7021
v 37.1106 33.7586 20.6456
v 37.0666 33.3443 20.5891
v 37.4056 33.6079 20.6142
v 37.4495 33.1309 20.4887
v 37.1168 32.8735 20.5075
v 37.7885 32.8609 20.4761
v 37.2424 32.4341 20.7586
v 36.7402 32.5785 20.3568
v 36.4577 32.3525 20.3819
v 37.2298 31.9194 21.0724
v 37.4746 31.6243 21.7001
v 37.7383 31.2854 22.0266
v 37.8262 30.8585 22.0579
v 37.7195 30.2999 21.8885
v 37.2424 30.4003 21.4679
v 37.1859 29.8793 21.3988
v 37.1106 29.4148 21.2042
v 36.7653 29.5529 21.1729
v 36.7339 29.1197 21.1478
v 36.7653 28.6866 21.0097
v 36.5707 28.0526 20.407
v 36.2318 27.789 20.3443
v 35.9179 27.5442 20.3568
v 35.6543 27.337 20.4259
v 35.6794 26.8851 20.2438
v 36.3008 26.5022 20.3757
v 36.5205 26.6779 20.1748
v 36.7151 25.9686 20.1811
v 36.5833 25.479 20.0681
v 36.9536 25.3346 19.6663
v 37.211 25.1086 19.5596
v 37.3365 24.7446 19.3525
v 36.9788 24.4684 19.2646
v 36.5896 24.1608 19.07
v 36.0497 24.1985 19.1956
v 35.5413 24.2298 19.3525
v 35.7359 23.9536 19.2018
v 35.8928 23.621 18.9884
v 36.056 23.3448 18.8378
v 35.7296 23.0874 18.8566
v 35.3655 22.8049 18.7562
v 35.0266 22.5413 18.6557
v 34.6562 22.2525 18.5302
v 34.5181 21.6688 18.3042
v 34.1666 21.3988 18.21
v 34.4679 21.1352 18.1724
v 34.6499 20.8276 18.0971
v 34.8069 20.5263 17.9276
v 34.4553 20.2501 17.8774
v 34.6436 19.8609 17.8397
v 34.5118 19.2395 17.6577
v 35.0705 19.183 17.7267
v 35.4471 19.0449 17.4631
v 35.5915 18.6746 17.3815
v 35.6794 18.2728 17.0802
v 35.7735 17.8711 16.9044
v 35.8614 17.5447 16.6408
v 35.8426 17.0613 16.3206
v 36.2255 16.8856 16.0381
v 36.4766 16.6219 15.7306
v 36.5017 16.2076 15.5109
v 36.7904 15.9314 15.2472
v 37.0729 15.6866 14.9083
v 37.3742 15.4544 14.563
v 37.5437 15.1845 14.1927
v 37.732 14.8831 13.7093
v 38.0333 14.6697 13.3264
v 38.3597 14.9271 13.3515
v 38.6799 15.1782 13.3766
v 39.0377 15.4544 13.4645
v 39.408 15.2974 13.1632
v 39.747 15.197 12.9435
v 40.0985 15.4669 12.9937
v 40.494 15.7745 13.0942
v 40.8455 16.0507 13.182
v 41.2535 16.3646 13.3892
v 41.5987 16.1511 13.1004
v 42.0319 15.9942 12.8368
v 42.4085 16.2892 13.0251
v 42.76 16.5591 13.0565
v 43.1115 16.8353 13.0628
v 43.4442 17.0927 13.1004
v 43.7769 17.3563 13.0942
v 44.1222 17.62 13.1381
v 44.4172 17.8522 13.0879
v 44.6683 17.6012 12.5983
v 44.9821 17.4254 12.1714
v 45.3085 17.6765 12.1651
v 45.5847 17.3752 11.6002
v 45.6098 16.8981 11.1294
v 45.5973 16.3834 10.6147
v 45.252 16.1197 10.577
v 44.9445 15.8749 10.5707
v 44.6243 15.6301 10.5582
v 44.2351 15.3288 10.4138
v 43.9276 15.084 10.4452
v 44.0719 14.7764 9.83631
v 43.802 14.563 9.90536
v 43.4944 14.3245 9.93047
v 43.6012 13.9416 9.52873
v 43.2685 13.6779 9.53501
v 42.9107 13.4017 9.44085
v 42.5278 13.1067 9.36552
v 42.5466 12.6673 8.89474
v 42.5089 12.2216 8.51183
v 42.1888 11.9643 8.53066
v 41.8436 11.7006 8.52438
v 41.9816 11.4433 8.2733
v 41.6113 11.1608 8.18542
v 41.2535 10.8783 8.0536
v 40.9396 10.6335 8.14148
v 40.5944 10.3699 8.11637
v 40.2429 10.0937 8.03477
v 39.8537 9.79237 7.98455
v 39.4331 9.46596 7.73346
v 39.1255 9.22115 7.6958
v 39.3578 8.95123 7.32545
v 39.6528 8.76292 6.93626
v 39.7156 8.39884 6.66007
v 40.0734 8.68131 6.77306
v 40.3935 8.50555 6.60985
v 40.6446 8.21053 6.23322
v 40.9271 7.94688 5.8001
v 41.2912 7.71463 5.61806
v 41.2535 7.26267 5.34186
v 41.5485 7.03042 4.99662
v 41.4858 6.52825 4.65138
v 41.1531 6.26461 4.60116
v 41.7682 6.3211 4.24336
v 41.9942 6.12651 3.99855
v 42.3834 5.95075 3.40222
v 42.8918 5.90681 3.11347
v 43.2685 5.76871 2.66152
v 43.5823 5.59923 2.35394
v 43.5196 5.07822 2.39788
v 43.9841 5.0029 2.34138
v 44.3419 5.27281 2.40415
v 44.7499 5.59295 2.5548
v 44.6243 5.93192 2.70546
v 45.0072 6.23322 2.83728
v 45.0826 6.7605 2.76195
v 44.9319 7.05553 2.78078
v 45.2772 7.32545 2.81844
v 45.5847 7.56398 2.84355
v 45.7982 7.31917 2.85611
v 46.3819 7.29406 2.99421
v 46.1309 7.57026 2.92516
v 46.2815 8.10381 2.86866
v 45.9237 7.82762 2.85611
v 45.7354 8.11009 2.91888
v 46.0744 8.37373 2.92516
v 46.5828 8.76919 3.37711
v 47.1415 8.3549 3.06325
v 47.085 8.72525 3.1888
v 47.2921 8.88846 2.91888
v 47.3988 8.55577 2.93143
v 47.6436 7.8339 3.24529
v 47.2042 7.93433 3.30179
v 47.5244 7.30034 3.21391
v 47.8069 7.52004 3.1323
v 47.9763 7.65186 2.831
v 47.5558 8.20425 3.41478
v 47.7127 8.80058 2.84983
v 47.5872 9.11444 2.86239
v 47.8822 9.34041 2.80589
v 48.5413 8.97006 2.79334
v 48.422 8.44278 2.76823
v 48.7421 8.68759 2.74312
v 48.3592 9.30275 2.81844
v 48.4408 9.77982 3.33945
v 48.3216 10.1188 3.63448
v 48.1647 10.4389 3.95461
v 48.014 10.7967 4.43168
v 48.1207 11.2487 4.68276
v 48.4973 11.5374 4.77064
v 48.466 11.9392 4.99034
v 48.8489 12.2405 5.07822
v 49.2318 12.5355 5.21632
v 49.6398 12.8493 5.37325
v 50.0227 13.1507 5.51762
v 50.4182 13.4582 5.69338
v 50.7257 13.2699 5.49879
v 51.1086 13.5649 5.59923
v 51.5104 13.8788 5.75616
v 51.5857 14.3621 6.20183
v 51.9498 14.6446 6.3211
v 52.339 14.5191 6.16417
v 52.3139 14.9271 6.39643
v 52.7281 15.2409 6.57846
v 53.1236 15.128 6.49686
v 53.4563 15.0087 6.4592
v 53.8266 15.3037 6.52197
v 54.2912 15.1845 6.17045
v 54.8184 15.1468 5.95703
v 55.1951 15.4418 6.1014
v 55.6847 15.3916 5.85031
v 56.0676 15.2723 5.68083
v 56.4379 15.5611 5.73732
v 56.8209 15.379 5.34186
v 57.21 15.2472 5.14099
v 57.5113 15.4795 5.09705
v 57.8126 15.7117 5.07195
v 58.1453 15.9691 5.07822
v 58.4717 16.2202 5.07195
v 58.3336 16.5591 5.14727
v 58.0637 16.3457 5.24771
v 57.6745 16.5152 5.65572
v 57.3481 16.6784 5.98841
v 56.9025 16.7663 6.2395
v 56.802 17.1304 6.76678
v 56.7267 17.5509 7.32545
v 57.0782 17.8209 7.35055
v 57.4423 18.1033 7.43843
v 57.8691 17.959 7.04297
v 57.7436 18.3356 7.43216
v 57.7373 18.7059 7.58909
v 57.5867 19.0135 8.08498
v 57.5616 19.4529 8.40512
v 57.8691 19.6915 8.44278
v 57.9319 20.1999 8.7943
v 58.3023 20.4887 8.85707
v 58.7166 20.3506 8.80686
v 59.0618 20.6142 8.91984
v 59.4635 20.9218 9.08933
v 59.8778 21.2482 9.25881
v 60.3549 21.1603 9.34041
v 60.6374 20.9532 9.02656
v 60.9261 20.8025 8.82569
v 61.3341 20.6456 8.42395
v 61.5978 20.4008 8.21053
v 62.056 20.3254 7.94688
v 62.4201 20.6079 8.07243
v 62.759 20.4573 7.84017
v 63.1608 20.2941 7.45099
v 63.2549 19.9237 7.18735
v 63.5437 20.1497 7.10575
v 63.8199 20.3631 7.03042
v 64.1275 20.6016 7.00531
v 64.0459 20.9783 7.26267
v 64.3848 21.2419 7.26895
v 64.7238 21.5056 7.36311
v 65.0502 21.7566 7.31917
v 65.3641 22.0014 7.29406
v 65.6528 22.2274 7.30661
v 66.0357 22.083 6.9802
v 66.337 22.3153 6.93626
v 66.6258 22.535 6.87349
v 66.9334 22.7798 6.86094
v 67.2598 23.0309 6.89232
v 67.5422 23.2506 6.83583
v 67.4606 23.6272 7.05553
v 67.3602 24.0164 7.34428
v 67.2912 24.3868 7.6142
v 67.2221 24.7634 7.95316
v 67.2912 25.2656 8.12892
v 67.5422 25.4602 8.02221
v 67.7996 25.661 7.89667
v 68.0946 25.8933 7.74602
v 68.3583 26.0942 7.60792
v 68.1197 26.3829 7.82134
v 68.0695 26.7219 7.85273
v 67.7808 26.9227 8.12892
v 68.0507 27.1299 8.75664
v 68.0256 27.5693 9.12699
v 68.013 28.0275 9.24626
v 68.2767 28.2284 9.12699
v 68.6156 28.492 9.22743
v 69.0174 28.8059 9.41574
v 69.3563 28.605 9.15838
v 69.6576 28.8373 9.14582
v 70.0154 28.6552 8.90101
v 70.3105 28.8812 8.8508
v 70.5804 28.6678 8.55577
v 70.9194 28.5548 8.41767
v 71.1956 28.7682 8.3549
v 71.5282 29.0319 8.46789
v 71.8358 29.2641 8.40512
v 72.1308 29.4964 8.38629
v 72.1497 29.8856 8.493
v 72.4384 30.1115 8.40512
v 72.7335 30.3438 8.38001
v 73.0285 30.5698 8.34235
v 73.3361 30.8083 8.33607
v 73.6311 31.0406 8.30468
v 73.9449 30.9025 8.12265
v 74.422 30.7957 7.82134
v 74.9305 30.7455 7.58909
v 75.2569 30.5572 7.65814
v 75.508 31.1912 7.40705
v 75.8155 31.4297 7.338
v 75.577 31.6934 7.46354
v 75.4326 32.0575 7.98455
v 75.4703 32.4655 8.14775
v 75.4891 32.9049 8.493
v 75.4452 33.3317 8.69387
v 75.7465 33.564 8.61854
v 75.69 33.9845 8.90101
v 76.0227 34.2419 8.9324
v 76.3365 34.4867 8.84452
v 76.6127 34.7001 8.77547
v 76.914 34.4679 8.54322
v 77.184 34.675 8.41139
v 77.3283 34.3361 8.3549
v 76.8575 34.8885 8.6311
v 76.6065 35.127 8.99517
v 76.845 35.3153 8.83824
v 76.4935 35.5601 9.02028
v 76.7759 35.7735 8.93868
v 77.3158 35.6794 9.20232
v 77.2844 35.2211 9.66055
v 77.6673 35.0517 9.57895
v 77.592 35.4597 9.58522
v 78.0439 35.3467 9.65427
v 78.1695 34.9826 9.62289
v 77.7677 34.6688 9.39063
v 78.4394 34.7629 9.22115
v 78.1381 34.5369 9.30275
v 78.2322 34.2294 9.38435
v 78.4708 34.4114 9.27137
v 78.5273 33.9783 9.29647
v 79.1236 34.4428 9.19604
v 79.0797 34.4051 8.34862
v 79.3433 34.1666 9.05167
v 79.381 34.1917 8.36118
v 79.6948 34.4365 8.3549
v 79.7513 34.9261 8.48044
v 80.0212 35.1395 8.43023
v 79.6823 35.353 9.06422
v 79.6007 35.6668 9.014
v 80.2723 35.3279 9.02656
v 80.5297 35.535 8.96378
v 80.5987 35.1333 9.014
v 80.2849 36.2004 9.18976
v 80.6803 36.1251 9.18349
v 80.0275 36.8846 9.20859
v 79.676 37.0792 8.6562
v 79.3872 37.2863 8.90729
v 79.0357 37.5311 9.18349
v 78.7093 37.7697 9.36552
v 78.634 38.2028 9.62289
v 78.6779 38.661 9.8112
v 78.5587 38.9874 9.8928
v 78.8349 39.2009 9.82376
v 79.0922 39.4017 9.73588
v 79.0232 39.7721 9.98068
v 79.6258 39.816 10.2318
v 79.4751 40.1236 10.2632
v 79.3935 40.5191 10.3322
v 79.3684 40.8706 9.97441
v 79.6634 41.0966 9.91164
v 79.7513 41.5925 10.6586
v 80.0463 41.8247 10.6021
v 79.8894 42.1511 10.6774
v 79.3559 42.2139 10.1502
v 79.971 42.6847 10.0183
v 80.1154 43.2308 9.96185
v 80.4041 43.0237 10.3385
v 80.7745 43.3124 10.4264
v 81.1511 43.6074 9.88025
v 81.6219 43.5007 10.351
v 81.9734 43.7706 10.3887
v 82.1931 43.9464 10.1627
v 82.2496 44.4611 10.3385
v 82.9464 44.5302 10.4891
v 83.2163 44.7373 10.4075
v 83.7624 44.7059 10.508
v 83.8566 44.3481 10.3887
v 84.1391 44.2038 10.4577
v 84.1956 43.7832 10.5017
v 84.5533 44.0657 10.577
v 84.8107 43.8334 10.6586
v 85.1873 43.7141 10.5205
v 85.4698 43.9338 10.4515
v 85.6832 44.1033 10.1753
v 86.2042 44.0719 10.4829
v 86.4491 44.2665 10.3887
v 86.7755 44.5176 10.3824
v 87.2086 43.8648 10.0497
v 87.1709 43.325 10.4075
v 87.1835 42.8981 10.1627
v 87.6605 42.804 10.2632
v 87.7359 43.7581 10.2004
v 87.5413 44.6181 10.4075
v 88.0937 44.0343 10.3322
v 87.9995 44.4862 10.508
v 88.5268 44.3732 10.621
v 88.8532 44.1912 10.5958
v 88.8344 44.6118 10.5958
v 89.1608 44.8691 10.69
v 89.5814 44.7562 10.7528
v 89.7446 44.4172 10.8093
v 89.0352 43.8648 10.621
v 89.5374 43.7957 10.7088
v 89.8952 44.0719 10.8281
v 89.958 44.1222 11.7383
v 89.4558 44.1912 11.6567
v 89.6504 44.8064 11.6943
v 90.1337 44.7185 11.776
v 89.2863 44.5302 11.663
v 88.2694 45.183 10.6398
v 87.8991 44.8942 10.5456
v 87.5476 45.5471 11.0792
v 88.0372 45.4969 11.2487
v 88.3636 45.7479 11.2675
v 88.5582 45.4027 11.3428
v 88.985 45.7354 11.6379
v 89.0478 45.296 11.6253
v 88.7779 45.0826 11.663
v 88.169 45.1014 11.2173
v 88.508 44.8754 11.7508
v 88.2192 44.6494 11.7697
v 88.0183 44.9821 11.5625
v 87.6543 44.6997 11.4684
v 87.6982 44.2477 11.2549
v 87.1772 44.8252 11.3554
v 87.3718 45.409 11.3617
v 87.8112 45.3211 11.4433
v 88.3134 44.2038 11.619
v 87.9556 43.9276 11.5437
v 87.9556 43.4944 11.3114
v 87.466 43.5447 11.1231
v 87.2337 43.8836 10.8532
v 87.466 43.1178 10.8469
v 87.648 42.7914 11.0792
v 88.4703 42.9672 11.1608
v 88.395 42.4838 10.6649
v 88.2631 42.3771 11.142
v 87.9681 42.1511 11.2047
v 87.5413 42.2453 11.1106
v 87.1458 42.8667 11.6127
v 87.7296 41.5862 11.2361
v 87.309 42.0695 11.3052
v 88.0497 41.3539 11.2675
v 87.9932 41.3163 10.3134
v 88.2945 42.0256 10.3824
v 88.2506 41.0652 10.9788
v 88.6398 41.8122 11.1294
v 89.029 41.6615 11.4244
v 89.3365 41.9 11.393
v 89.7508 42.2265 11.5876
v 89.6881 42.6282 11.4056
v 89.4935 42.9483 11.776
v 89.4684 43.3124 11.776
v 89.7948 43.5698 11.8136
v 90.1777 43.4819 11.8638
v 90.4915 43.7267 11.9078
v 90.7426 43.9213 11.7697
v 90.3848 44.028 11.8199
v 90.1337 43.8271 11.9078
v 89.393 43.6828 11.9203
v 88.9411 43.7895 11.9078
v 89.0227 44.323 11.7006
v 88.7716 44.1284 11.7948
v 88.9913 44.731 11.7571
v 89.2863 44.9633 11.7006
v 89.5562 45.1704 11.6504
v 89.3617 45.5345 11.5876
v 88.4075 46.2125 11.6002
v 88.9536 46.2125 12.0521
v 88.9223 46.6142 12.071
v 88.7088 46.8653 11.9141
v 88.5268 47.154 11.9454
v 88.7339 47.7692 11.958
v 89.098 48.0517 11.3052
v 88.9913 48.3404 12.253
v 89.3114 48.5915 12.2718
v 88.8595 48.6668 12.366
v 88.2569 48.6605 12.14
v 87.9995 48.4534 12.3535
v 87.4722 48.5162 12.4288
v 87.3153 48.83 12.4351
v 86.7755 48.9116 12.4288
v 86.606 49.282 12.592
v 86.3737 49.1062 12.0208
v 86.3172 49.5896 11.6253
v 86.4553 49.1753 11.506
v 86.198 48.466 11.7885
v 86.2231 48.9932 12.4099
v 85.6958 49.1062 12.3535
v 86.4867 48.6919 12.4978
v 86.9889 48.1458 12.0019
v 86.0975 47.8822 11.6755
v 86.2294 47.9826 11.2298
v 86.1729 47.5118 11.6065
v 85.9155 47.311 11.6818
v 85.8778 47.7127 11.8827
v 85.1434 47.6436 11.4307
v 85.4008 47.8445 12.0584
v 85.8339 48.1772 12.4162
v 85.6079 48.5099 12.4539
v 86.0975 48.3844 12.3409
v 85.9406 48.7735 12.5292
v 85.3882 48.8677 12.3472
v 84.9237 48.9305 12.5229
v 84.9174 49.3761 12.8493
v 84.7668 49.759 13.2134
v 84.635 48.7045 12.5418
v 84.2332 48.8426 12.6548
v 83.6871 48.9179 12.7552
v 83.7122 48.4408 12.1902
v 83.097 48.4597 12.0208
v 82.8773 48.2902 12.2279
v 82.6953 48.1458 12.592
v 82.394 48.4032 12.9812
v 82.0174 48.4848 13.2385
v 81.9546 48.8802 13.4645
v 81.6972 48.6794 13.5775
v 81.3708 48.4283 13.5649
v 81.0884 48.6605 13.8851
v 80.7619 48.8551 14.1864
v 81.1386 49.1502 14.3308
v 80.4606 48.6229 14.1236
v 80.0401 48.6982 13.9604
v 79.7702 48.083 13.2323
v 79.4061 48.2086 13.2323
v 79.1362 48.9305 13.226
v 78.7407 49.1313 13.1507
v 78.3076 49.2318 13.1695
v 78.0251 49.0121 13.2134
v 78.0377 48.5852 12.9372
v 77.592 48.6731 12.8745
v 77.4664 49.0497 12.9372
v 77.2718 48.422 12.8556
v 77.2279 48.8677 13.069
v 76.9015 49.0874 13.4017
v 77.0208 48.7045 13.3013
v 76.6943 48.4471 13.2323
v 76.7006 48.9305 13.6779
v 76.6755 49.3824 14.0043
v 76.393 49.1627 14.0232
v 76.2487 49.4515 14.2115
v 76.7132 49.8155 14.563
v 77.1777 50.1733 14.1424
v 77.3158 49.4075 14.4124
v 77.661 49.6774 14.4437
v 77.5355 50.0541 14.5756
v 77.8682 50.7132 15.0275
v 78.1569 50.9392 14.9773
v 78.1381 51.3974 14.8015
v 77.8996 51.2091 14.971
v 77.3911 51.2907 14.9647
v 76.9078 51.4037 14.9083
v 76.9768 50.9705 14.789
v 76.4181 51.4602 14.2931
v 75.9285 51.5669 14.3056
v 75.7653 51.9686 14.5818
v 75.7277 52.4833 15.0464
v 75.7026 52.8914 15.4669
v 75.5707 53.2429 15.8498
v 75.4452 53.6446 16.1511
v 75.0999 53.3684 16.1323
v 74.6166 52.9981 16.4211
v 74.309 53.2303 16.3897
v 73.8947 52.9102 16.1951
v 73.606 52.6842 16.2265
v 73.9638 52.4833 16.4148
v 74.2086 52.182 16.2076
v 73.6436 52.2323 16.3332
v 73.3674 52.4959 16.3771
v 73.0661 52.2636 16.4713
v 73.5055 51.6296 16.0319
v 73.8885 51.9309 16.1888
v 74.0391 51.592 15.9879
v 73.6876 51.3221 15.1468
v 73.4302 51.5731 15.0715
v 73.9198 51.5041 14.9334
v 73.4302 52.069 15.128
v 73.1289 51.8368 15.084
v 72.8402 52.0879 15.0966
v 72.5389 51.8493 15.1845
v 72.1497 51.9498 15.5422
v 71.9049 51.7615 15.6866
v 71.7856 52.1318 16.0068
v 71.5408 52.3641 16.057
v 71.0261 52.408 16.1009
v 70.844 52.6528 16.4022
v 70.5741 52.4394 16.4901
v 70.141 52.5273 16.7977
v 70.0719 52.9102 17.1931
v 69.802 52.703 17.2496
v 69.6765 53.0859 17.7393
v 69.2622 53.155 18.1159
v 68.9797 52.9353 18.1912
v 68.7412 53.2178 18.5741
v 68.4587 52.9918 18.6369
v 68.1386 52.7533 18.6369
v 67.7619 52.9353 18.7248
v 67.4167 53.1299 18.8629
v 67.0338 52.8286 18.6557
v 66.6697 52.5461 18.5113
v 65.9102 52.8411 18.8252
v 66.5379 52.8474 19.0072
v 65.5084 52.5273 18.6243
v 65.2009 52.7846 18.8943
v 64.9372 53.1236 19.2207
v 64.6422 52.8914 19.3337
v 64.4853 53.2554 19.6224
v 64.1902 53.0232 19.6852
v 63.8952 52.7909 19.6977
v 63.6127 52.5649 19.7982
v 63.3365 52.8537 20.1685
v 63.0917 52.6654 20.3192
v 62.8469 53.0106 20.5828
v 62.5519 53.2931 20.79
v 62.2632 53.0671 20.9281
v 62.0309 53.2743 21.0787
v 61.7798 53.5128 21.2356
v 61.5036 53.2994 21.2984
v 61.2274 53.0859 21.3486
v 60.9763 53.337 21.6311
v 60.719 53.1362 21.7692
v 60.4679 52.9353 21.8696
v 60.2231 52.747 21.9387
v 60.0097 53.0294 22.0705
v 59.9029 53.3433 22.5727
v 59.5703 53.0797 22.535
v 59.2752 52.8474 22.5664
v 58.8672 52.9918 23.0309
v 58.3274 53.0608 23.4075
v 57.7875 53.2052 23.6084
v 57.4486 52.9353 23.5582
v 56.9276 53.0357 23.6335
v 56.5698 52.7595 23.5456
v 56.2245 53.0106 23.7842
v 55.8291 53.224 23.8344
v 55.2013 53.2743 23.9788
v 54.8059 53.4061 24.1231
v 54.4795 53.1487 24.0541
v 54.1405 53.3621 24.211
v 53.8266 53.1173 24.2173
v 53.3747 53.2366 24.2424
v 53.0169 52.9541 24.1545
v 52.6717 53.155 24.3303
v 52.339 52.8976 24.2487
v 51.9812 52.9604 24.2801
v 51.6548 52.7093 24.2236
v 51.3472 52.4645 24.1922
v 51.0459 52.5775 24.3742
v 50.8262 52.7784 24.4433
v 50.5374 53.0232 24.5186
v 50.2298 53.1989 24.732
v 50.1859 52.7533 24.4495
v 49.8846 52.929 24.6881
v 49.5645 52.6779 24.6127
v 49.1816 52.8914 24.6127
v 48.8551 53.2178 24.7822
v 48.5287 52.9604 24.7508
v 48.2086 52.7093 24.6943
v 47.8131 52.9855 24.7948
v 47.3988 53.1424 24.9203
v 47.085 52.8976 24.958
v 46.7397 52.6277 24.9015
v 46.2941 52.816 24.9643
v 45.7542 52.929 25.1149
v 45.365 53.1864 25.4853
v 44.9633 53.381 25.5983
v 44.6118 53.1048 25.5041
v 43.9527 53.1424 25.3409
v 43.4128 53.2743 25.4099
v 43.0739 53.0106 25.3535
v 42.4273 53.0734 25.2342
v 42.1072 52.8286 25.14
v 41.7682 52.5587 25.0521
v 41.4355 52.295 25.027
v 40.8706 52.3515 24.9454
v 40.5379 52.0879 24.8827
v 40.0106 52.2134 24.8576
v 39.6717 51.9498 24.8387
v 39.8851 51.5794 24.8011
v 39.5712 51.3283 24.7634
v 39.2323 51.0647 24.7383
v 38.8933 50.8011 24.6881
v 38.5606 50.5437 24.6441
v 38.2154 50.2738 24.6253
v 37.8827 50.0101 24.5876
v 37.5688 49.7653 24.5374
v 37.2361 49.5017 24.4935
v 36.9097 49.2506 24.4307
v 36.5582 48.9681 24.3052
v 36.3259 49.3322 24.3114
v 35.7673 49.4515 24.3868
v 35.4346 49.7653 24.3993
v 34.9387 49.8846 24.4684
v 34.5746 49.5958 24.3742
v 34.2419 49.3322 24.3428
v 33.9092 49.0748 24.2926
v 33.564 48.8049 24.1859
v 33.225 48.535 24.0855
v 32.8672 48.8238 24.1796
v 32.4153 49.0246 24.3366
v 31.8817 49.1753 24.3993
v 31.3419 49.2318 24.437
v 31.0343 49.4766 24.8011
v 30.5258 49.6084 24.9078
v 30.212 49.3573 24.8764
v 30.0864 49.8281 25.0584
v 29.7851 49.5896 25.027
v 29.5466 49.9034 25.0082
v 29.1135 49.5707 24.7697
v 28.7682 49.2945 24.7069
v 28.31 49.5393 24.8513
v 27.8015 49.7528 24.9329
v 28.0087 49.3008 24.8827
v 27.4061 49.4389 24.7697
v 27.0985 49.803 25.4664
v 27.7011 49.6712 25.4476
v 28.1405 50.0164 25.705
v 27.5379 50.1482 25.7301
v 28.4418 50.2549 25.7301
v 27.0985 50.3428 25.7175
v 26.8914 50.6943 25.8745
v 26.7156 51.0019 26.0188
v 26.9416 51.1777 26.5336
v 26.5147 51.3158 26.0502
v 26.7595 51.5041 26.6152
v 26.182 51.9435 26.6465
v 27.0483 52.1569 27.0169
v 26.747 52.3892 27.2429
v 25.9874 52.3139 26.6968
v 25.6673 52.6089 26.9165
v 25.6799 53.1236 27.3935
v 25.2154 53.3308 27.6572
v 24.9392 53.1236 27.7199
v 24.2361 53.1362 27.9271
v 23.7026 53.3056 28.015
v 23.0686 53.3621 27.858
v 22.7296 53.0985 27.7639
v 22.422 52.86 27.7702
v 22.1395 52.6403 27.8141
v 21.6813 52.8286 28.1844
v 21.3737 52.59 28.1593
v 20.8967 52.7156 28.4732
v 20.564 52.9918 28.6615
v 20.1246 53.0922 28.9879
v 19.5722 53.1362 29.0381
v 18.9005 53.1236 29.3959
v 18.4862 52.7972 29.1511
v 18.1975 52.5712 29.2704
v 17.7016 52.7219 29.4399
v 17.2622 52.8725 29.6282
v 16.7537 53.0357 29.8353
v 16.4336 52.7909 29.8856
v 15.9691 52.9604 30.0864
v 15.7243 53.3245 30.2245
v 15.3853 53.0608 30.1241
v 14.9961 52.7595 29.9923
v 14.3935 52.8035 29.9985
v 13.8349 52.9227 29.9985
v 13.2134 53.0169 30.0802
v 12.6799 53.2303 30.3312
v 12.1777 53.3433 30.4317
v 11.8136 53.0608 30.3438
v 11.4119 52.747 30.2057
v 11.1169 53.0106 30.2936
v 10.7402 52.7156 30.1806
v 10.3699 52.4268 30.0739
v 10.0121 52.6654 30.4317
v 9.68566 52.408 30.3877
v 9.44085 52.7281 30.6074
v 9.18349 52.9792 30.846
v 8.82569 52.703 30.7832
v 8.32979 52.8662 31.0594
v 7.97827 52.59 30.9841
v 7.60164 52.3013 30.8711
v 7.26895 52.6089 31.1787
v 6.91743 52.8976 31.4548
v 7.80251 51.9058 30.5509
v 7.71463 51.3786 30.2747
v 7.90294 51.0145 30.0237
v 7.98455 50.5688 29.6596
v 8.2168 50.2549 29.4336
v 8.36118 49.8595 29.1386
v 8.58088 49.4013 28.9691
v 8.83196 49.0183 28.7745
v 9.06422 48.6417 28.6427
v 9.56012 48.5099 28.536
v 9.8112 48.1521 28.379
v 10.0497 47.8006 28.2974
v 10.1753 47.3361 27.9522
v 10.1627 46.8339 27.4312
v 10.6084 46.6393 27.1927
v 10.7026 46.1999 26.8474
v 10.8469 45.8358 26.5963
v 10.9976 45.5157 26.3829
v 11.4119 45.3023 26.295
v 11.55 44.9131 26.0314
v 12.071 44.7687 25.8619
v 12.2467 44.3481 25.7489
v 12.7552 44.1598 25.6736
v 13.2825 44.0029 25.6108
v 13.6026 44.254 25.6359
v 14.1864 44.141 25.6924
v 14.5379 44.4109 25.7364
v 14.9899 44.254 25.6548
v 15.423 44.5992 25.9184
v 15.8247 44.9068 26.0879
v 15.6803 45.3085 26.2197
v 16.0068 45.5596 26.2574
v 16.352 45.8295 26.3641
v 16.7286 46.1246 26.4582
v 17.0425 46.3694 26.4268
v 17.507 46.225 26.3264
v 17.8397 46.4824 26.3829
v 18.1849 46.7586 26.4268
v 18.4925 46.9971 26.4394
v 18.9005 46.7648 26.3452
v 19.2144 47.0159 26.3076
v 19.4969 47.2356 26.2511
v 19.9425 47.0661 26.113
v 20.2627 47.3172 26.1381
v 19.8484 47.5118 26.3452
v 20.2815 47.8508 26.5524
v 19.5345 47.8131 26.5963
v 19.9488 48.1333 26.7846
v 20.3003 48.4095 26.8411
v 20.6707 48.1521 26.6842
v 21.0536 47.9324 26.5775
v 20.9783 48.3906 26.7093
v 21.2231 48.5852 26.521
v 21.3926 48.2023 26.5712
v 21.5809 48.3467 26.2825
v 21.3486 49.2318 26.4771
v 21.7441 48.4722 26.6403
v 22.2588 48.8802 26.3264
v 22.1647 48.3404 26.6152
v 22.2023 47.9387 26.2385
v 21.832 47.6562 25.4099
v 21.3298 47.6813 25.4162
v 21.1917 47.5746 25.8054
v 22.9242 48.9367 26.2762
v 23.2192 49.1627 26.1946
v 23.7214 49.1313 26.182
v 23.9285 48.8175 26.1255
v 24.2361 49.0623 26.0565
v 24.3993 48.7421 25.9309
v 24.5249 49.282 26.0565
v 24.7822 49.0435 26.069
v 24.958 48.6605 25.8807
v 24.6692 48.4346 25.9121
v 25.0459 49.2506 25.9372
v 25.2216 48.874 25.7991
v 25.3032 48.9367 25.2781
v 24.8136 49.5142 25.9937
v 25.184 49.803 26.1193
v 24.6881 49.8909 26.1946
v 25.1149 50.2173 26.4017
v 25.5041 50.0541 26.1946
v 25.7866 49.8281 26.1695
v 25.7615 50.2549 26.0879
v 26.0565 50.0415 26.0879
v 26.3327 49.7402 25.3911
v 26.5712 50.4433 25.8619
v 26.6968 50.029 25.5229
v 26.6654 49.464 25.1212
v 26.2762 49.1627 24.9768
v 25.9498 49.4452 25.2781
v 25.5292 49.1125 25.0773
v 25.6861 48.6982 24.9831
v 25.2028 48.3216 24.6441
v 25.7112 48.1144 24.4746
v 25.3095 47.8006 24.3617
v 24.8889 48.0768 24.6692
v 24.732 47.9512 24.9768
v 24.1608 48.0454 24.7634
v 23.9662 48.4032 24.9517
v 24.1168 47.4742 24.3554
v 24.3554 47.0536 24.9768
v 24.8889 46.8653 24.9831
v 25.2091 46.5075 24.5311
v 25.4288 46.1811 24.4433
v 25.548 46.7774 23.8344
v 25.7677 46.451 23.803
v 25.9561 47.0975 24.0415
v 26.2887 46.8527 24.3114
v 26.6968 46.6079 24.0164
v 26.1632 46.1873 23.5707
v 25.7301 45.8547 23.3008
v 26.408 45.8547 23.6649
v 25.9058 45.4655 23.2192
v 25.9435 45.0072 22.8238
v 26.0439 44.6055 22.6041
v 25.6422 44.2916 22.5162
v 25.9498 43.959 22.5225
v 26.069 43.5007 22.3153
v 26.0439 42.9169 22.0956
v 25.6736 42.6282 21.9638
v 25.2781 42.3206 21.8131
v 24.9078 42.0319 21.6939
v 24.6127 42.3583 21.8194
v 24.2487 42.0758 21.6939
v 23.8281 41.7431 21.4742
v 23.3887 41.4041 21.2042
v 22.8426 41.5297 21.2168
v 22.2337 41.6238 21.2168
v 22.1082 42.0068 21.3298
v 21.7629 41.7368 21.2796
v 21.4177 41.4669 21.2105
v 21.0473 41.1719 21.1289
v 20.6707 40.8831 21.0222
v 20.2501 40.5567 20.8151
v 19.9425 40.3119 20.8025
v 19.6098 40.5316 21.154
v 19.3148 40.3056 21.2105
v 18.9759 40.0357 21.1854
v 18.4674 40.1675 21.267
v 18.4297 40.7074 21.5997
v 17.8962 40.7953 21.6311
v 17.8774 41.3728 22.0266
v 17.9652 42.057 22.0642
v 18.323 42.3394 22.1207
v 17.959 42.6596 22.5601
v 17.4756 42.283 22.2337
v 18.1096 40.4563 21.5056
v 17.8271 40.2366 21.5683
v 18.0406 39.8349 20.9908
v 18.1787 39.4143 20.8151
v 18.3105 39.0314 20.6644
v 18.4486 38.6548 20.5765
v 18.6683 38.2593 20.3945
v 18.8001 37.8073 20.2313
v 19.0637 37.4558 20.0241
v 19.2709 37.1043 20.0179
v 19.5031 36.7214 19.9237
v 19.4843 36.1502 19.817
v 19.9425 35.9619 19.7605
v 20.1999 35.6668 19.7793
v 20.859 35.6166 20.0053
v 20.9783 35.1521 19.7542
v 21.2105 34.7817 19.5659
v 21.2042 34.2733 19.3399
v 21.4177 33.8716 19.2395
v 21.6813 33.5389 19.183
v 21.9952 33.2501 18.7938
v 22.1019 32.8484 18.5741
v 21.6939 32.5282 18.4172
v 21.3172 32.2332 18.2352
v 20.9469 31.9445 18.1473
v 20.5577 31.6369 18.0468
v 20.8276 31.2665 17.7581
v 20.4761 30.9966 17.6514
v 20.7711 30.6388 17.394
v 20.8276 30.168 17.3752
v 21.1729 30.0237 16.5717
v 21.3926 29.7161 16.3583
v 21.2859 29.2578 16.1574
v 21.2607 28.9 16.0507
v 21.2168 28.5171 15.8687
v 21.2482 28.0777 15.7494
v 21.3675 27.6948 15.6615
v 21.7378 27.5065 15.5799
v 21.8006 27.1173 15.4983
v 22.2086 26.8914 15.4418
v 22.5664 26.6528 15.31
v 22.9054 26.3955 15.1531
v 23.1376 26.069 15.0526
v 23.4389 25.7364 14.9522
v 23.7591 25.4978 14.8329
v 24.0478 25.2656 14.8455
v 24.2801 25.0521 14.7074
v 24.5437 24.8073 14.676
v 24.7634 24.5374 14.4563
v 25.1275 24.3805 14.5379
v 25.4476 24.2487 14.5567
v 25.7426 23.9662 14.3998
v 26.1004 24.2487 14.4563
v 25.8117 24.5374 14.6007
v 25.8054 24.914 14.6634
v 25.8745 25.4099 14.7199
v 25.6422 25.6673 14.9773
v 26.0126 25.9561 15.084
v 26.3578 26.2323 15.1531
v 26.182 26.5398 15.31
v 26.5336 26.816 15.3916
v 26.2009 26.9478 15.3853
v 25.9435 27.2115 15.4481
v 26.0502 27.7827 15.6866
v 25.7175 28.084 15.7808
v 25.5794 28.492 16.0193
v 25.184 28.6992 16.1762
v 24.8513 28.9565 16.3394
v 24.4809 29.2139 16.4022
v 23.985 29.2641 16.3771
v 24.0227 29.7726 16.4901
v 23.4577 29.804 16.4587
v 23.5142 30.325 16.7161
v 23.5205 30.6702 16.8667
v 23.1753 30.7455 16.7977
v 23.1816 31.1284 16.8228
v 22.9054 31.3795 17.6074
v 23.0372 31.9005 17.9841
v 22.9995 32.3839 18.1661
v 23.4577 32.7417 18.4235
v 23.1502 33.0869 18.5929
v 23.5205 33.3757 18.6808
v 23.8846 33.6644 18.8064
v 24.2361 33.9343 18.9131
v 24.2675 34.5432 19.1391
v 24.2236 34.9952 19.3964
v 24.1796 35.4973 19.7856
v 23.9976 35.8928 19.9676
v 24.3868 36.2004 20.1183
v 24.1608 36.5833 20.1811
v 24.5186 36.8658 20.3317
v 24.5311 37.3805 20.5703
v 24.9078 37.6755 20.6895
v 25.2593 37.9517 20.7962
v 24.9768 38.2844 20.8276
v 25.3597 38.5857 20.9406
v 25.7552 38.8933 21.0913
v 26.113 39.1695 21.1854
v 26.4896 39.4645 21.2859
v 26.8286 39.7344 21.3737
v 27.1801 40.0043 21.4553
v 27.7576 39.9102 21.3988
v 28.1405 39.703 21.2733
v 28.6929 39.5712 21.2545
v 29.0193 39.8286 21.3298
v 29.3583 39.5524 21.3863
v 29.8605 39.408 21.4051
v 30.4191 39.3578 21.5369
v 30.802 39.0816 21.4616
v 31.1787 38.7866 21.5056
v 31.2603 38.3409 21.4302
v 31.6683 38.2405 21.5244
v 31.6683 37.7697 21.5244
v 31.6118 37.3491 21.4365
v 31.5741 36.9788 21.3423
v 31.5804 36.6335 21.2859
v 31.662 36.2318 21.2105
v 31.8566 35.9054 21.198
v 31.9382 35.4911 21.2859
v 32.0637 35.1521 21.2356
v 31.7436 34.901 21.198
v 32.1077 34.6436 21.1791
v 32.4592 34.3988 20.9908
v 32.8233 34.1603 20.8778
v 33.1497 34.4177 20.8653
v 33.4698 34.6688 20.859
v 33.7774 34.9073 20.8276
v 34.0787 35.1458 20.8276
v 34.6374 35.0705 20.746
v 34.9261 34.7315 20.6016
v 35.2274 34.4804 20.5012
v 35.466 34.2042 20.4196
v 35.7924 34.4616 20.4259
v 36.1502 34.7378 20.5075
v 36.4954 35.0077 20.5514
v 36.7842 34.8382 20.564
v 37.0855 34.6248 20.564
v 37.4307 34.4491 20.6205
v 37.437 34.0159 20.6519
v 37.7508 33.3631 20.52
v 38.3786 33.3254 21.1164
v 38.1149 33.6456 20.6519
v 38.6548 33.5326 20.9908
v 38.5857 32.9802 21.3549
v 38.3158 32.7668 21.4239
v 38.5606 32.478 21.9324
v 38.2405 32.2269 21.8947
v 37.9203 32.4592 21.2419
v 37.8764 31.9382 21.8382
v 37.5876 32.1956 21.1729
v 37.5939 32.7103 20.7774
v 38.1024 31.5678 22.1898
v 38.2279 31.1724 22.2211
v 38.4413 30.8585 22.1395
v 38.1024 30.5949 22.0454
v 38.0773 30.1743 21.945
v 37.6379 29.8228 21.6876
v 37.663 29.3834 21.5432
v 37.1985 29.0193 21.2356
v 37.2236 28.5674 21.1478
v 37.2989 28.1531 21.0034
v 37.6943 28.4606 21.1917
v 37.8262 28.1782 21.0222
v 37.4998 27.9271 20.2878
v 36.9348 27.8769 20.1936
v 36.6398 27.6446 20.2313
v 36.2757 27.3559 20.1434
v 36.0309 27.1613 20.3129
v 36.508 27.1487 20.2125
v 36.7904 26.8914 20.0932
v 36.7653 26.4268 20.225
v 37.0101 26.2009 20.1434
v 37.2047 25.9623 19.9363
v 36.9474 25.7615 20.1183
v 37.3177 25.6171 19.7479
v 37.5751 25.3911 19.6726
v 37.6881 25.0208 19.4404
v 37.8387 24.732 19.1704
v 37.4935 24.4621 19.1516
v 37.1231 24.1733 19.0135
v 36.7591 23.8971 18.9256
v 36.2255 23.8783 19.001
v 36.3887 23.6021 18.8754
v 36.3322 23.0874 18.6871
v 35.9995 22.8238 18.662
v 35.6417 22.5476 18.6306
v 35.309 22.2902 18.5616
v 34.9261 21.9889 18.4297
v 34.8131 21.4051 18.2728
v 34.9638 21.0724 18.0908
v 35.1082 20.7648 17.9276
v 35.3027 20.3757 17.8334
v 35.0266 20.1622 17.9213
v 35.1835 19.7605 17.7769
v 34.9324 19.5596 17.8899
v 35.4032 19.4404 17.7079
v 35.8112 19.3274 17.4693
v 35.9179 18.9256 17.3752
v 36.0372 18.549 17.1366
v 36.0999 18.1222 16.9169
v 36.2004 17.8083 16.7161
v 36.4766 17.5572 16.3332
v 36.1376 17.2936 16.2892
v 36.508 17.1115 15.9754
v 36.8093 16.8793 15.7306
v 36.8344 16.465 15.5799
v 37.098 16.1637 15.2535
v 37.3679 15.9189 14.8204
v 37.663 15.6803 14.494
v 37.8576 15.4293 14.1236
v 38.1024 15.1719 13.7595
v 38.4162 15.4167 13.7595
v 38.7489 15.6741 13.7533
v 39.0628 15.9189 13.6968
v 39.3703 15.718 13.5084
v 39.7784 15.5862 13.3013
v 40.1048 15.8436 13.339
v 40.4563 16.1135 13.4143
v 40.7953 16.3771 13.5147
v 41.1719 16.6721 13.5838
v 41.6176 16.6533 13.452
v 42.0068 16.4713 13.2699
v 42.3771 16.7537 13.3955
v 42.7098 17.0174 13.408
v 43.0613 17.2936 13.452
v 43.3752 17.5321 13.4959
v 43.689 17.7769 13.5084
v 44.0154 18.0343 13.5147
v 44.3356 18.2791 13.5398
v 44.7185 18.0845 13.0439
v 44.9947 17.8522 12.5794
v 45.3274 18.1096 12.6045
v 45.6224 17.9213 12.1589
v 45.8986 17.62 11.6441
v 45.9237 17.1429 11.1106
v 45.9111 16.6282 10.6523
v 45.8547 16.1574 10.1376
v 45.5471 15.9189 10.1753
v 45.0198 15.5109 9.77982
v 44.7499 15.3037 9.88025
v 44.3984 15.0275 9.8677
v 44.5553 14.6823 9.51617
v 44.2226 14.4249 9.49734
v 43.9401 14.2052 9.51617
v 43.8899 13.7156 9.07677
v 43.5886 13.4833 9.09561
v 43.2245 13.2009 8.99517
v 42.9169 12.9623 9.00145
v 42.8856 12.5104 8.58716
v 42.9421 12.1902 8.30468
v 42.6156 11.9392 8.29213
v 42.3143 11.7069 8.26702
v 42.5215 11.4119 7.87784
v 42.1762 11.142 7.89667
v 41.8059 10.8532 7.8339
v 41.4732 10.5896 7.74602
v 41.1091 10.3134 7.67069
v 40.7953 10.0686 7.66441
v 40.3056 9.68566 7.24384
v 39.9541 9.41574 7.20618
v 39.6465 9.17721 7.29406
v 39.9981 9.02656 6.95509
v 40.494 9.00145 6.95509
v 40.8204 8.83824 6.75422
v 41.0715 8.53694 6.41526
v 41.2347 8.18542 5.78126
v 41.605 7.95944 5.57412
v 41.5799 7.51376 5.34814
v 41.8687 7.27523 5.00917
v 41.8436 6.80444 4.70159
v 42.1072 6.58474 4.2873
v 42.3332 6.39015 3.96717
v 42.691 6.19556 3.43988
v 42.9923 6.42781 3.38967
v 43.1994 6.13906 3.05698
v 43.576 6.00724 2.64896
v 43.9464 5.87542 2.50459
v 43.9338 5.39836 2.54853
v 44.2854 5.66828 2.66779
v 44.3481 6.18928 2.62385
v 44.7875 6.53452 2.81217
v 44.6118 6.81072 2.78078
v 44.7122 7.31917 2.84355
v 45.07 7.59536 2.87494
v 45.409 7.859 2.93143
v 45.2144 8.15403 3.16369
v 45.6663 8.49927 3.52776
v 46.3443 9.02656 3.58426
v 45.6224 8.93868 4.09899
v 45.9739 9.21487 4.12409
v 46.3129 9.47851 4.14293
v 46.6393 9.25881 3.5466
v 46.9845 9.52245 3.50266
v 47.1164 9.18349 3.15741
v 46.8716 8.99517 3.30806
v 47.4616 9.44713 3.24529
v 47.9575 9.83003 3.59681
v 47.7817 10.1439 3.86045
v 47.6625 10.5205 4.37518
v 47.7692 10.9788 4.61371
v 47.8069 11.4307 4.94013
v 48.1207 11.6755 4.97779
v 48.0956 12.1086 5.15983
v 48.4597 12.3911 5.19749
v 48.8175 12.6673 5.32931
v 49.2004 12.9686 5.47368
v 49.5707 13.2511 5.57412
v 49.9599 13.5524 5.75616
v 50.3428 13.8474 5.94447
v 50.7948 13.747 5.83148
v 51.1965 14.0608 6.0198
v 51.2091 14.5253 6.36504
v 51.592 14.8204 6.50942
v 52.0063 15.1468 6.66634
v 52.3641 15.423 6.77933
v 52.703 15.6803 6.82327
v 53.4814 15.4104 6.62868
v 53.8141 15.6678 6.64751
v 54.1719 15.5674 6.57219
v 54.6678 15.4795 6.29599
v 55.057 15.7745 6.38387
v 55.5717 15.7306 6.19556
v 56.0362 15.6615 5.95703
v 56.3815 15.9252 6.0198
v 56.7644 15.8122 5.73105
v 57.1222 15.6176 5.32931
v 57.436 15.8561 5.26654
v 57.7562 16.1072 5.24143
v 57.3732 16.283 5.66828
v 57.0154 16.4211 5.98841
v 56.5886 16.5215 6.27716
v 56.4505 16.8605 6.65379
v 56.4066 17.2999 7.28778
v 56.4317 17.6953 7.45099
v 56.7769 17.959 7.50121
v 57.1096 18.2226 7.55142
v 57.4235 18.4611 7.5577
v 57.21 18.7185 7.99082
v 57.21 19.1767 8.3549
v 57.2979 19.7103 8.77547
v 57.6306 19.9676 8.80058
v 57.6557 20.4196 9.11444
v 57.9507 20.6456 9.06422
v 58.3085 20.9218 9.13327
v 58.6726 20.7774 8.97006
v 59.1246 21.1289 9.34041
v 59.5075 21.4239 9.46596
v 59.8841 21.7127 9.61033
v 60.3047 21.5746 9.55384
v 60.7315 21.4491 9.47223
v 60.9701 21.2105 9.08933
v 61.2588 21.0599 8.89474
v 61.717 20.9406 8.493
v 61.9305 20.6644 8.27957
v 62.2694 20.9218 8.3549
v 62.7402 20.859 8.07243
v 63.1043 20.7209 7.82762
v 63.4307 20.5075 7.34428
v 63.7006 20.7146 7.2564
v 63.6943 21.1791 7.72091
v 64.027 21.4365 7.70208
v 64.3409 21.6813 7.70835
v 64.6548 21.9198 7.73346
v 64.9812 22.1772 7.74602
v 65.2825 22.4095 7.70835
v 65.5712 22.6354 7.72718
v 65.9792 22.4722 7.29406
v 66.2617 22.6919 7.22501
v 66.494 22.8802 7.11202
v 66.8455 23.1502 7.15596
v 67.1782 23.4075 7.10575
v 67.0903 23.8155 7.43216
v 66.9773 24.142 7.65186
v 66.9208 24.5311 8.00338
v 66.7262 24.8262 8.24819
v 67.0024 25.0396 8.22308
v 67.1217 25.6108 8.43023
v 67.3853 25.8117 8.31096
v 67.6176 25.9937 8.14148
v 67.8687 26.1883 7.96572
v 67.8059 26.521 8.00338
v 67.5109 26.7156 8.21053
v 67.5422 26.3139 8.16659
v 67.2598 26.521 8.36118
v 67.31 26.1318 8.32351
v 67.0087 26.3264 8.54949
v 67.084 25.9561 8.49927
v 66.7764 26.1444 8.71898
v 66.8266 25.7552 8.62482
v 66.5065 25.9309 8.8508
v 66.5191 25.5167 8.64993
v 66.2178 25.7112 8.95751
v 66.0734 26.0565 9.65427
v 66.4312 26.3327 9.75471
v 65.8097 26.3139 10.0435
v 66.155 26.5838 10.1816
v 66.4437 26.8035 10.0874
v 66.7388 26.5712 9.67938
v 66.7262 27.0232 10.0623
v 67.0087 26.7846 9.64172
v 66.9836 27.224 9.92419
v 67.266 26.9792 9.52245
v 67.2849 27.4563 9.79237
v 67.5611 27.2115 9.44085
v 67.5548 27.6634 9.6731
v 67.7808 27.381 9.2902
v 67.7745 27.8392 9.48479
v 67.7368 28.2409 9.65427
v 67.9754 28.423 9.42829
v 68.2892 28.6741 9.41574
v 68.691 28.9816 9.5915
v 69.055 29.2641 9.67938
v 69.325 29.0444 9.44713
v 69.6263 29.2767 9.47223
v 69.9527 29.0633 9.13327
v 70.2854 29.3269 9.13955
v 70.6934 29.1825 8.99517
v 70.8817 28.9063 8.55577
v 71.252 29.1888 8.68759
v 71.5722 29.4399 8.64993
v 71.8798 29.6784 8.58716
v 71.8358 30.0676 8.7943
v 72.156 30.3187 8.83824
v 72.4886 30.576 8.83824
v 72.7586 30.7895 8.71898
v 73.0661 31.0217 8.66876
v 73.3612 31.254 8.61854
v 73.6813 31.5051 8.62482
v 73.9198 31.2603 8.29841
v 74.2274 31.1222 8.09754
v 74.7735 31.0657 7.82762
v 75.0623 31.2916 7.78368
v 75.3259 31.4988 7.67697
v 75.0999 31.8001 8.01593
v 75.1941 32.252 8.22936
v 75.1376 32.635 8.43023
v 75.1251 33.0806 8.69387
v 75.0811 33.5138 8.91984
v 75.4012 33.7586 8.89474
v 75.4515 34.2294 9.17721
v 75.7716 34.4804 9.20232
v 76.0666 34.7064 9.15838
v 76.3554 34.9324 9.12699
v 76.2612 35.3718 9.22743
v 76.1545 35.7798 9.26509
v 76.3993 35.9744 9.08933
v 76.6881 36.1941 9.04539
v 76.9517 36.4013 9.00772
v 77.1526 36.0686 9.08305
v 77.7364 36.0058 9.44085
v 77.9498 35.7422 9.71704
v 78.3327 35.5727 9.60406
v 78.8286 35.0705 9.40946
v 79.0546 35.2463 9.21487
v 79.0797 34.8822 9.19604
v 79.3433 34.6123 8.98262
v 79.4061 34.6625 8.43023
v 79.0671 35.2525 8.46789
v 79.3182 35.4534 9.0705
v 79.3119 35.8677 9.33414
v 79.6132 36.1062 8.52438
v 80.0966 35.6731 9.31531
v 79.5818 36.0811 9.23998
v 79.4186 36.4138 9.20232
v 79.3433 36.8218 9.34669
v 78.8851 36.464 9.0705
v 78.9353 35.5789 9.22743
v 78.6026 35.7798 9.49107
v 78.5147 36.1753 9.58522
v 78.0879 36.2757 9.49107
v 78.0753 36.7842 9.08305
v 78.7093 37.2738 9.15838
v 78 37.2173 9.20232
v 78.3766 37.5123 9.30275
v 78.3139 37.958 9.51617
v 78.3139 38.3786 9.7296
v 78.2699 38.7615 9.92419
v 78.0377 39.0063 9.92419
v 78.3829 39.2762 9.93674
v 78.7093 39.5273 9.93047
v 78.6528 39.9416 10.0937
v 78.9541 40.1801 10.0811
v 78.8411 40.4626 10.1878
v 78.9604 40.9836 10.2129
v 78.6842 40.7702 10.2443
v 78.4268 41.0212 10.1062
v 78.6779 41.6866 10.6712
v 79.2554 41.6615 10.5833
v 79.5002 41.4041 10.7779
v 78.9604 41.9063 10.577
v 79.5567 41.8938 10.5707
v 78.8411 42.2453 10.5958
v 78.6277 42.5843 9.9493
v 78.9165 42.8102 9.93674
v 79.268 43.0802 10.0121
v 79.7764 42.9672 9.89908
v 80.015 43.6639 10.2569
v 80.2535 43.846 10.0937
v 80.4041 43.4568 9.9493
v 80.7117 43.6953 9.92419
v 81.0758 43.9778 10.0183
v 81.8542 44.1535 10.0623
v 82.1429 44.8064 10.3071
v 82.3563 44.9696 10.0686
v 82.7957 44.8817 10.1
v 83.097 45.1202 10.1251
v 83.5553 45.0072 10.5707
v 83.9507 45.3085 10.7591
v 84.1893 45.0386 10.7716
v 84.2458 44.6557 10.5582
v 84.4278 44.4235 10.4515
v 85.1308 44.5113 10.4264
v 85.3003 44.2226 10.4075
v 85.52 44.3921 10.2067
v 85.8464 44.6432 10.2443
v 86.0536 44.3921 10.3573
v 86.3361 44.6055 10.2945
v 85.52 44.8126 10.5958
v 85.156 44.9884 10.7277
v 85.4698 45.2332 11.4935
v 84.8421 45.1202 11.1985
v 85.3192 45.4843 11.5939
v 85.9218 45.5847 11.1294
v 86.0975 45.2646 11.3177
v 86.5118 45.1642 11.0729
v 86.7378 45.7605 11.3177
v 86.8696 45.4404 11.1608
v 86.9198 45.0575 10.985
v 87.3969 45.001 10.4264
v 87.5036 45.93 11.1733
v 87.9807 46.3003 10.8595
v 87.5664 46.407 11.1482
v 88.0874 46.3819 11.8576
v 88.2129 46.9029 12.0019
v 88.1313 47.3047 11.9266
v 88.4577 47.5558 11.9768
v 88.2694 47.7755 12.0333
v 88.4389 48.3467 11.3303
v 88.1941 48.1521 12.2467
v 87.604 47.6939 11.5625
v 88.0623 47.2482 10.9976
v 87.5852 47.2545 11.1294
v 87.3279 47.4804 11.6504
v 87.127 47.7817 11.6943
v 87.0077 47.2356 11.6504
v 86.8571 47.5683 11.8073
v 86.6499 46.9532 11.5563
v 86.2482 47.0913 11.7446
v 85.9594 46.8716 11.8199
v 85.3757 46.8904 11.845
v 85.5891 47.4804 11.9266
v 84.9676 47.0034 11.9517
v 84.8233 47.3988 12.1463
v 84.7479 47.8445 11.958
v 85.156 48.1584 12.1149
v 85.1748 48.6919 12.5167
v 84.8735 48.466 12.5732
v 84.4215 48.1144 12.2405
v 84.2709 48.422 12.3911
v 83.9696 48.1898 12.3848
v 83.9068 47.7127 11.6881
v 83.3293 48.1395 12.0208
v 82.8773 47.3423 11.958
v 82.5698 47.5495 12.4162
v 82.4693 47.9701 12.7552
v 82.1743 48.2274 13.1444
v 81.7726 48.2902 13.408
v 81.4587 48.0517 13.3892
v 81.0695 48.196 13.6277
v 80.8435 48.466 13.9918
v 80.5674 48.2525 14.0797
v 80.1154 48.353 14.0734
v 80.8373 48.014 13.8349
v 80.8624 47.5872 13.3641
v 80.2912 47.5872 13.2323
v 80.5234 47.3172 13.295
v 80.128 47.0159 13.0753
v 79.971 47.3361 13.182
v 79.8455 47.6876 13.1067
v 79.3747 47.7817 13
v 78.816 47.7441 13.2511
v 78.7909 48.196 13.408
v 79.0922 48.4346 13.3829
v 78.6277 48.535 12.7489
v 78.4206 48.8802 13.1695
v 78.4645 47.9387 13.3641
v 77.7928 47.8822 12.9121
v 77.5418 48.2023 12.5292
v 77.2028 47.9387 12.5355
v 77.1463 47.8885 13.1067
v 76.6504 47.9387 13.6528
v 75.8658 48.2776 13.2385
v 76.4433 48.7296 13.7972
v 76.1043 48.9367 14.0734
v 75.9411 49.2129 14.1676
v 75.7653 49.5456 14.2115
v 76.3491 50.0039 14.8706
v 76.619 50.211 14.7513
v 76.8262 50.3742 13.816
v 76.1733 50.3428 15.0401
v 76.3742 50.9894 14.381
v 76.732 50.7822 14.9522
v 77.0459 50.5437 15.0715
v 77.2216 49.8093 14.5505
v 77.2844 50.732 14.9334
v 77.5731 50.4809 15.1028
v 76.1168 51.2216 14.2805
v 75.6335 51.3409 14.3308
v 75.4326 51.7112 14.4877
v 75.3196 52.1695 14.8267
v 75.3134 52.59 15.2912
v 75.1815 52.9416 15.6427
v 75.0121 52.8097 15.9503
v 74.8237 52.6591 16.2014
v 74.5287 52.4268 16.2265
v 74.6982 52.1067 16.057
v 74.3843 51.8619 16.0507
v 75.0686 51.9686 15.7055
v 75.3196 52.1632 15.5611
v 74.9932 51.9121 14.7764
v 74.6605 51.6485 14.7137
v 74.8363 51.2405 14.5442
v 74.353 51.4162 14.7137
v 74.1019 51.2154 14.7827
v 73.8759 51.0396 15.0087
v 73.3235 51.0333 15.0589
v 73.5997 50.8199 15.1028
v 73.1917 50.506 14.8078
v 72.9783 50.7634 14.9334
v 73.1415 51.3472 15.1405
v 72.8276 51.5983 15.1468
v 72.564 51.3911 15.197
v 72.3254 51.6799 15.4167
v 72.0744 51.4915 15.5862
v 71.817 51.2844 15.6866
v 71.6789 51.5857 15.9063
v 71.5408 51.9435 16.1511
v 71.2395 52.1318 16.17
v 70.9068 51.8745 16.126
v 70.7185 52.1632 16.1386
v 70.436 51.9435 16.1449
v 70.3042 52.226 16.5466
v 70.0531 52.0314 16.6596
v 69.8648 52.3076 16.9169
v 69.5007 52.4645 17.3187
v 69.3689 52.8474 17.7706
v 69.1053 52.6403 17.846
v 68.6784 52.6968 18.2226
v 68.4273 52.5084 18.3419
v 68.1323 52.2762 18.3607
v 67.8498 52.5273 18.6934
v 67.4732 52.7093 18.7248
v 67.0777 52.4017 18.5239
v 66.7137 52.1193 18.4486
v 66.3119 52.2636 18.3921
v 65.9792 52.4143 18.4486
v 65.6465 52.1569 18.4109
v 65.2322 52.3076 18.6808
v 64.9309 52.5649 18.9821
v 64.6736 52.3703 19.07
v 64.4037 52.703 19.4153
v 64.1024 52.4708 19.4278
v 63.8199 52.2448 19.4906
v 63.5437 52.0251 19.522
v 63.3052 52.3264 19.8295
v 62.9913 52.0816 19.8547
v 62.8093 52.4457 20.407
v 62.5958 52.8097 20.7146
v 62.2883 52.5712 20.7335
v 61.987 52.8474 20.9908
v 61.761 53.0546 21.1666
v 61.4534 52.8223 21.2042
v 61.1521 52.5838 21.2545
v 60.9575 52.8725 21.4239
v 60.6939 52.6654 21.5369
v 60.4114 52.4457 21.6123
v 60.1477 52.2385 21.7441
v 59.9218 52.5084 22.0203
v 59.7021 52.7846 22.1647
v 59.4133 52.5649 22.2274
v 59.156 52.3641 22.2714
v 59.0053 52.634 22.648
v 58.5408 52.7344 22.9932
v 58.0072 52.8097 23.3197
v 57.7185 52.5838 23.3008
v 57.0845 52.6528 23.508
v 56.7706 52.408 23.4389
v 56.2559 52.5147 23.5268
v 55.9169 52.7721 23.7402
v 55.465 52.9353 23.7591
v 54.8812 53.0232 23.9536
v 54.5485 52.7595 23.8783
v 54.1656 52.9039 24.0227
v 53.858 52.6654 24.0729
v 53.5002 52.8662 24.1608
v 53.1362 52.5775 24.0039
v 52.6528 52.6717 23.9913
v 52.3013 52.3955 23.9599
v 51.9937 52.6214 24.1922
v 51.6422 52.3515 24.1231
v 51.3158 52.0942 24.0729
v 51.027 52.2134 24.1671
v 50.7257 52.3201 24.2926
v 50.4684 52.4959 24.3805
v 50.1168 52.226 24.2926
v 49.8532 52.4896 24.3805
v 49.5268 52.2323 24.3177
v 49.2443 52.4268 24.5688
v 48.8551 52.634 24.5814
v 48.5287 52.3766 24.5625
v 47.8885 52.4582 24.6253
v 47.5118 52.747 24.776
v 47.198 52.5022 24.7885
v 46.8904 52.2636 24.7634
v 46.4447 52.3955 24.8889
v 45.9488 52.5461 24.9454
v 45.4278 52.6779 25.0584
v 44.957 52.8725 25.2154
v 44.6118 52.5963 25.1589
v 44.21 52.7909 25.3472
v 43.8585 52.5147 25.2467
v 43.6325 52.8914 25.297
v 43.2873 52.6214 25.2279
v 42.7161 52.7281 25.2656
v 42.3897 52.4708 25.1777
v 42.0381 52.2009 25.1086
v 41.6803 51.9184 25.0459
v 41.1217 52.0565 24.9643
v 40.7639 51.774 24.8638
v 40.2052 51.8242 24.8199
v 40.0797 51.2405 24.732
v 39.747 50.9768 24.6881
v 39.3766 50.6818 24.6567
v 39.0502 50.4307 24.6065
v 38.7301 50.1796 24.5563
v 38.4099 49.9348 24.5625
v 38.1086 49.69 24.5186
v 37.7822 49.4389 24.4684
v 37.437 49.169 24.437
v 37.0917 48.8991 24.3366
v 36.7277 48.6103 24.2173
v 36.2004 48.6919 24.2236
v 35.9681 49.0497 24.2487
v 35.4095 49.1753 24.3114
v 35.1207 49.5142 24.3742
v 34.8006 49.2694 24.2926
v 34.4616 48.9995 24.2738
v 34.1038 48.717 24.2047
v 33.7711 48.4597 24.1168
v 33.3757 48.1521 24.0039
v 32.8547 48.2463 23.9599
v 32.5282 48.5538 24.0855
v 32.07 48.7484 24.2298
v 31.5553 48.9179 24.3303
v 30.9966 48.9618 24.3491
v 30.7455 49.2506 24.8638
v 30.4693 49.0309 24.958
v 29.8605 49.0811 24.7948
v 29.3771 49.2757 24.8701
v 29.0319 48.9995 24.7508
v 28.6992 48.7421 24.6504
v 28.4167 49.0246 24.6504
v 28.0526 48.7359 24.5876
v 27.6697 49.0372 24.8513
v 27.0985 49.2004 24.7571
v 26.3892 50.7446 26.0314
v 26.2323 51.0961 26.1506
v 26.3704 51.6234 26.1946
v 25.8682 51.6987 26.6465
v 25.6673 52.0628 26.6842
v 25.366 52.3766 26.9667
v 25.4037 52.9102 27.4563
v 25.071 52.6465 27.4124
v 24.6127 52.8662 27.6634
v 24.2801 52.6089 27.6132
v 23.8658 52.8474 27.8392
v 23.3259 53.0106 27.8267
v 22.9556 52.7219 27.7262
v 22.5099 52.3703 27.4751
v 22.196 52.1255 27.45
v 21.8257 52.3892 27.8204
v 21.5056 52.1381 27.8455
v 21.0661 52.3452 28.1782
v 20.5828 52.4771 28.4481
v 20.2627 52.7595 28.6552
v 19.7731 52.8097 28.8498
v 19.1704 52.816 28.9063
v 18.8691 52.5838 28.8875
v 18.6369 52.4017 29.0507
v 18.3544 52.182 29.0946
v 17.8209 52.2762 29.1386
v 17.3626 52.4582 29.352
v 16.9358 52.6214 29.5968
v 16.647 52.3955 29.6282
v 16.1072 52.5336 29.9044
v 15.6113 52.6842 29.9985
v 15.2096 52.3703 29.8856
v 14.5756 52.4268 29.7224
v 14.0106 52.5084 29.7977
v 13.4582 52.634 29.8605
v 12.8682 52.747 30.0425
v 12.3723 52.9918 30.2747
v 12.0145 52.7156 30.2057
v 11.619 52.408 30.0676
v 11.0101 52.4331 29.9797
v 10.6649 52.1695 29.8856
v 10.3385 51.9121 29.8416
v 9.99324 52.1381 29.986
v 9.68566 51.8933 29.9546
v 9.31531 52.1193 30.2622
v 9.09561 52.4582 30.4882
v 8.76292 52.1946 30.4882
v 8.50555 52.452 30.7518
v 8.16659 52.1883 30.6765
v 8.07871 51.6673 30.3312
v 8.24819 51.2844 30.0802
v 8.34235 50.845 29.7224
v 8.58088 50.5374 29.465
v 8.70014 50.1294 29.1574
v 8.8759 49.6335 28.9
v 9.11444 49.2443 28.7306
v 9.40946 48.9116 28.6741
v 9.95558 48.8175 28.5987
v 10.1627 48.4283 28.4167
v 10.3636 48.0454 28.2723
v 10.4891 47.5809 27.9522
v 10.5833 47.1603 27.6823
v 11.0352 46.972 27.3684
v 11.0164 46.451 26.8349
v 11.1733 46.0932 26.5838
v 11.2926 45.7479 26.3892
v 11.732 45.5596 26.2699
v 11.8889 45.1704 26.0377
v 12.3848 45.0135 25.8745
v 12.5794 44.6055 25.7301
v 13.1318 44.4486 25.7238
v 13.4833 44.7248 25.8117
v 13.9541 44.5302 25.7238
v 14.3119 44.8064 25.8054
v 14.6634 45.0826 25.9247
v 14.971 44.7499 26.0063
v 15.3477 45.0449 26.1695
v 15.4104 45.6663 26.1569
v 15.7745 45.9488 26.2323
v 16.0256 46.156 26.8035
v 16.3771 46.4322 26.8725
v 17.0111 46.9218 26.8411
v 17.1869 47.0536 26.5398
v 17.3877 46.6393 26.4833
v 17.8146 46.972 26.6905
v 18.1222 47.2168 26.6905
v 18.8064 47.2419 26.4017
v 19.2018 47.5558 26.5084
v 19.2207 48.0705 27.0357
v 19.6098 48.3781 27.2303
v 19.9112 48.6166 27.2366
v 20.1497 48.7986 27.042
v 20.4196 49.0121 26.9165
v 20.5765 48.6292 26.816
v 20.8088 48.8049 26.6152
v 21.0975 49.0372 26.5461
v 21.0159 49.4766 26.7846
v 21.3361 49.7277 26.7972
v 21.8069 49.5896 26.7784
v 21.9512 49.1564 26.7784
v 22.4911 49.5833 26.5838
v 22.9807 49.4389 26.5524
v 23.2506 49.6523 26.4394
v 23.6523 49.5017 26.408
v 24.0541 49.395 26.2511
v 24.4056 49.6649 26.3452
v 24.3303 50.0352 26.5398
v 24.6316 50.2675 26.4645
v 24.9392 50.5123 26.4645
v 25.4162 50.4558 26.4331
v 25.7615 50.7257 26.4331
v 26.1444 50.55 26.1632
v 26.3766 50.2926 26.0942
v 25.5983 51.0208 26.5524
v 25.9121 51.2718 26.5838
v 26.1569 51.4602 26.4708
v 25.548 51.4476 26.6465
v 25.3911 51.8493 26.7093
v 25.0584 52.1318 26.973
v 24.7697 52.4143 27.4312
v 24.4244 52.1444 27.381
v 24.0101 52.3955 27.7199
v 23.5142 52.5712 27.745
v 23.1376 52.2762 27.6509
v 22.7108 51.9435 27.3747
v 22.3969 51.6987 27.337
v 22.0517 51.4288 27.2492
v 21.901 51.8996 27.5379
v 21.5746 51.6359 27.5567
v 21.1854 51.8933 27.8329
v 20.7523 52.1004 28.1468
v 20.2627 52.226 28.4355
v 19.93 52.4959 28.6427
v 19.4278 52.5461 28.7933
v 19.1265 52.3076 28.7871
v 18.844 52.0879 28.8687
v 18.5616 51.8682 28.9628
v 18.0092 51.9121 29.0444
v 17.5384 52.0565 29.2265
v 17.0425 52.2071 29.3959
v 16.7349 51.9686 29.4148
v 16.3394 52.1506 29.6408
v 15.7871 52.2825 29.8416
v 15.4293 52 29.7349
v 14.7953 52.0502 29.6596
v 14.1801 52.1193 29.5152
v 13.6152 52.1946 29.6219
v 13.1067 52.3578 29.8353
v 12.5606 52.5084 30.0299
v 12.2028 52.226 29.9672
v 11.8262 51.9372 29.8793
v 11.1859 52.069 29.7349
v 10.8344 51.7928 29.6847
v 10.4766 51.5104 29.6408
v 9.99324 51.6422 29.7788
v 9.648 51.3723 29.6784
v 9.35297 51.6359 29.8981
v 8.95751 51.8431 30.2245
v 8.44906 51.9561 30.4568
v 8.61226 51.5669 30.1618
v 8.69387 51.1149 29.804
v 8.95123 50.8262 29.5717
v 9.02028 50.3805 29.1951
v 9.20859 49.8909 28.8875
v 9.44085 49.4954 28.7243
v 9.73588 49.169 28.718
v 10.2694 49.0623 28.6113
v 10.4891 48.6794 28.4544
v 10.6963 48.309 28.3163
v 10.8281 47.8445 27.9961
v 10.9474 47.4491 27.7262
v 11.3617 47.2294 27.3873
v 11.6065 46.9092 26.8035
v 11.2863 46.6581 26.7721
v 11.4935 46.3443 26.5901
v 11.6379 46.0179 26.4017
v 12.0459 45.8044 26.2574
v 12.2216 45.4341 26.0502
v 12.705 45.2646 25.8996
v 12.9184 44.8754 25.7677
v 13.2385 45.1265 25.8368
v 13.6026 45.409 25.887
v 13.8662 45.0261 25.9247
v 14.2178 45.3023 25.9812
v 14.5756 45.5785 26.0753
v 15.0338 45.3713 26.069
v 14.9396 45.8672 26.182
v 15.2786 46.1309 26.2071
v 15.5987 46.3819 26.9165
v 15.7117 47.0599 27.1111
v 16.3394 46.9657 27.2303
v 16.5843 47.1603 27.1048
v 16.7851 46.7523 27.042
v 16.8667 47.38 27.0295
v 17.2496 47.675 27.1236
v 17.6388 47.4114 26.8474
v 18.0154 47.7001 27.0169
v 18.5051 47.5181 26.8349
v 18.8817 47.8069 26.9604
v 18.6997 48.24 27.1801
v 19.0951 48.5476 27.3308
v 19.4655 48.8363 27.4249
v 19.7856 49.0874 27.3935
v 19.9928 49.2506 27.1738
v 20.2313 49.4326 26.9604
v 20.6958 49.2318 26.7909
v 20.5075 49.6523 26.8914
v 20.8276 49.9034 26.929
v 21.1729 50.1733 27.0106
v 21.6876 50.0039 26.8788
v 22.1144 49.8281 26.6905
v 22.3718 50.029 26.5838
v 22.7924 49.8155 26.634
v 23.1376 50.0792 26.6026
v 23.6461 49.9599 26.6591
v 24.0227 49.7904 26.5524
v 24.0039 50.2424 26.7784
v 24.3114 50.4809 26.7972
v 24.619 50.7257 26.747
v 24.8952 50.9392 26.6403
v 25.2781 50.7759 26.5461
v 25.2216 51.1965 26.6403
v 25.0961 51.6171 26.7156
v 24.6943 51.8493 26.9227
v 24.4746 51.6736 27.1111
v 24.1608 51.9372 27.4814
v 23.6712 52.1255 27.607
v 23.282 51.8242 27.4626
v 22.8489 51.4853 27.2178
v 22.5036 51.2154 27.155
v 22.1521 50.9392 27.0985
v 21.7315 51.1777 27.2429
v 21.2733 51.4037 27.5002
v 20.8716 51.6485 27.8518
v 20.4322 51.8493 28.1154
v 19.9237 51.9561 28.3728
v 19.5847 52.226 28.5925
v 19.2646 51.9749 28.5925
v 18.9445 51.7238 28.649
v 18.731 51.5606 28.8373
v 18.2665 51.6359 29.0005
v 17.7895 51.7426 29.2202
v 17.1869 51.7866 29.1762
v 16.8918 51.548 29.1511
v 16.4085 51.7112 29.4022
v 16.013 51.8996 29.6156
v 15.6552 51.6171 29.534
v 15.0464 51.705 29.5529
v 14.4061 51.7426 29.465
v 13.8286 51.8431 29.5089
v 13.3264 51.9686 29.6659
v 12.8054 52.1255 29.9044
v 12.4915 51.8745 29.8542
v 12.1463 51.6045 29.7788
v 11.7822 51.3221 29.6533
v 11.4433 51.6359 29.7098
v 11.0227 51.3095 29.5403
v 10.6586 51.027 29.4022
v 10.1251 51.2405 29.5529
v 9.73588 50.9392 29.4524
v 9.29647 51.0961 29.6345
v 9.02656 51.3786 29.8542
v 9.40319 50.6755 29.4022
v 9.51617 50.1294 28.9189
v 9.79237 49.7653 28.7619
v 10.0686 49.4264 28.7682
v 10.577 49.3071 28.605
v 10.7653 48.8991 28.4481
v 10.9976 48.5413 28.2849
v 11.1608 48.1082 27.9899
v 11.2361 47.675 27.7199
v 11.663 47.4616 27.3747
v 11.9203 47.154 26.8035
v 11.8387 46.6142 26.6591
v 11.9517 46.2627 26.4268
v 12.3409 46.0304 26.2699
v 12.5292 45.6726 26.0251
v 13.0188 45.5031 25.9058
v 13.3515 45.7668 25.9058
v 13.9353 45.6663 25.9498
v 14.3056 45.9614 26.1444
v 14.6634 46.2376 26.2134
v 15.2661 46.7146 26.8098
v 15.4606 47.4239 27.0357
v 16.1009 47.3675 27.2178
v 16.4399 47.6311 27.2554
v 16.76 47.8822 27.3056
v 17.1492 48.1835 27.4249
v 17.6451 47.9826 27.2492
v 17.9841 48.2525 27.3496
v 18.3544 47.9701 27.0859
v 18.3481 48.535 27.4186
v 18.7185 48.8238 27.5253
v 19.0386 49.0748 27.5944
v 19.3337 49.3008 27.563
v 19.6287 49.5331 27.4877
v 19.8735 49.7214 27.4124
v 20.1057 49.9034 27.1864
v 20.4322 50.1608 27.1362
v 20.7711 50.4244 27.224
v 21.0975 50.6818 27.2366
v 21.5056 50.4307 27.0546
v 22.0266 50.2675 26.9227
v 22.3341 50.506 26.9478
v 22.6919 50.2801 26.5838
v 23.0121 50.5311 26.5336
v 23.5268 50.3868 26.7533
v 23.9474 50.7195 27.0106
v 24.2612 50.9643 26.973
v 24.5311 51.1777 26.8662
v 24.7697 51.3597 26.7344
v 24.2298 51.4853 27.1927
v 23.8532 51.6987 27.5253
v 23.4891 51.4162 27.4689
v 22.9995 51.0333 27.0797
v 22.6292 50.7446 26.9227
v 21.8006 50.663 27.0546
v 21.4428 50.9517 27.2554
v 20.9469 51.1526 27.4814
v 20.5263 51.3786 27.8204
v 20.1371 51.6171 28.1719
v 19.6287 51.7301 28.3665
v 19.3148 51.4853 28.3665
v 19.001 51.2405 28.3853
v 18.7122 51.0145 28.423
v 18.4988 51.3786 28.9565
v 17.9778 50.9705 29.2202
v 18.0531 51.4664 29.2453
v 17.7706 51.2467 29.3771
v 17.0111 51.1337 28.9189
v 16.5968 51.3221 29.1637
v 16.057 51.4351 29.3897
v 15.7368 51.1902 29.3332
v 15.2849 51.3283 29.3959
v 14.6446 51.3911 29.3269
v 14.0797 51.4915 29.4462
v 13.816 51.2781 29.4964
v 13.5398 51.6234 29.578
v 13.2385 51.3786 29.6094
v 13.0565 51.7615 29.7475
v 12.7552 51.5229 29.7788
v 12.3911 51.2405 29.7098
v 12.0082 50.9454 29.5591
v 11.393 51.0208 29.4587
v 11.0415 50.7446 29.3897
v 10.6837 50.4621 29.3081
v 10.3197 50.7571 29.2892
v 9.93674 50.4621 29.1511
v 10.1439 50.0478 28.8247
v 10.3824 49.6712 28.7745
v 10.9097 49.5645 28.5674
v 11.0604 49.1313 28.3916
v 11.2863 48.7673 28.197
v 11.4809 48.3592 27.9647
v 11.5311 47.901 27.7137
v 11.9894 47.719 27.3245
v 12.3597 47.4993 27.0734
v 12.6045 47.2105 26.9541
v 12.1714 46.8716 26.6968
v 12.2907 46.5263 26.452
v 12.6736 46.2878 26.295
v 12.8745 45.9425 26.069
v 13.2699 46.2501 26.2574
v 13.7784 46.0995 26.1381
v 14.1487 46.3882 26.2197
v 14.5505 46.7021 26.4143
v 15.1154 47.154 26.9855
v 14.858 47.4993 27.0734
v 15.4606 47.9701 27.6697
v 15.9377 47.7943 27.3998
v 16.2767 48.0579 27.4877
v 16.6408 48.3467 27.607
v 16.9483 48.5789 27.5944
v 17.507 48.466 27.5316
v 17.8334 48.717 27.6132
v 18.1661 48.9807 27.6321
v 18.4988 49.2443 27.6886
v 18.8126 49.4891 27.7325
v 19.1453 49.7465 27.6823
v 19.4529 49.9787 27.6383
v 19.7417 50.2047 27.6195
v 19.9865 50.3993 27.3935
v 20.3129 50.6504 27.4249
v 20.6205 50.8952 27.4751
v 20.1497 51.0835 27.7011
v 19.7731 51.3346 28.0715
v 19.4529 51.0898 28.0715
v 19.1328 50.845 28.1028
v 18.844 50.6127 28.1719
v 18.5365 50.3742 28.197
v 18.323 50.7132 29.0507
v 17.6074 50.6818 29.057
v 17.2559 50.845 28.9314
v 16.8981 50.5625 28.7933
v 16.6721 50.8701 28.8875
v 16.2516 51.0521 29.1135
v 15.9126 50.7885 29.0256
v 15.3853 50.914 29.1951
v 14.8329 50.9768 29.1135
v 14.3245 51.14 29.3332
v 14.0106 50.8952 29.3583
v 13.4896 51.0333 29.4713
v 12.8745 51.0961 29.5717
v 12.5355 50.8387 29.4713
v 12.1965 50.5688 29.3457
v 11.6316 50.6441 29.4524
v 11.2487 50.3491 29.352
v 10.916 50.0855 29.2641
v 11.4935 50.0164 29.2013
v 11.6567 49.5958 28.9691
v 12.0521 49.9097 29.17
v 12.2216 49.4954 28.9503
v 11.9266 49.2632 28.9628
v 12.5857 49.7779 29.057
v 12.7489 49.351 28.6678
v 13.1318 49.6461 28.8184
v 13.1381 49.1564 28.4042
v 12.6485 48.7735 28.1154
v 13.1444 48.6229 27.8204
v 12.7552 48.3216 27.6948
v 12.1526 48.3844 27.7074
v 12.0961 48.8426 27.9334
v 11.776 48.5915 27.9271
v 11.7948 49.169 27.9961
v 11.55 48.9744 28.128
v 11.8262 48.1333 27.6258
v 12.3409 47.9952 27.4124
v 12.818 47.8571 27.3559
v 13.0502 47.562 27.2805
v 13.1695 47.2168 26.973
v 12.7112 46.8527 26.6089
v 13.1193 46.6456 26.5775
v 13.634 46.5389 26.3892
v 13.9792 46.8025 26.4457
v 14.5002 47.2168 26.929
v 14.3747 47.6248 27.2303
v 14.9522 48.0705 27.8329
v 14.3935 48.1709 27.563
v 14.9271 48.5852 28.0777
v 15.3477 48.3844 27.9899
v 15.8059 48.24 27.7011
v 16.2076 48.5538 27.8831
v 16.5089 48.7924 27.8329
v 16.9609 49.1439 28.128
v 17.3689 48.9116 27.8267
v 17.7141 49.1816 27.8329
v 18.0594 49.4577 27.8894
v 18.3921 49.7151 27.9334
v 18.7059 49.9599 27.902
v 19.0261 50.211 27.9145
v 19.3148 50.437 27.8894
v 19.6036 50.6567 27.8518
v 19.8233 50.8262 27.6383
v 18.2289 50.1357 28.2096
v 18.5804 50.4056 28.9942
v 17.9213 49.8909 28.1844
v 17.6012 49.6461 28.1782
v 17.3877 49.9787 28.3916
v 17.0739 49.7339 28.3728
v 17.0237 50.2236 28.5234
v 17.7393 50.2487 29.17
v 18.0657 50.506 29.17
v 16.5466 50.2926 28.718
v 16.2892 50.5688 28.7871
v 15.9189 50.2801 28.6678
v 15.5234 50.4872 28.8749
v 14.9522 50.5751 28.9691
v 14.5002 50.7132 29.126
v 14.155 50.4495 29.0695
v 13.6779 50.6379 29.3081
v 13.1381 50.7571 29.4462
v 12.7803 50.4746 29.3206
v 12.4476 50.211 29.2704
v 11.845 50.2989 29.3332
v 12.9498 50.0666 29.1449
v 13.4645 49.9097 28.9
v 13.5649 49.4891 28.6615
v 13.6214 48.9932 28.2033
v 13.6403 48.4973 27.745
v 13.2574 48.196 27.5693
v 13.452 47.8696 27.5065
v 13.5963 47.5432 27.1927
v 13.521 46.9532 26.8411
v 13.973 47.311 27.0859
v 14.0232 47.8822 27.3873
v 13.8725 48.2023 27.7074
v 14.2743 48.5162 27.8643
v 14.7011 48.8489 28.0966
v 15.2661 48.8489 28.0903
v 15.6992 48.6543 28.0275
v 16.0256 48.9116 28.0966
v 16.4336 49.2318 28.2849
v 16.7977 49.5205 28.4104
v 17.2622 49.3824 28.1154
v 16.6784 49.9536 28.4418
v 16.1637 49.9913 28.5234
v 15.5485 49.985 28.4983
v 15.1531 50.1922 28.7996
v 14.6321 50.324 28.9126
v 14.2931 50.0604 28.831
v 13.8349 50.1985 29.0193
v 13.3139 50.3554 29.2265
v 13.9227 49.7716 28.7619
v 14.0169 49.3071 28.4481
v 14.0797 48.8363 28.0087
v 14.4877 49.1564 28.2033
v 15.0777 49.1439 28.2221
v 15.5736 49.0937 28.1593
v 15.9942 49.4201 28.3853
v 16.3269 49.6837 28.3351
v 15.8059 49.7151 28.4355
v 15.1907 49.7088 28.4042
v 14.7639 49.8909 28.6239
v 14.4061 49.6084 28.5548
v 14.8392 49.4389 28.2912
v 15.4795 49.4577 28.4167
v 23.4829 50.9015 26.9478
v 23.9034 51.2342 27.1927
v 26.7972 48.9618 24.7571
v 26.4457 48.6919 24.7383
v 26.1004 48.422 24.6379
v 26.0439 48.9807 25.14
v 26.2699 47.9449 24.5625
v 25.8933 47.6499 24.3742
v 25.3848 47.2482 24.6316
v 24.5939 47.2419 24.1106
v 25.1275 47.0473 24.7822
v 25.5167 46.7523 24.4809
v 24.619 47.2607 24.9078
v 26.3955 47.4365 24.2926
v 26.6152 47.1101 24.2926
v 26.9918 46.8402 24.0039
v 27.1487 46.4322 23.8469
v 26.8098 46.1685 23.803
v 26.7533 45.6412 23.2506
v 27.1738 45.9676 23.4954
v 27.3308 45.6098 23.3259
v 26.8914 45.2646 23.0999
v 26.3264 45.3085 22.9807
v 26.4771 44.9445 22.8677
v 26.6905 44.5427 22.761
v 26.3327 44.2603 22.648
v 26.4645 43.8083 22.4408
v 26.3892 43.1869 22.2149
v 26.5649 42.8165 22.0956
v 26.2134 42.5403 21.9889
v 25.774 42.1951 21.8194
v 25.3911 41.9 21.6813
v 25.0396 41.6238 21.5432
v 24.5374 41.7368 21.562
v 24.1231 41.4104 21.3926
v 23.7402 41.1154 21.267
v 23.3699 40.8267 21.1729
v 23.0372 41.128 21.1164
v 22.4785 41.2472 21.154
v 21.8822 41.3477 21.1289
v 21.6436 41.1593 21.2733
v 21.8508 40.7513 21.1101
v 21.6436 40.5881 21.4051
v 20.8716 40.5567 20.9281
v 20.4949 40.2617 20.7774
v 20.1497 39.9918 20.7523
v 19.8107 39.7281 20.677
v 19.6475 40.0797 20.8464
v 19.3964 39.8851 20.9532
v 19.0951 39.6465 20.9971
v 18.6494 39.7784 21.198
v 18.6181 39.2762 20.6519
v 18.7813 38.9184 20.5765
v 19.001 38.5229 20.4322
v 19.1077 38.0521 20.1936
v 19.3776 37.7006 20.0367
v 19.6036 37.3679 19.9928
v 19.8547 36.9913 19.9174
v 19.8107 36.4075 19.817
v 20.3129 36.2506 19.8295
v 20.6644 36.0372 20.1057
v 21.2356 35.9116 20.112
v 21.3863 35.4722 19.9112
v 21.5746 35.0642 19.6726
v 21.6123 34.5872 19.4215
v 21.788 34.1666 19.3337
v 22.0328 33.8151 19.2081
v 22.3655 33.5389 18.9005
v 22.4911 33.156 18.7185
v 22.7735 32.7919 18.4611
v 22.4095 32.5031 18.3419
v 22.0077 32.1893 18.1975
v 21.5809 31.8566 17.9903
v 21.1854 31.549 17.846
v 21.1791 30.959 17.5698
v 21.154 30.4254 17.4128
v 21.5683 30.3312 16.6972
v 21.8006 30.0425 16.5278
v 21.675 29.5654 16.3081
v 21.6374 29.1888 16.1637
v 21.5683 28.7933 16.0068
v 21.6311 28.3728 15.8373
v 21.7315 27.9836 15.7808
v 22.1333 27.8141 15.7243
v 22.1647 27.3998 15.5987
v 22.5789 27.1801 15.5674
v 22.9744 26.973 15.4732
v 23.2945 26.6968 15.3037
v 23.5519 26.3892 15.1782
v 23.8658 26.069 15.0903
v 24.142 25.7929 14.9773
v 24.4182 25.5543 14.9334
v 24.6441 25.3346 14.789
v 24.914 25.0961 14.7513
v 25.1651 24.845 14.5693
v 25.4727 24.6567 14.5944
v 25.5167 25.1212 14.6383
v 25.2718 25.3786 14.8267
v 25.4099 25.9372 15.0589
v 25.8117 26.2511 15.1531
v 25.8619 26.6842 15.3477
v 25.5606 26.9039 15.3539
v 25.3535 27.2366 15.5297
v 25.6987 27.5065 15.6301
v 25.3095 27.7702 15.6803
v 25.2216 28.2096 15.9314
v 24.8324 28.423 16.0884
v 24.4872 28.6741 16.2453
v 24.1106 28.9252 16.283
v 23.621 28.9754 16.2516
v 23.6147 29.4524 16.3081
v 23.0937 29.5215 16.3457
v 23.0999 29.9985 16.5843
v 23.1564 30.3877 16.7286
v 22.7924 30.4442 16.6847
v 22.8677 30.8836 16.7726
v 22.4722 31.0406 17.3815
v 22.3279 31.3419 17.8585
v 22.2902 31.8315 17.9025
v 22.7108 31.6432 17.9778
v 22.6668 32.1202 18.0845
v 22.8489 33.4322 18.8754
v 23.1941 33.7021 18.9319
v 23.5268 33.9657 18.9821
v 23.8846 34.2482 19.0826
v 23.8658 34.7127 19.3399
v 23.8281 35.2211 19.6977
v 23.6021 35.5852 19.8547
v 23.4452 36.0246 19.9865
v 23.8155 36.3134 20.0744
v 23.7402 36.7591 20.2376
v 24.1294 37.0666 20.4133
v 23.9097 37.4433 20.5703
v 24.2926 37.7446 20.7146
v 24.6253 38.0082 20.7774
v 24.4495 38.4288 20.8967
v 24.776 38.6799 20.9343
v 25.1651 38.9874 21.0661
v 25.5355 39.2762 21.154
v 25.8745 39.5398 21.2607
v 26.2134 39.8098 21.3298
v 26.5775 40.0922 21.4177
v 26.8976 40.3433 21.5181
v 27.5065 40.2617 21.4867
v 28.1028 40.1801 21.4553
v 28.4858 39.973 21.3423
v 28.8373 40.2492 21.4114
v 29.4022 40.1236 21.4365
v 30.1241 40.1487 21.6939
v 30.3375 39.7784 21.7566
v 30.6074 39.9918 21.6185
v 30.7267 39.6026 21.606
v 31.141 39.3452 21.5369
v 31.5427 39.0753 21.562
v 31.6118 38.6108 21.5056
v 31.9947 38.4978 21.5495
v 31.9633 38.0019 21.5307
v 31.9445 37.6127 21.4365
v 31.9005 37.2298 21.3423
v 31.9068 36.8909 21.3047
v 31.9507 36.4577 21.2231
v 32.1579 36.1502 21.198
v 32.1956 35.6919 21.1666
v 32.3713 35.3906 21.2168
v 32.3839 34.8571 21.1603
v 32.7542 34.6248 20.9594
v 33.0618 34.8696 20.9594
v 33.3568 35.1019 20.9155
v 33.6519 35.3341 20.9155
v 34.0097 35.6103 20.9657
v 34.4428 35.4283 20.9029
v 34.9763 35.3404 20.7962
v 35.2463 34.9826 20.6707
v 35.5664 34.7441 20.5828
v 35.9116 35.014 20.6205
v 36.2443 35.2776 20.6707
v 36.5582 35.5224 20.6895
v 36.8281 35.2651 20.5765
v 37.1106 35.0956 20.5765
v 37.4307 34.8947 20.6456
v 37.7508 35.1521 20.7021
v 37.4621 35.3718 20.6707
v 37.4998 35.7924 20.6707
v 37.7948 36.0309 20.6832
v 37.5186 36.2757 20.7586
v 37.8764 36.5519 20.8088
v 38.1526 36.3071 20.7586
v 38.2091 35.9556 21.5432
v 38.5418 36.2129 21.6311
v 38.5292 35.7547 21.7315
v 38.1714 35.4785 21.6625
v 38.9749 35.2149 22.0579
v 38.4539 34.8069 21.5432
v 38.1526 35.014 21.5432
v 38.4664 34.4365 21.5056
v 39.0565 34.8947 22.1709
v 39.3013 35.0893 22.0203
v 39.6779 34.8696 22.014
v 39.6905 34.3486 21.9324
v 39.9227 34.5307 21.7566
v 39.5649 33.746 21.3486
v 40.0985 34.1603 21.8508
v 40.0169 33.6142 21.6123
v 39.7093 33.3757 21.6311
v 39.2197 33.4761 21.3047
v 39.0314 33.8276 21.1038
v 38.7238 34.1289 21.311
v 38.887 33.2125 21.3235
v 38.8933 32.7354 21.9198
v 38.818 32.1328 22.3718
v 38.4915 31.8754 22.3216
v 38.5983 31.4611 22.3028
v 38.7866 31.1284 22.2086
v 38.774 30.7141 22.0705
v 38.4288 30.4442 21.9763
v 38.3974 29.9609 21.8445
v 38.0521 29.691 21.7566
v 38.0647 29.2202 21.5495
v 37.7006 28.9314 21.4365
v 38.071 28.7619 21.3612
v 38.1714 28.4544 20.9971
v 38.1526 27.9522 21.0787
v 37.7697 27.6509 20.8653
v 37.9894 27.381 20.746
v 37.619 27.0922 20.633
v 37.142 27.6446 20.1497
v 36.803 27.381 20.1622
v 37.142 27.1613 20.1183
v 37.0855 26.6779 20.2187
v 37.3617 26.4708 20.2627
v 37.5876 26.2636 20.1309
v 37.732 25.9435 20.0053
v 37.9831 25.7112 19.886
v 38.0145 25.2718 19.5157
v 38.2342 25.0459 19.3588
v 38.2656 24.6002 18.731
v 37.9643 24.3617 18.8064
v 37.619 24.0917 18.8064
v 37.2549 23.8093 18.6997
v 36.9474 23.5707 18.7122
v 36.6272 23.3134 18.7059
v 36.8218 22.9744 18.4737
v 36.4891 22.7108 18.4423
v 36.1439 22.4471 18.4109
v 35.7986 22.1772 18.4109
v 35.4973 21.9387 18.4046
v 35.1647 21.6813 18.367
v 35.3027 21.3361 18.0908
v 35.4157 21.0034 17.9527
v 35.6103 20.6142 17.8271
v 35.8049 20.2438 17.6702
v 35.4722 19.9865 17.7016
v 35.6919 19.6663 17.6514
v 36.1502 19.591 17.5133
v 36.2443 19.183 17.4066
v 36.351 18.7938 17.1178
v 36.4201 18.3732 16.9295
v 36.5393 18.0719 16.7349
v 36.8344 17.8334 16.3269
v 36.8281 17.3626 15.9628
v 37.1294 17.1241 15.718
v 37.1106 16.6784 15.5171
v 37.3868 16.3959 15.1531
v 37.6692 16.1449 14.7262
v 37.9329 15.8938 14.4124
v 38.1589 15.6678 14.0734
v 38.4664 15.9 14.0734
v 38.7803 16.1511 14.0169
v 39.0942 16.3897 14.042
v 39.3829 16.17 13.7156
v 39.6842 15.9628 13.5336
v 40.0295 16.2327 13.5336
v 40.3684 16.4964 13.5587
v 40.7388 16.7851 13.6528
v 41.1217 17.0802 13.7846
v 41.5548 16.9734 13.6842
v 41.9816 16.9358 13.5712
v 42.3206 17.1931 13.6654
v 42.6721 17.4693 13.703
v 43.0048 17.7267 13.7658
v 43.3187 17.9715 13.7658
v 43.7079 18.2791 13.8349
v 44.0468 18.5427 13.8725
v 44.3607 18.7875 13.8851
v 44.6432 18.5239 13.4582
v 45.0261 18.323 13.0377
v 45.3337 18.5616 13.0439
v 45.6412 18.3544 12.5732
v 45.9676 18.1912 12.1965
v 46.2125 17.8648 11.6316
v 46.2501 17.394 11.098
v 46.2376 16.8856 10.6272
v 46.156 16.3959 10.1313
v 46.2501 16.0005 9.74215
v 45.8044 15.6552 9.44085
v 45.409 15.3477 9.34669
v 45.1265 15.1217 9.39691
v 44.8817 14.9396 9.51617
v 44.8252 14.4375 8.97006
v 44.5239 14.2052 9.03911
v 44.1912 13.9479 9.07677
v 44.2289 13.5524 8.7127
v 43.9338 13.3264 8.74408
v 43.6074 13.069 8.75664
v 43.2622 12.7991 8.7127
v 43.2622 12.4351 8.29213
v 43.168 11.9141 7.87784
v 42.8291 11.6441 7.86528
v 42.8416 11.2361 7.50121
v 42.534 10.9976 7.49493
v 42.2013 10.7402 7.46354
v 41.8687 10.4829 7.43216
v 41.5234 10.2129 7.36939
v 41.1844 9.9493 7.35683
v 40.8141 9.66055 7.26267
v 40.4249 9.35925 7.12458
v 40.8455 9.27764 7.05553
v 41.1531 9.09561 6.82955
v 41.423 8.81313 6.46548
v 41.5987 8.46789 5.88798
v 41.9252 8.21053 5.54273
v 41.8373 7.71463 5.28537
v 42.1762 7.51376 4.99662
v 42.1951 7.07436 4.73926
v 42.4022 6.817 4.25591
v 42.6282 6.61613 3.96089
v 43.0048 6.91115 4.03621
v 43.325 6.68518 3.37084
v 43.5133 6.38387 3.07581
v 43.9464 6.28971 2.72429
v 44.3481 6.60357 2.87494
v 44.4297 7.09947 2.98165
v 44.5741 7.65186 3.21391
v 44.8629 7.87784 3.08836
v 44.5553 8.11009 3.97972
v 44.3481 7.48237 3.4085
v 44.2916 7.90922 4.03621
v 44.367 8.33607 4.26219
v 44.9005 8.38001 3.96717
v 44.7185 8.61226 4.30613
v 45.0449 8.86963 4.30613
v 45.2772 8.67504 4.02994
v 45.3713 9.12071 4.31869
v 45.6977 9.3718 4.31869
v 46.0241 9.62289 4.36263
v 46.3568 9.88653 4.40029
v 46.6832 9.76098 4.30613
v 47.0222 10.0246 4.29358
v 47.3675 9.81748 3.62192
v 47.3675 10.2945 4.35635
v 47.3988 10.69 4.52583
v 47.4804 11.1796 4.91502
v 47.4491 11.6065 5.14099
v 47.7755 11.8638 5.1661
v 47.719 12.2781 5.33559
v 48.0579 12.5418 5.34186
v 48.4095 12.8117 5.42347
v 48.7735 13.0942 5.59295
v 49.1753 13.408 5.70594
v 49.577 13.7219 5.84404
v 50.0164 14.0608 6.12651
v 50.7508 14.1676 6.07629
v 50.4621 14.4061 6.36504
v 50.8952 14.745 6.60357
v 51.2781 15.0401 6.79189
v 51.7112 15.3728 6.99903
v 52.069 15.6552 7.11202
v 52.4143 15.9189 7.24384
v 53.2554 16.1072 7.31917
v 53.2303 15.6364 6.95509
v 53.5881 15.9126 7.0367
v 54.1468 15.9252 6.73539
v 54.5297 15.8498 6.70401
v 54.8561 16.1009 6.70401
v 55.3834 16.0319 6.41526
v 55.7035 16.283 6.44037
v 55.9358 16.013 6.28344
v 56.2747 16.2767 6.27716
v 56.6953 16.17 6.03863
v 57.0594 16.0381 5.71222
v 56.0801 16.5717 6.51569
v 56.0362 17.0111 7.21246
v 56.0927 17.4317 7.40077
v 56.1618 17.9087 7.84017
v 56.5384 18.1975 7.92805
v 56.8773 18.4611 7.95316
v 56.8773 18.9194 8.29841
v 56.8899 19.3901 8.66876
v 57.0343 19.9363 9.09561
v 57.3607 20.1873 9.13327
v 57.4046 20.7335 9.54128
v 57.7122 20.972 9.49734
v 58.0449 21.2356 9.52245
v 58.4278 21.5307 9.62916
v 58.7982 21.3047 9.5099
v 59.2376 21.6436 9.76726
v 59.9155 22.1709 9.84259
v 60.2294 21.9826 9.76726
v 60.6625 21.8571 9.65427
v 61.0642 21.7127 9.48479
v 61.3027 21.4742 9.12071
v 61.6229 21.3423 8.94495
v 62.0811 21.2231 8.55577
v 62.577 21.1603 8.3549
v 63.0604 21.1038 8.05987
v 63.4056 20.9594 7.77112
v 63.324 21.311 7.98455
v 63.6253 21.5432 7.95944
v 63.9329 21.7817 7.94061
v 64.2593 22.0328 7.97827
v 64.5857 22.2902 7.94061
v 64.9184 22.5476 7.94688
v 65.226 22.7861 7.94061
v 65.5273 23.0183 7.87784
v 65.8851 22.8802 7.65814
v 66.1927 23.1125 7.58909
v 66.4877 23.3448 7.56398
v 66.8078 23.5896 7.51376
v 66.7199 23.9474 7.75229
v 66.6258 24.2989 8.0536
v 66.4124 24.5814 8.24819
v 66.4877 25.1212 8.47417
v 66.8266 25.3786 8.53066
v 66.2052 25.2718 8.64365
v 65.8851 25.4476 8.92612
v 65.5524 25.6485 9.13955
v 65.7784 25.8242 9.66683
v 65.4833 26.0565 9.99324
v 65.5336 26.5273 10.351
v 65.8474 26.7721 10.3448
v 66.1738 27.0232 10.3448
v 66.5128 27.2931 10.395
v 66.7827 27.5002 10.3008
v 67.0275 27.6948 10.1502
v 67.266 27.8769 9.98068
v 67.4983 28.0589 9.8112
v 67.492 28.5674 10.056
v 67.6992 28.7306 9.79865
v 67.9252 28.9 9.57895
v 68.3143 29.2076 9.77354
v 68.6784 29.4901 9.87397
v 69.3312 29.4775 9.61033
v 69.9778 29.5529 9.49107
v 70.323 29.8165 9.52873
v 70.6055 29.5717 9.21487
v 70.9947 29.4148 8.98262
v 71.2897 29.647 8.9324
v 71.5659 29.8605 8.86335
v 71.5471 30.3061 9.16465
v 71.8421 30.5321 9.12071
v 72.1999 30.8083 9.13955
v 72.4698 31.0217 9.07677
v 72.7648 31.2477 9.05167
v 73.041 31.4611 8.92612
v 73.3361 31.6934 8.9324
v 73.6311 31.9194 8.91984
v 73.9952 31.7436 8.59971
v 74.2463 31.5176 8.29841
v 74.5538 31.3795 8.10381
v 74.8489 31.6055 8.08498
v 74.874 32.001 8.24819
v 74.8614 32.4215 8.49927
v 74.8614 32.8735 8.76292
v 74.8426 33.3254 9.03283
v 74.8426 33.7586 9.25253
v 75.1439 33.9908 9.19604
v 75.1251 34.493 9.52245
v 75.3824 34.6939 9.42829
v 75.6586 34.9073 9.3718
v 75.9913 35.1709 9.37808
v 75.9285 35.6041 9.41574
v 75.7779 35.987 9.49107
v 76.0352 36.1816 9.30903
v 76.3052 36.395 9.1521
v 76.5751 36.6084 9.10188
v 76.8827 36.8469 9.06422
v 77.3158 36.6837 9.05167
v 77.7175 36.508 8.95123
v 78.1004 35.8551 8.59971
v 77.6422 36.9411 9.0705
v 77.6045 37.4056 9.32786
v 77.9498 37.6755 9.42202
v 77.9372 38.0898 9.60406
v 77.9058 38.479 9.79865
v 77.6924 38.7426 9.84259
v 77.4225 38.9874 10.0183
v 77.8117 39.2887 10.2694
v 78.1255 39.5336 10.2506
v 78.4017 39.747 10.1753
v 78.4959 40.1864 10.1502
v 78.3641 40.5191 10.2255
v 78.182 40.8329 10.2757
v 77.9498 41.1217 10.3448
v 78.2009 41.3163 10.238
v 78.0502 41.6301 10.2067
v 78.5524 42.0193 10.6523
v 78.4457 42.4462 10.2569
v 78.2071 42.76 10.3322
v 78.6465 43.099 10.6272
v 78.929 43.3187 10.4891
v 79.7262 42.9232 10.4954
v 78.5273 43.5258 10.7026
v 78.9855 43.8836 11.0604
v 79.2178 44.0657 10.9348
v 79.4375 43.7079 10.9725
v 79.7262 43.9338 10.9285
v 80.0589 44.1975 10.2255
v 80.2912 44.3795 10.0937
v 80.5109 44.0468 9.95558
v 80.8247 44.2854 9.93047
v 81.1637 44.549 10.0309
v 81.5717 44.3607 10.4389
v 81.6345 44.9194 10.4452
v 81.9672 45.1767 10.5331
v 82.6137 44.7436 10.464
v 81.7161 44.9759 11.3742
v 82.0362 45.2332 11.4244
v 82.5635 45.1265 11.324
v 82.3501 45.4717 11.4558
v 82.7957 45.3085 11.1294
v 82.9652 45.4466 10.8281
v 83.3481 45.7417 10.2757
v 83.6745 45.5659 10.69
v 83.9821 45.8044 11.437
v 84.5471 45.7731 11.4119
v 84.2897 46.043 11.437
v 84.7982 45.9676 11.2926
v 85.0806 46.1873 11.1733
v 85.2752 45.886 11.9078
v 85.7899 45.4843 11.6065
v 86.1352 46.1246 11.3177
v 86.7755 46.6205 11.393
v 87.2023 46.1183 11.776
v 87.2525 46.6205 11.2487
v 87.4973 46.8088 11.1545
v 87.353 47.0661 11.3679
v 87.7861 47.0348 11.0666
v 88.4389 47.085 10.9474
v 87.0893 46.8653 11.4558
v 86.154 47.0222 10.7716
v 86.0724 46.0744 11.8827
v 85.4384 46.4698 11.2738
v 84.8295 46.4635 11.2298
v 84.4969 46.633 11.5876
v 84.4529 47.1101 11.9831
v 84.5157 47.6625 12.071
v 84.2269 47.4365 12.1024
v 83.6997 47.0222 11.5625
v 83.5616 47.4428 11.663
v 83.3858 47.7378 11.7006
v 82.8522 47.3172 11.142
v 82.7455 47.6876 11.3742
v 82.0927 47.1791 11.2549
v 82.2434 46.8464 11.1608
v 81.9169 46.5954 11.1733
v 82.1806 46.7962 11.8073
v 81.647 46.3819 12.0773
v 81.8416 46.0995 11.958
v 81.3269 46.1309 12.0208
v 81.4148 46.6519 12.5983
v 81.1197 46.4196 12.6359
v 80.9251 46.7711 12.8368
v 81.2265 47.0034 12.7803
v 81.5717 47.2733 12.8996
v 81.1951 47.4679 13.069
v 81.5905 47.7755 13.295
v 81.9483 47.562 13.1004
v 82.1931 47.2545 12.9749
v 82.4317 47.4428 12.7991
v 82.2434 47.7943 12.9937
v 81.9107 48.0203 13.3327
v 81.1009 47.7692 13.2197
v 80.9063 47.2419 13.2009
v 80.6113 47.0097 13.2448
v 80.2347 46.7146 13
v 79.7137 47.1415 12.5543
v 79.4186 47.3612 12.7991
v 79.1362 47.5934 13.1004
v 78.8349 47.3549 13.1632
v 78.4206 47.4428 13.0565
v 78.0063 47.5872 13.0251
v 77.5794 47.7252 12.4099
v 77.2656 47.4742 12.3409
v 77.0019 47.267 12.4602
v 76.5186 47.3988 13.0942
v 76.8387 46.677 12.4853
v 77.1651 46.9343 12.5606
v 77.2342 46.5138 12.366
v 76.914 46.2689 12.3597
v 76.5939 46.4886 12.6296
v 76.2487 46.6832 12.9561
v 75.8406 46.3631 12.818
v 75.8155 46.8527 13.5963
v 75.3134 46.4698 13.1067
v 75.1564 46.7774 13.7658
v 74.9116 47.0599 13.4833
v 75.3071 47.3675 13.6528
v 75.7402 47.2294 13.7281
v 75.7088 47.6813 13.8474
v 75.4891 47.9889 13.7281
v 75.7904 48.2211 13.7533
v 75.2318 48.6605 13.9165
v 75.4577 49.3071 14.2178
v 75.5456 49.8532 14.224
v 75.3322 49.69 14.45
v 74.9242 50.2926 14.3245
v 75.4577 50.7132 14.1299
v 74.9744 50.8262 14.2994
v 75.2883 51.071 14.2492
v 75.8155 50.9894 14.2931
v 74.5413 51.0145 14.5944
v 74.2839 50.8136 14.6823
v 73.9073 50.5186 14.5818
v 73.5683 50.2549 14.5316
v 72.9029 50.2801 14.9083
v 72.7021 50.55 14.9773
v 72.564 50.8952 15.2912
v 72.3694 51.2405 15.423
v 72.0744 51.0082 15.5171
v 71.7731 50.7759 15.5297
v 71.5094 51.0459 15.6741
v 71.2081 51.6799 16.0821
v 70.6181 51.6485 16.1009
v 70.1222 51.705 16.17
v 69.7832 51.8305 16.76
v 69.6074 52.1067 17.0048
v 69.2308 52.2574 17.4003
v 68.8479 52.4394 17.9464
v 68.5591 52.2197 18.0468
v 68.2892 52.0125 18.1347
v 67.8498 52.0565 18.3732
v 67.4606 52.226 18.5427
v 67.1091 51.9498 18.4737
v 67.1217 51.4853 18.1222
v 66.8266 51.7301 18.4925
v 66.4061 51.8807 18.4235
v 65.9478 51.9812 18.1975
v 65.6528 51.7489 18.2289
v 65.3829 51.9498 18.4988
v 64.9498 52.0879 18.7813
v 64.6736 51.8682 18.8817
v 64.3974 52.1506 19.1328
v 64.1024 51.9184 19.2144
v 63.7948 51.6799 19.1956
v 63.5311 51.4727 19.3023
v 63.2738 51.818 19.591
v 62.9725 51.5857 19.6852
v 62.7151 51.8682 19.9112
v 62.5331 52.226 20.5012
v 62.0058 52.3515 20.7586
v 61.7045 52.6277 21.0159
v 61.3969 52.3892 21.0348
v 61.1207 52.1695 21.0913
v 60.8633 52.3578 21.3172
v 60.606 52.1569 21.4114
v 60.3486 51.9561 21.5307
v 60.0975 51.7552 21.6374
v 59.8716 52.0188 21.8194
v 59.6519 52.295 22.083
v 59.3757 52.0816 22.1521
v 59.0806 51.8493 22.2211
v 58.8609 52.1318 22.3655
v 58.6852 52.3892 22.6543
v 58.2081 52.4708 22.9367
v 57.9382 52.2636 23.0183
v 57.3984 52.3327 23.2883
v 57.0845 52.0879 23.2757
v 56.7832 51.8493 23.2443
v 56.4568 52.1569 23.3699
v 55.8981 52.2385 23.4389
v 55.5654 52.4896 23.6335
v 55.1574 52.6968 23.7465
v 54.8498 52.4582 23.6963
v 54.536 52.2071 23.6649
v 54.2096 52.4959 23.8909
v 53.9145 52.2636 23.9536
v 53.5379 52.408 24.0415
v 53.1299 52.0942 23.8281
v 52.7909 52.3076 23.8846
v 52.4771 52.0628 23.8846
v 51.9812 52.1444 23.9725
v 51.6924 51.9184 23.9599
v 51.3534 51.6548 23.9034
v 50.9392 51.7991 24.0039
v 50.6818 51.9435 24.0855
v 50.3805 52.0565 24.211
v 50.0604 51.7991 24.1545
v 49.7967 51.9749 24.2424
v 49.4075 51.6736 24.1545
v 49.1941 51.9749 24.3177
v 48.9179 52.1695 24.5311
v 48.6041 51.9247 24.506
v 48.1835 52.1067 24.5186
v 47.8508 51.8493 24.506
v 47.562 52.2071 24.6692
v 47.2356 51.9498 24.6379
v 46.9343 51.7112 24.619
v 46.5828 52.0188 24.7446
v 46.1371 52.1569 24.8889
v 45.6161 52.2887 24.9392
v 45.1077 52.4268 25.0019
v 44.7687 52.1569 24.9894
v 44.2603 52.3201 25.0459
v 43.9401 52.0753 24.9894
v 43.4819 52.2197 25.071
v 42.9295 52.339 25.14
v 42.5654 52.0565 25.0459
v 42.2013 51.7677 24.9705
v 41.9 51.5355 24.9517
v 41.3728 51.6799 25.0396
v 41.0024 51.3911 24.9768
v 40.6697 51.1275 24.8952
v 40.4124 51.4978 24.8199
v 40.3621 50.8889 24.8513
v 40.0169 50.619 24.7634
v 39.6465 50.324 24.663
v 39.339 50.0855 24.6065
v 38.9812 49.8093 24.5311
v 38.6548 49.5456 24.5249
v 38.3283 49.2945 24.4746
v 37.9831 49.0183 24.4495
v 37.6253 48.7421 24.4056
v 37.2989 48.4848 24.3052
v 36.9411 48.2086 24.2047
v 36.3636 48.3279 24.1545
v 35.8363 48.4095 24.1231
v 35.6417 48.7986 24.1985
v 35.0705 48.9054 24.2236
v 34.719 48.6292 24.1796
v 34.3612 48.3467 24.1043
v 33.9908 48.0579 23.9788
v 33.633 47.7755 23.8783
v 32.9928 47.8508 23.8595
v 32.5031 47.9763 23.8658
v 32.1893 48.2902 23.9913
v 31.6997 48.466 24.0917
v 31.1724 48.6166 24.2236
v 30.6765 48.7108 24.3052
v 30.1241 48.761 24.9392
v 29.8291 48.5287 24.2612
v 29.4713 48.7735 24.6567
v 29.0381 48.4346 24.3554
v 28.6741 48.1584 24.2926
v 28.3225 48.4471 24.5563
v 27.7137 48.4722 24.4746
v 27.2805 48.7359 24.7257
v 26.9478 48.4722 24.6881
v 26.6026 48.2023 24.6127
v 26.7972 47.7566 24.506
v 26.929 47.3612 24.3177
v 27.3182 47.0913 24.0541
v 27.5191 46.7209 23.9662
v 27.5316 46.2501 23.621
v 27.7137 45.9111 23.4954
v 27.8769 45.4655 23.3322
v 27.4751 45.1516 23.1564
v 27.0922 44.8566 23.0183
v 27.2617 44.436 22.8112
v 26.8474 44.1096 22.5727
v 26.7721 43.4882 22.3781
v 26.9541 43.1241 22.2651
v 27.2052 42.7475 22.1835
v 26.7846 42.421 21.9701
v 26.4394 42.1511 21.8445
v 26.0628 41.8561 21.7315
v 25.7364 41.5987 21.6688
v 25.3848 41.3225 21.5181
v 24.9831 41.0087 21.4051
v 24.6692 41.3351 21.4365
v 24.3052 41.0526 21.3047
v 23.985 40.8015 21.2231
v 23.6147 40.5065 21.1666
v 23.0246 40.5567 21.0661
v 22.6919 40.858 21.0975
v 22.1647 41.0024 21.1038
v 22.3404 40.5818 21.0348
v 22.0077 40.3245 21.0285
v 21.8257 40.1801 21.3235
v 21.4114 40.4061 21.562
v 20.9971 40.0859 21.3737
v 20.7648 39.9039 20.8464
v 20.3443 39.5712 20.6832
v 19.9676 39.2762 20.5263
v 19.4843 39.4708 20.6644
v 19.1014 39.1695 20.6079
v 19.3085 38.7615 20.4949
v 19.4529 38.3221 20.2438
v 19.7166 37.9643 20.1309
v 19.9739 37.6567 20.1371
v 20.225 37.2801 20.0116
v 20.1811 36.69 19.9174
v 20.5075 36.9474 19.9676
v 20.7586 36.6021 20.0932
v 21.0222 36.3134 20.1936
v 21.5809 36.1816 20.2062
v 21.7629 35.7673 20.0179
v 21.9198 35.3341 19.7542
v 21.9826 34.8759 19.5282
v 22.127 34.4302 19.409
v 22.3718 34.0787 19.296
v 22.7233 33.8213 18.957
v 23.1376 34.1478 19.114
v 23.5142 34.4365 19.2583
v 23.4703 34.9387 19.5847
v 23.2192 35.2902 19.6977
v 23.0999 35.7547 19.8923
v 23.0246 36.2004 20.1309
v 23.3824 36.4829 20.1811
v 23.2067 36.8971 20.3506
v 23.5268 37.1482 20.3757
v 23.3071 37.5311 20.5263
v 23.6963 37.8387 20.7084
v 24.098 38.1526 20.8339
v 23.8846 38.5543 20.859
v 24.2424 38.8368 20.9406
v 24.55 39.0753 21.0097
v 24.8952 39.3515 21.0724
v 25.2844 39.6528 21.1791
v 25.6359 39.929 21.2733
v 26.0126 40.224 21.3612
v 26.3766 40.5065 21.4491
v 26.7344 40.789 21.5683
v 27.268 40.6383 21.5872
v 27.8329 40.5191 21.5369
v 28.4355 40.4375 21.5056
v 28.7745 40.7011 21.5495
v 29.2139 40.5442 21.4742
v 29.7726 40.4124 21.5997
v 30.1241 40.6948 21.7001
v 30.4568 40.4124 21.7127
v 30.9401 40.2554 21.6436
v 31.0406 39.8474 21.5872
v 31.4988 39.6214 21.5934
v 31.8943 39.3452 21.606
v 31.9507 38.8807 21.5432
v 32.365 38.7866 21.6185
v 32.3085 38.2718 21.6311
v 32.2709 37.8638 21.4616
v 32.2207 37.4872 21.38
v 32.3274 37.2173 21.4742
v 32.3023 36.7277 21.2545
v 32.478 36.395 21.1854
v 32.4969 35.9305 21.1729
v 32.6412 35.6041 21.0536
v 32.6977 35.1019 21.1289
v 33.0053 35.3467 21.0222
v 33.3568 35.6229 21.1226
v 33.7335 35.9179 21.2607
v 34.0724 36.1816 21.2545
v 34.3926 35.9116 21.0724
v 34.7629 35.6794 20.9532
v 35.3027 35.5915 20.8464
v 35.6166 35.2714 20.7711
v 35.9807 35.5601 20.8151
v 36.3134 35.8175 20.8653
v 36.6398 36.0748 20.8967
v 36.8846 35.7798 20.7272
v 37.1733 35.535 20.6519
v 37.1922 36.0183 20.7335
v 36.9913 36.351 20.8967
v 37.3114 36.5958 20.9532
v 37.6379 36.8532 21.0034
v 38.2342 36.8344 20.859
v 38.4602 36.5456 20.7837
v 38.8807 36.4829 20.9218
v 38.9498 36.5331 21.8257
v 38.8745 36.0246 21.8194
v 39.3013 35.4722 22.1019
v 39.6779 35.3844 22.127
v 39.973 35.1019 21.9261
v 40.3308 34.8445 21.9763
v 40.381 34.38 21.7566
v 40.3496 33.8778 21.7127
v 40.5128 33.4573 21.8257
v 40.337 33.3192 22.1584
v 40.042 33.0869 22.2714
v 39.747 32.8609 22.2776
v 39.4394 33.1622 21.7504
v 39.2009 32.9739 21.8633
v 39.452 32.6287 22.3655
v 39.1318 32.3776 22.4283
v 39.2636 31.9821 22.3718
v 38.9372 31.7248 22.3341
v 39.1193 31.3921 22.2588
v 39.1381 31.0029 22.1772
v 39.0565 30.4756 21.9638
v 38.7489 30.2308 21.8947
v 39 29.9483 21.4867
v 38.7803 29.7788 21.7001
v 38.4225 29.5027 21.6436
v 38.4162 29.0256 21.4239
v 38.6108 28.7933 21.2607
v 38.5292 28.2472 21.1854
v 38.3723 27.6823 20.9092
v 38.5292 27.381 20.7335
v 38.14 27.0797 20.6142
v 37.776 26.7972 20.4698
v 38.0145 26.5963 20.3317
v 38.0773 26.2071 20.1183
v 38.297 25.9561 19.8421
v 38.3723 25.5543 19.591
v 38.4915 25.2467 19.3023
v 38.6422 24.8889 18.9068
v 38.7803 24.4998 18.5929
v 38.4351 24.2361 18.5176
v 38.1337 23.9976 18.5113
v 37.8324 23.7653 18.5365
v 37.4809 23.4891 18.4862
v 37.1482 23.2318 18.4674
v 37.2361 22.8489 18.1975
v 36.8846 22.5727 18.1473
v 36.6021 22.353 18.1787
v 36.282 22.1019 18.1787
v 35.9681 21.8571 18.1787
v 35.6354 21.5997 18.1222
v 35.7673 21.2796 17.9401
v 35.9493 20.8778 17.8271
v 36.1564 20.52 17.7079
v 36.3385 20.1685 17.7016
v 36.0121 19.9174 17.6639
v 36.4766 19.8484 17.5572
v 36.5582 19.4278 17.4505
v 36.6712 19.0386 17.1366
v 36.7465 18.6306 16.9358
v 36.8532 18.323 16.691
v 37.1796 18.1033 16.3771
v 37.4307 17.8334 15.9503
v 37.1043 17.576 15.8875
v 37.3993 17.3375 15.605
v 37.3868 16.8981 15.3539
v 37.6253 16.578 14.9522
v 37.9517 16.3708 14.6383
v 38.2342 16.126 14.3935
v 38.5167 16.3457 14.3308
v 38.8556 16.6094 14.3496
v 39.182 16.8605 14.3182
v 39.3892 16.6219 14.0232
v 39.7156 16.4273 13.7407
v 40.0232 16.6659 13.6905
v 40.3496 16.9232 13.7595
v 40.6823 17.1806 13.7972
v 41.0903 17.5007 14.0106
v 41.4858 17.3626 13.86
v 41.9503 17.281 13.8411
v 42.3143 17.5635 13.9165
v 42.6659 17.8334 13.9792
v 43.0237 18.1159 14.0797
v 43.3563 18.3732 14.0985
v 43.6765 18.6243 14.1048
v 43.9966 18.8691 14.1487
v 44.3168 19.1202 14.1801
v 44.7059 19.0512 13.8788
v 44.9821 18.7875 13.452
v 45.2772 19.0198 13.4394
v 45.6287 18.7938 13.0126
v 45.9676 18.6118 12.5794
v 46.3066 18.4549 12.1777
v 46.5577 18.1284 11.6755
v 46.6142 17.6828 11.2173
v 46.9343 17.4254 10.7026
v 46.5703 17.1429 10.6147
v 46.4824 16.647 10.0937
v 46.5703 16.2516 9.70449
v 46.8213 15.9942 9.12071
v 46.4447 15.6992 8.96378
v 46.1309 15.4606 8.99517
v 45.7982 15.197 8.93868
v 45.4717 14.9459 8.95751
v 45.1202 14.6697 8.90729
v 45.1202 14.2492 8.61226
v 44.8566 14.042 8.71898
v 44.5616 13.8098 8.76292
v 44.5929 13.4708 8.32979
v 44.2603 13.2134 8.2733
v 43.9087 12.9435 8.28585
v 43.6012 12.705 8.34862
v 43.7581 12.3723 7.76485
v 43.4944 12.1651 7.84017
v 43.4568 11.7195 7.43216
v 43.1429 11.4746 7.48865
v 43.1743 11.0855 7.14341
v 42.8479 10.8344 7.16852
v 42.534 10.5896 7.14969
v 42.1197 10.2694 6.99903
v 41.831 10.0435 7.09947
v 41.5109 9.79865 7.14341
v 41.1719 9.53501 7.08691
v 41.4795 9.35297 6.8421
v 41.7619 9.07677 6.45292
v 41.9628 8.75036 5.99469
v 42.2327 8.44906 5.5239
v 42.1323 7.94061 5.21004
v 42.4775 7.75229 4.91502
v 42.534 7.338 4.72042
v 42.7412 7.08064 4.2873
v 43.0488 7.31289 4.25591
v 43.3124 7.14969 3.97972
v 43.6702 6.95509 3.42105
v 43.7957 6.60985 3.01304
v 44.1598 6.88604 3.11347
v 44.0406 7.23757 3.46499
v 43.9715 7.65814 4.05505
v 44.0343 8.07871 4.26219
v 44.0782 8.53694 4.56977
v 44.4109 8.7943 4.58233
v 44.7185 9.03283 4.61371
v 45.0637 9.30275 4.61371
v 45.3901 9.55384 4.59488
v 45.7605 9.84259 4.68904
v 46.112 10.1125 4.73926
v 46.4698 10.3887 4.78947
v 46.6958 10.1439 4.47562
v 47.041 10.4138 4.48817
v 46.7837 10.6398 4.7832
v 47.1478 10.916 4.88363
v 47.0787 11.3177 5.12216
v 47.1038 11.8011 5.33559
v 47.4114 12.0396 5.3042
v 47.4365 12.4853 5.56156
v 47.7629 12.7426 5.56784
v 48.1144 13.0126 5.62434
v 48.5099 13.3201 5.78754
v 48.8865 13.6152 5.88798
v 49.2506 13.8976 6.01352
v 49.6586 14.2115 6.22694
v 50.0855 14.5442 6.47803
v 50.5249 14.8894 6.77933
v 50.9454 15.2096 6.97393
v 51.3723 15.5422 7.18735
v 51.8117 15.8812 7.44471
v 52.1883 16.17 7.55142
v 52.521 16.4336 7.5577
v 52.9102 16.3018 7.6142
v 53.2994 16.6094 7.73974
v 53.6007 16.3771 7.42588
v 53.9585 16.2014 7.13713
v 54.5234 16.2139 6.817
v 54.9189 16.5215 6.94254
v 55.1825 16.352 6.73539
v 55.5278 16.6219 6.86721
v 55.7224 17.1429 7.31289
v 55.5152 17.4066 7.78996
v 55.8353 17.6514 7.8339
v 55.8416 18.1159 8.12265
v 56.2057 18.3984 8.21053
v 56.5698 18.6808 8.2733
v 56.5635 19.1391 8.63737
v 56.3563 19.409 9.00145
v 56.7079 19.6852 9.08933
v 56.733 20.2125 9.54128
v 57.0908 20.4949 9.57895
v 57.1347 21.0097 9.86142
v 57.4235 21.2356 9.84886
v 57.7562 21.493 9.8677
v 58.1077 21.7629 9.9493
v 58.4215 22.0077 10.0183
v 58.9488 21.9324 10.1251
v 59.3129 22.2149 10.2192
v 59.5326 22.3844 10.0246
v 59.7962 22.5915 9.94302
v 60.2419 22.422 9.83631
v 60.5934 22.2651 9.80492
v 60.9952 22.1144 9.66683
v 61.4095 21.9763 9.52245
v 61.6166 21.719 9.16465
v 61.9242 21.5809 8.9324
v 62.4075 21.4804 8.61226
v 62.9034 21.4114 8.32351
v 63.2047 21.6499 8.2733
v 63.5311 21.901 8.26702
v 63.845 22.1458 8.22936
v 64.1651 22.3906 8.22936
v 64.4727 22.6354 8.22308
v 64.7803 22.874 8.19169
v 65.0879 23.1125 8.2168
v 65.3703 23.3322 8.14775
v 65.634 23.5331 8.0536
v 65.816 23.2443 7.78996
v 66.0797 23.4452 7.70835
v 66.3872 23.6837 7.6958
v 66.2617 24.0227 7.97199
v 66.0232 24.2801 8.11637
v 66.1613 24.8638 8.48672
v 65.9165 25.0521 8.70642
v 65.6152 25.2467 9.03911
v 65.2887 25.4476 9.32786
v 65.1067 25.7677 9.89908
v 65.1758 26.2511 10.3008
v 64.9121 26.5649 10.69
v 65.2574 26.8286 10.7339
v 65.5336 27.0483 10.6523
v 65.8286 27.2743 10.6084
v 66.1362 27.5128 10.5833
v 66.381 27.7011 10.4829
v 66.6258 27.8957 10.3699
v 66.9271 28.128 10.2632
v 67.1907 28.3288 10.1313
v 67.1782 28.8059 10.3824
v 67.4544 29.0193 10.2632
v 67.6615 29.1825 10.0309
v 68.0005 29.4462 10.1439
v 68.4022 29.76 10.3008
v 69.0362 29.7663 9.99952
v 69.3815 30.0299 10.1
v 69.7267 29.7851 9.77982
v 70.0719 30.055 9.86142
v 70.3419 30.2622 9.78609
v 70.6243 30.055 9.51617
v 70.8942 29.7977 9.20232
v 71.2144 30.0425 9.10816
v 71.2646 30.5509 9.47851
v 71.5408 30.7644 9.44713
v 71.8484 31.0029 9.37808
v 72.1685 31.254 9.42202
v 72.4447 31.4674 9.40946
v 72.746 31.6997 9.36552
v 73.0285 31.9194 9.25881
v 73.3361 32.1516 9.22743
v 73.6688 32.4153 9.21487
v 73.9512 32.1704 8.92612
v 74.309 31.9884 8.61854
v 74.5727 31.7687 8.27957
v 74.604 32.2144 8.60599
v 74.5413 32.6287 8.81941
v 74.5852 33.1309 9.14582
v 74.5601 33.5451 9.32158
v 74.5664 34.0599 9.648
v 74.8237 34.2607 9.52873
v 74.8175 34.7441 9.77354
v 75.0999 34.9638 9.72332
v 75.3385 35.1458 9.57267
v 75.6774 35.4095 9.55384
v 75.5331 35.7986 9.62289
v 75.464 36.169 9.61661
v 75.6963 36.351 9.42202
v 75.9411 36.5393 9.24626
v 76.1859 36.7277 9.08305
v 76.5186 36.9913 9.1521
v 76.9203 37.2989 9.34669
v 77.2718 37.1482 9.21487
v 77.2781 37.5751 9.49107
v 77.5857 37.8199 9.53501
v 77.5669 38.2154 9.72332
v 77.3974 38.5104 9.83631
v 77.0961 38.7364 10.0183
v 76.9643 39 10.2129
v 77.3158 39.2762 10.3448
v 77.6485 39.5336 10.4326
v 77.9623 39.7784 10.3887
v 78.2511 39.9981 10.2883
v 78.113 40.3245 10.3887
v 77.9184 40.6258 10.464
v 77.6987 40.9271 10.5519
v 77.5606 41.2472 10.5958
v 77.8117 41.4418 10.4013
v 77.6234 41.7996 10.4703
v 77.8556 41.9879 10.3008
v 78.2071 42.2578 10.4013
v 77.6296 42.8353 10.7904
v 77.9812 43.1053 10.8407
v 78.2009 43.281 10.6774
v 78.4206 43.8711 10.985
v 78.7972 44.1598 11.1106
v 79.0608 44.367 10.9976
v 79.5128 44.2916 10.9285
v 80.0275 44.1724 10.8783
v 79.9082 44.6055 11.0666
v 79.4124 44.6432 11.0855
v 78.9667 44.7499 11.2047
v 78.6716 44.5176 11.1985
v 78.3955 44.8001 11.1922
v 78.3201 44.2477 11.0855
v 78.0377 44.5239 11.0666
v 78.1758 45.114 11.7571
v 77.705 44.2665 11.0541
v 77.5731 44.6494 11.029
v 77.4225 44.9068 11.098
v 77.1149 44.6745 11.0604
v 76.958 45.001 11.1608
v 77.3032 45.2646 11.2173
v 77.6547 45.5408 11.2989
v 77.9812 45.3462 11.7446
v 77.2279 45.6601 11.3114
v 77.1714 46.0618 11.4307
v 76.8324 45.7982 11.3868
v 77.1902 46.0744 12.2405
v 77.3283 45.7354 12.2467
v 76.9517 45.8923 12.4162
v 77.8242 46.5703 12.184
v 77.5167 47.2042 12.6234
v 77.9058 47.041 12.5104
v 78.0816 46.7711 12.1086
v 78.4017 46.564 12.6485
v 78.3013 46.043 12.8619
v 78.6968 45.8986 12.6799
v 78.6026 46.2752 12.8368
v 79.0671 46.1873 12.7991
v 79.2429 45.9488 12.7991
v 78.8725 45.6601 12.7112
v 79.3433 45.5345 12.705
v 79.0608 45.3148 12.8054
v 79.337 45.0323 12.0961
v 79.7199 45.3274 12.2781
v 80.2535 44.8691 11.8952
v 80.2033 45.2583 12.2405
v 80.9314 45.3964 12.0082
v 79.971 46.0241 12.7238
v 79.7199 45.8295 12.8431
v 79.5693 46.5828 13.2699
v 79.858 46.8025 13.1758
v 80.6992 46.5891 12.9435
v 80.6176 46.0241 12.9623
v 81.0068 45.886 12.6799
v 81.2076 45.6098 11.8764
v 81.6219 45.409 11.8638
v 81.9232 45.6412 11.8262
v 82.2434 45.8923 11.7571
v 82.6012 46.1685 11.8701
v 82.3815 46.5263 11.8387
v 82.6074 46.7021 11.6253
v 83.0594 47.0536 11.9705
v 82.1366 46.3317 11.8952
v 81.5466 45.8735 12.0333
v 79.3056 46.8213 13.0439
v 79.1424 47.1478 12.9058
v 78.5022 47.0975 13.1255
v 78.0942 46.7774 12.8368
v 78.8788 46.9406 13.0816
v 76.6378 46.0492 12.4476
v 76.029 46.0492 11.9705
v 76.3052 45.7919 11.6316
v 75.9662 45.5345 11.6065
v 75.7653 45.8484 12.0647
v 75.6147 46.1999 12.2718
v 74.9744 46.2062 12.2844
v 74.8363 46.5326 12.9812
v 74.5413 46.7711 13.3515
v 74.3279 47.562 12.9247
v 74.8551 47.4867 13.6717
v 75.1376 47.7064 13.6403
v 74.874 48.3781 13.7658
v 74.5727 48.6166 13.6403
v 74.5162 49.0497 13.973
v 74.2776 48.8614 14.1299
v 74.127 49.2318 14.1738
v 73.5055 49.1878 13.9604
v 73.7441 49.8658 14.2554
v 74.2023 49.7277 14.8706
v 74.2839 50.2863 14.8518
v 74.5978 50.0352 15.0589
v 74.7359 49.7026 14.9647
v 74.8426 50.2298 14.8769
v 75.0623 49.4766 14.563
v 74.6794 50.5939 14.3433
v 73.4553 49.6398 14.2743
v 73.1917 49.9599 15.1405
v 72.5891 50.0352 14.9459
v 72.4573 50.3554 15.1154
v 72.2313 50.6379 15.2723
v 71.9676 50.4244 15.3414
v 71.4655 50.5374 15.5046
v 70.7562 50.8701 15.9816
v 70.9633 51.4853 16.2139
v 70.5992 51.2091 16.1072
v 70.323 51.4225 16.1574
v 69.7455 51.4099 16.0633
v 69.4756 51.5857 16.7663
v 69.3375 51.9058 17.0802
v 68.9609 52.0502 17.4819
v 68.6847 51.8305 17.6451
v 68.421 51.6296 17.7895
v 67.7557 51.592 17.5949
v 68.0256 51.7991 18.2352
v 67.4606 51.7552 18.1912
v 67.4355 51.3409 17.6451
v 67.1531 51.1212 17.7141
v 66.8078 51.2405 18.1033
v 65.9792 51.548 18.1849
v 65.5712 51.2279 18.0029
v 65.3703 51.5292 18.3356
v 65.1255 51.7426 18.5804
v 64.8431 51.5229 18.6243
v 64.3848 51.6422 18.957
v 64.1024 51.4225 18.9947
v 63.845 51.2216 19.0826
v 63.5625 51.0019 19.1391
v 63.2298 51.2342 19.4153
v 62.9474 51.0208 19.4969
v 62.7214 51.3848 19.7731
v 62.4577 51.661 20.0179
v 62.2067 51.9686 20.5012
v 61.6857 52.1004 20.7648
v 61.3655 51.8493 20.7586
v 61.0893 51.6359 20.8213
v 60.8508 51.9623 21.154
v 60.5872 51.7615 21.3047
v 60.3235 51.5543 21.4114
v 60.0787 51.3597 21.5244
v 59.8276 51.548 21.7127
v 59.5703 51.7866 21.8822
v 59.2689 51.5543 21.9512
v 58.9928 51.3346 21.9826
v 58.7919 51.6234 22.2965
v 58.6098 51.9309 22.4408
v 58.3713 52.1444 22.6794
v 58.07 51.9058 22.717
v 57.6494 52.0377 23.0937
v 57.3105 51.774 23.0811
v 56.9715 51.5041 23.0183
v 56.4254 51.5669 23.1816
v 56.1178 51.8933 23.3197
v 55.5591 51.9686 23.4013
v 55.239 52.2385 23.5896
v 54.9314 52 23.6021
v 54.605 51.7426 23.577
v 54.2409 51.9812 23.7088
v 53.9334 51.7364 23.6649
v 53.5944 52.0125 23.8658
v 53.2303 51.7301 23.7653
v 52.7972 51.8305 23.8218
v 52.4457 51.5543 23.7528
v 52.1506 51.8054 23.8469
v 51.8305 51.5543 23.8155
v 51.4978 51.297 23.7842
v 51.0208 51.3974 23.8469
v 50.6253 51.5543 23.9599
v 50.3303 51.6673 23.9913
v 50.0164 51.4225 23.9788
v 49.7214 51.5355 24.0792
v 49.3573 51.253 23.9599
v 49.0435 51.3848 24.0415
v 48.8363 51.6924 24.211
v 48.2714 51.661 24.4307
v 47.9261 51.3911 24.3868
v 47.5369 51.6045 24.4558
v 47.2168 51.3472 24.4182
v 46.8841 51.0898 24.3114
v 46.5326 51.3974 24.4998
v 46.2376 51.7489 24.7257
v 45.8233 51.9121 24.8513
v 45.3211 52.0565 24.9266
v 45.0135 51.8117 24.914
v 44.6808 51.548 24.8324
v 44.4486 51.9121 24.9768
v 44.1096 51.6485 24.9392
v 43.576 51.7928 24.9203
v 43.1304 51.9498 24.9705
v 42.8102 51.6924 24.914
v 42.5027 51.4539 24.9078
v 42.2013 51.2154 24.9392
v 41.8687 50.958 24.9203
v 41.5925 51.2907 24.9329
v 41.2535 51.027 24.8576
v 40.9208 50.7697 24.8136
v 40.6007 50.5123 24.7571
v 40.2429 50.2361 24.6818
v 39.8976 49.9662 24.5939
v 39.5273 49.6774 24.4872
v 39.1506 49.3824 24.3742
v 38.8054 49.1125 24.3366
v 38.4978 48.8677 24.2989
v 38.1777 48.6166 24.2738
v 37.8513 48.3655 24.2173
v 37.4998 48.0893 24.1231
v 37.1671 47.8257 24.0729
v 36.5958 47.9324 24.1043
v 36.0058 48.0454 24.0478
v 35.4911 48.1395 24.0541
v 35.3027 48.5287 24.1043
v 34.9701 48.2714 24.0478
v 34.6123 47.9952 23.9348
v 34.2419 47.7064 23.7967
v 33.8778 47.4114 23.6963
v 33.2564 47.4867 23.7339
v 32.6287 47.5683 23.7402
v 32.1328 47.6876 23.7465
v 31.844 48.0203 23.9097
v 31.3042 48.1521 23.9788
v 30.8334 48.353 24.1545
v 30.3501 48.4534 24.2424
v 30.0048 48.1835 24.1796
v 29.5152 48.2902 24.2989
v 29.1825 48.0266 24.2047
v 28.9 47.8006 24.2612
v 28.2974 47.8633 24.2236
v 27.9899 48.1898 24.5249
v 27.6572 47.9261 24.4307
v 27.4186 48.24 24.5123
v 27.1048 47.9952 24.4998
v 27.2743 47.6311 24.3742
v 27.6634 47.3612 24.0917
v 27.8455 46.9783 23.9536
v 27.8769 46.52 23.7402
v 28.0526 46.1748 23.5958
v 28.2221 45.7417 23.4075
v 28.379 45.3085 23.1941
v 28.0401 45.0449 23.1188
v 27.6634 44.7499 22.9807
v 27.9585 44.4172 22.8802
v 27.5253 44.0782 22.6731
v 27.1362 43.7706 22.5036
v 27.3684 43.4442 22.422
v 27.6132 43.0676 22.3404
v 27.5065 42.4273 22.0956
v 27.0985 42.1072 21.9073
v 26.747 41.831 21.8194
v 26.3704 41.5422 21.6939
v 26 41.2472 21.606
v 25.6171 40.9459 21.4804
v 25.2342 40.6509 21.3549
v 24.6253 40.7262 21.311
v 24.2863 40.4626 21.2294
v 23.9097 40.1675 21.1603
v 23.5394 39.8788 21.0661
v 23.238 40.2115 21.041
v 22.6857 40.2868 21.0034
v 22.3718 40.042 20.9845
v 22.0768 39.816 21.0473
v 21.8194 39.6089 21.1666
v 21.5683 39.9792 21.4302
v 21.4114 39.2887 21.6876
v 21.5746 38.9121 21.6185
v 21.8382 39.1193 20.8088
v 21.4679 38.8242 20.7084
v 20.9657 39.5084 20.7648
v 20.8904 38.8807 20.5138
v 20.5326 39.1695 20.4949
v 20.156 38.8682 20.3631
v 19.6538 39.0314 20.5075
v 19.7856 38.5794 20.2501
v 20.112 38.2781 20.2501
v 20.3192 37.9266 20.2062
v 20.6832 37.6441 20.3254
v 20.9845 37.3177 20.3254
v 21.1729 36.9285 20.2878
v 21.3423 36.5645 20.269
v 21.9261 36.4515 20.2376
v 22.1082 36.0372 20.0492
v 22.2776 35.6166 19.8547
v 22.3655 35.1772 19.7103
v 22.4534 34.6876 19.5031
v 22.7359 34.3675 19.365
v 23.1251 34.6688 19.522
v 22.8489 34.9952 19.6036
v 22.7547 35.4848 19.8107
v 22.6292 35.8928 19.9614
v 22.4848 36.3322 20.1811
v 22.8551 36.621 20.2941
v 22.5978 36.9788 20.3568
v 22.9556 37.2549 20.4573
v 22.8175 37.7195 20.5954
v 23.1878 38.0082 20.677
v 23.508 38.2593 20.7648
v 23.3134 38.5983 20.8339
v 23.6461 38.8619 20.8904
v 24.0039 39.1381 20.9657
v 24.3617 39.4206 21.0348
v 24.732 39.7093 21.1226
v 25.0898 39.9918 21.2105
v 25.4476 40.268 21.2859
v 25.7929 40.5442 21.3486
v 26.1569 40.8267 21.4804
v 26.521 41.1154 21.606
v 26.8537 41.3728 21.6499
v 27.0985 41.0777 21.6625
v 27.6509 40.9334 21.6562
v 28.1719 40.7827 21.6374
v 28.5485 41.084 21.7253
v 29.1009 40.9585 21.6123
v 29.578 40.8267 21.606
v 29.9358 41.1028 21.7064
v 30.5509 41.0275 21.8571
v 30.802 40.6823 21.7755
v 31.2854 40.5191 21.7127
v 31.4046 40.1362 21.6625
v 31.8126 39.8725 21.6562
v 32.252 39.6277 21.719
v 32.2834 39.1381 21.6123
v 32.6915 39.0439 21.6688
v 32.6852 38.5669 21.7127
v 32.6475 38.1589 21.5809
v 32.6287 37.8011 21.5809
v 32.9425 37.7006 21.4804
v 33.0053 37.2801 21.3737
v 32.6538 37.0039 21.2607
v 32.817 36.6586 21.2168
v 32.8358 36.1941 21.1854
v 32.9551 35.8489 21.1164
v 33.3254 36.1376 21.2796
v 33.6832 36.4201 21.3298
v 33.9908 36.6586 21.3737
v 34.3926 36.4326 21.311
v 34.7253 36.169 21.1101
v 35.0893 35.9367 20.9908
v 35.6731 35.8865 20.9218
v 36.0058 36.1439 20.9657
v 36.3385 36.4013 21.041
v 36.6712 36.6649 21.085
v 37.0039 36.9223 21.1226
v 37.324 37.1796 21.2168
v 37.6818 37.4558 21.2231
v 37.9768 37.1231 21.0473
v 38.297 37.3679 21.0913
v 38.8054 37.2801 21.4616
v 38.4853 36.5645 21.5244
v 38.8431 36.8469 21.6625
v 39.1004 37.0478 21.5056
v 39.4582 36.9348 21.5683
v 39.2762 36.7904 21.8194
v 39.2071 36.2883 21.945
v 39.59 36.1376 21.9261
v 39.6152 35.717 22.0705
v 39.973 35.6166 22.1207
v 40.3433 35.3906 22.0705
v 40.6383 35.083 22.014
v 40.6823 34.6185 21.7441
v 40.6823 34.1352 21.7692
v 40.7576 33.6519 21.7315
v 41.0275 33.3631 22.1395
v 40.8267 33.2062 22.3969
v 40.789 32.6977 22.3655
v 40.5567 32.9928 22.4785
v 40.2303 32.7354 22.4408
v 39.8851 32.4655 22.3592
v 39.5838 32.2332 22.3655
v 39.7533 31.888 22.2274
v 39.4394 31.6432 22.2588
v 39.4833 31.2728 22.2086
v 39.4206 30.7581 22.0203
v 39.3892 30.2559 21.6876
v 39.4833 29.8667 21.6688
v 39.0188 29.5027 21.3612
v 38.7301 29.2704 21.4428
v 38.9937 29.0946 21.4553
v 39.2699 28.8184 21.3988
v 38.9184 28.5485 21.3235
v 39.1318 28.2786 21.1603
v 38.774 27.9961 21.0599
v 38.9309 27.7011 20.8904
v 39.0942 27.4437 20.6644
v 38.7238 27.1487 20.52
v 38.3848 26.8914 20.4322
v 38.4602 26.5084 20.1811
v 38.6296 26.2134 19.8735
v 38.7112 25.818 19.5722
v 38.7991 25.4853 19.2332
v 39.0314 25.1965 19.001
v 39.1569 24.8011 18.7624
v 39.3703 24.5123 18.6118
v 39.0063 24.2298 18.5051
v 38.6234 23.9285 18.3481
v 38.2718 23.6586 18.2979
v 37.9392 23.395 18.2854
v 37.5814 23.1188 18.21
v 37.6818 22.7735 17.8648
v 37.3491 22.5162 17.8774
v 37.0415 22.2714 17.8899
v 36.7528 22.0517 17.9338
v 36.4201 21.7943 17.9841
v 36.1062 21.5432 17.9778
v 36.2569 21.1226 17.8522
v 36.4766 20.7711 17.733
v 36.6649 20.4259 17.733
v 36.8532 20.1434 17.6137
v 36.8846 19.6789 17.4693
v 36.9976 19.296 17.1555
v 37.0729 18.888 16.9169
v 37.1608 18.5553 16.7161
v 37.4684 18.3293 16.3269
v 37.7571 18.0845 15.9628
v 37.7383 17.6012 15.6364
v 37.6567 17.1053 15.2472
v 37.9078 16.7977 14.902
v 38.2656 16.6156 14.607
v 38.6045 16.8793 14.6132
v 38.8996 17.1115 14.5756
v 39.2385 17.3752 14.6195
v 39.5336 17.1366 14.3559
v 39.7093 16.8667 14.0169
v 40.0546 17.1366 14.0483
v 40.381 17.394 14.0608
v 40.7388 17.6702 14.0671
v 41.1091 17.959 14.2052
v 41.4795 17.802 14.1676
v 41.8875 17.6765 14.0357
v 42.2892 17.9841 14.2178
v 42.6031 18.2352 14.268
v 42.9546 18.5051 14.3245
v 43.2747 18.7562 14.3559
v 43.6263 19.0261 14.3998
v 43.9841 19.3085 14.45
v 44.3419 19.5847 14.5065
v 44.662 19.3901 14.1989
v 45.0198 19.296 13.8976
v 45.3399 19.5471 13.9227
v 45.6098 19.2772 13.4268
v 45.9551 19.0449 13.0063
v 46.2501 18.8315 12.5292
v 46.6519 18.7248 12.2467
v 46.8778 18.3795 11.7571
v 46.9092 17.9087 11.1671
v 47.2858 17.6953 10.7653
v 47.4679 17.4128 10.2004
v 47.1478 17.168 10.2443
v 46.8276 16.9169 10.169
v 46.9029 16.5089 9.68566
v 47.1415 16.2453 9.1521
v 47.1729 15.8436 8.80058
v 46.8213 15.5674 8.70642
v 46.4259 15.2598 8.58088
v 46.0995 15.0087 8.55577
v 45.7793 14.7576 8.56205
v 45.4466 14.5002 8.59343
v 45.5408 14.2115 8.28585
v 45.2458 13.9792 8.30468
v 44.8942 13.7093 8.27957
v 45.0072 13.339 7.74602
v 44.6934 13.0942 7.72718
v 44.3858 12.8556 7.68952
v 44.0657 12.6108 7.72091
v 44.0908 12.2091 7.33172
v 43.7957 11.9768 7.43843
v 43.802 11.5751 7.1183
v 43.5007 11.3428 7.13085
v 43.3689 10.8218 6.74167
v 43.0676 10.5833 6.76678
v 42.6847 10.2883 6.63496
v 42.3457 10.0246 6.71028
v 42.0946 9.83003 6.81072
v 41.7808 9.58522 6.79189
v 42.0884 9.33414 6.45292
v 42.2578 8.98262 5.97586
v 42.5529 8.70014 5.53646
v 42.4587 8.19797 5.17866
v 42.7726 7.97827 4.88991
v 42.8228 7.56398 4.66393
v 43.3187 7.52632 4.2057
v 43.6451 7.40705 4.04249
v 43.6765 7.80251 4.22453
v 43.7644 8.29841 4.59488
v 43.7141 8.70642 4.82714
v 44.0531 8.97006 4.83969
v 44.3732 9.22115 4.77692
v 44.6683 9.44713 4.72042
v 45.001 9.70449 4.75181
v 45.409 10.0246 4.87735
v 45.7228 10.2694 4.92757
v 46.0492 10.5205 4.97779
v 46.4259 10.8155 5.07195
v 46.7648 11.0729 5.14727
v 46.746 11.5249 5.32931
v 46.7523 11.958 5.56156
v 47.0975 12.2279 5.5804
v 47.0536 12.705 5.73105
v 47.3988 12.9749 5.78126
v 47.7692 13.2574 5.87542
v 48.1019 13.5147 5.93819
v 48.5413 13.86 6.22694
v 48.8928 14.1299 6.31482
v 49.3259 14.4689 6.56591
v 49.7465 14.789 6.72284
v 50.1796 15.128 6.94882
v 50.6379 15.4858 7.25012
v 51.0835 15.831 7.53887
v 51.5229 16.17 7.78996
v 51.887 16.4524 7.92178
v 52.2574 16.7412 8.04732
v 53.0546 16.8416 8.02849
v 53.6697 16.8918 7.87156
v 53.9585 16.6533 7.53887
v 54.3351 16.4901 7.2564
v 54.6992 16.7726 7.36939
v 55.3018 16.8228 7.09319
v 55.0758 17.0676 7.53259
v 55.1386 17.576 7.9971
v 55.4964 17.8522 8.03477
v 55.534 18.3419 8.39884
v 55.873 18.5992 8.49927
v 56.2559 18.9005 8.61854
v 56.0111 19.1391 8.94495
v 55.7537 19.4529 9.41574
v 56.099 19.7228 9.47851
v 56.4317 19.9802 9.53501
v 56.1931 20.2815 9.91791
v 56.5447 20.5514 10.0183
v 56.8648 20.8025 9.96813
v 56.8585 21.2859 10.3322
v 57.1724 21.5307 10.351
v 57.4925 21.7817 10.3134
v 57.8503 22.0579 10.351
v 58.2081 22.3404 10.4766
v 58.5408 22.5978 10.508
v 58.886 22.3655 10.2945
v 59.1873 22.6041 10.2067
v 59.4824 22.83 10.1816
v 60.1917 22.8991 10.1502
v 60.5746 22.6857 9.8928
v 60.9512 22.5413 9.84259
v 61.2965 22.3467 9.6731
v 61.717 22.2211 9.51617
v 61.9242 21.9512 9.12071
v 62.2192 21.8069 8.9324
v 62.7339 21.7315 8.56832
v 63.0415 21.9701 8.55577
v 63.3365 22.196 8.53066
v 63.6504 22.4408 8.48672
v 63.9454 22.6731 8.48044
v 64.2153 22.8802 8.4365
v 64.5355 23.1251 8.41139
v 64.8556 23.3761 8.38001
v 65.1444 23.6021 8.32979
v 65.4645 23.8469 8.24819
v 65.7407 24.0666 8.17286
v 65.9478 23.7716 7.99082
v 65.4896 24.3428 8.38001
v 65.8035 24.5876 8.44906
v 65.59 24.8011 8.70642
v 65.3578 25.0459 9.13955
v 64.9874 25.2091 9.38435
v 64.7803 25.5167 9.8677
v 64.8054 25.9686 10.2129
v 64.5857 26.3076 10.6649
v 64.6045 26.8098 11.0352
v 64.9184 27.0483 10.9976
v 65.1695 27.2429 10.872
v 65.4582 27.4751 10.8532
v 65.7595 27.7074 10.7214
v 66.0357 27.9208 10.621
v 66.3245 28.1468 10.6021
v 66.6823 28.423 10.621
v 66.9396 28.6176 10.4954
v 66.8518 29.0507 10.7151
v 67.1468 29.283 10.6398
v 67.4418 29.5089 10.5017
v 67.7494 29.7475 10.5394
v 68.1762 30.0802 10.7779
v 68.7726 30.0425 10.3761
v 69.1178 30.3187 10.4891
v 69.4568 30.576 10.4829
v 69.7079 30.2873 10.1627
v 70.0029 30.5133 10.0874
v 70.323 30.7644 10.0372
v 70.6055 30.4693 9.6731
v 70.9005 30.2685 9.36552
v 70.9068 30.7016 9.6731
v 71.2646 30.9778 9.75471
v 71.5847 31.2289 9.7296
v 71.8735 31.4548 9.66055
v 72.2062 31.7122 9.69821
v 72.5326 31.9633 9.70449
v 72.8151 32.183 9.62289
v 73.0787 32.3901 9.55384
v 73.3549 32.6036 9.45968
v 73.6311 32.817 9.39691
v 73.9324 32.6224 9.12071
v 74.2463 32.3964 8.88846
v 74.2337 32.8547 9.10188
v 74.2776 33.3192 9.43457
v 74.2588 33.8213 9.65427
v 74.2149 34.2733 9.91791
v 74.4848 34.4804 9.81748
v 74.4973 34.9952 10.1
v 74.7798 35.2086 10.0058
v 75.0435 35.4157 9.93674
v 75.282 35.6041 9.80492
v 75.2192 35.9807 9.79237
v 75.1125 36.3071 9.83631
v 75.3448 36.4891 9.69821
v 75.5707 36.6649 9.50362
v 75.759 36.8155 9.23998
v 76.0917 37.0729 9.25881
v 76.5186 37.3993 9.48479
v 76.8827 37.6881 9.5915
v 77.2405 37.9643 9.71704
v 77.1086 38.2844 9.91791
v 76.8073 38.5104 10.1
v 76.6755 38.774 10.2757
v 76.5123 39.0816 10.3824
v 76.8827 39.3641 10.4577
v 77.2593 39.6591 10.5896
v 77.5669 39.8976 10.5833
v 77.8744 40.1362 10.5394
v 77.6924 40.45 10.6523
v 77.479 40.7576 10.7339
v 77.3283 41.0652 10.7716
v 77.1337 41.423 10.8155
v 77.3723 41.6113 10.6398
v 77.3723 42.1135 10.5519
v 77.8368 42.4713 10.9474
v 77.297 42.5717 10.7528
v 77.5229 43.1743 11.0352
v 77.7928 43.3877 10.9788
v 77.6485 43.7267 10.9913
v 78.1381 43.6514 11.1043
v 78.0439 44.028 11.1859
v 77.4162 44.0468 11.1231
v 77.253 44.4046 11.0729
v 76.8513 44.4737 11.1859
v 76.6692 44.7813 11.2487
v 76.6378 45.2018 11.2926
v 76.9392 45.4278 11.2989
v 76.506 45.5534 11.3303
v 76.2424 45.3462 11.4495
v 75.985 45.1453 11.55
v 75.69 45.3148 11.7006
v 75.4452 45.5973 12.0459
v 75.3008 45.9488 12.1526
v 75.0309 45.7417 12.2342
v 74.7108 45.999 12.4162
v 74.2714 46.0932 12.3535
v 74.2086 46.52 12.5543
v 74.1646 46.9594 12.705
v 74.0391 47.3361 12.8933
v 73.8445 46.7083 12.7615
v 73.8947 46.746 13.6089
v 73.5495 46.4824 13.5084
v 73.198 46.677 13.8098
v 73.9198 47.2356 14.1048
v 73.0097 46.928 13.8537
v 72.6707 46.6644 13.7533
v 72.564 47.0536 13.9667
v 72.7648 47.6876 14.2617
v 72.1246 47.6813 13.8286
v 72.7335 48.1521 13.7909
v 73.0913 47.9449 13.6152
v 73.3612 47.6813 14.3935
v 73.0787 48.422 13.8349
v 73.8571 48.0642 14.1111
v 73.7629 47.5181 14.1362
v 74.2337 47.4867 14.0985
v 74.4597 47.6562 13.9102
v 74.6794 47.832 13.7784
v 74.4157 48.0203 14.1613
v 74.6354 48.1898 13.9479
v 74.2086 48.3341 14.2429
v 73.9638 48.6166 14.1927
v 73.2042 48.9618 14.0232
v 73.1226 49.3824 14.2429
v 72.8025 49.1376 14.224
v 72.5765 49.4829 14.3496
v 72.5138 48.9116 14.2868
v 72.3505 49.3071 14.4877
v 72.2878 49.803 14.9522
v 72.9343 49.759 15.2158
v 73.5118 49.6837 15.1907
v 72.2062 50.1608 15.2347
v 71.9049 49.9348 15.2409
v 71.6726 50.2047 15.3288
v 71.4341 50.0164 15.4858
v 71.2395 50.3617 15.7682
v 70.4674 50.6441 15.9879
v 70.254 50.9392 16.013
v 69.9966 51.1651 16.0821
v 69.689 50.9266 16.0633
v 69.1555 50.9517 16.1449
v 69.5886 51.2907 16.4148
v 69.1806 51.3534 16.804
v 69.0801 51.6987 17.1492
v 68.7726 51.4602 17.1618
v 68.4524 51.2091 17.1115
v 67.9691 51.2718 17.3689
v 67.6301 51.0082 17.3187
v 67.3225 50.7634 17.2747
v 66.6634 50.7383 17.212
v 66.9899 50.9894 17.9903
v 66.494 50.9956 18.0908
v 66.2178 50.7822 17.4317
v 65.9102 51.0082 17.7204
v 65.6214 50.7822 17.7706
v 65.3327 51.0333 18.0782
v 65.1067 51.3221 18.3921
v 64.8117 51.0898 18.4549
v 64.5606 51.3032 18.6746
v 64.2844 51.0898 18.7624
v 64.0145 50.8764 18.8629
v 63.7383 50.663 18.9445
v 63.2801 50.7822 19.1956
v 63.0101 50.5688 19.2772
v 62.6837 50.8073 19.5345
v 62.4326 51.1589 19.8547
v 62.2255 51.479 20.1497
v 61.8802 51.7112 20.4761
v 61.5852 51.4853 20.4761
v 61.309 51.2718 20.52
v 61.0768 51.0898 20.6895
v 60.8131 51.4162 20.9657
v 60.5746 51.2342 21.1729
v 60.3172 51.0333 21.2231
v 60.0222 50.8011 21.3047
v 59.7711 51.1212 21.606
v 59.5514 51.3346 21.7943
v 59.2564 51.1024 21.8445
v 58.9614 50.8701 21.8696
v 58.7291 51.1275 22.0517
v 58.5094 51.4037 22.3718
v 58.3462 51.7301 22.5036
v 58.0386 51.4853 22.5538
v 57.8064 51.6987 22.8238
v 57.5239 51.479 22.8551
v 57.2226 51.2405 22.83
v 56.9087 50.9956 22.8363
v 56.6702 51.2718 23.0246
v 56.099 51.3158 23.1313
v 55.8165 51.661 23.3008
v 55.5027 51.4162 23.2757
v 55.2265 51.705 23.3887
v 54.9377 51.479 23.4075
v 54.6238 51.2405 23.3761
v 54.2598 51.4727 23.508
v 53.9083 51.1965 23.4389
v 53.5881 51.4664 23.621
v 53.2429 51.1965 23.5645
v 52.929 51.4915 23.7465
v 52.6089 51.2467 23.6837
v 52.1318 51.3095 23.6963
v 51.8054 51.0521 23.6586
v 51.4853 50.8011 23.5958
v 51.1589 51.027 23.7151
v 50.7006 51.1463 23.7653
v 50.2926 51.2907 23.8344
v 49.985 51.0521 23.8532
v 49.6461 51.1337 23.872
v 49.2945 50.8576 23.8155
v 49.0435 51.0082 23.9536
v 48.7735 51.1714 24.0541
v 48.5162 51.4413 24.1608
v 48.1458 51.1526 24.0917
v 47.5934 51.1337 24.3428
v 47.2545 50.8701 24.2863
v 46.8904 50.5814 24.211
v 46.5451 50.8262 24.2424
v 46.1748 51.1212 24.4056
v 45.9174 51.4978 24.663
v 45.5031 51.661 24.8136
v 45.1579 51.3911 24.7383
v 44.7875 51.1024 24.6316
v 44.3481 51.2907 24.7697
v 43.7581 51.3723 24.9078
v 43.2371 51.5229 24.8387
v 42.9169 51.2718 24.8073
v 42.5843 51.0082 24.8513
v 42.2516 50.7508 24.8073
v 41.944 50.5123 24.7508
v 41.5234 50.6881 24.845
v 41.1844 50.4244 24.8073
v 40.8392 50.1545 24.7508
v 40.4689 49.8658 24.6379
v 40.1362 49.6021 24.5563
v 39.7846 49.3259 24.437
v 39.4457 49.0623 24.3742
v 39.1569 48.83 24.4244
v 38.9121 48.6417 24.55
v 38.8556 48.0893 24.1545
v 38.4413 48.2714 24.2047
v 38.1149 48.0203 24.211
v 37.7634 47.7441 24.1043
v 37.4056 47.4616 24.0541
v 36.8218 47.5558 24.029
v 36.4829 47.2921 23.9474
v 36.3196 47.719 24.1482
v 35.9116 47.3988 23.9411
v 35.648 47.7629 23.9788
v 35.127 47.8508 23.9662
v 34.7378 47.5495 23.8281
v 34.3549 47.2482 23.6963
v 34.0097 46.972 23.5645
v 33.4886 47.1101 23.5331
v 32.9112 47.2168 23.577
v 32.2709 47.2858 23.6586
v 31.7687 47.3988 23.6523
v 31.48 47.7378 23.7842
v 30.9213 47.8508 23.8218
v 30.5007 48.0893 24.0792
v 30.1304 47.8006 24.029
v 29.6721 47.9261 24.1357
v 29.3332 47.6625 24.0855
v 28.9 47.3235 23.8407
v 28.5799 47.5495 24.2361
v 28.2347 47.2796 24.142
v 27.9836 47.6123 24.142
v 28.5297 47.0285 23.7214
v 28.2033 46.7774 23.7277
v 28.4104 46.4573 23.6335
v 28.5799 46.0179 23.4326
v 28.6992 45.5596 23.2192
v 28.6678 44.9696 23.0309
v 28.3225 44.6997 22.9744
v 28.5046 44.3356 22.8928
v 28.128 44.0406 22.7861
v 27.7388 43.733 22.5915
v 27.9961 43.3689 22.4911
v 27.8957 42.7349 22.2776
v 27.9961 42.2704 22.0579
v 27.5756 41.9377 21.8822
v 27.1989 41.6427 21.7441
v 24.9078 40.3935 21.2984
v 24.5625 40.1236 21.2168
v 24.2298 39.86 21.154
v 23.8658 39.5775 21.0473
v 23.5205 39.3076 20.972
v 23.1627 39.5838 20.9343
v 22.8991 39.9478 20.9594
v 22.535 39.6654 20.9406
v 22.2211 39.4143 20.9469
v 22.1709 38.8054 20.7397
v 21.8006 38.5167 20.6707
v 22.4346 38.4539 20.7021
v 22.0579 38.1651 20.6205
v 21.4365 38.2342 20.5577
v 21.0975 38.5355 20.5514
v 20.7586 38.2718 20.4447
v 20.5891 38.6485 20.5765
v 21.0913 37.958 20.4761
v 21.3423 37.6002 20.4133
v 21.5244 37.2047 20.3443
v 21.7064 36.8469 20.3129
v 22.2902 36.7339 20.3192
v 22.0956 37.1545 20.4196
v 22.4597 37.4433 20.5514
v 22.2525 37.7697 20.5514
v 22.6103 38.0521 20.6393
v 22.9681 38.3346 20.7586
v 22.8238 38.7615 20.859
v 23.1816 39.0439 20.9469
v 22.8489 39.339 20.9532
v 22.5036 39.0628 20.8402
v 21.6625 37.8513 20.4824
v 21.8759 37.4746 20.4196
v 27.4626 41.3602 21.7566
v 27.9899 41.197 21.7504
v 28.3665 41.4983 21.8571
v 28.9189 41.3665 21.8006
v 29.465 41.2472 21.7253
v 29.8165 41.5234 21.8382
v 30.3061 41.3979 21.788
v 30.733 41.7306 22.0642
v 30.9903 41.3665 22.1458
v 31.141 40.9459 21.8571
v 31.6181 40.789 21.7692
v 31.7562 40.4061 21.7504
v 32.1579 40.1362 21.7566
v 32.5973 39.8976 21.7629
v 32.5973 39.3829 21.6374
v 33.0179 39.3013 21.719
v 33.0241 38.8368 21.7629
v 32.999 38.4351 21.6688
v 32.9425 38.0459 21.5118
v 33.3129 37.9957 21.5495
v 33.3757 37.5688 21.4679
v 33.52 37.211 21.4553
v 33.1622 36.9348 21.3298
v 33.2564 36.5268 21.38
v 33.5891 36.7842 21.4177
v 33.9469 37.0666 21.4993
v 34.3486 36.9411 21.4616
v 34.7127 36.6837 21.3298
v 35.0705 36.4452 21.1603
v 35.4157 36.1941 21.041
v 35.7359 36.4452 21.0348
v 36.1251 36.7465 21.154
v 36.4891 37.0352 21.2482
v 36.8469 37.3114 21.3423
v 37.2047 37.5939 21.4365
v 37.5311 37.845 21.4239
v 38.0333 37.732 21.2796
v 38.3597 37.9894 21.3361
v 39.0565 37.9643 21.3612
v 39.3703 37.7195 21.2733
v 39.5398 36.9976 21.0787
v 39.4833 36.056 20.9657
v 39.8788 37.2612 21.0913
v 40.1864 37.0541 21.1352
v 40.1989 37.5123 21.1603
v 40.5128 37.3114 21.1917
v 40.7702 37.0666 21.7943
v 40.5253 36.872 21.9952
v 39.8976 36.8281 21.9826
v 39.7909 37.1922 21.6499
v 39.5649 36.5645 21.9638
v 39.973 36.4389 22.083
v 39.9541 35.987 22.1082
v 40.2492 35.8363 22.083
v 40.6446 35.6292 22.0328
v 40.9773 35.353 22.014
v 41.0526 34.9073 21.8508
v 41.015 34.3926 21.7441
v 41.0966 33.9155 21.7378
v 41.2786 33.5577 21.945
v 41.3225 32.7103 22.0768
v 41.0652 32.5031 22.2525
v 40.7199 32.2395 22.2525
v 40.4375 32.4215 22.309
v 40.1048 32.1642 22.2651
v 40.0608 31.7185 22.1647
v 39.7658 31.4925 22.2086
v 39.7909 31.0468 22.0705
v 39.6905 30.4944 21.6562
v 39.8474 30.1492 21.7504
v 39.7344 29.6721 21.6499
v 39.3829 29.3959 21.5746
v 39.6528 29.126 21.4679
v 39.8223 28.8122 21.3047
v 39.4771 28.5485 21.2419
v 39.6465 28.2598 21.0661
v 39.2887 27.9773 20.972
v 39.4896 27.7513 20.8151
v 39.6403 27.4312 20.6393
v 39.1318 27.0357 20.2564
v 38.7929 26.7721 20.225
v 38.9309 26.452 19.8923
v 39.0377 26.0753 19.5847
v 39.2762 25.8619 19.6412
v 39.3578 25.4476 19.7417
v 39.5147 25.0773 19.5596
v 39.6779 24.7508 19.296
v 39.7721 24.4056 19.0512
v 39.5084 24.1985 18.4486
v 39.2009 23.9599 18.5051
v 38.7866 23.6398 18.2791
v 38.3974 23.3385 18.1473
v 38.0333 23.0497 18.0217
v 38.2781 22.6982 18.0217
v 37.9015 22.4032 17.8836
v 37.5374 22.1207 17.8585
v 37.1859 21.8445 17.7957
v 36.872 21.5997 17.8083
v 36.5582 21.3549 17.8711
v 36.8093 21.0285 17.7518
v 36.9536 20.6519 17.7204
v 37.1608 20.3819 17.6325
v 37.2549 19.9676 17.5196
v 37.324 19.5534 17.1931
v 37.4244 19.1642 16.9609
v 37.4684 18.8001 16.7035
v 37.8073 18.5929 16.3143
v 38.0521 18.3168 15.8875
v 38.0459 17.846 15.605
v 38.0333 17.4003 15.3288
v 38.2279 17.0488 14.9271
v 38.5543 17.3061 14.9145
v 38.8556 17.5384 14.9459
v 39.2071 17.8083 14.971
v 39.5587 17.6263 14.6321
v 39.8662 17.4003 14.3873
v 40.1927 17.6451 14.3747
v 40.5379 17.915 14.4124
v 40.8769 18.1849 14.4814
v 41.5109 18.2728 14.3998
v 41.9189 18.141 14.3747
v 42.2955 18.4423 14.4689
v 42.6345 18.7059 14.5379
v 42.9985 18.9821 14.5881
v 43.3563 19.2646 14.6572
v 43.6702 19.5094 14.7011
v 43.9966 19.7668 14.745
v 44.3607 20.043 14.8204
v 44.6369 19.817 14.4751
v 44.9947 19.6475 14.2052
v 45.3399 19.9237 14.2303
v 45.6852 19.817 13.9541
v 45.9363 19.5282 13.4143
v 46.3003 19.3148 13.0377
v 46.6079 19.1077 12.6485
v 46.972 18.9759 12.2593
v 47.2042 18.6306 11.7069
v 47.2796 18.1975 11.2926
v 47.6248 17.959 10.7779
v 47.8069 17.6765 10.2569
v 47.9198 17.2999 9.83003
v 47.5997 17.0488 9.83631
v 47.2607 16.7851 9.8112
v 47.4616 16.4901 9.17093
v 47.493 16.0946 8.80058
v 47.5307 15.7557 8.42395
v 47.2105 15.5109 8.39884
v 46.8151 15.197 8.31096
v 46.451 14.9145 8.24191
v 46.156 14.6886 8.22936
v 45.8358 14.4375 8.2733
v 46.0367 14.1424 7.78368
v 45.7103 13.8851 7.82762
v 45.3588 13.6152 7.73346
v 45.3964 13.226 7.36311
v 45.0637 12.9686 7.33172
v 44.7122 12.6924 7.28151
v 44.3858 12.4413 7.28778
v 44.367 12.0145 6.96765
v 44.0782 11.7885 7.0367
v 44.0217 11.324 6.70401
v 43.6953 11.0729 6.67262
v 43.62 10.5205 6.30227
v 43.2936 10.2632 6.30227
v 42.9672 10.0121 6.2395
v 42.6972 9.80492 6.35249
v 42.3771 9.55384 6.4027
v 42.5905 9.23998 5.95075
v 42.8793 8.95123 5.53646
v 42.7788 8.44278 5.17238
v 43.0676 8.21053 4.8648
v 43.1492 7.81506 4.65765
v 43.4568 8.05987 4.60116
v 43.3563 8.4365 4.7832
v 43.4505 8.96378 5.14727
v 43.7393 9.18976 5.09705
v 44.0657 9.44713 5.0845
v 44.3732 9.67938 5.03428
v 44.6871 9.92419 5.07822
v 45.0637 10.2192 5.19121
v 45.3776 10.464 5.19749
v 45.7228 10.7277 5.26026
v 46.0932 11.0164 5.29165
v 46.4384 11.2863 5.31675
v 46.4447 11.7195 5.56156
v 46.4133 12.2091 5.74988
v 46.7272 12.4539 5.71222
v 46.4761 12.7364 6.13906
v 46.8088 12.9937 6.16417
v 47.1038 13.226 6.19556
v 47.4679 13.5084 6.24577
v 47.8571 13.8098 6.31482
v 48.2211 14.0922 6.44037
v 48.6668 14.4437 6.69145
v 49.0937 14.7702 6.89232
v 49.464 15.0589 7.04925
v 49.8909 15.3853 7.26267
v 50.2801 15.6866 7.42588
v 50.7195 16.0319 7.7774
v 51.1902 16.3959 8.11009
v 51.6045 16.7161 8.2733
v 52 17.0237 8.45533
v 52.6591 17.0488 8.23563
v 53.0671 17.3689 8.48672
v 53.4186 17.1304 8.16031
v 54.0715 17.2057 7.95944
v 54.3288 16.9421 7.64558
v 54.7243 17.2496 7.82762
v 54.8122 17.7769 8.23563
v 55.1888 18.0719 8.30468
v 55.2704 18.5616 8.73781
v 55.6596 18.8629 8.8759
v 55.4022 19.1767 9.32158
v 55.4587 19.704 9.79237
v 55.8479 20.0116 9.88025
v 55.9107 20.5514 10.282
v 56.2308 20.8025 10.3636
v 56.5384 21.041 10.3636
v 56.2936 21.2733 10.69
v 56.6514 21.5495 10.7465
v 56.9966 21.8194 10.803
v 57.3356 22.083 10.8344
v 57.6745 22.3404 10.8532
v 57.9947 22.5915 10.8595
v 58.296 22.83 10.8532
v 58.6098 23.0748 10.8532
v 58.8609 22.8489 10.4515
v 59.1434 23.0623 10.4264
v 59.4824 23.3259 10.5017
v 59.9469 23.1941 10.4829
v 60.562 23.1816 10.2255
v 60.8885 22.9242 9.93047
v 61.2714 22.7861 9.85514
v 61.5852 22.5727 9.66683
v 62.0121 22.4471 9.46596
v 62.2632 22.2149 9.10816
v 62.5393 22.0517 8.91357
v 62.8093 22.2651 8.83824
v 63.1106 22.4973 8.83196
v 63.4495 22.761 8.78175
v 63.7697 23.0121 8.77547
v 64.0647 23.238 8.75664
v 64.3723 23.4766 8.66248
v 64.661 23.7026 8.61226
v 64.9247 23.9034 8.54949
v 65.2197 24.1357 8.45533
v 65.1695 24.4746 8.493
v 65.0879 24.8324 9.22743
v 64.6673 24.9643 9.37808
v 64.479 25.2781 9.88653
v 64.479 25.7112 10.1502
v 64.2279 26.0314 10.5833
v 63.9705 26.3139 10.9725
v 64.3221 26.5838 11.0352
v 64.2342 27.0169 11.2047
v 64.5229 27.2429 11.1169
v 64.8431 27.4877 11.0792
v 65.1632 27.7388 11.1294
v 65.4394 27.9522 11.029
v 65.7219 28.1719 10.9285
v 66.0294 28.4104 10.9662
v 66.3182 28.6364 10.9223
v 66.6132 28.8624 10.8595
v 66.6697 29.3332 11.1357
v 66.9083 29.5215 10.9725
v 67.2284 29.7663 10.9348
v 67.6929 30.1241 11.3114
v 68.0005 30.3689 11.2926
v 68.2641 30.5698 11.1859
v 68.5152 30.3438 10.7904
v 68.804 30.5635 10.7904
v 69.1366 30.8209 10.8407
v 69.4505 31.0719 10.8218
v 69.7455 30.802 10.4138
v 70.0217 31.0154 10.3824
v 70.367 31.2854 10.4075
v 70.6243 30.9966 10.0058
v 70.9445 31.2477 10.0121
v 71.2646 31.4925 9.99952
v 71.6098 31.7624 10.0748
v 71.9488 32.0261 10.1564
v 72.2062 32.2269 10.0435
v 72.4635 32.4278 9.92419
v 72.7648 32.6601 9.95558
v 73.0599 32.8923 9.8677
v 73.3361 33.1057 9.73588
v 73.6562 33.3568 9.74843
v 73.9387 33.0555 9.42829
v 73.9638 33.5891 9.71704
v 73.9324 34.0536 9.96185
v 73.9073 34.5307 10.1816
v 74.2086 34.7629 10.169
v 74.2023 35.1835 10.3699
v 74.4973 35.4157 10.3259
v 74.7296 35.5978 10.1816
v 74.9932 35.7986 10.0497
v 74.8802 36.1251 10.0372
v 74.9493 36.6084 9.96185
v 75.2067 36.8093 9.84259
v 75.4829 37.0227 9.69821
v 75.6963 37.1922 9.48479
v 76.0415 37.4558 9.56639
v 76.4119 37.7446 9.6731
v 76.7759 38.027 9.80492
v 76.437 38.2216 9.94302
v 76.3114 38.4915 10.1251
v 76.1859 38.8242 10.3071
v 76.0792 39.1946 10.4891
v 76.4307 39.4708 10.5331
v 76.8011 39.7533 10.6837
v 77.1212 40.0043 10.7716
v 77.4288 40.2429 10.7528
v 77.2028 40.5442 10.8407
v 77.0898 40.8831 10.916
v 76.8952 41.2347 11.0101
v 76.8952 41.7431 10.8909
v 77.1589 41.944 10.7151
v 77.0019 42.3457 10.7904
v 76.5939 42.4524 11.0164
v 77.0459 42.804 11.3679
v 77.3095 43.0111 11.2675
v 76.8575 43.1115 11.3868
v 77.479 43.5949 11.3366
v 77.2216 43.8962 11.3303
v 76.7069 43.9778 11.2675
v 77.0145 44.2226 11.2738
v 76.5876 44.2665 11.2675
v 76.3805 44.549 11.2675
v 76.3679 44.9884 11.4495
v 76.0541 44.7499 11.4244
v 75.7528 44.9633 11.6692
v 75.3699 45.07 11.7132
v 75.0686 45.3085 11.9141
v 74.6857 45.4717 12.1589
v 74.3341 45.704 12.3032
v 74.0203 45.8986 12.5104
v 73.9324 46.3003 12.6234
v 73.788 46.1936 12.9812
v 73.2168 46.2187 13.5336
v 72.8402 46.4008 13.7344
v 72.5765 46.1936 13.0942
v 72.1748 46.7523 13.7909
v 72.1936 47.2482 13.6089
v 71.9928 47.0913 13.9102
v 71.9551 47.5432 14.2366
v 72.0492 48.0517 14.1111
v 72.3568 48.2965 14.1424
v 72.7146 48.5789 14.2743
v 72.9657 48.7735 14.1424
v 72.2438 48.6982 14.381
v 72.0995 49.1125 14.6886
v 71.999 49.577 15.0715
v 71.635 49.7214 15.3728
v 71.3399 49.4891 15.3916
v 71.1516 49.7967 15.5422
v 70.3732 50.1608 15.8624
v 70.1096 50.3679 15.8373
v 69.8962 50.663 15.9126
v 69.4254 50.7195 16.1825
v 68.9107 50.3177 16.4211
v 68.7537 50.6316 16.6031
v 68.9985 50.8262 16.5278
v 68.873 51.1149 16.8165
v 68.5843 50.8889 16.8667
v 68.1511 50.9768 17.1618
v 67.8435 50.732 17.168
v 67.536 50.4935 17.2057
v 67.0087 50.5249 17.2434
v 66.6634 50.2549 17.1806
v 66.337 50.4809 17.212
v 65.9227 50.55 17.4944
v 65.6152 50.3114 17.5321
v 65.3452 50.5688 17.8334
v 65.0439 50.8073 18.1347
v 64.7238 50.5625 18.1473
v 64.479 50.8262 18.4549
v 64.1965 50.6127 18.5176
v 63.8889 50.3679 18.5553
v 63.3993 50.393 18.8943
v 63.1106 50.1671 18.9696
v 62.7151 50.3365 19.3399
v 62.4012 50.5876 19.6412
v 62.1376 50.9266 19.9551
v 61.9179 51.2405 20.1622
v 61.6417 51.027 20.225
v 61.3592 50.8073 20.3066
v 61.0705 50.5751 20.3694
v 60.832 50.8952 20.8213
v 60.562 50.6881 20.9281
v 60.267 50.4558 20.9908
v 59.9845 50.2361 21.0661
v 59.7523 50.5876 21.3612
v 59.4761 50.8889 21.6625
v 59.1748 50.6504 21.6813
v 58.8735 50.4182 21.7127
v 58.6412 50.619 21.8885
v 58.4341 50.8952 22.083
v 58.183 51.1526 22.4095
v 57.7436 51.253 22.6103
v 57.4486 51.0208 22.6041
v 57.1096 50.7571 22.6041
v 56.5823 50.7446 22.8112
v 56.3626 51.027 22.9995
v 56.0613 50.7948 22.9744
v 55.804 51.0835 23.1439
v 55.4524 50.8073 23.1564
v 55.1762 51.1526 23.2883
v 54.8435 50.8952 23.2129
v 54.2974 50.9831 23.2945
v 53.9836 50.732 23.2945
v 53.5756 50.9329 23.4138
v 53.268 50.6943 23.395
v 52.9227 50.9454 23.5142
v 52.5336 50.6441 23.4201
v 52.2574 50.9705 23.6147
v 51.8933 50.6818 23.5017
v 51.5983 50.4495 23.4891
v 51.1651 50.55 23.5519
v 50.7948 50.7446 23.6335
v 50.3554 50.8701 23.6837
v 49.9913 50.5876 23.6147
v 49.6272 50.7697 23.7528
v 49.3196 50.5311 23.69
v 48.987 50.619 23.8344
v 48.717 50.7446 23.9097
v 48.4408 50.9078 24.0039
v 48.1144 50.6567 23.985
v 47.8006 50.8764 24.0415
v 47.5055 50.6504 24.0039
v 47.1666 50.3805 23.9788
v 46.8464 50.1357 23.916
v 46.52 50.2926 24.1231
v 46.2062 50.5562 24.1796
v 45.8798 50.8889 24.3805
v 45.5596 51.2216 24.5751
v 45.1704 50.914 24.4621
v 44.8503 50.663 24.4244
v 44.4737 50.8513 24.5939
v 44.0092 51.027 24.7006
v 43.4631 51.14 24.8701
v 43.1304 50.8827 24.8011
v 42.7977 50.619 24.7634
v 42.5027 50.3868 24.7634
v 42.1825 50.1357 24.732
v 41.605 50.2487 24.732
v 41.3037 50.0101 24.6881
v 40.9647 49.7402 24.5939
v 40.6132 49.464 24.5437
v 40.2429 49.1816 24.4244
v 39.9227 48.9242 24.3491
v 39.5524 48.6354 24.2863
v 39.2385 48.3906 24.3114
v 39.4582 48.0014 24.2298
v 39.1255 47.7441 24.1608
v 38.5104 47.8257 24.1106
v 38.2028 47.5809 24.0729
v 37.8889 47.3361 24.0164
v 37.5437 47.0661 23.9788
v 37.0541 47.1917 23.9976
v 36.7277 46.9343 23.916
v 36.1125 47.0034 23.8469
v 35.5287 47.0975 23.8155
v 35.2776 47.4742 23.8407
v 34.9387 47.2105 23.7277
v 34.562 46.9218 23.5707
v 34.1226 46.5703 23.3197
v 33.6393 46.6832 23.4201
v 33.1309 46.8339 23.4577
v 32.5596 46.9406 23.5205
v 31.9256 47.0159 23.5456
v 31.4046 47.1164 23.5394
v 31.1347 47.4616 23.7088
v 30.6137 47.606 23.803
v 30.2496 47.3235 23.7151
v 29.76 47.5118 23.9034
v 29.3394 47.1854 23.6837
v 29.0256 46.9343 23.6837
v 28.7117 46.6895 23.6398
v 28.9189 46.2815 23.5017
v 29.0758 45.8547 23.3699
v 29.3708 45.522 23.1941
v 29.0319 45.2583 23.1376
v 29.1449 44.8378 23.0183
v 28.8247 44.5867 22.9619
v 28.7745 43.9715 22.7547
v 28.3728 43.6576 22.6166
v 28.6364 43.3124 22.5538
v 28.2723 43.0237 22.4346
v 28.4167 42.5968 22.2839
v 28.5485 42.2076 22.1333
v 28.1782 41.9189 22.0014
v 27.789 41.6176 21.8633
v 28.7431 41.7871 21.945
v 29.283 41.6552 21.9136
v 29.6345 41.9314 21.9889
v 30.1806 41.8059 21.9261
v 30.576 42.1135 22.0893
v 31.0406 41.9691 22.1019
v 31.254 41.5799 22.0517
v 31.4611 41.197 21.9073
v 31.9696 41.0652 21.832
v 32.1202 40.6886 21.7817
v 32.522 40.4249 21.8508
v 32.9425 40.1675 21.8194
v 32.93 39.6465 21.719
v 33.3882 39.59 21.7943
v 33.3882 39.1193 21.8508
v 33.3254 38.6924 21.7064
v 33.3003 38.3283 21.606
v 33.6267 38.2405 21.6185
v 33.7335 37.8576 21.5369
v 33.859 37.4746 21.5118
v 34.3047 37.3428 21.562
v 34.719 37.2298 21.4993
v 35.0642 36.9599 21.3863
v 35.4032 36.7026 21.1854
v 35.7359 36.9662 21.2419
v 36.0811 37.2298 21.2921
v 36.4452 37.5186 21.4428
v 36.803 37.7948 21.5369
v 37.1106 38.0396 21.5369
v 37.4433 38.297 21.5746
v 37.845 38.0961 21.4491
v 38.1337 38.3221 21.4365
v 38.6799 38.2405 21.2859
v 39.0126 38.5041 21.3298
v 39.3578 38.2028 21.3298
v 39.6465 37.9392 21.2419
v 39.9604 37.7257 21.2482
v 39.9604 38.184 21.2419
v 39.6403 38.4288 21.2482
v 40.0169 38.7238 21.3549
v 40.2994 38.4476 21.2921
v 40.5128 38.1526 21.7755
v 40.3998 39.0188 21.5181
v 40.9334 38.4853 22.0266
v 40.8392 38.0145 21.8885
v 40.8518 37.5751 21.2733
v 41.1593 37.3679 21.9261
v 41.2096 36.9662 22.0328
v 40.8141 36.6586 21.8822
v 40.5316 36.4389 21.9512
v 40.2805 36.6837 22.1082
v 40.2805 36.238 22.0893
v 40.5881 36.0999 22.1144
v 40.9899 35.8991 22.0705
v 41.3288 35.6292 22.0579
v 41.4732 35.24 22.127
v 41.3539 34.6625 21.8069
v 41.4041 34.154 21.7504
v 41.5422 33.7648 21.8069
v 41.8373 33.52 21.945
v 41.5987 33.3317 22.1082
v 41.6238 32.9425 22.0893
v 41.6929 32.5408 22.0893
v 41.3728 32.2897 22.0642
v 41.0338 32.0261 22.0391
v 40.7074 31.7687 21.9889
v 40.3935 31.9821 22.1835
v 40.4124 31.5365 22.0579
v 40.0985 31.2916 22.0893
v 40.0357 30.7644 21.7504
v 40.1864 30.4128 21.7817
v 40.0483 29.9169 21.7127
v 39.9855 29.3834 21.5118
v 40.1362 29.0633 21.3486
v 40.3496 28.8059 21.2042
v 40.0232 28.5485 21.1478
v 40.1613 28.2786 20.9594
v 39.7784 27.9773 20.8339
v 39.9541 27.6697 20.6519
v 40.1362 27.3935 20.4698
v 39.6089 26.9792 20.0116
v 39.2448 26.703 19.8923
v 39.3892 26.3515 19.6601
v 39.6842 26.1758 19.8672
v 39.703 25.7175 19.817
v 39.8537 25.3409 19.5847
v 40.0357 25.0333 19.4153
v 40.1801 24.7195 19.1704
v 40.2868 24.2612 18.9884
v 39.703 23.8093 18.4235
v 39.0126 23.2757 18.2352
v 38.6296 22.9681 18.1347
v 38.6045 22.4283 18.2603
v 38.1589 22.083 17.9276
v 37.9768 21.9387 18.2477
v 38.3597 21.7504 17.8962
v 38.2091 21.6311 18.2854
v 37.9957 21.4679 18.5302
v 38.1714 21.1666 17.7832
v 37.6943 21.2294 18.5992
v 38.4664 21.3988 17.7895
v 38.6171 21.0348 17.6953
v 38.2844 20.7711 17.6263
v 37.8011 20.8778 17.6074
v 37.9454 20.5138 17.5949
v 37.4684 20.6205 17.6074
v 37.2801 20.9029 17.6765
v 37.0917 21.2482 17.6388
v 37.5814 20.225 17.5572
v 37.6755 19.8295 17.2936
v 37.7697 19.4278 17.0237
v 37.9957 19.2081 16.5215
v 37.8262 19.0763 16.7788
v 38.0396 18.775 16.1323
v 38.3346 18.5365 15.7808
v 38.3409 18.0719 15.5862
v 38.3848 17.6765 15.3539
v 38.6673 17.8962 15.3225
v 39.0063 18.1598 15.3477
v 39.5712 18.0971 15.015
v 39.8662 17.8648 14.6383
v 40.1864 18.1159 14.676
v 40.5505 18.3921 14.7199
v 40.9145 18.6808 14.8078
v 41.2598 18.4862 14.6634
v 41.9189 18.5929 14.563
v 42.2955 18.888 14.7074
v 42.6282 19.1453 14.8078
v 42.9797 19.4215 14.8392
v 43.3124 19.6852 14.9208
v 43.6828 19.9676 15.0401
v 44.0657 20.269 15.0777
v 44.4109 20.5389 15.1405
v 44.6683 20.2878 14.8957
v 45.0072 20.1057 14.563
v 45.3525 20.3757 14.6132
v 45.6726 20.1811 14.268
v 45.9802 20.0492 13.9479
v 46.2501 19.7731 13.4582
v 46.6267 19.5722 13.0251
v 46.9155 19.3525 12.6045
v 47.2984 19.2269 12.2216
v 47.562 18.9131 11.7697
v 47.5934 18.4423 11.3052
v 47.901 18.1724 10.69
v 48.0956 17.9025 10.2129
v 48.2525 17.5572 9.8928
v 48.5162 17.3124 9.2902
v 48.1647 17.0362 9.24626
v 47.8006 16.7537 9.17093
v 47.8257 16.352 8.8508
v 47.8696 16.0193 8.45533
v 48.0014 15.6678 7.90294
v 47.6625 15.4042 7.859
v 47.3737 15.1782 7.86528
v 47.041 14.9208 7.859
v 46.677 14.6383 7.77112
v 46.3819 14.4124 7.81506
v 46.3192 13.9416 7.338
v 45.999 13.6905 7.31917
v 45.6977 13.4582 7.35683
v 45.6538 13.0126 6.8986
v 45.365 12.7866 6.99903
v 45.0072 12.5104 6.9802
v 44.6683 12.2467 6.96137
v 44.6369 11.8011 6.60985
v 44.3105 11.55 6.66007
v 44.2665 11.0227 6.33365
v 43.9338 10.7653 6.30227
v 43.9025 10.2569 5.90681
v 43.5384 9.97441 5.83148
v 43.2496 9.75471 5.95703
v 42.9546 9.52245 5.98841
v 43.2057 9.20232 5.56156
v 43.1304 8.7127 5.17238
v 43.4693 9.40946 5.47368
v 43.7832 9.65427 5.39836
v 44.1535 9.94302 5.46741
v 44.4611 10.1816 5.46113
v 44.8126 10.4515 5.47368
v 45.1391 10.7088 5.47996
v 45.4655 10.9536 5.48624
v 45.7919 11.211 5.51135
v 46.1309 11.4746 5.56156
v 46.0995 11.9643 5.78126
v 46.156 12.4915 6.17045
v 46.156 12.9874 6.47175
v 46.5263 13.2699 6.50942
v 46.8716 13.5398 6.60357
v 47.1917 13.7846 6.59102
v 47.5432 14.0608 6.60357
v 47.8759 14.3182 6.6789
v 48.2149 14.5818 6.74795
v 48.648 14.9145 6.95509
v 49.056 15.2347 7.21873
v 49.508 15.5862 7.52004
v 49.9034 15.8938 7.58909
v 50.3679 16.2516 7.94061
v 50.8324 16.6156 8.27957
v 51.3221 16.9923 8.5746
v 51.6861 17.281 8.73153
v 52.0314 17.5447 8.80686
v 52.4206 17.3501 8.61226
v 52.8223 17.6577 8.78802
v 53.4751 17.689 8.66876
v 53.7953 17.4191 8.30468
v 54.1405 17.689 8.36745
v 54.4544 17.5007 8.12892
v 54.492 17.959 8.48044
v 54.8687 18.254 8.59343
v 54.6678 18.6118 9.12071
v 55.0444 18.9068 9.24626
v 54.7494 19.1579 9.5915
v 55.1072 19.4341 9.71077
v 54.8561 19.7354 10.0623
v 55.2013 20.0053 10.1502
v 55.5654 20.2815 10.2632
v 55.6407 20.7648 10.6335
v 55.9797 21.0285 10.7214
v 55.9734 21.4365 10.9411
v 56.2999 21.6876 10.9599
v 56.6451 21.9575 11.029
v 56.9715 22.2086 11.0666
v 57.3042 22.466 11.1169
v 57.6118 22.7045 11.1231
v 57.9319 22.9556 11.1294
v 58.2709 23.2192 11.1294
v 58.6036 23.4766 11.1106
v 58.8986 23.2945 10.8155
v 59.1936 23.5268 10.7967
v 59.6205 23.8595 11.0227
v 59.9343 23.6774 10.7779
v 60.2984 23.464 10.5331
v 60.901 23.4452 10.2318
v 61.2211 23.1816 9.95558
v 61.5978 23.0435 9.84259
v 61.9367 22.8489 9.67938
v 62.3322 22.6919 9.47851
v 62.5833 22.4597 9.10816
v 62.8971 22.7045 9.09561
v 63.1984 22.943 9.02028
v 63.5123 23.1878 9.02656
v 63.7885 23.395 8.95123
v 64.071 23.621 8.88846
v 64.3346 23.8218 8.76919
v 64.5857 24.0227 8.69387
v 64.8996 24.2612 8.61854
v 64.6485 24.4935 8.92612
v 64.3472 24.7132 9.40319
v 64.1526 25.027 9.94302
v 64.2028 25.4978 10.2004
v 63.8764 25.7615 10.5582
v 63.5688 26.0063 10.7904
v 63.5562 26.4896 11.1608
v 63.9392 26.7846 11.2424
v 63.9329 27.2052 11.393
v 64.2593 27.4563 11.3868
v 64.5418 27.676 11.3052
v 64.887 27.9459 11.4056
v 65.1946 28.1844 11.3993
v 65.4959 28.4167 11.3742
v 65.7784 28.6427 11.3491
v 66.0734 28.8687 11.2738
v 66.3747 29.1072 11.211
v 66.5944 29.6847 11.3052
v 66.8957 29.9232 11.2801
v 67.3665 30.2873 11.6755
v 67.6803 30.5258 11.6504
v 67.9879 30.7706 11.6002
v 68.2955 31.0092 11.5625
v 68.578 30.8146 11.2047
v 68.8981 31.0657 11.2738
v 69.1931 31.2916 11.1796
v 69.5195 31.549 11.1859
v 69.7016 31.2665 10.7591
v 70.0343 31.5239 10.7716
v 70.3732 31.7875 10.7653
v 70.662 31.5176 10.3887
v 70.9507 31.7373 10.4075
v 71.2646 31.9821 10.3761
v 71.591 32.2332 10.3699
v 71.9237 32.4906 10.4201
v 72.2627 32.7542 10.4201
v 72.5389 32.9676 10.3259
v 72.7962 33.1685 10.2255
v 73.085 33.3945 10.1251
v 73.3612 33.6079 10.0497
v 73.6436 33.8276 10.056
v 73.606 34.2984 10.2318
v 73.6185 34.7378 10.4389
v 73.9198 34.9701 10.4138
v 73.8759 35.3467 10.6712
v 74.1709 35.5727 10.5958
v 74.4408 35.7861 10.4703
v 74.6731 35.9681 10.282
v 74.6919 36.4075 10.1627
v 74.717 36.8846 10.282
v 74.8991 37.029 10.0372
v 75.1627 37.2361 9.93674
v 75.6649 37.619 9.69194
v 76.0352 37.914 9.79865
v 75.9285 38.1965 9.94302
v 75.8218 38.5418 10.1627
v 75.7339 38.9247 10.3636
v 75.5017 39.2134 10.4829
v 75.8281 39.4708 10.5958
v 76.1984 39.7595 10.7277
v 76.55 40.0357 10.8532
v 76.8513 40.268 10.8281
v 76.8199 40.676 10.9788
v 76.6127 41.015 11.1231
v 76.6755 41.5674 11.0666
v 76.4684 41.9314 11.1043
v 76.7383 42.1386 10.9599
v 76.3303 42.2516 11.1733
v 76.1733 42.578 11.2298
v 76.4181 42.7663 11.098
v 76.2173 43.1115 11.1231
v 76.6253 43.4317 11.4056
v 76.324 43.6828 11.1043
v 76.1859 43.9527 11.0478
v 76.0541 44.2979 11.2173
v 75.803 44.5553 11.5688
v 75.4452 44.7248 11.7195
v 75.0748 44.8378 11.7195
v 74.7798 45.0826 11.9768
v 74.3969 45.2458 12.1902
v 74.0705 45.5031 12.3974
v 73.4616 45.4592 12.6799
v 73.8131 45.7354 12.7489
v 73.4051 45.8923 12.7803
v 73.1477 45.6914 12.9058
v 73.7629 45.2583 12.479
v 73.4804 45.0386 12.5167
v 72.8653 45.4717 12.9623
v 72.9783 45.0826 13.0377
v 72.6205 45.2772 13.1444
v 72.4322 45.6098 13.1067
v 72.6707 45.7919 12.9937
v 72.2376 45.93 13.7658
v 72.5891 46.1999 13.8223
v 72.4322 46.4761 13.9165
v 72.1811 46.2815 14.0357
v 71.8609 46.0304 13.9918
v 71.7354 46.407 14.268
v 71.9049 47.0222 14.3998
v 71.7731 47.3988 14.563
v 71.6601 47.7504 14.7011
v 71.8986 47.9324 14.4814
v 71.8672 48.4095 14.2805
v 71.8547 48.9179 14.8141
v 71.7479 49.3824 15.1782
v 71.4843 49.1753 15.2096
v 71.0888 49.2945 15.5548
v 70.888 49.5958 15.649
v 70.21 49.5582 15.5485
v 69.9715 49.8532 15.6992
v 69.4317 49.8407 15.7055
v 69.6953 50.0415 16.3394
v 69.1241 50.0541 16.3143
v 68.6659 49.6963 15.9503
v 68.578 50.0604 16.4211
v 68.4524 50.3993 16.5905
v 68.2892 50.6567 16.9421
v 68.0005 50.4307 17.0174
v 67.718 50.211 17.0488
v 67.2158 50.2424 17.1869
v 66.8392 49.9474 17.0864
v 66.3433 49.9976 17.1492
v 66.0734 50.2738 17.2559
v 65.7909 50.0541 17.3061
v 65.2887 50.0541 17.5258
v 65.0188 50.3114 17.8146
v 64.705 50.0666 17.8146
v 64.4727 50.3617 18.1912
v 64.1777 50.1357 18.2414
v 63.8889 49.9097 18.3481
v 63.6253 50.1608 18.6494
v 63.3679 49.9599 18.7059
v 63.1168 49.7653 18.8629
v 62.8155 49.9348 19.0575
v 62.4264 50.1106 19.3901
v 62.1313 50.3742 19.6726
v 61.8551 50.7069 20.0053
v 61.5852 50.4935 20.0681
v 61.2839 50.2612 20.1057
v 61.0328 50.0666 20.1748
v 60.8131 50.3742 20.4949
v 60.5558 50.1733 20.6644
v 60.2733 49.9599 20.7837
v 60.0159 49.7528 20.859
v 59.7083 50.0164 21.1352
v 59.4698 50.3679 21.3737
v 59.1936 50.1482 21.4804
v 58.8986 49.9223 21.5244
v 58.591 50.1985 21.7504
v 58.3399 50.3805 21.9512
v 58.1579 50.6818 22.1521
v 57.9194 50.9392 22.4471
v 57.6243 50.7069 22.4283
v 57.3105 50.4621 22.4471
v 56.7832 50.4998 22.5789
v 56.4756 50.2612 22.5601
v 56.2747 50.4998 22.7924
v 55.7475 50.55 22.9744
v 55.4022 50.2738 22.8865
v 55.1072 50.5374 23.0748
v 54.5046 50.6316 23.1502
v 54.1656 50.3679 23.1753
v 53.6823 50.4998 23.3071
v 53.3559 50.2424 23.2694
v 52.9478 50.4433 23.351
v 52.6089 50.1796 23.2632
v 52.1883 50.3679 23.351
v 51.8933 50.1357 23.3071
v 51.5606 49.8783 23.2632
v 51.2467 50.1796 23.4515
v 50.8324 50.2926 23.4891
v 50.4307 50.4558 23.5519
v 50.1231 50.2173 23.5142
v 49.6837 50.3491 23.5833
v 49.3385 50.0729 23.5519
v 48.9932 50.2738 23.7277
v 48.6731 50.3742 23.8155
v 48.3844 50.4935 23.8971
v 48.0328 50.2173 23.8407
v 47.8006 50.4119 23.9097
v 47.4616 50.142 23.8846
v 47.1164 49.872 23.8281
v 46.7962 49.621 23.7653
v 46.5389 49.8909 23.8783
v 46.2313 50.0666 24.0855
v 45.8672 50.2926 24.1168
v 45.5408 50.6253 24.3428
v 45.2332 50.3805 24.2989
v 44.9256 50.1357 24.2549
v 44.5365 50.4182 24.393
v 44.1159 50.5751 24.5374
v 43.6388 50.7383 24.5939
v 43.3312 50.4935 24.5814
v 42.9985 50.2298 24.55
v 42.6345 49.9474 24.4872
v 42.3018 49.69 24.4684
v 41.8373 49.8658 24.7069
v 41.5046 49.6084 24.6316
v 41.1593 49.3322 24.5625
v 40.7827 49.0372 24.4998
v 40.4249 48.761 24.393
v 40.0985 48.5036 24.3114
v 39.7533 48.2337 24.2549
v 40.0043 47.8885 24.1294
v 39.6717 47.6248 24.098
v 39.3013 47.3361 24.0101
v 38.774 47.4679 24.1482
v 38.4476 47.2105 24.0792
v 38.1149 46.9469 24.0227
v 37.7383 46.6581 23.9348
v 37.1985 46.79 23.9034
v 36.872 46.5389 23.8344
v 36.3824 46.6581 23.8281
v 36.0058 46.3694 23.6774
v 35.7233 46.7021 23.7151
v 35.1521 46.8025 23.6272
v 34.7504 46.4949 23.4891
v 34.3361 46.1685 23.3134
v 33.8276 46.3443 23.3134
v 33.2941 46.4196 23.3322
v 32.7605 46.5389 23.3448
v 32.2081 46.6644 23.4326
v 31.5867 46.7523 23.4264
v 31.0406 46.8276 23.4829
v 30.7706 47.1854 23.5958
v 30.4317 46.9155 23.5582
v 29.9295 47.0724 23.6523
v 29.6094 46.8213 23.6147
v 29.2578 46.5451 23.5707
v 29.3834 46.0932 23.4013
v 29.6972 45.7793 23.2443
v 29.8605 45.3964 23.1502
v 29.5215 45.1328 23.0874
v 29.7914 44.7687 22.9681
v 29.4462 44.4988 22.9054
v 29.1135 44.2414 22.874
v 29.3457 43.8711 22.761
v 28.9879 43.5823 22.6605
v 29.1574 43.1806 22.5162
v 28.7871 42.8856 22.4095
v 28.9189 42.4964 22.2839
v 29.1072 42.0758 22.127
v 29.4713 42.3583 22.2086
v 30.0111 42.2202 22.0956
v 30.3187 42.465 22.1144
v 30.6451 42.7224 22.1207
v 30.915 42.3771 22.1082
v 31.3732 42.2327 22.1082
v 31.6118 41.8624 22.0956
v 31.775 41.4481 21.9512
v 32.3023 41.3163 21.901
v 32.4592 40.9585 21.8445
v 32.8609 40.6886 21.8822
v 33.2564 40.4124 21.8445
v 33.3003 39.9353 21.8069
v 33.7021 39.8411 21.8508
v 33.7335 39.3892 21.8696
v 33.6707 38.9623 21.7817
v 33.6393 38.5983 21.6688
v 33.9594 38.4978 21.6876
v 34.0724 38.1149 21.6374
v 34.2168 37.7571 21.5809
v 34.6562 37.619 21.6499
v 35.0391 37.4809 21.5181
v 35.3592 37.1922 21.3988
v 35.6543 37.4244 21.4051
v 36.0497 37.732 21.5118
v 36.4138 38.0145 21.606
v 36.7591 38.2907 21.6562
v 37.0855 38.5418 21.6436
v 37.3993 38.7929 21.675
v 37.7634 38.5543 21.5558
v 38.0898 38.8054 21.562
v 38.4351 38.5606 21.4051
v 38.7175 38.7803 21.3737
v 39.339 38.7552 21.38
v 39.7219 39.0565 21.493
v 40.0985 39.3515 21.6813
v 40.4186 39.6026 21.7755
v 40.8015 39.3327 21.7315
v 41.2158 38.705 21.9575
v 41.2598 38.3409 22.0454
v 41.5674 38.14 21.4867
v 41.0903 37.7634 21.8257
v 41.6427 38.6485 21.5118
v 41.8749 38.3723 21.5056
v 42.1386 38.1337 21.9638
v 41.5046 37.6379 21.9763
v 41.5485 37.6755 21.3235
v 41.5485 37.2361 22.1082
v 41.5925 36.8846 22.1647
v 41.5548 36.3385 21.9826
v 41.1844 36.5645 22.0391
v 40.8455 36.3008 21.9889
v 41.2598 36.1062 22.0014
v 41.7243 35.9367 22.2337
v 41.8122 35.4973 22.196
v 41.8561 35.0517 22.1772
v 41.8749 34.5244 22.1521
v 42.2013 33.8025 22.0956
v 42.2955 33.4698 22.1082
v 41.9314 33.1873 22.0203
v 42.0319 32.8044 22.2086
v 42.0946 32.3776 22.0328
v 41.7619 32.114 22.0014
v 41.4355 31.8566 21.9952
v 41.1154 31.6055 22.014
v 40.7953 31.3544 22.0203
v 40.4124 31.0594 21.9136
v 40.5316 30.6828 21.8382
v 40.6948 30.4254 21.7566
v 40.3935 30.1869 21.7629
v 40.6634 29.9169 21.606
v 40.3245 29.647 21.5997
v 40.4689 29.3206 21.4114
v 40.6823 29.0695 21.2356
v 40.8706 28.831 21.0661
v 40.563 28.5862 21.0661
v 40.676 28.2409 20.8213
v 40.3119 27.9522 20.7586
v 40.5253 27.6948 20.5891
v 40.6132 27.3056 20.269
v 40.1487 26.9416 19.9237
v 39.7658 26.6465 19.7731
v 40.0232 26.4394 19.817
v 40.0546 25.9874 19.9049
v 40.2805 25.6736 19.7919
v 40.4061 25.3221 19.5596
v 40.5567 25.0208 19.3525
v 40.676 24.5688 19.183
v 40.8518 24.1859 18.9068
v 40.5128 23.916 18.844
v 40.0357 23.5456 18.5176
v 39.2887 22.9619 18.2665
v 38.9435 22.6982 18.2854
v 38.9247 22.1898 18.4297
v 38.9435 21.7755 18.0406
v 39.0126 21.3423 17.8271
v 39.069 20.9092 17.4631
v 38.6924 20.6205 17.3815
v 38.3221 20.3317 17.2873
v 37.9831 20.0681 17.2873
v 38.0961 19.6789 17.0111
v 38.4037 19.9237 16.9797
v 38.7364 20.1873 17.0425
v 39.1004 20.4635 17.1429
v 39.182 20.1309 16.9295
v 39.0753 19.5785 16.3394
v 39.4017 19.8358 16.4399
v 39.4268 19.3901 16.0444
v 39.1004 19.1328 16.013
v 38.7112 19.296 16.2327
v 38.6987 18.8189 15.8373
v 38.3409 19.0135 16.1386
v 38.6296 18.2979 15.5234
v 38.9623 18.5553 15.5548
v 39.3452 18.4235 15.3477
v 39.8914 18.3481 15.0275
v 40.2554 18.6306 15.0966
v 40.5881 18.888 15.1091
v 40.9459 19.1642 15.2284
v 41.3414 19.0135 15.0212
v 41.6615 18.7938 14.8329
v 42.013 19.07 14.9585
v 42.3646 19.3462 15.015
v 42.7412 19.635 15.0903
v 43.0927 19.9112 15.1342
v 43.4631 20.1999 15.2598
v 43.8271 20.4824 15.3163
v 44.1598 20.746 15.3602
v 44.7373 20.7962 15.1907
v 45.0198 20.5577 14.902
v 45.3776 20.8402 14.9271
v 45.6789 20.6267 14.6572
v 46.0179 20.451 14.3182
v 46.2815 20.2752 13.9604
v 46.5891 20.0367 13.4959
v 46.9594 19.8295 13.0314
v 47.2168 19.5847 12.6045
v 47.606 19.4655 12.2467
v 47.8759 19.1579 11.7822
v 47.8822 18.662 11.2926
v 48.2211 18.4297 10.7088
v 48.4973 18.2163 10.3385
v 48.6166 17.8397 10.0058
v 48.8928 17.6012 9.40946
v 48.83 17.1304 8.95751
v 48.4597 16.8416 8.88218
v 48.1521 16.6031 8.8759
v 48.24 16.3081 8.51183
v 48.353 15.944 7.97827
v 48.4032 15.5548 7.56398
v 48.0077 15.2535 7.41333
v 47.6499 14.971 7.36311
v 47.3172 14.7137 7.32545
v 47.0034 14.4689 7.37566
v 46.6205 14.1738 7.28151
v 46.633 13.7721 6.92371
v 46.3066 13.521 6.89232
v 45.9676 13.2574 6.8986
v 45.8358 12.7364 6.49686
v 45.522 12.4915 6.50314
v 45.2081 12.2467 6.54708
v 44.9131 12.0208 6.57219
v 44.8942 11.5123 6.18928
v 44.6055 11.2863 6.28971
v 44.5365 10.7465 5.89425
v 44.2163 10.5017 5.91308
v 44.8315 10.9788 5.85659
v 45.1077 11.1985 5.78754
v 45.4404 11.4495 5.8252
v 45.7731 11.7069 5.81265
v 45.8609 12.2593 6.16417
v 45.5471 12.0145 6.19556
v 45.2144 11.7571 6.22067
v 46.972 14.0357 6.95509
v 47.2921 14.2868 6.98648
v 47.606 14.5316 6.99276
v 47.9324 14.7827 7.04297
v 48.3341 15.0966 7.16852
v 48.7735 15.4355 7.4196
v 49.2255 15.7871 7.70208
v 49.6335 16.1009 7.859
v 50.0039 16.3897 7.97827
v 49.5519 16.4524 8.05987
v 49.5833 16.8981 8.48672
v 49.0811 16.5089 8.1352
v 48.9054 16.8228 8.61226
v 49.3259 17.1492 8.81313
v 49.2506 17.4568 9.13327
v 49.8595 17.5698 9.36552
v 50.1733 17.3563 9.14582
v 49.4264 18.0217 9.88025
v 49.872 17.9401 9.8112
v 50.0039 18.4674 10.4577
v 50.4872 18.0531 10.1062
v 50.4621 18.3984 10.4013
v 50.9956 18.4486 10.4577
v 51.2342 18.1724 10.0246
v 50.8387 17.8711 9.88025
v 51.1714 17.7079 9.5099
v 50.6567 17.3061 9.10816
v 51.071 17.2183 8.95123
v 50.6127 16.8667 8.64993
v 51.4664 17.5258 9.14582
v 51.8242 17.8083 9.26509
v 52.4582 17.8774 9.014
v 52.8914 18.21 9.32786
v 53.2554 17.9966 9.0705
v 53.8831 18.0029 8.78802
v 54.2535 18.2916 8.9324
v 53.9961 18.5741 9.29647
v 54.379 18.8691 9.47851
v 54.4481 19.4153 9.92419
v 54.2096 19.6538 10.2318
v 54.5862 19.9488 10.3761
v 54.9503 20.225 10.4703
v 55.2892 20.4949 10.5645
v 55.283 20.8967 10.8344
v 55.6345 21.1729 10.9034
v 55.5027 21.493 11.0478
v 55.8165 21.7378 11.0917
v 56.1241 21.9763 11.098
v 56.4693 22.2463 11.1043
v 56.8083 22.5036 11.1545
v 57.1661 22.7861 11.1922
v 57.5051 23.0497 11.2361
v 57.8378 23.3071 11.2801
v 58.2018 23.5896 11.3554
v 58.5345 23.8469 11.393
v 58.9111 23.7151 11.098
v 59.2376 23.9725 11.1169
v 59.6267 24.2738 11.2863
v 60.0034 24.1545 11.1294
v 60.2733 23.9411 10.8972
v 60.6185 23.7151 10.5833
v 60.9575 23.9788 10.6147
v 61.2525 23.7214 10.3008
v 61.5538 23.4389 10.0309
v 61.9242 23.3008 9.86142
v 62.2506 23.0874 9.65427
v 62.6272 22.9242 9.45968
v 62.9034 23.1376 9.39063
v 63.2424 23.4013 9.41574
v 63.5374 23.6272 9.34041
v 63.7885 23.8218 9.16465
v 64.0521 24.029 9.03911
v 64.3221 24.2424 8.91357
v 64.0647 24.4998 9.44085
v 63.8199 24.7697 9.8928
v 63.8952 25.2593 10.2318
v 63.55 25.5041 10.5519
v 63.2424 25.7552 10.7465
v 63.1482 26.1758 10.9034
v 63.2801 26.6968 11.3554
v 63.6316 26.973 11.4182
v 63.5437 27.3182 11.5563
v 63.8764 27.5756 11.6316
v 64.14 27.7764 11.5249
v 64.4727 28.0401 11.55
v 64.818 28.3037 11.5751
v 65.1193 28.536 11.5123
v 65.4645 28.8122 11.5876
v 65.7784 29.0507 11.5939
v 66.0734 29.283 11.5374
v 66.3621 29.5089 11.4809
v 66.2805 29.8667 11.7571
v 66.5881 30.1053 11.776
v 66.9961 30.4254 11.9392
v 67.3414 30.6953 11.9894
v 67.6803 30.9527 12.0898
v 67.9816 31.1849 12.0145
v 68.2704 31.4109 11.9517
v 68.5968 31.2414 11.5374
v 68.9421 31.5113 11.6002
v 69.2559 31.7562 11.6002
v 69.5384 31.9759 11.5311
v 69.8083 31.7687 11.098
v 70.1284 32.0198 11.098
v 70.4172 32.2458 11.0352
v 70.6683 32.0198 10.7465
v 70.957 32.2395 10.6774
v 71.3336 32.5345 10.7465
v 71.6161 32.7479 10.7088
v 71.9174 32.9865 10.7026
v 72.2313 33.2313 10.6774
v 72.5012 33.4384 10.6335
v 72.746 33.633 10.5268
v 73.0285 33.8464 10.3761
v 73.3047 34.0661 10.3008
v 73.3361 34.5118 10.508
v 73.2545 34.8633 10.7402
v 73.5997 35.1333 10.7779
v 73.7566 35.6794 10.8532
v 74.0579 35.9179 10.803
v 74.2776 36.0874 10.5896
v 74.466 36.2318 10.3761
v 74.4534 36.6837 10.4264
v 74.5162 37.098 10.4201
v 74.7296 37.2675 10.1627
v 75.0121 37.4809 10.0435
v 75.3071 37.7132 9.98068
v 75.5519 37.9015 9.8112
v 75.4452 38.253 9.98068
v 75.3322 38.6171 10.1816
v 75.1251 38.9247 10.3197
v 75.0686 39.3076 10.5519
v 75.4389 39.5963 10.6649
v 75.8218 39.8914 10.8344
v 76.2047 40.1927 10.9788
v 76.5311 40.4437 11.0101
v 76.3303 40.7953 11.2361
v 76.437 41.379 11.2361
v 76.2738 41.7808 11.2989
v 76.098 42.0695 11.3303
v 75.916 42.3771 11.3617
v 75.6963 42.7098 11.437
v 75.9662 42.9169 11.2926
v 75.8406 43.3061 11.3491
v 76.0604 43.4756 11.1985
v 75.9223 43.7518 11.211
v 75.7779 44.0845 11.2738
v 75.5393 44.3481 11.732
v 75.1125 44.4674 11.6692
v 74.7798 44.6118 11.7446
v 74.5664 44.9131 12.2028
v 74.1082 45.0261 12.2154
v 73.832 44.8064 12.3283
v 73.5746 44.5992 12.4413
v 73.0097 44.6745 12.8054
v 72.7146 44.8754 13.2071
v 72.4573 44.6745 13.2887
v 72.4447 45.1453 13.4771
v 72.2501 45.4655 13.4394
v 71.9174 45.6789 13.816
v 71.522 45.7668 13.9353
v 71.3713 46.1246 14.1801
v 71.4027 46.6267 14.7325
v 71.6852 46.8464 14.6195
v 71.5471 47.2294 14.6948
v 71.4215 47.5683 14.8643
v 71.4592 48.083 14.7513
v 71.6977 48.2714 14.6132
v 71.5157 48.6605 14.7199
v 71.252 48.4534 14.8894
v 71.2583 48.9995 15.423
v 70.7687 49.0435 15.5736
v 70.5427 49.3259 15.5862
v 70.1975 49.0497 15.4983
v 69.8962 49.3134 15.5109
v 69.62 49.577 15.5799
v 69.1053 49.5833 15.6615
v 68.8479 49.3761 15.7871
v 68.4085 49.4954 16.0444
v 68.1511 49.7277 16.1825
v 68.1197 50.1357 16.5717
v 67.7431 49.8469 16.3708
v 67.4355 49.985 17.0802
v 67.0777 49.7088 16.9546
v 66.5065 49.69 16.986
v 66.0106 49.7402 17.0676
v 65.4582 49.7967 17.2999
v 64.9812 49.8093 17.5007
v 64.6799 49.577 17.5007
v 64.3848 49.8155 17.7957
v 64.0835 49.5833 17.8711
v 63.5939 49.6774 18.3356
v 63.3052 49.4515 18.4297
v 62.8281 49.5393 18.9131
v 62.5582 49.7402 19.1453
v 62.0246 49.7967 19.1704
v 61.8175 50.1357 19.6412
v 61.5162 49.8971 19.6977
v 61.2463 49.6837 19.7731
v 60.9952 49.4891 19.886
v 60.8006 49.8846 20.3506
v 60.5495 49.6837 20.5451
v 60.2858 49.4766 20.6205
v 59.9908 49.2506 20.6644
v 59.7335 49.5331 20.9218
v 59.3945 49.7716 21.1666
v 59.0932 49.5393 21.2356
v 58.6036 49.69 21.5307
v 58.3085 49.9725 21.7441
v 58.001 50.1168 21.8885
v 57.8315 50.4244 22.0956
v 57.5176 50.1796 22.1082
v 56.9966 50.2173 22.4032
v 56.7079 49.9913 22.4346
v 56.3752 49.7277 22.4283
v 56.1555 50.0101 22.5727
v 55.9546 50.2487 22.7861
v 55.6094 49.9787 22.7359
v 55.0758 50.0227 22.8489
v 54.7871 50.2863 22.9807
v 54.4606 50.0352 22.9932
v 54.1656 49.803 22.9807
v 53.8329 50.1106 23.1313
v 53.5442 49.8783 23.1062
v 53.0043 49.9662 23.1878
v 52.6591 49.6963 23.1188
v 52.2825 49.9223 23.1878
v 51.9686 49.6774 23.1878
v 51.6422 49.4264 23.2004
v 51.2593 49.6461 23.2883
v 50.9203 49.9223 23.4515
v 50.4872 50.0227 23.4577
v 50.1733 49.7779 23.4326
v 49.8155 49.9725 23.4829
v 49.4703 49.7088 23.4201
v 48.9995 49.8155 23.5331
v 48.6731 50.0227 23.6963
v 48.353 50.1231 23.7779
v 48.0517 49.8846 23.7402
v 47.6939 49.9474 23.7842
v 47.3675 49.6963 23.7151
v 47.0473 49.4389 23.6774
v 46.7335 49.1941 23.6398
v 46.4322 49.3385 23.7088
v 46.1936 49.621 23.8344
v 45.8923 49.803 24.0352
v 45.5345 50.0352 24.0792
v 45.183 49.759 24.0101
v 44.5741 49.8658 24.2236
v 44.1849 50.142 24.3303
v 43.7706 50.3052 24.506
v 43.4505 50.0478 24.4809
v 43.1304 49.803 24.437
v 42.804 49.5456 24.393
v 42.4901 49.3008 24.3428
v 42.0005 49.4515 24.4621
v 41.6678 49.1941 24.3868
v 41.3477 48.9367 24.3303
v 41.0087 48.6731 24.2801
v 40.6823 48.422 24.2361
v 40.337 48.1458 24.1608
v 40.4626 47.7127 24.0478
v 40.1299 47.4491 24.0352
v 39.7972 47.1917 23.9725
v 39.4833 46.9469 23.9223
v 38.9498 47.0661 23.9662
v 38.6359 46.8151 23.9034
v 38.2844 46.5389 23.7904
v 37.9329 46.2689 23.6837
v 37.3805 46.3757 23.8532
v 37.0164 46.0869 23.7402
v 36.4703 46.225 23.69
v 36.0811 45.9174 23.4954
v 35.6166 46.0618 23.4891
v 35.3153 46.3757 23.5142
v 34.9324 46.0806 23.3322
v 34.5558 45.7793 23.169
v 33.9406 45.8547 23.1062
v 33.4635 46.0555 23.2067
v 32.9425 46.1434 23.2318
v 32.3776 46.2376 23.2255
v 31.844 46.3819 23.2945
v 31.254 46.4886 23.4201
v 30.689 46.5577 23.4264
v 30.0864 46.6456 23.4954
v 29.7537 46.3819 23.464
v 30.0299 46.043 23.3008
v 30.2182 45.6726 23.2255
v 30.4379 45.2772 23.1125
v 30.1178 45.0261 23.0372
v 30.3877 44.6808 22.9305
v 30.055 44.4235 22.8865
v 29.7035 44.1473 22.8238
v 29.8479 43.7204 22.6731
v 29.5089 43.4568 22.6103
v 29.6659 43.0802 22.4346
v 29.3206 42.8165 22.4157
v 29.7977 42.6156 22.2463
v 30.1178 42.8667 22.3153
v 30.4505 43.1241 22.3718
v 30.9652 42.9734 22.1647
v 31.2414 42.6345 22.1333
v 31.6746 42.4713 22.1395
v 31.9507 42.1197 22.1647
v 32.1704 41.7557 22.0893
v 32.7103 41.6364 22.1458
v 32.8295 41.2472 22.0014
v 33.1936 40.9522 21.9136
v 33.5954 40.6823 21.8947
v 33.6832 40.2366 21.9324
v 34.0285 40.0922 21.9073
v 34.0536 39.6403 21.9073
v 33.9783 39.2009 21.788
v 33.9908 38.8682 21.7064
v 34.3047 38.7677 21.7315
v 34.4177 38.3911 21.6876
v 34.5746 38.0396 21.6625
v 34.9952 37.8889 21.7315
v 35.353 37.7257 21.5244
v 35.717 38.0082 21.5746
v 36.0686 38.2844 21.7001
v 36.4075 38.5543 21.7566
v 36.7277 38.8054 21.7566
v 36.9976 39.0188 21.7253
v 37.2863 39.2448 21.7001
v 37.6881 39.0126 21.5997
v 38.0082 39.2636 21.5872
v 38.3974 39.0502 21.5369
v 38.7426 39.3201 21.606
v 39.1067 39.0816 21.5056
v 39.5022 39.3892 21.6436
v 39.8914 39.6968 21.8069
v 40.2554 39.9855 21.9261
v 40.789 39.8914 21.8759
v 41.1468 39.6026 21.7566
v 41.3665 39.2887 21.562
v 41.6427 39.0377 21.5118
v 41.9879 38.9184 21.5244
v 42.4713 38.3974 22.0077
v 42.5654 38.0333 22.3592
v 42.2139 37.7508 22.196
v 41.8938 37.4998 22.196
v 41.9691 37.1796 22.3341
v 42.0068 36.6963 22.2776
v 42.17 36.2883 22.5287
v 42.1323 35.7547 22.2588
v 42.2516 35.3655 22.3592
v 42.3081 34.8571 22.422
v 42.4838 34.5055 22.4911
v 42.6094 34.1226 22.2714
v 42.1135 34.2105 22.3781
v 42.76 33.3694 22.3906
v 42.7851 32.9174 22.1772
v 42.3771 33.0744 22.3028
v 42.4273 32.635 22.1019
v 42.4524 32.183 21.9575
v 42.1135 31.9194 21.9324
v 41.7933 31.6683 21.8947
v 41.4732 31.4172 21.8759
v 41.1782 31.1849 21.8696
v 40.8518 30.9338 21.8571
v 41.0212 30.6765 21.788
v 40.9899 30.168 21.6374
v 41.1531 29.8605 21.4679
v 40.8141 29.5905 21.4365
v 41.0024 29.3143 21.2607
v 41.2158 29.1009 21.1038
v 41.2849 28.718 20.859
v 40.9899 28.4858 20.8716
v 41.2096 28.2347 20.6895
v 40.8769 27.971 20.6393
v 40.9647 27.5818 20.3443
v 41.1782 27.3433 20.2438
v 40.7388 27.0043 20.0304
v 40.3684 26.7093 19.8484
v 40.6132 26.4268 19.7605
v 40.3559 26.2323 19.8735
v 40.6007 25.9247 19.7542
v 40.7137 25.5606 19.5471
v 40.8957 25.2844 19.3776
v 40.9961 24.8199 19.2018
v 41.1782 24.437 18.9507
v 41.2723 24.0227 18.7122
v 40.9585 23.7779 18.7436
v 40.6195 23.5142 18.7185
v 40.6886 23.1376 18.367
v 40.2303 23.2129 18.5365
v 39.9165 22.9619 18.5302
v 40.042 22.6292 18.3105
v 39.6779 22.3404 18.254
v 39.339 22.083 18.2163
v 39.3578 21.6123 17.8711
v 39.4268 21.1917 17.5447
v 39.4582 20.746 17.2245
v 39.5147 20.3945 16.9483
v 39.816 20.1622 16.578
v 39.7846 19.6663 16.1009
v 39.6842 19.1202 15.7055
v 39.339 18.8503 15.6803
v 39.6591 18.6683 15.423
v 40.0043 18.9382 15.4858
v 40.3308 19.1893 15.492
v 40.6948 19.4718 15.5925
v 41.3477 19.478 15.3728
v 41.7243 19.3085 15.1531
v 42.0821 19.591 15.2284
v 42.4587 19.8798 15.3602
v 42.8102 20.156 15.4293
v 43.1366 20.4133 15.4983
v 43.4944 20.6895 15.5736
v 43.8397 20.9594 15.6615
v 44.1975 21.2419 15.7243
v 44.5176 21.0222 15.4795
v 45.1014 21.0787 15.2221
v 45.4341 21.3361 15.2849
v 45.6977 21.085 14.9459
v 46.0053 20.8778 14.6948
v 46.3443 20.7021 14.3119
v 46.633 20.5514 13.9604
v 46.9155 20.2878 13.521
v 47.2796 20.0806 13.0565
v 47.5432 19.8358 12.5983
v 47.9198 19.7103 12.2656
v 48.3279 19.5094 12.0396
v 48.2525 18.9507 11.3366
v 48.4597 20.1309 12.7238
v 48.8551 19.9174 12.4727
v 49.2757 19.7479 12.1714
v 49.2443 20.2187 12.6673
v 49.6712 20.0555 12.3095
v 49.6712 19.5471 11.8764
v 49.2067 19.1893 11.5311
v 49.5582 19.0386 11.2989
v 50.0164 19.3964 11.5563
v 50.1294 19.0135 11.2236
v 50.5374 19.3274 11.3742
v 50.5249 18.8691 10.916
v 50.9517 18.7813 10.7842
v 51.3409 18.7122 10.5205
v 51.5355 18.4109 10.0497
v 51.5355 17.9903 9.61033
v 52.1758 18.0782 9.35925
v 52.6214 18.4172 9.59778
v 53.268 18.4988 9.49734
v 53.6258 18.2854 9.17721
v 53.7011 18.8378 9.67938
v 54.0715 19.1265 9.82376
v 53.8204 19.3525 10.0811
v 53.8078 19.7542 10.4577
v 54.1405 20.0116 10.5205
v 54.536 20.3192 10.6523
v 54.9189 20.6142 10.7591
v 54.8122 20.9532 10.9474
v 55.1574 21.2231 10.9913
v 55.2578 21.7566 11.3491
v 55.5591 21.9952 11.3742
v 55.8604 22.2211 11.3052
v 56.2057 22.4911 11.3114
v 56.4756 22.7045 11.2738
v 56.7769 22.9367 11.2549
v 57.1096 23.1941 11.2612
v 57.4109 23.4326 11.3114
v 57.7938 23.7277 11.4307
v 58.2207 24.0604 11.5751
v 58.8295 24.0792 11.4056
v 59.1622 24.3303 11.4433
v 59.5075 24.6065 11.5249
v 60.0159 24.5751 11.4433
v 60.4051 24.4621 11.3114
v 60.6374 24.2236 11.0101
v 60.9763 24.4872 10.9599
v 61.2902 24.2361 10.6649
v 61.5727 23.9725 10.3134
v 61.8677 23.6837 10.0121
v 62.2255 23.5331 9.85514
v 62.5707 23.3385 9.66055
v 62.9034 23.5958 9.66055
v 63.2361 23.8532 9.68566
v 63.5374 24.0855 9.6731
v 63.8199 24.3052 9.55384
v 63.5123 24.5311 9.9493
v 63.2173 24.732 10.1
v 63.5814 25.0145 10.2192
v 63.2236 25.253 10.508
v 62.9411 25.5167 10.7779
v 62.8595 25.9498 10.9034
v 62.8595 26.3704 11.1545
v 62.8909 26.8098 11.4872
v 63.2487 27.0859 11.5876
v 63.1168 27.4061 11.8011
v 63.4809 27.6886 11.8576
v 63.7822 27.9271 11.8324
v 64.0773 28.1531 11.7446
v 64.4099 28.4104 11.7634
v 64.7238 28.6552 11.8073
v 65.0502 28.9063 11.8011
v 65.3703 29.1574 11.8513
v 65.6591 29.3834 11.8513
v 65.9667 29.6219 11.845
v 66.042 30.1366 12.0773
v 66.3433 30.3689 12.0835
v 66.6572 30.62 12.1024
v 67.0526 30.9213 12.2718
v 67.3539 31.1535 12.3283
v 67.6615 31.3984 12.2781
v 68.013 31.6683 12.2907
v 68.5278 31.6118 11.8952
v 68.8542 31.8691 11.9266
v 69.1492 32.0951 11.8889
v 69.4254 32.3148 11.8136
v 69.8083 32.183 11.4558
v 70.0908 32.4027 11.3868
v 70.3607 32.6161 11.3491
v 70.7059 32.4717 10.9913
v 71.0198 32.7103 10.9788
v 71.3462 32.9676 11.0415
v 71.6036 33.1622 10.9285
v 71.9049 33.4008 10.916
v 72.2501 33.6707 10.985
v 72.5138 33.8716 10.8407
v 72.7711 34.0787 10.6586
v 73.0536 34.2921 10.5896
v 72.9657 34.6374 10.7653
v 72.9594 35.0579 11.1985
v 73.2482 35.2839 11.098
v 73.5495 35.5162 11.0478
v 73.493 35.9305 11.2173
v 73.7817 36.1564 11.0917
v 74.0328 36.351 10.9034
v 74.2274 36.5017 10.6712
v 74.2776 36.9097 10.5394
v 74.1646 37.2487 10.6586
v 74.4534 37.4809 10.6021
v 74.6668 37.6441 10.3636
v 74.8677 37.8011 10.0686
v 75.1502 38.0208 10.0121
v 74.9618 38.3283 10.0811
v 74.7484 38.6296 10.1941
v 74.5664 39.4268 10.6335
v 74.9305 39.7093 10.7465
v 75.3008 39.9981 10.916
v 75.6586 40.2743 11.0415
v 76.029 40.563 11.211
v 75.8595 40.9334 11.3742
v 76.1671 41.1719 11.3868
v 76.0227 41.5862 11.4495
v 75.8469 41.8749 11.4998
v 75.6586 42.1762 11.4307
v 75.4264 42.4964 11.4935
v 75.3134 42.8981 11.6127
v 75.5833 43.1053 11.5186
v 75.4452 43.3752 11.55
v 75.6837 43.5635 11.3679
v 75.5205 43.8836 11.4119
v 75.1878 44.0719 11.6253
v 74.8489 44.2603 11.7634
v 74.5476 44.4235 11.8952
v 74.2086 44.6369 12.1338
v 73.9324 44.4172 12.2656
v 73.7064 44.2414 12.4162
v 73.5055 44.0845 12.6485
v 73.0724 44.2163 12.8431
v 72.8088 44.0029 12.9121
v 72.5263 44.2916 13.1067
v 72.8088 44.5113 13.1004
v 72.112 44.4046 13.1758
v 72.1748 44.9319 13.5775
v 72.043 45.3023 13.6465
v 71.5973 45.4278 13.7721
v 71.2081 45.522 13.929
v 71.0575 45.8798 14.1173
v 70.9194 46.2501 14.2931
v 70.8378 46.6707 14.4877
v 71.2897 47.0222 14.858
v 71.1893 47.38 15.0715
v 71.0951 48.3279 15.2598
v 70.9696 48.7735 15.492
v 70.4109 48.7673 15.5046
v 70.1159 48.535 15.4795
v 69.8836 48.8049 15.4858
v 69.6012 49.0811 15.492
v 69.3124 49.3322 15.5862
v 69.0174 49.1062 15.7243
v 68.5843 49.169 15.9189
v 68.1009 49.2569 16.0444
v 67.8687 49.5017 16.2139
v 67.536 49.2443 16.1951
v 67.5109 49.6586 16.5529
v 67.2096 49.4326 16.647
v 66.6321 49.3573 16.6094
v 66.2303 49.4703 17.0237
v 65.9981 49.2883 17.1931
v 65.7344 49.5268 17.2308
v 65.1695 49.5707 17.3061
v 64.887 49.351 17.3689
v 64.3848 49.351 17.507
v 64.1212 49.1439 17.6263
v 63.8073 49.3636 17.9966
v 63.5374 49.1564 18.0217
v 63.2989 48.9618 18.1912
v 63.0855 48.7986 18.3984
v 62.5896 48.8928 18.957
v 62.5958 49.3573 19.0512
v 62.2757 49.5142 19.1579
v 61.9179 49.2318 19.0386
v 61.6731 49.5268 19.1202
v 61.4157 49.3259 19.2709
v 61.1772 49.1313 19.3964
v 60.9575 48.9618 19.591
v 60.7504 49.2945 20.1183
v 60.4616 49.0686 20.1936
v 60.1917 48.8614 20.3066
v 59.6644 48.9995 20.7021
v 59.4573 49.3196 20.9657
v 59.1685 49.0937 20.9908
v 58.8358 49.3385 21.3172
v 58.2646 49.4264 21.5432
v 57.9884 49.7214 21.7566
v 57.7185 49.8971 21.9324
v 57.2038 49.9285 22.0956
v 56.9087 49.7026 22.1395
v 56.576 49.4389 22.1458
v 56.055 49.4829 22.3781
v 55.8353 49.759 22.5287
v 55.5152 49.508 22.422
v 55.2641 49.7088 22.6605
v 54.7306 49.7528 22.7798
v 54.4041 49.4954 22.7861
v 53.8455 49.5519 22.9116
v 53.5065 49.2883 22.8991
v 53.2115 49.621 23.0811
v 52.86 49.3448 22.9367
v 52.3076 49.4264 23.0372
v 51.9623 49.1502 23.0121
v 51.661 48.9116 22.9995
v 51.3283 49.1753 23.1753
v 50.9517 49.4075 23.2255
v 50.5688 49.6461 23.3699
v 50.2549 49.4013 23.3636
v 49.8407 49.5142 23.4013
v 49.4954 49.2443 23.3573
v 49.1564 49.464 23.3824
v 48.6919 49.5707 23.508
v 48.3592 49.7779 23.6586
v 47.9889 49.4891 23.6147
v 47.7001 49.6084 23.6586
v 47.3675 49.3448 23.6147
v 47.041 49.0937 23.5707
v 46.7209 48.8363 23.5519
v 46.407 48.9367 23.5896
v 46.0869 49.0686 23.6586
v 45.8672 49.3699 23.8093
v 45.5659 49.5456 23.9788
v 45.2207 49.2757 23.8595
v 44.844 49.4954 23.985
v 44.254 49.6147 24.211
v 43.915 49.9285 24.3554
v 43.5949 49.6774 24.3303
v 43.2496 49.4075 24.2926
v 42.9169 49.1502 24.2173
v 42.5968 48.8991 24.1859
v 42.1574 49.0372 24.2989
v 41.8122 48.7673 24.2298
v 41.4795 48.5099 24.1671
v 41.1593 48.2588 24.1545
v 40.8141 47.9826 24.1106
v 40.9083 47.5746 23.9285
v 40.6007 47.3298 23.9097
v 40.268 47.0724 23.9097
v 39.9416 46.8213 23.8407
v 39.6089 46.5577 23.7842
v 39.1444 46.6832 23.8532
v 38.7991 46.407 23.7653
v 38.4413 46.1309 23.6523
v 38.0584 45.8295 23.5205
v 37.5939 45.999 23.6147
v 37.2361 45.7228 23.508
v 36.6586 45.8107 23.6461
v 36.3259 45.5471 23.5519
v 35.6857 45.6098 23.3322
v 35.2211 45.7542 23.2945
v 34.8069 45.4278 23.0811
v 34.1854 45.4906 22.9932
v 33.5891 45.5847 23.0183
v 33.0869 45.7668 23.1125
v 32.6036 45.8735 23.1816
v 32.0826 46.0116 23.2129
v 31.5113 46.1183 23.2883
v 30.9213 46.225 23.3824
v 30.3626 46.3003 23.3448
v 30.5823 45.9614 23.3008
v 30.8209 45.5785 23.1753
v 30.733 44.957 22.9807
v 30.8397 44.4988 22.8614
v 30.5133 44.2414 22.7924
v 30.1931 43.9903 22.7484
v 30.3815 43.6451 22.6166
v 29.9985 43.3438 22.535
v 30.8146 43.4128 22.422
v 31.2916 43.2245 22.2149
v 31.5804 42.8981 22.1772
v 32.0072 42.7286 22.1647
v 32.3399 42.4273 22.3906
v 32.5534 42.057 22.2086
v 33.043 41.9 22.2023
v 33.1873 41.5297 22.0517
v 33.5828 41.2598 22.014
v 33.9281 40.9396 21.9763
v 34.0285 40.5065 21.9763
v 34.3612 40.3559 21.9324
v 34.3675 39.8851 21.901
v 34.2858 39.4394 21.8131
v 34.3047 39.1193 21.7378
v 34.6311 39.0251 21.788
v 34.7566 38.6548 21.7378
v 34.9512 38.3283 21.7504
v 35.309 38.1337 21.7253
v 35.6166 38.3723 21.7441
v 35.9242 38.6108 21.7755
v 36.2506 38.8682 21.7441
v 36.577 39.1255 21.7504
v 36.8971 39.3766 21.7315
v 37.2424 39.6465 21.7943
v 37.6379 39.521 21.6939
v 37.9705 39.7784 21.7253
v 38.3221 39.5084 21.6436
v 38.6422 39.7658 21.675
v 39.1381 39.6277 21.7629
v 39.5084 39.9165 21.9073
v 39.8411 40.1738 21.9952
v 40.1989 40.4626 22.083
v 40.6069 40.2554 21.9638
v 41.1531 40.1738 21.9512
v 41.4544 39.8474 21.8069
v 41.6803 39.5336 21.5558
v 41.9377 39.2699 21.5369
v 42.3081 39.1632 21.5809
v 42.6156 38.9561 21.7378
v 42.7977 38.6485 22.0454
v 42.9044 38.297 22.4032
v 43.0174 37.9957 22.5664
v 42.6847 37.7383 22.4973
v 42.2892 37.4307 22.353
v 42.3394 36.9599 22.3844
v 42.4964 36.5393 22.535
v 42.534 36.0686 22.422
v 42.6596 35.6857 22.6041
v 42.7286 35.1898 22.6292
v 42.7349 34.7001 22.3467
v 43.0048 34.4365 22.4032
v 43.0676 34.0724 22.5036
v 42.76 33.8339 22.5099
v 43.1429 33.6707 22.5601
v 43.1178 33.1748 22.2651
v 43.1806 32.7542 22.1144
v 42.8165 32.4717 22.0391
v 42.7161 32.001 21.9387
v 42.4022 31.7562 21.9324
v 42.057 31.4862 21.9387
v 41.718 31.2226 21.8194
v 41.3602 30.9464 21.7692
v 41.2849 30.4003 21.6688
v 41.4669 30.099 21.4302
v 41.5862 29.7726 21.2294
v 41.3037 29.5529 21.2607
v 41.5297 29.3457 21.0661
v 41.6364 28.9879 20.9092
v 41.5674 28.5109 20.7397
v 41.6364 28.1028 20.4949
v 41.2974 27.8392 20.4133
v 41.5297 27.6195 20.338
v 41.7055 27.2805 20.043
v 41.3225 26.9855 19.9112
v 40.9396 26.6842 19.8547
v 41.1593 26.3641 19.5847
v 40.8518 26.1193 19.6098
v 41.0087 25.7929 19.478
v 41.1907 25.5104 19.2646
v 41.3288 25.0773 19.1391
v 41.492 24.6818 18.9256
v 41.6238 24.2989 18.7687
v 41.5799 23.8344 18.2854
v 41.2912 23.6084 18.3042
v 41.0212 23.395 18.3356
v 41.0652 22.943 18.1661
v 40.7262 22.6794 18.1724
v 40.3621 22.8802 18.3168
v 40.381 22.4095 18.0845
v 40.042 22.1458 18.0343
v 39.6779 21.8633 17.9464
v 39.7972 21.4804 17.6514
v 39.7658 20.9845 17.2559
v 39.86 20.6644 16.9421
v 40.1927 20.4573 16.6659
v 40.4563 20.1873 16.2014
v 40.1299 19.9363 16.1637
v 40.0546 19.409 15.7871
v 40.3998 19.6789 15.8561
v 40.7639 19.9614 15.9503
v 41.0715 19.7731 15.7055
v 41.718 19.7731 15.5046
v 42.057 20.0367 15.6239
v 42.4148 20.3066 15.7117
v 42.8165 20.6205 15.8561
v 43.168 20.8967 15.9252
v 43.5384 21.1854 15.9816
v 43.8773 21.4553 16.013
v 44.21 21.7127 16.0884
v 44.5553 21.5181 15.7682
v 44.8817 21.3047 15.5674
v 45.1956 21.5495 15.5862
v 45.7417 21.5746 15.2849
v 46.0367 21.3549 14.971
v 46.3192 21.1289 14.6948
v 46.6456 20.9406 14.2994
v 46.972 20.8213 14.0106
v 47.1854 20.5012 13.4959
v 47.5997 20.3254 13.0314
v 47.9449 20.1497 12.7426
v 47.9324 20.5891 13.0753
v 48.4911 20.5765 13.2385
v 48.8551 20.4384 12.9749
v 49.2694 20.7586 13.1569
v 49.6147 20.5138 12.7615
v 50.0478 20.3443 12.4413
v 50.0541 19.8484 12.0082
v 50.4307 19.7166 11.7634
v 50.9078 19.6224 11.5311
v 50.8889 19.1516 11.0541
v 51.2781 19.0261 10.8218
v 51.705 19.001 10.5896
v 51.8996 18.6934 10.1376
v 51.9372 18.3042 9.78609
v 52.2762 18.5616 9.79865
v 52.6654 18.8629 9.96813
v 53.042 18.7499 9.79865
v 53.45 19.0637 9.96813
v 53.4375 19.4655 10.282
v 53.4186 19.8735 10.6523
v 53.7639 20.1434 10.7339
v 54.1154 20.4133 10.7904
v 54.492 20.7084 10.8846
v 54.4481 21.1289 11.0855
v 54.9063 21.4867 11.3491
v 54.8435 21.8006 11.6316
v 55.2076 22.083 11.732
v 55.4964 22.309 11.732
v 55.7663 22.5225 11.619
v 56.0739 22.761 11.6379
v 56.4003 23.0121 11.6253
v 56.7141 23.2569 11.5625
v 57.0406 23.508 11.55
v 57.3481 23.7465 11.55
v 57.8503 24.1357 11.9517
v 58.2207 24.4307 12.071
v 58.635 24.3805 11.845
v 58.9425 24.6253 11.8073
v 59.2752 24.8764 11.7948
v 59.5703 25.1086 11.7948
v 59.8716 24.8827 11.6567
v 60.2042 25.1463 11.6379
v 60.3612 24.845 11.5374
v 60.7378 24.7195 11.324
v 61.0203 24.9454 11.2424
v 61.2463 24.7006 10.8909
v 61.5852 24.4621 10.6712
v 61.9054 24.2298 10.3322
v 62.1941 23.9411 9.98696
v 62.5582 23.7842 9.85514
v 62.8783 24.0352 9.89908
v 63.1545 24.2549 9.8677
v 62.8407 24.4433 9.99952
v 62.8469 24.958 10.3385
v 62.5833 25.2405 10.7465
v 62.5456 25.705 10.9411
v 62.5393 26.1255 11.1671
v 62.5331 26.5336 11.3805
v 62.4829 26.9165 11.7634
v 62.759 27.1299 11.7508
v 62.7842 27.607 11.8827
v 63.1859 27.9145 12.0333
v 63.4998 28.1656 12.1212
v 63.8199 28.4104 12.1338
v 64.1463 28.6678 12.1526
v 64.4413 28.8938 12.14
v 64.7489 29.1323 12.0773
v 65.1004 29.4085 12.071
v 65.4017 29.6408 12.0961
v 65.7219 29.8918 12.0898
v 65.5587 30.1304 12.2342
v 65.8662 30.3689 12.253
v 66.2052 30.6325 12.3032
v 66.5505 30.9025 12.3158
v 66.9083 31.1787 12.4099
v 67.2158 31.4172 12.3974
v 67.536 31.6683 12.3848
v 67.9252 31.9696 12.5606
v 68.3394 31.9256 12.3346
v 68.6282 32.1516 12.253
v 68.9358 32.3839 12.2028
v 69.1869 32.5847 12.1024
v 69.4693 32.8044 12.0082
v 69.7267 32.5408 11.7006
v 70.0029 32.7605 11.6002
v 70.2916 32.9865 11.5751
v 70.6745 32.8547 11.2926
v 70.9884 33.0995 11.2549
v 71.2897 33.338 11.211
v 71.5659 33.5514 11.1043
v 71.9049 33.8151 11.142
v 72.1999 34.0473 11.142
v 72.4635 34.2482 11.0164
v 72.7083 34.4365 10.872
v 72.6205 34.7943 11.1106
v 72.6707 35.2902 11.4809
v 72.9594 35.5162 11.4119
v 73.2294 35.7296 11.3177
v 73.1038 35.9995 11.4558
v 73.3988 36.2255 11.4056
v 73.6374 36.4075 11.1985
v 73.8508 36.577 10.9976
v 74.0768 36.7528 10.8155
v 73.9449 37.0792 10.9223
v 74.0517 37.619 10.8658
v 74.2651 37.7885 10.6963
v 74.4785 37.9517 10.464
v 74.7484 38.1651 10.3322
v 74.2965 38.2781 10.5958
v 74.604 38.5229 10.6021
v 74.6292 38.9686 11.0855
v 74.2211 39.1569 11.3177
v 74.3655 39.7721 10.7904
v 74.7421 40.0671 10.9788
v 75.0874 40.3308 11.1169
v 75.4577 40.6195 11.1922
v 75.4075 41.1028 11.3993
v 75.759 41.379 11.55
v 75.5456 41.6364 11.5814
v 75.4012 41.9754 11.5751
v 75.1313 42.2641 11.5939
v 75.0121 42.6596 11.5814
v 75.169 43.1555 11.6818
v 75.056 43.5196 11.7634
v 75.3134 43.7204 11.6253
v 74.9305 43.8711 11.7948
v 74.5978 44.0657 11.9454
v 74.309 44.2414 12.0584
v 74.0579 44.0468 12.2154
v 73.832 43.8711 12.4225
v 73.5558 43.6514 12.5041
v 73.2231 43.8648 12.7112
v 72.9029 43.6137 12.661
v 72.5326 43.7895 12.9623
v 72.2376 44.0719 13.2071
v 71.8358 44.1912 13.2574
v 71.478 44.3858 13.4708
v 71.8547 44.6808 13.5963
v 71.7668 45.0826 13.6905
v 71.3085 45.2018 13.7909
v 70.888 45.2709 13.9039
v 70.7373 45.6287 14.0797
v 70.5678 45.9739 14.2303
v 70.5239 46.4259 14.4124
v 70.3481 46.7272 14.5818
v 70.775 47.0599 14.8769
v 70.436 47.8131 15.2598
v 70.957 47.6939 15.7368
v 70.6997 48.5664 15.5234
v 69.8648 48.3341 15.6301
v 69.6514 48.6229 15.718
v 69.3312 48.874 15.6113
v 69.0864 48.6794 15.7619
v 68.691 48.3718 15.536
v 68.4462 48.6543 15.7243
v 68.239 48.9054 15.8687
v 67.7557 48.987 15.9565
v 67.2096 48.987 16.1323
v 66.8015 49.1125 16.3771
v 66.563 48.9242 16.5968
v 66.3998 49.1816 16.7914
v 66.155 48.9932 16.9923
v 65.7156 49.0686 17.2496
v 65.4519 49.3008 17.2936
v 65.226 49.1251 17.5007
v 65.2009 48.6668 17.5321
v 65.4582 48.8677 17.3563
v 65.4206 48.4157 17.507
v 65.1444 48.196 17.6074
v 65.069 48.5601 17.9527
v 65.113 49.0372 17.9778
v 64.8996 48.874 18.1849
v 64.6045 49.1251 18.2603
v 64.6296 48.6605 18.21
v 64.3221 48.9054 18.3356
v 64.3786 48.466 18.4109
v 64.1902 48.3153 18.6934
v 64.0082 49.0497 18.8252
v 64.14 49.1564 18.3795
v 63.506 49.1251 18.6871
v 63.4809 48.6354 19.0512
v 63.7508 48.4534 19.0888
v 63.2361 48.4471 18.4737
v 63.8889 48.0768 18.6746
v 63.4119 47.7064 18.3168
v 63.1859 48.014 18.5427
v 63.0729 48.3216 18.8817
v 62.7026 48.4973 18.9445
v 62.0623 48.4785 19.1077
v 62.2506 49.0874 19.0135
v 61.6417 49.0183 19.114
v 61.3027 48.7547 19.0323
v 61.0956 48.5915 19.296
v 60.6939 48.7547 19.704
v 60.4553 48.5664 19.8484
v 60.1603 48.3404 19.8923
v 59.8778 48.6103 20.3066
v 59.6079 48.4032 20.338
v 59.3819 48.7735 20.7523
v 59.0681 48.5287 20.7837
v 58.8923 48.8802 21.085
v 58.5408 49.1062 21.3361
v 58.252 48.8802 21.38
v 57.957 49.1816 21.5495
v 57.6934 49.4954 21.7692
v 57.4109 49.6523 21.901
v 57.1159 49.4264 21.9198
v 56.8083 49.1816 21.901
v 56.4882 48.9305 21.8885
v 56.2434 49.1753 22.127
v 55.7161 49.2192 22.3404
v 55.1888 49.2506 22.4283
v 54.9189 49.4389 22.6292
v 54.605 49.1941 22.5978
v 54.0777 49.238 22.761
v 53.7137 48.9556 22.6668
v 53.1738 49.0246 22.8363
v 52.8349 48.761 22.7233
v 52.5273 49.0874 22.8614
v 52.1946 48.8238 22.8551
v 51.8807 48.5727 22.8238
v 51.3534 48.6731 22.987
v 50.9831 48.9054 23.0937
v 50.5814 49.1188 23.1313
v 50.2424 48.8489 23.0999
v 49.9285 49.1439 23.3134
v 49.6272 48.9116 23.2632
v 49.1313 48.9618 23.2632
v 48.8112 49.1878 23.2883
v 48.353 49.3008 23.464
v 48.0077 49.0372 23.395
v 47.6311 49.2067 23.5394
v 47.3361 48.9744 23.4954
v 47.0034 48.717 23.4703
v 46.6707 48.4534 23.395
v 46.3443 48.5476 23.464
v 46.0744 48.6794 23.5519
v 45.7605 48.8112 23.6147
v 45.5408 49.1062 23.7339
v 45.2081 48.8489 23.7528
v 44.9194 49.0372 23.9097
v 44.5239 49.2443 24.0039
v 43.959 49.3824 24.211
v 43.5823 49.0874 24.1231
v 43.2308 48.8112 24.0541
v 42.8981 48.5538 24.0101
v 42.578 48.2965 24.0101
v 42.239 48.6166 24.1608
v 41.9 48.353 24.0729
v 41.5548 48.0768 24.0352
v 41.2347 47.832 24.029
v 41.2912 47.2921 23.8469
v 40.971 47.041 23.803
v 40.6446 46.7837 23.8218
v 40.2931 46.5075 23.7465
v 39.9478 46.2376 23.6712
v 39.5712 45.9425 23.5958
v 39.2385 46.2689 23.7026
v 38.8807 45.9865 23.6021
v 38.4853 45.6789 23.4577
v 38.0835 45.3588 23.3008
v 37.6818 45.5345 23.3887
v 37.3114 45.2458 23.2506
v 36.8783 45.4404 23.4264
v 36.5331 45.1704 23.3699
v 35.9744 45.2772 23.4326
v 35.5727 44.957 23.2632
v 35.2714 45.2834 23.169
v 34.8947 44.9947 22.9932
v 34.4051 45.114 22.8677
v 33.7837 45.1767 22.7861
v 33.2125 45.2897 22.874
v 32.7542 45.5031 23.0309
v 32.2646 45.6098 23.1251
v 31.7562 45.7542 23.1816
v 31.1535 45.8358 23.2129
v 31.0908 45.2332 23.0623
v 31.1912 44.7687 22.9054
v 31.3858 44.4297 22.8112
v 31.0531 44.1661 22.7673
v 30.7204 43.9087 22.6919
v 31.1724 43.689 22.535
v 31.6306 43.4944 22.3028
v 31.9194 43.168 22.2337
v 32.3901 43.0299 22.2274
v 32.6036 42.6345 22.2211
v 32.9174 42.3394 22.2714
v 33.338 42.1323 22.1395
v 33.52 41.7871 22.0956
v 33.9092 41.5109 22.0579
v 34.2482 41.197 22.0454
v 34.3675 40.7702 22.014
v 34.7064 40.6195 22.0014
v 34.7504 40.1864 22.0266
v 34.6374 39.7219 21.8445
v 34.6311 39.3703 21.7692
v 34.9701 39.2887 21.8131
v 35.0579 38.8933 21.7692
v 35.24 38.5606 21.7127
v 35.5789 38.8242 21.7378
v 35.8991 39.0753 21.7441
v 36.2255 39.3327 21.7755
v 36.5017 39.5461 21.7378
v 36.8469 39.816 21.8006
v 37.1796 40.0797 21.8885
v 37.5939 39.9227 21.8571
v 37.8889 40.155 21.8382
v 38.3346 40.0671 21.8382
v 39.0314 40.0671 21.8508
v 39.3892 40.3433 21.945
v 39.7658 40.6383 22.0391
v 40.1236 40.9208 22.1082
v 40.5191 40.7137 22.1395
v 40.9522 40.5253 22.0454
v 41.4795 40.4312 21.9889
v 41.7745 40.0922 21.8382
v 42.013 39.7909 21.562
v 42.283 39.5398 21.5809
v 42.6596 39.4394 21.6813
v 42.9985 39.2511 21.8822
v 43.1366 38.9184 22.127
v 43.2308 38.548 22.353
v 43.3124 38.2342 22.5915
v 43.4254 37.8011 22.6166
v 43.0864 37.5437 22.5601
v 42.6721 37.2173 22.4157
v 42.8102 36.7842 22.535
v 42.9044 36.3573 22.5036
v 43.0739 36.0058 22.7861
v 43.1931 35.5538 22.9619
v 43.1366 35.014 22.5601
v 43.3501 34.7001 22.4597
v 43.3815 34.3235 22.4848
v 43.507 33.9594 22.6292
v 43.5007 33.4698 22.4346
v 43.5447 33.043 22.2274
v 43.7204 32.7856 22.1082
v 43.3877 32.5282 22.0642
v 43.0425 32.2583 22.0014
v 43.3061 31.9759 21.8885
v 42.9985 31.7373 21.8822
v 42.6659 31.48 21.8445
v 42.2955 31.1912 21.8194
v 41.9189 30.8962 21.675
v 41.6113 30.6514 21.6436
v 41.8122 30.3689 21.4804
v 41.9252 30.0362 21.2231
v 41.831 29.578 21.0787
v 41.944 29.2265 20.8841
v 41.8687 28.7494 20.7397
v 42.0068 28.3916 20.5703
v 42.2139 28.1531 20.451
v 41.8749 27.8894 20.4322
v 42.0946 27.5881 20.2187
v 42.2453 27.2052 19.8986
v 41.8687 26.9165 19.7542
v 41.5297 26.6465 19.6789
v 41.6615 26.3013 19.4655
v 41.2786 26 19.3462
v 41.4293 25.6987 19.1391
v 41.6113 25.297 19.0512
v 41.7745 24.9078 18.8817
v 41.9 24.5123 18.662
v 41.8812 24.0666 18.2289
v 42.0068 23.6837 18.0782
v 41.6992 23.4389 18.1473
v 41.4041 23.2129 18.1661
v 41.4355 22.761 17.8397
v 41.1028 22.4973 17.7769
v 40.7639 22.2337 17.7267
v 40.4563 21.9952 17.7079
v 40.1173 21.7315 17.6702
v 40.1362 21.2733 17.325
v 40.1675 20.9029 16.9546
v 40.5379 20.7209 16.7475
v 40.8706 20.5138 16.4273
v 41.1405 20.2501 16.0444
v 41.4983 20.0995 15.8624
v 41.8436 20.3694 15.944
v 42.2139 20.6581 16.0507
v 42.6094 20.9657 16.1888
v 42.9232 21.2105 16.2265
v 43.2622 21.4742 16.3018
v 43.5949 21.7378 16.3018
v 43.9087 21.9763 16.3457
v 44.2289 22.2337 16.3708
v 44.549 21.9701 16.0821
v 44.9194 21.8006 15.8436
v 45.252 22.0579 15.8812
v 45.5157 21.8006 15.6427
v 45.8672 22.0705 15.6615
v 46.0995 21.8508 15.3351
v 46.3819 21.6248 14.9899
v 46.5891 21.3361 14.6258
v 46.9469 21.1729 14.2805
v 47.2796 21.0536 13.9667
v 47.5369 20.7711 13.5084
v 47.8885 21.0473 13.5022
v 48.4408 20.9845 13.5398
v 48.9242 20.9092 13.4833
v 49.3071 21.2105 13.6089
v 49.6837 21.0787 13.2887
v 49.9662 20.7837 12.8745
v 50.4056 20.6267 12.5229
v 50.437 20.1434 12.1212
v 50.7571 19.9676 11.8324
v 51.2844 19.9112 11.619
v 51.2279 19.4153 11.1106
v 51.6359 19.3085 10.8909
v 52.0753 19.2834 10.6523
v 52.2636 18.9759 10.2632
v 52.5649 19.2081 10.2945
v 53.0671 19.1767 10.169
v 52.9855 19.5345 10.4703
v 53.1048 20.0869 10.8093
v 53.4124 20.3254 10.8783
v 53.7388 20.5765 10.9034
v 54.0777 20.8402 10.9285
v 53.6383 20.8653 11.0604
v 53.2366 20.5514 10.916
v 52.8851 20.7084 11.211
v 53.3433 21.0599 11.4809
v 53.7764 21.3988 11.7446
v 53.4124 21.5683 12.1714
v 53.8015 21.8696 12.2593
v 54.1091 21.6562 11.8199
v 54.4481 21.493 11.4684
v 54.5297 21.9826 12.0773
v 54.8373 22.2274 12.0521
v 55.1574 22.4722 12.0898
v 55.4399 22.6919 11.9768
v 55.804 22.9744 12.0396
v 56.1241 23.2255 12.0459
v 56.4379 23.464 12.0208
v 56.733 23.6963 11.9517
v 57.0468 23.9411 11.9517
v 57.5929 24.3617 12.4853
v 57.9131 24.6127 12.5041
v 58.2144 24.845 12.4978
v 58.5345 24.6692 12.0898
v 58.8107 24.8889 12.0082
v 59.0869 25.0961 11.9141
v 59.3882 25.3283 11.9392
v 59.9657 25.4162 11.9705
v 60.311 25.6799 12.0208
v 60.6185 25.4664 11.8136
v 60.6688 25.0835 11.5311
v 60.9449 25.297 11.4872
v 61.2902 25.1526 11.1357
v 61.5789 24.958 10.916
v 61.9305 24.732 10.7339
v 62.2255 24.4746 10.3197
v 62.5268 24.1985 9.99952
v 62.5268 24.7069 10.3134
v 62.2632 24.9894 10.7277
v 62.2443 25.4727 10.9788
v 62.2129 25.8745 11.1231
v 62.2443 26.3076 11.4621
v 62.1753 26.6779 11.7634
v 62.1753 27.1362 11.8952
v 62.4577 27.3559 11.8827
v 62.2757 27.5818 11.9705
v 62.6021 27.8329 12.0019
v 63.0352 28.1719 12.2907
v 63.4119 28.4606 12.3786
v 63.7634 28.7306 12.4225
v 64.071 28.9754 12.4225
v 64.3534 29.1888 12.3158
v 64.6673 29.4336 12.3095
v 64.9498 29.6533 12.2593
v 65.2574 29.8981 12.2593
v 65.1506 30.2434 12.4288
v 65.4833 30.5007 12.4225
v 65.8097 30.7518 12.4539
v 66.155 31.0217 12.5104
v 66.4751 31.2665 12.5041
v 66.8015 31.5239 12.548
v 67.1405 31.7875 12.6108
v 67.536 32.0951 12.818
v 67.8435 32.3337 12.8305
v 68.2453 32.2144 12.5857
v 68.5152 32.4278 12.5104
v 68.7977 32.6475 12.4351
v 69.055 32.8484 12.3535
v 69.3375 33.0681 12.2467
v 69.733 33.0053 11.8952
v 70.0154 33.225 11.8889
v 70.2854 33.4384 11.8073
v 70.6118 33.2376 11.5437
v 70.8942 33.4573 11.4433
v 71.1579 33.6581 11.3993
v 71.4466 33.8841 11.3428
v 71.7793 34.1415 11.3742
v 72.043 34.3423 11.3554
v 72.3568 34.5872 11.2801
v 72.3882 35.0705 11.4621
v 72.5514 35.5664 11.6504
v 72.8276 35.7798 11.5437
v 72.7335 36.1376 11.6881
v 73.0034 36.3448 11.6253
v 73.2607 36.5456 11.506
v 73.4993 36.7339 11.3366
v 73.7001 36.8909 11.1294
v 73.5809 37.2487 11.2361
v 73.8508 37.4621 11.1106
v 73.832 37.9203 11.029
v 73.9512 38.4413 10.8783
v 74.4346 38.8117 11.3052
v 73.5871 39.1632 11.1106
v 74.0077 39.4959 11.4056
v 73.5809 39.6842 10.872
v 73.9073 39.9353 10.8595
v 74.3341 40.268 11.0666
v 74.6919 40.5442 11.2298
v 75.0623 40.8392 11.3554
v 74.8928 41.1342 11.4872
v 75.2129 41.379 11.5563
v 75.1125 41.7494 11.6127
v 74.8175 42.0256 11.6379
v 74.7108 42.421 11.663
v 74.5789 42.7035 11.7508
v 74.8614 42.9232 11.7195
v 74.7735 43.2999 11.8324
v 74.6919 43.6828 11.958
v 74.3404 43.8648 12.0898
v 74.1019 43.6765 12.2467
v 73.8194 43.4568 12.3974
v 73.5746 43.2622 12.5041
v 73.2356 43.4066 12.5292
v 72.9469 43.1806 12.6108
v 72.633 43.4066 12.7552
v 72.3757 43.2057 12.9247
v 72.4761 43.7455 13.6214
v 71.6726 44.0657 13.5901
v 71.2081 44.1787 13.5461
v 70.9445 44.4486 13.9792
v 71.0386 44.9947 13.929
v 70.5867 45.0386 13.9604
v 70.4046 45.3713 14.0232
v 70.2226 45.7103 14.2303
v 70.1787 46.156 14.3621
v 70.0719 46.5075 14.6321
v 69.9087 46.8778 14.7199
v 69.6576 46.6832 14.8706
v 69.3752 46.9845 14.8518
v 69.3563 46.4447 14.9145
v 68.8918 47.154 15.0526
v 69.2434 47.4239 15.0903
v 69.7267 47.2545 15.6992
v 69.4882 47.6185 15.6803
v 69.7895 47.8508 15.6176
v 70.0719 47.5307 15.7619
v 70.662 47.4616 15.7808
v 71.0261 47.2545 15.4732
v 69.6263 48.1521 15.7494
v 69.3626 48.4032 15.8184
v 68.9232 48.0579 15.4795
v 68.6219 47.8194 15.4606
v 68.3583 48.1144 15.5485
v 68.1135 48.3969 15.6866
v 67.4795 48.7735 16.0507
v 66.9459 48.7861 16.1637
v 66.676 48.5727 16.2955
v 66.494 48.4283 16.5843
v 66.337 48.7484 16.8605
v 66.1487 48.5978 17.0676
v 65.9416 48.8238 17.212
v 65.7093 48.6417 17.4003
v 65.6717 48.2274 17.4066
v 65.4206 48.0266 17.5007
v 65.1695 47.8257 17.6388
v 64.9309 48.0328 17.8146
v 64.8054 48.353 18.0719
v 64.5104 48.127 18.1473
v 64.184 47.8696 18.141
v 63.9329 47.675 18.2414
v 63.6441 47.4491 18.2665
v 63.3617 47.2294 18.323
v 63.142 47.4993 18.4486
v 62.5707 47.5307 18.4925
v 62.985 47.8633 18.7687
v 62.7967 48.1019 18.9947
v 62.4389 48.2902 19.07
v 62.2632 48.1584 19.3901
v 61.8802 48.3341 19.4278
v 61.6103 48.1207 19.5534
v 62.1439 47.5872 19.5722
v 61.8049 47.7943 19.8295
v 61.353 47.9198 19.635
v 61.1521 48.2274 19.4592
v 61.083 47.7127 19.7605
v 61.0956 47.2419 19.6287
v 60.6499 47.832 19.6789
v 60.7692 47.4679 19.8233
v 60.3549 47.5997 19.6977
v 60.5746 46.8339 19.8107
v 59.9029 47.2482 19.3211
v 60.38 47.1603 18.9068
v 60.6562 47.8382 18.9382
v 60.267 47.9449 19.5973
v 60.5558 48.1709 19.4906
v 60.8257 48.3781 19.4027
v 61.4973 48.4973 18.6871
v 61.5601 48.083 18.6557
v 59.8778 48.1144 19.9551
v 59.564 47.8696 19.9488
v 59.3254 48.1835 20.3568
v 59.0053 47.9324 20.4008
v 58.7793 48.3027 20.8464
v 58.5847 48.6354 21.1038
v 58.3023 48.4157 21.1603
v 57.9759 48.6605 21.4239
v 57.6745 48.9618 21.6185
v 57.4235 49.282 21.8571
v 57.1033 49.0309 21.8633
v 56.7769 48.7735 21.8445
v 56.4317 48.5099 21.7629
v 56.1618 48.6794 21.8571
v 55.9546 48.9556 22.1144
v 55.6282 48.6982 22.0705
v 55.3646 48.9367 22.309
v 54.8624 48.9995 22.3844
v 54.5611 48.761 22.3655
v 54.3037 48.9556 22.5664
v 53.9899 48.7045 22.5413
v 53.6446 48.4408 22.4597
v 53.3935 48.7045 22.6103
v 53.0671 48.4471 22.5476
v 52.4457 48.4534 22.6292
v 52.1193 48.2023 22.6229
v 51.5543 48.3216 22.7861
v 51.0145 48.4095 22.8928
v 50.6379 48.6354 23.0686
v 50.2863 48.3592 22.9995
v 49.9097 48.5915 23.0058
v 49.2883 48.648 23.238
v 48.8049 48.7045 23.1941
v 48.4785 48.9305 23.2757
v 48.1521 48.6731 23.2255
v 47.7127 48.8049 23.351
v 47.38 48.5413 23.3071
v 47.0222 48.2651 23.2255
v 46.7021 48.014 23.1753
v 46.3694 48.2149 23.3699
v 46.0618 48.3216 23.5142
v 45.7856 48.4534 23.5896
v 45.4466 48.5664 23.6084
v 45.1328 48.3153 23.5707
v 44.888 48.5978 23.7465
v 44.6055 48.7924 23.9223
v 44.2289 49.0121 23.9913
v 43.9025 48.7547 23.9411
v 43.5949 48.5099 23.9285
v 43.2559 48.2463 23.8595
v 42.9421 48.0014 23.8658
v 42.6156 47.7441 23.8344
v 42.2704 48.0579 23.9599
v 41.9628 47.8194 23.9223
v 41.6238 47.5558 23.9034
v 41.605 46.9532 23.7277
v 41.2849 46.7021 23.7339
v 40.9773 46.4635 23.7151
v 40.6446 46.2062 23.6649
v 40.3182 45.9488 23.5833
v 39.973 45.6789 23.5017
v 39.6277 45.4027 23.4264
v 39.2197 45.6663 23.464
v 38.8682 45.3964 23.3197
v 38.4978 45.1077 23.2129
v 38.1024 44.7938 22.987
v 37.7257 45.0826 23.1251
v 37.3805 44.8064 23.0309
v 36.9474 44.9633 23.1941
v 36.5896 44.6808 23.1125
v 36.1878 44.9005 23.3008
v 35.8175 44.6055 23.2004
v 35.1647 44.6369 23.0183
v 34.5118 44.6934 22.7673
v 34.0473 44.8315 22.7924
v 33.4447 44.9131 22.7296
v 32.9112 45.0512 22.8489
v 32.4153 45.2332 23.0183
v 31.9194 45.3399 23.0748
v 31.4172 45.4906 23.1313
v 31.5553 45.0575 22.9932
v 31.731 44.6997 22.8865
v 31.8754 44.2414 22.6417
v 31.5365 43.9778 22.6041
v 32.001 43.7832 22.3844
v 32.2897 43.4568 22.3467
v 32.7542 43.3187 22.3655
v 32.9237 42.8856 22.2776
v 33.225 42.578 22.2839
v 33.7146 42.4273 22.2463
v 33.8276 42.0319 22.1584
v 34.2733 41.7933 22.1709
v 34.6436 41.4983 22.1584
v 34.7127 41.0401 22.0893
v 35.0642 40.902 22.0768
v 35.4534 40.7325 22.2651
v 35.5915 40.1236 21.8885
v 35.2714 39.8725 21.8069
v 34.9512 39.6214 21.788
v 35.3279 39.5712 21.8257
v 35.3906 39.1506 21.8131
v 35.7359 39.4206 21.8382
v 36.0497 39.6654 21.8445
v 36.3887 39.9353 21.8696
v 36.7591 40.224 21.9512
v 37.1043 40.494 22.0517
v 37.5186 40.3496 21.9261
v 37.8576 40.6132 21.9261
v 38.2593 40.4437 21.9512
v 38.7489 40.3872 22.014
v 39.0816 40.6509 22.0893
v 39.4582 40.9396 22.2274
v 39.816 41.2221 22.2965
v 40.1362 41.4732 22.3781
v 40.4563 41.1782 22.1709
v 40.8831 40.9961 22.2274
v 41.2786 40.789 22.1082
v 41.8373 40.7074 22.014
v 42.0884 40.3433 21.8508
v 42.3771 40.0734 21.6625
v 42.7349 39.8914 21.8382
v 43.0676 39.7595 21.8633
v 43.3877 39.5587 21.9889
v 43.4819 39.1883 22.2149
v 43.5635 38.8117 22.3969
v 43.6451 38.4915 22.5915
v 43.7832 38.0835 22.7108
v 43.8522 37.6065 22.8363
v 43.4756 37.3114 22.648
v 43.2182 37.1043 22.7673
v 43.4003 36.7465 22.8928
v 43.4631 36.3134 22.9556
v 43.5949 35.8677 23.1251
v 43.846 35.5664 22.7861
v 43.5447 35.3341 22.7798
v 43.6765 34.9575 22.4973
v 43.6953 34.562 22.5538
v 43.8711 34.2419 22.6982
v 43.8522 33.746 22.535
v 43.9213 33.3317 22.3592
v 44.0657 33.0618 22.2651
v 44.028 32.5471 22.0642
v 43.6953 32.2834 22.0014
v 43.8334 31.957 21.8508
v 43.4756 31.6746 21.7441
v 43.1429 31.4109 21.6813
v 42.8353 31.1724 21.6499
v 42.5152 30.9213 21.6374
v 42.17 30.6514 21.562
v 42.3081 30.3375 21.3235
v 42.5089 30.1115 21.1729
v 42.17 29.8416 21.1101
v 42.2767 29.4901 20.9155
v 42.2013 29.0068 20.7837
v 42.3269 28.649 20.564
v 42.5089 28.3853 20.4322
v 42.4399 27.858 20.225
v 42.6031 27.4877 20.0179
v 42.7098 27.1236 19.6601
v 42.3646 26.8537 19.6161
v 41.9879 26.5587 19.4843
v 42.1009 26.226 19.2332
v 41.7494 25.9498 19.1767
v 41.9189 25.5418 19.07
v 42.0381 25.1086 18.8001
v 42.2139 24.7571 18.6432
v 42.2265 24.3366 18.2728
v 42.3143 23.9223 18.0594
v 42.4273 23.5331 17.8083
v 42.1009 23.2757 17.8334
v 41.7682 23.0183 17.8397
v 41.8938 22.648 17.6388
v 41.5611 22.3906 17.5949
v 41.2284 22.127 17.5635
v 40.8706 21.8445 17.4944
v 40.5253 21.5809 17.438
v 40.5002 21.1603 16.9985
v 40.8894 20.9971 16.76
v 41.1907 20.7648 16.4838
v 41.5234 20.5514 16.2202
v 41.8749 20.8276 16.3143
v 42.239 21.1101 16.3959
v 42.5529 21.3549 16.4399
v 42.9295 21.6436 16.5403
v 43.2873 21.9261 16.578
v 43.6263 22.1898 16.6156
v 43.9527 22.4471 16.647
v 44.2916 22.7108 16.6533
v 44.6118 22.5287 16.4148
v 44.9068 22.2525 16.1637
v 45.2018 22.4848 16.1888
v 45.5973 22.3279 15.9252
v 45.9237 22.5852 15.944
v 46.2125 22.3404 15.6866
v 46.4008 22.0893 15.3665
v 46.7021 21.8696 15.0338
v 46.9218 21.5934 14.6195
v 47.2419 21.3988 14.2366
v 47.6123 21.3172 13.9416
v 47.9638 21.5872 14.042
v 48.3467 21.4051 13.86
v 48.8426 21.2921 13.7407
v 49.2192 21.5872 13.8914
v 49.6272 21.4553 13.6152
v 50.0101 21.3361 13.3327
v 50.3177 21.0536 12.9749
v 50.7383 20.8841 12.5732
v 50.8136 20.4384 12.2342
v 51.1086 20.2438 11.9078
v 51.6422 20.1873 11.6943
v 51.9184 19.9551 11.2361
v 51.5543 19.6663 11.1545
v 51.9247 19.5282 10.8595
v 52.3892 19.5282 10.69
v 52.7407 19.8044 10.7402
v 52.8851 20.2815 10.872
v 52.5273 20.4322 11.098
v 52.59 20.9281 11.7257
v 52.9855 21.2356 11.9831
v 52.929 21.6562 12.4162
v 53.3119 21.9575 12.5104
v 53.6886 22.2463 12.6171
v 54.1782 22.1584 12.4099
v 54.536 22.4408 12.4664
v 54.9252 22.7422 12.6045
v 55.2076 22.9619 12.592
v 55.4713 23.169 12.4476
v 55.7788 23.4075 12.4288
v 56.0739 23.6335 12.4413
v 56.5447 23.9976 12.7991
v 56.1053 24.1231 13.1318
v 56.4568 24.3993 13.1381
v 56.9087 24.2863 12.8493
v 56.7581 24.6379 13.1193
v 57.2351 24.5374 12.8745
v 57.5804 24.8011 12.887
v 57.8942 25.0459 12.8556
v 58.183 25.2718 12.8368
v 58.4906 25.0647 12.4351
v 58.7542 25.2656 12.2656
v 59.0806 25.5229 12.2718
v 59.3945 25.7677 12.2467
v 59.8151 25.6673 12.14
v 60.154 25.9309 12.1714
v 60.5997 25.9058 12.0208
v 60.9198 25.705 11.8262
v 61.2274 25.5167 11.3868
v 61.5978 25.3911 11.1231
v 61.9493 25.2467 10.985
v 61.9116 25.6359 11.1482
v 61.8991 26.0377 11.4119
v 61.8551 26.4268 11.7885
v 61.8551 26.8851 11.9266
v 61.9556 27.3245 11.9392
v 61.8112 27.6446 12.0208
v 62.1815 27.9334 12.1149
v 62.5833 28.2472 12.2781
v 62.985 28.5548 12.479
v 63.3491 28.8373 12.5732
v 63.7195 29.126 12.7175
v 64.0396 29.3771 12.7301
v 64.3095 29.5843 12.6548
v 64.5983 29.8102 12.6045
v 64.8619 30.0174 12.5355
v 64.8242 30.4442 12.8431
v 65.0879 30.6451 12.6861
v 65.3766 30.8711 12.6108
v 65.6654 31.0971 12.6422
v 65.9981 31.3544 12.6799
v 66.3496 31.6243 12.705
v 66.8078 31.9821 13.0565
v 67.1531 32.252 13.0753
v 67.4983 32.5157 13.1318
v 67.7808 32.7417 13.1004
v 68.1449 32.5659 12.8305
v 68.4399 32.7982 12.7489
v 68.7286 33.0241 12.6736
v 69.0111 33.2438 12.5669
v 69.2873 33.4573 12.4539
v 69.62 33.2878 12.1526
v 69.915 33.52 12.0961
v 70.21 33.746 12.0208
v 70.5867 33.6707 11.7257
v 70.8942 33.9155 11.7132
v 71.2269 34.1666 11.6943
v 71.5471 34.4177 11.6881
v 71.8295 34.6374 11.6692
v 72.0932 34.8445 11.5186
v 71.8735 35.0391 11.6002
v 72.2689 35.3467 11.7634
v 72.1873 35.7108 11.9203
v 72.4573 35.9242 11.8011
v 72.2941 36.2506 11.9517
v 72.6016 36.4891 11.8638
v 72.8276 36.6649 11.7132
v 73.085 36.8658 11.5437
v 73.3486 37.0729 11.393
v 73.3235 37.5186 11.3617
v 73.5809 37.7257 11.2236
v 73.2733 37.9078 11.4495
v 73.606 38.6736 11.4056
v 73.2921 38.9309 11.2047
v 73.38 39.5273 11.1294
v 73.2168 39.8223 11.1608
v 73.4491 40.0106 10.9662
v 73.8068 40.2868 11.0729
v 74.1835 40.5818 11.2361
v 74.5287 40.8455 11.3679
v 74.4597 41.2472 11.5563
v 74.8112 41.5171 11.6441
v 74.5852 41.8373 11.7508
v 74.4346 42.2076 11.7697
v 74.2839 42.4713 11.7634
v 74.1584 42.8165 11.9329
v 74.4722 43.0676 11.8827
v 74.4408 43.4882 12.0333
v 74.1584 43.2747 12.1024
v 73.901 43.0676 12.253
v 73.6562 42.873 12.3472
v 73.2545 43.0174 12.4288
v 72.9532 42.7788 12.4853
v 72.6456 42.9421 12.6673
v 72.3945 42.7475 12.7803
v 72.2125 42.6031 13.0439
v 72.5075 42.4273 12.8242
v 72.2627 42.239 13.0628
v 71.9363 41.9879 13.0377
v 71.9802 42.4273 13.226
v 71.6224 42.1449 13.0942
v 71.3148 42.3708 13.4331
v 71.3713 41.9503 13.2323
v 71.0826 42.1951 13.6089
v 71.1265 42.691 14.0106
v 70.8126 42.4462 14.0859
v 70.4737 42.691 14.2303
v 70.8315 42.9734 14.3433
v 71.0888 43.1743 14.2052
v 70.7624 43.3501 14.4124
v 71.0386 43.5698 14.3119
v 71.3085 43.7832 14.2115
v 71.5973 43.5698 14.7639
v 72.1497 43.9966 14.4626
v 71.4969 43.9276 13.8914
v 72.2627 44.0908 14.0357
v 72.4322 43.7079 14.1738
v 72.4259 43.2434 14.5567
v 71.9739 43.8585 14.8518
v 72.0555 42.9546 14.45
v 72.0304 42.9295 15.1531
v 72.5577 43.3375 14.0922
v 72.4196 42.7663 14.2743
v 70.9947 44.0092 13.7407
v 70.6808 44.2414 14.1487
v 70.7875 44.7938 13.9667
v 70.3544 44.8566 14.1864
v 70.1849 45.2018 14.2115
v 70.0029 45.5345 14.3621
v 69.8899 45.9363 14.45
v 69.8271 46.3192 14.8015
v 69.5258 46.0806 14.789
v 69.0676 46.2187 14.9961
v 69.2936 45.8986 14.9459
v 69.0048 45.6789 15.0275
v 68.8228 46.0241 15.1782
v 69.3626 46.4447 15.6992
v 68.691 45.4341 15.0024
v 68.3394 45.6475 15.4481
v 68.1511 46.0241 15.6113
v 67.8247 45.7731 15.6741
v 67.9 46.3819 15.5234
v 68.4336 46.79 16.1072
v 67.649 46.1811 15.6615
v 67.6364 46.5954 15.5046
v 68.2013 47.041 15.3037
v 67.423 46.8841 15.5548
v 67.3853 46.4008 15.6866
v 67.2347 46.7335 15.8247
v 67.2033 47.2105 15.7619
v 67.0087 47.0536 15.9942
v 66.9773 47.5055 15.9252
v 67.3916 47.832 16.1888
v 67.9503 47.788 16.0633
v 67.7055 48.0768 16.1449
v 68.1197 47.9261 15.6992
v 68.534 47.2984 16.1009
v 68.421 47.2105 16.6156
v 68.239 47.5244 16.7412
v 67.8749 47.7315 16.7098
v 68.0005 47.3298 16.9232
v 67.6992 47.5934 16.9421
v 66.9522 47.8947 16.4462
v 66.7953 47.3675 16.2139
v 66.7137 47.7127 16.5968
v 66.7074 48.1647 16.4901
v 67.2284 48.1144 16.3834
v 67.2974 48.6292 16.3457
v 67.9252 48.2463 15.9503
v 68.7851 47.493 15.2158
v 66.3056 48.2839 16.873
v 66.1362 48.1458 17.2245
v 65.8537 47.9261 17.3124
v 65.6089 47.7315 17.4819
v 65.3076 47.4993 17.5823
v 64.8619 47.5872 17.689
v 64.705 47.8508 17.9903
v 64.4162 47.6248 18.0029
v 64.1337 47.4051 18.0594
v 63.8889 47.2168 18.2414
v 63.6065 46.9908 18.3042
v 63.0855 47.0097 18.3732
v 62.8281 47.2482 18.4172
v 62.508 47.0034 18.4988
v 62.2694 47.2984 18.5741
v 62.3071 47.719 18.5302
v 62.056 47.5244 18.6494
v 62.2632 46.8088 18.5804
v 61.9932 47.085 18.6683
v 61.943 47.041 19.3023
v 61.5915 47.1603 19.7103
v 61.2149 46.8653 19.5785
v 61.2337 46.8778 18.8566
v 60.8885 46.6079 18.8001
v 60.562 46.3568 18.7562
v 60.1603 46.5075 18.8189
v 60.1164 46.9532 18.9633
v 59.8276 46.7272 19.0763
v 59.633 47.0348 19.4278
v 59.6958 47.493 19.6915
v 59.9532 47.7001 19.6098
v 59.2689 47.6374 20.0116
v 58.9739 47.4114 20.0932
v 58.7605 47.7378 20.5075
v 58.5094 48.0893 20.8464
v 57.9947 48.1709 21.1854
v 57.6871 48.4346 21.4742
v 57.4109 48.7547 21.7378
v 57.1033 48.5162 21.7315
v 56.7644 48.2525 21.5872
v 56.4066 47.9701 21.4993
v 56.0801 48.2274 21.7504
v 55.8479 48.4283 21.8759
v 55.3018 48.4471 22.0266
v 55.0444 48.6919 22.2839
v 54.7306 48.4471 22.2274
v 54.2158 48.4911 22.3404
v 53.858 48.2086 22.2337
v 53.3182 48.1835 22.3906
v 52.7407 48.1898 22.4722
v 52.408 47.9324 22.4346
v 52.0879 47.6813 22.422
v 51.8054 47.9512 22.5915
v 51.2091 48.0517 22.7547
v 50.7195 48.1772 22.9179
v 50.4056 47.9324 22.8865
v 49.9662 48.1082 22.9305
v 49.577 48.3279 23.0121
v 48.9493 48.3781 23.1816
v 48.466 48.4408 23.1439
v 48.1458 48.1835 23.0497
v 47.7817 48.3844 23.1188
v 47.4302 48.1082 23.0623
v 47.1038 47.8508 23.0435
v 46.8151 47.6248 23.0372
v 46.3819 47.7629 23.1816
v 46.0681 47.9826 23.4389
v 45.7228 48.0579 23.508
v 45.4341 48.1772 23.5456
v 45.1328 47.9387 23.5707
v 44.8691 48.1144 23.6398
v 44.5678 48.3467 23.7339
v 44.2791 48.5413 23.8658
v 43.9276 48.2588 23.803
v 43.576 47.9889 23.7591
v 43.2685 47.7441 23.7842
v 42.9295 47.4804 23.7026
v 42.6407 47.2482 23.7151
v 42.2955 47.493 23.7967
v 41.9503 47.2294 23.7591
v 42.0068 46.7586 23.6837
v 41.6678 46.4886 23.6084
v 41.3539 46.2438 23.6147
v 41.015 45.9802 23.5833
v 40.6697 45.7103 23.5268
v 40.3056 45.4215 23.4264
v 39.929 45.1328 23.3197
v 39.6152 44.888 23.2945
v 39.2699 45.1202 23.3259
v 38.8933 44.8315 23.1941
v 38.4225 44.4611 22.874
v 37.7446 44.5113 22.8551
v 37.3617 44.2163 22.7673
v 37.0478 44.549 22.9995
v 36.7277 44.2979 22.9367
v 36.2694 44.4297 23.0748
v 35.943 44.1724 23.0246
v 35.4346 44.3105 23.0937
v 35.0203 43.9841 22.8175
v 34.7315 44.3042 22.7296
v 34.1603 44.4172 22.7045
v 33.677 44.5427 22.7108
v 33.0806 44.6306 22.6354
v 32.5785 44.7938 22.8112
v 32.0449 44.9445 22.9619
v 32.2081 44.4988 22.717
v 32.365 44.0657 22.4722
v 32.6287 43.7204 22.4471
v 33.0869 43.576 22.4157
v 33.2438 43.1366 22.353
v 33.5577 42.8416 22.309
v 34.0599 42.6972 22.2714
v 34.1791 42.3018 22.2149
v 34.6374 42.0821 22.2588
v 34.9952 41.7745 22.2211
v 35.0705 41.3225 22.1647
v 35.4785 41.2284 22.24
v 35.7547 40.971 22.2337
v 35.7359 40.5818 22.1458
v 35.9807 40.4312 22.0014
v 35.9932 40.0922 21.9387
v 35.648 39.816 21.8696
v 36.3636 40.381 22.0077
v 36.7026 40.6446 22.1019
v 37.0227 40.902 22.1709
v 37.4244 40.745 22.0579
v 37.7634 41.0087 22.083
v 38.2216 40.8957 22.0266
v 38.6171 40.7199 22.083
v 38.9623 40.9961 22.1898
v 39.3327 41.2849 22.3279
v 39.6779 41.5548 22.3969
v 40.0608 41.8561 22.5099
v 40.4626 41.7306 22.4346
v 40.8204 41.4669 22.2714
v 41.2221 41.2598 22.2463
v 41.5987 41.0338 22.1333
v 42.1386 40.9459 22.0014
v 42.4085 40.5881 21.8382
v 42.7224 40.3496 21.7692
v 43.0488 40.1424 21.832
v 43.3815 40.0043 21.9261
v 43.6765 39.7846 21.945
v 43.8271 39.4582 22.3341
v 43.9276 39.0942 22.4973
v 43.9778 38.7489 22.6731
v 44.1473 38.3723 22.7924
v 44.1975 37.8764 22.9367
v 44.2916 37.4433 22.7861
v 43.9527 37.1733 22.7108
v 43.6451 36.9348 22.7359
v 43.9527 36.6963 22.6982
v 43.7393 36.5268 22.9367
v 44.1347 35.7924 22.761
v 44.0406 35.2463 22.5915
v 44.0657 34.8508 22.6543
v 44.1849 34.4867 22.7422
v 44.1975 34.0159 22.5727
v 44.2791 33.6142 22.4471
v 44.4423 33.3506 22.3279
v 44.3732 32.817 22.1772
v 44.5992 32.5534 22.0956
v 44.2351 32.2646 22.0203
v 44.4611 32.0198 21.9324
v 44.1284 31.7562 21.8759
v 43.6953 31.4235 21.5997
v 43.3501 31.1535 21.5307
v 42.9985 30.8774 21.4428
v 42.6721 30.62 21.4302
v 42.8353 30.3626 21.2545
v 42.9672 30.0299 21.0159
v 42.6282 29.7663 20.9281
v 42.5152 29.2516 20.7837
v 42.6659 28.9063 20.5828
v 42.8165 28.6239 20.4824
v 43.0488 28.3288 20.2125
v 42.7537 28.0966 20.2313
v 42.9044 27.7262 20.0367
v 43.0488 27.381 19.704
v 43.1743 27.0608 19.4718
v 42.76 26.7407 19.3462
v 42.421 26.4708 19.3148
v 42.5529 26.0314 19.0198
v 42.239 25.7929 19.0449
v 42.4085 25.3974 18.8754
v 42.5654 25.027 18.7059
v 42.578 24.6065 18.3419
v 42.5843 24.1357 17.9966
v 42.7161 23.7591 17.7706
v 42.8228 23.3699 17.62
v 42.5215 23.1376 17.6325
v 42.2202 22.8991 17.6577
v 42.2516 22.5287 17.3626
v 41.9063 22.2588 17.2936
v 41.5674 21.9952 17.3375
v 41.2096 21.7127 17.212
v 40.9334 21.4993 17.2308
v 41.2661 21.2921 16.8918
v 41.5548 21.0473 16.5529
v 41.9252 21.3361 16.6156
v 42.3143 21.6374 16.7412
v 42.6533 21.901 16.804
v 43.0048 22.1772 16.8542
v 43.3375 22.4346 16.873
v 43.6451 22.6794 16.8856
v 43.9527 22.9179 16.873
v 44.2603 23.1564 16.8667
v 44.5992 22.9493 16.6408
v 44.9319 22.7735 16.4462
v 45.522 22.7296 16.1825
v 45.8421 22.9807 16.2014
v 46.2438 22.83 15.9628
v 46.5263 22.5852 15.6678
v 46.6832 22.309 15.3351
v 47.0034 22.1019 14.9899
v 47.2607 21.8633 14.6132
v 47.5432 21.6374 14.2303
v 47.9763 21.9763 14.4689
v 48.4157 21.9387 14.3559
v 48.7986 21.7566 14.1299
v 49.1564 22.0328 14.1801
v 49.6021 21.8885 14.0232
v 49.9913 21.7441 13.7533
v 50.3617 21.6123 13.4017
v 50.6441 21.311 13.0063
v 51.0584 21.1352 12.6108
v 51.1589 20.7084 12.253
v 51.4539 20.5138 11.9454
v 51.9561 20.4322 11.7257
v 52.2699 20.225 11.2675
v 52.2574 19.7919 10.916
v 52.5524 20.0179 10.872
v 52.2699 20.677 11.7195
v 52.1381 21.041 12.0835
v 52.5084 21.3298 12.1651
v 52.5838 21.8131 12.6359
v 52.9478 22.0956 12.7615
v 53.3119 22.3844 12.8807
v 53.7011 22.6794 13.0188
v 54.0275 22.5099 12.7112
v 54.4293 22.8238 12.8745
v 54.7682 23.0874 12.9435
v 55.057 23.3134 12.9372
v 55.3959 23.5707 12.9749
v 55.7475 23.8469 13.0251
v 55.7663 24.2863 13.3264
v 56.0927 24.5437 13.3641
v 56.4191 24.8011 13.4017
v 56.7204 25.0333 13.408
v 57.0657 24.8701 13.1004
v 57.4109 25.14 13.1193
v 57.731 25.3911 13.1507
v 58.0072 25.6045 13.1193
v 58.4843 25.5104 12.7866
v 58.7793 25.7364 12.6987
v 58.999 25.9121 12.5606
v 59.2627 26.113 12.4288
v 59.5577 26.3452 12.4037
v 59.746 26.0377 12.3158
v 60.041 26.2699 12.2593
v 60.4742 26.1758 12.1463
v 60.7566 26.3955 12.0647
v 60.8947 26.1381 11.9957
v 61.24 25.9498 11.7446
v 61.6103 25.8117 11.4935
v 61.5476 26.1883 11.7383
v 61.5224 26.6277 11.9392
v 61.6605 27.0985 11.9454
v 61.4848 27.3935 12.027
v 61.422 27.7953 12.2091
v 61.7484 28.0464 12.3032
v 62.1125 28.3288 12.4037
v 62.508 28.6364 12.592
v 62.8344 28.8938 12.6924
v 63.1796 29.1637 12.705
v 63.6316 29.5152 12.9686
v 63.9392 29.7537 13
v 64.2656 30.0048 12.9561
v 64.5606 30.2371 12.8933
v 64.3221 30.5196 13.0377
v 64.6108 30.7393 13.0439
v 64.8682 30.9401 12.8996
v 65.1444 31.1598 12.7991
v 65.5084 31.4423 12.8996
v 65.9918 31.8189 13.2448
v 66.2366 32.0072 13.0628
v 66.6132 32.3023 13.2511
v 67.0024 32.6036 13.3829
v 67.3037 32.8358 13.3578
v 67.5611 33.0367 13.3013
v 68.0758 32.9676 13.0314
v 68.3583 33.1873 12.9623
v 68.6219 33.3945 12.9121
v 68.9044 33.6142 12.818
v 69.1743 33.8213 12.7301
v 69.5635 33.6707 12.3848
v 69.846 33.8904 12.3032
v 70.141 34.1226 12.2718
v 70.4925 33.9657 11.9454
v 70.7875 34.198 11.9141
v 71.0951 34.4365 11.8952
v 71.3839 34.6562 11.8576
v 71.6789 34.8885 11.8262
v 71.5847 35.2463 11.9831
v 71.8484 35.4471 11.845
v 71.704 35.7924 12.0082
v 72.0241 36.0372 12.0961
v 71.8107 36.3448 12.1777
v 72.0932 36.5645 12.071
v 72.3631 36.7716 11.958
v 72.6079 36.9662 11.8324
v 72.8464 37.1482 11.6253
v 73.0975 37.3428 11.506
v 72.9971 37.6943 11.5625
v 72.7962 38.0521 11.6881
v 73.0913 38.2781 11.6316
v 73.1164 38.7991 11.5311
v 73.1791 39.3703 11.393
v 73.1415 39.7658 11.7257
v 73.0285 40.1299 11.9078
v 73.311 40.3496 11.845
v 73.4867 40.4877 11.55
v 73.7001 40.6509 11.2863
v 74.083 40.9459 11.4119
v 73.8822 41.2974 11.5814
v 74.2463 41.5799 11.6818
v 74.1646 42.0005 11.8701
v 73.7315 42.0444 11.8827
v 73.5934 42.3771 12.0459
v 73.9136 42.6282 12.1212
v 73.3047 42.6031 12.297
v 72.9908 42.3583 12.3409
v 72.6895 42.578 12.5732
v 72.7586 42.1762 12.4978
v 72.52 41.9942 12.7364
v 72.2878 41.8122 12.9749
v 72.0179 41.605 12.9812
v 71.6098 41.7368 12.9749
v 71.3274 41.5109 13.1255
v 71.1202 41.7557 13.4017
v 70.8629 42.0193 13.8035
v 70.549 42.2453 14.2052
v 70.2665 42.5278 14.4124
v 70.1473 42.873 14.5128
v 70.0908 43.3061 14.5379
v 70.5176 43.1618 14.607
v 70.3921 43.5384 14.4814
v 70.6306 43.7267 14.3308
v 70.8754 43.9213 14.1864
v 70.4109 44.028 14.2617
v 70.2728 44.3921 14.2743
v 70.5804 44.6306 14.2178
v 70.1096 44.662 14.3747
v 70.0029 45.0575 14.5128
v 69.7706 45.3525 14.5253
v 69.6514 45.7479 14.5693
v 69.7016 44.8189 14.5693
v 69.9966 45.0449 15.2723
v 69.8146 45.3839 15.3979
v 69.733 44.844 15.3728
v 69.62 45.2332 15.6301
v 69.3438 44.5427 16.0005
v 69.3061 45.4717 16.0507
v 68.7286 45.0261 15.4293
v 69.5823 45.2018 16.2704
v 69.1241 45.7668 16.7851
v 69.1241 46.2627 16.6219
v 68.9232 46.0995 16.8416
v 68.9232 46.6267 16.7349
v 69.3752 46.4573 16.5027
v 69.3061 45.9111 15.7368
v 69.3438 46.9532 16.2014
v 69.055 47.2796 16.1072
v 68.7161 47.4428 15.8059
v 68.4399 46.7962 16.804
v 68.0758 46.5138 16.6847
v 68.7286 46.4761 16.9923
v 68.3771 45.6726 17.0048
v 68.1511 46.0241 17.1931
v 67.8812 45.817 17.2308
v 67.6301 46.5891 16.9672
v 67.8938 46.7962 16.8918
v 68.1825 47.0222 16.8165
v 67.7368 47.1289 17.0362
v 67.4418 46.8967 17.1115
v 67.2723 46.3066 17.5447
v 66.6446 46.7711 17.325
v 66.7262 46.338 17.6388
v 66.45 46.1183 17.7079
v 66.5693 46.7083 17.9213
v 66.3872 46.564 18.2352
v 66.1487 46.859 18.3984
v 66.1299 47.2545 18.2603
v 65.9353 47.0975 18.5741
v 65.6905 47.3675 18.4611
v 65.8725 47.5118 18.1473
v 65.4268 47.1603 18.5678
v 65.7219 46.9343 18.7562
v 65.4331 46.7021 18.7875
v 65.2197 46.9971 18.8189
v 64.9184 47.1917 18.7813
v 64.9184 46.7648 18.8629
v 64.5731 46.9218 17.959
v 64.3283 46.7335 18.1159
v 64.5229 46.4573 17.9213
v 64.8117 46.6832 17.846
v 64.705 46.1371 17.7706
v 64.435 45.93 17.8397
v 64.071 46.5326 18.1849
v 64.1212 47.0097 18.2038
v 64.3534 47.1917 17.9715
v 64.5857 47.3737 17.7204
v 64.7803 47.085 17.7079
v 65.0188 46.8464 17.6012
v 65.0628 47.3047 17.689
v 65.3201 47.0787 17.5698
v 65.59 47.2921 17.4756
v 66.0106 47.1603 17.1869
v 65.8223 47.4742 17.2873
v 66.0483 47.6499 17.099
v 66.2554 47.3486 17.0174
v 66.381 47.041 16.8165
v 66.1927 46.8967 17.0488
v 66.45 47.5055 16.7412
v 66.5756 47.1917 16.534
v 66.5505 46.6958 16.3583
v 66.2303 46.451 16.3332
v 66.6823 46.3066 16.057
v 66.3935 46.0806 16.1511
v 65.9541 46.2313 16.4524
v 66.1487 45.8923 16.2641
v 65.86 45.6601 16.2955
v 65.6465 45.4969 16.4838
v 65.8788 45.2269 16.4462
v 65.4582 45.3462 16.7788
v 65.703 45.0826 16.7851
v 65.5084 44.9319 17.0739
v 65.295 45.2207 17.1178
v 66.1236 45.409 17.0237
v 65.2636 44.7373 17.2622
v 65.069 45.0386 17.3438
v 64.8305 45.3525 17.4944
v 64.8117 44.844 17.4819
v 64.5794 45.1579 17.6702
v 64.6296 45.6663 17.6953
v 64.3597 45.4592 17.8648
v 64.1777 45.7228 17.9778
v 63.5311 46.1057 18.436
v 63.6504 46.6393 18.5302
v 63.3365 46.7837 18.3984
v 63.0352 46.5451 18.4549
v 62.7967 46.7837 18.4235
v 62.5205 46.5703 18.5302
v 62.2255 46.338 18.5553
v 62.0121 46.6142 18.6808
v 61.6919 46.8464 18.7059
v 61.3655 46.5954 18.7562
v 61.6919 46.3631 18.6808
v 61.4032 46.1371 18.7059
v 61.0956 46.3819 18.7624
v 60.7943 46.1497 18.7624
v 60.4804 45.8986 18.7687
v 60.2482 46.112 18.7687
v 59.8527 46.2689 18.8252
v 59.5514 46.5138 19.1642
v 59.3254 46.7962 19.4592
v 59.4133 47.2733 19.7417
v 59.1183 47.041 19.7668
v 58.6412 47.1478 20.0492
v 58.4278 47.4804 20.4447
v 58.1956 47.8445 20.8339
v 57.6369 47.8947 21.1352
v 57.3481 48.1709 21.4239
v 57.0217 47.9136 21.3863
v 56.6451 47.6185 21.2482
v 56.0425 47.6876 21.3737
v 55.6972 47.9261 21.5307
v 55.5089 48.1647 21.8257
v 54.9691 48.1835 21.9198
v 54.3853 48.1772 22.1835
v 54.0401 47.9073 22.0266
v 53.5128 47.9387 22.1647
v 52.9604 47.901 22.3153
v 52.6277 47.6436 22.2714
v 52.3139 47.3988 22.2714
v 51.774 47.4365 22.4095
v 51.4853 47.7001 22.5978
v 51.1902 47.4679 22.5789
v 50.9078 47.8131 22.7861
v 50.5437 47.5307 22.6919
v 50.0478 47.6499 22.8049
v 49.621 47.8382 22.8614
v 49.2192 48.0454 22.9305
v 48.6166 48.1144 23.0811
v 48.2588 47.832 23.0058
v 47.8006 47.9198 22.9932
v 47.4804 47.6688 22.9493
v 47.1729 47.4239 22.9619
v 46.859 47.1791 22.9932
v 46.5263 47.3988 23.1188
v 46.0995 47.5432 23.2883
v 45.7542 47.7378 23.4452
v 45.4215 47.8257 23.4954
v 45.1014 47.5746 23.4515
v 44.8001 47.6813 23.5582
v 44.5302 47.8508 23.6021
v 44.254 48.1019 23.7591
v 43.9464 47.8633 23.7402
v 43.6388 47.6185 23.6649
v 43.3061 47.3612 23.6461
v 42.9797 47.1038 23.621
v 42.6721 46.859 23.5958
v 42.3206 47.0034 23.6837
v 42.3206 46.5891 23.5645
v 41.9942 46.3317 23.5456
v 41.6678 46.0806 23.5205
v 41.3037 45.7919 23.4766
v 40.9899 45.5471 23.4264
v 40.676 45.296 23.3573
v 40.3119 45.0135 23.2632
v 40.0043 44.775 23.2694
v 39.6842 44.5176 23.2004
v 39.3013 44.6369 23.2506
v 38.887 44.3105 23.0121
v 38.4351 43.959 22.6668
v 38.027 44.1535 22.7045
v 37.663 43.8648 22.6292
v 37.3428 43.6137 22.5852
v 37.0541 43.9715 22.7798
v 36.7277 43.7204 22.7422
v 36.395 44.0406 22.9116
v 36.056 43.7769 22.8928
v 35.6103 43.9087 22.9556
v 35.2274 43.6137 22.7861
v 34.6185 43.6702 22.5789
v 34.3549 44.0092 22.6543
v 33.8276 44.1535 22.6543
v 33.2941 44.2414 22.5664
v 32.7291 44.3481 22.5413
v 32.9739 43.9903 22.5225
v 33.451 43.8585 22.466
v 33.6205 43.4317 22.422
v 33.9218 43.1241 22.4032
v 34.4239 42.9797 22.3969
v 34.5244 42.578 22.3216
v 34.9826 42.352 22.3592
v 35.3467 42.0507 22.2839
v 35.4032 41.5799 22.2337
v 35.7673 41.4544 22.2023
v 36.0748 41.2221 22.2714
v 36.0686 40.8392 22.1709
v 36.3448 40.7137 22.0893
v 36.6963 40.9899 22.1458
v 37.0415 41.2598 22.1898
v 37.3554 41.1593 22.1709
v 37.6504 41.3853 22.196
v 38.071 41.2472 22.1458
v 38.5983 41.1907 22.1584
v 38.9686 41.4795 22.2714
v 39.3264 41.7619 22.3844
v 39.6779 42.0319 22.4722
v 40.0043 42.2892 22.5099
v 40.4061 42.126 22.5413
v 40.8204 42.0068 22.5099
v 41.1656 41.7368 22.2965
v 41.5485 41.5171 22.2525
v 41.8938 41.2661 22.1333
v 42.1888 41.4983 22.1207
v 42.4462 41.1844 22.0077
v 42.7851 40.8831 21.9638
v 43.0802 40.6258 21.8571
v 43.3877 40.4061 21.8822
v 43.6639 40.224 21.901
v 44.0908 40.1111 22.2023
v 44.2038 39.7533 22.4283
v 44.2854 39.3766 22.5789
v 44.3168 39.0188 22.7484
v 44.4548 38.6108 22.8175
v 44.5741 38.1651 23.0246
v 44.7373 37.7885 23.0686
v 44.6997 37.2738 23.0058
v 44.2791 36.9474 22.7547
v 44.4548 36.0435 22.7422
v 44.3732 35.5036 22.6417
v 44.4423 35.1521 22.717
v 44.5365 34.7629 22.7986
v 44.5427 34.2921 22.6292
v 44.5616 33.8339 22.3906
v 44.7499 33.5891 22.2839
v 44.7122 33.0806 22.2023
v 44.9382 32.817 22.1144
v 44.775 32.2709 21.9638
v 44.7373 31.8503 21.8759
v 44.3984 31.5867 21.8508
v 43.9903 31.2728 21.719
v 44.141 30.9464 21.5181
v 43.5886 30.9527 21.493
v 43.1555 30.62 21.2859
v 43.3501 30.3312 21.1352
v 43.5007 30.0174 20.8904
v 43.1492 29.7475 20.8464
v 42.8416 29.5089 20.8213
v 42.9985 29.17 20.5954
v 43.168 28.9 20.4887
v 43.4066 28.6113 20.2501
v 43.5886 28.2535 20.0555
v 43.2371 27.9836 20.0241
v 43.3626 27.6321 19.7417
v 43.5007 27.3119 19.5157
v 43.576 26.8349 19.2269
v 43.2057 26.5461 19.0826
v 42.8605 26.2762 19.0198
v 42.9923 25.8556 18.7122
v 42.691 25.6171 18.7624
v 42.8479 25.253 18.6306
v 42.9358 24.8889 18.3356
v 42.8918 24.3679 17.959
v 43.0488 24.0164 17.7706
v 43.1304 23.6147 17.6325
v 43.2371 23.3008 17.4003
v 42.9358 23.0623 17.4066
v 42.5968 22.7986 17.3815
v 42.6282 22.353 17.168
v 42.3143 22.1082 17.1178
v 41.9628 21.832 17.0237
v 41.5925 21.5495 16.9546
v 42.9358 22.5915 17.1366
v 43.281 22.8614 17.1618
v 43.5949 23.1062 17.1618
v 43.9338 23.3699 17.1429
v 44.254 23.621 17.1429
v 44.5616 23.3887 16.8667
v 44.9194 23.2004 16.6533
v 45.2646 23.0372 16.4713
v 45.6098 23.3071 16.465
v 46.1748 23.238 16.2578
v 46.564 23.0811 15.9942
v 46.8653 22.8489 15.7055
v 47.0285 22.5727 15.3037
v 47.3172 22.353 14.9773
v 47.5872 22.1144 14.6195
v 48.0077 22.4408 14.8455
v 48.422 22.3153 14.7074
v 48.8112 22.2463 14.4751
v 49.1564 22.5162 14.5944
v 49.5205 22.3216 14.3433
v 49.9536 22.1584 14.0608
v 50.3052 21.9826 13.747
v 50.7132 21.8822 13.4206
v 51.0145 21.5997 13.0879
v 51.4225 21.4177 12.7489
v 51.5418 21.0034 12.4037
v 51.7866 20.7711 12.0647
v 51.8807 21.267 12.4476
v 52.2197 21.5307 12.4978
v 52.1193 21.9638 12.8619
v 52.5336 22.2839 13.0565
v 52.9165 22.5789 13.1758
v 53.2554 22.8426 13.2134
v 53.6321 23.1376 13.3452
v 54.0652 22.9681 13.1004
v 54.4355 23.2569 13.182
v 54.7619 23.508 13.2134
v 55.0946 23.7653 13.2323
v 55.4336 24.0352 13.2762
v 55.2202 24.3679 13.4268
v 55.5529 24.6253 13.4394
v 55.9232 24.914 13.5022
v 56.2747 25.1902 13.5587
v 56.6012 25.4476 13.5838
v 57.0343 25.2718 13.3515
v 57.3984 25.5606 13.4394
v 57.6997 25.7929 13.3955
v 58.0198 26.0439 13.3892
v 58.3148 25.8431 13.069
v 58.5785 26.0502 12.9749
v 58.8358 26.2511 12.8745
v 59.156 26.5022 12.8054
v 59.4635 26.7407 12.7677
v 59.8464 26.5712 12.3409
v 60.3361 26.4959 12.2028
v 60.6248 26.7219 12.1526
v 61.0642 26.634 12.0396
v 61.2211 26.3892 11.9517
v 61.3592 26.8662 11.9894
v 61.196 27.1675 12.0584
v 61.1019 27.5442 12.2216
v 60.9449 27.8957 12.5355
v 61.2651 28.1405 12.5732
v 61.5664 28.3728 12.6171
v 61.9556 28.6803 12.7112
v 62.3196 28.9628 12.7929
v 62.6649 29.2327 12.8807
v 63.0352 29.5215 12.9561
v 63.393 29.7977 13.0439
v 63.7069 30.0425 13.069
v 64.0396 30.2999 13.0879
v 63.9392 30.6451 13.1758
v 64.2467 30.8899 13.1695
v 64.5669 31.1347 13.1507
v 64.8619 31.367 13.113
v 65.3201 31.7248 13.4771
v 65.5963 31.9319 13.3829
v 66.0483 32.2834 13.7219
v 66.2743 32.4655 13.5649
v 66.6321 32.7417 13.6089
v 66.971 33.0053 13.6654
v 67.2849 33.2501 13.6403
v 67.5674 33.4698 13.5398
v 67.8687 33.2752 13.2574
v 68.126 33.4761 13.1569
v 68.4273 33.7084 13.1444
v 68.7412 33.9532 13.0565
v 69.0111 34.1666 12.9498
v 69.4442 34.0285 12.6485
v 69.733 34.2607 12.5167
v 70.028 34.4867 12.4476
v 70.4172 34.3361 12.2091
v 70.6934 34.5558 12.14
v 70.9884 34.7817 12.1212
v 71.2646 34.9952 12.0145
v 71.1391 35.353 12.1589
v 71.4215 35.5727 12.0647
v 71.1453 35.83 12.1212
v 71.478 36.0874 12.1275
v 71.3964 36.4515 12.253
v 71.6977 36.6837 12.253
v 71.9676 36.8909 12.1651
v 72.2815 37.142 12.1526
v 72.5326 37.3303 11.9517
v 72.7523 37.506 11.7195
v 72.5765 37.8764 11.8701
v 72.6205 38.4162 11.9392
v 72.8904 38.6234 11.7446
v 72.9908 39.226 11.6943
v 72.928 39.5963 11.9894
v 72.8339 39.973 12.1526
v 72.8527 40.494 12.0459
v 73.3486 40.8769 11.732
v 73.5558 41.0401 11.4746
v 73.4553 41.4481 11.6881
v 73.7692 41.6929 11.7383
v 73.3988 41.7808 11.8576
v 73.3172 42.1637 12.1024
v 73.1101 42.0005 12.3409
v 72.8151 41.7745 12.3535
v 72.6079 41.6113 12.6171
v 72.3505 41.4104 12.7615
v 72.0618 41.1844 12.7991
v 71.704 41.3539 12.9623
v 71.3901 41.1154 12.9812
v 71.1893 40.9585 13.182
v 71.1265 41.3539 13.3955
v 70.9131 41.5925 13.6465
v 70.662 41.8624 14.0232
v 70.2916 42.0444 14.3747
v 69.9715 42.2955 14.494
v 69.8836 42.6659 14.5756
v 69.8146 43.0864 14.6195
v 69.9025 43.6263 14.5379
v 70.1724 43.8397 14.4375
v 70.0029 44.1849 14.337
v 69.8209 44.4423 14.3935
v 69.3752 44.5616 14.5128
v 68.8353 45.1077 14.9334
v 69.1931 44.4235 14.8455
v 68.9923 44.2665 15.1531
v 68.5529 44.3984 15.3163
v 68.5152 45.296 15.3351
v 68.6596 44.4862 15.5736
v 68.2829 44.1912 15.4293
v 68.7161 44.0531 15.2472
v 68.4713 43.8585 15.3853
v 68.2139 43.6576 15.5109
v 68.0068 43.9778 15.605
v 67.6741 44.1975 15.831
v 67.7682 43.7832 15.7557
v 67.423 44.0029 15.9252
v 67.2033 44.2665 15.9565
v 67.6552 45.114 16.013
v 67.0275 45.1453 15.9691
v 67.3037 45.365 15.8561
v 67.5485 45.5596 15.7682
v 67.1217 46.1936 15.7682
v 66.7827 46.8841 16.2327
v 66.2931 47.8382 16.9734
v 66.5505 48.0454 16.8667
v 67.1405 43.7832 16.0507
v 66.9522 44.0719 16.0695
v 66.6697 43.8522 16.1135
v 66.4688 44.1849 16.2327
v 66.2366 44.0029 16.4273
v 66.1173 44.436 16.7035
v 65.9981 43.8146 16.5654
v 65.9039 44.2728 16.9044
v 65.9102 44.8252 16.7977
v 66.3747 45.183 17.168
v 66.6823 44.8754 17.3187
v 66.6446 45.3964 17.0676
v 67.1217 44.6934 17.0048
v 67.4167 44.9256 16.9421
v 67.5799 44.5616 16.8479
v 67.831 44.7562 16.7349
v 68.4713 44.3356 16.7098
v 68.4085 44.7687 16.8291
v 69.0048 44.7499 17.1555
v 68.8291 45.1014 17.0613
v 69.3187 44.9947 17.1492
v 69.1304 45.3337 17.1178
v 69.5509 45.1767 16.9985
v 69.3815 45.5345 16.9923
v 69.7706 44.8691 16.2327
v 68.5968 45.3525 17.0739
v 68.0632 45.4278 16.9797
v 68.2578 45.0888 17.0425
v 67.5171 45.5282 17.1366
v 67.5234 46.0806 17.6514
v 66.9773 45.6538 17.1115
v 66.3998 45.6287 16.9421
v 65.7407 44.6871 17.0488
v 65.4771 44.48 17.2057
v 65.2385 44.2916 17.3626
v 65.0251 44.5553 17.4756
v 64.7928 44.3732 17.62
v 64.6171 44.6871 17.7769
v 64.3786 45.001 17.8899
v 64.6171 45.183 18.4486
v 64.4037 45.4906 18.7185
v 63.8387 45.9174 18.5427
v 63.2549 45.8923 18.4862
v 63.0604 46.1748 18.5365
v 63.3303 46.3882 18.5239
v 62.7277 46.3066 18.4925
v 62.4264 46.0681 18.5239
v 62.1439 45.8484 18.5678
v 61.9305 46.112 18.6432
v 61.6229 45.8672 18.6934
v 61.309 45.6224 18.7059
v 61.1144 45.9111 18.7248
v 60.788 45.6538 18.7436
v 60.4867 45.4215 18.7373
v 60.1917 45.6726 18.7938
v 59.9218 45.8547 18.7687
v 59.5389 46.0241 18.8252
v 59.2125 46.2501 19.0323
v 58.9614 46.5075 19.2772
v 58.7919 46.79 19.704
v 58.3211 46.8967 19.999
v 58.0637 47.198 20.3819
v 57.8566 47.5809 20.7837
v 57.2791 47.6123 21.0222
v 56.9338 47.3423 20.8967
v 56.5949 47.0787 20.8339
v 56.2622 47.3172 21.1352
v 55.7161 47.4302 21.311
v 55.3457 47.6562 21.3988
v 55.126 47.8633 21.6813
v 54.5925 47.8885 21.8006
v 54.2723 47.6374 21.7943
v 53.9522 47.3863 21.7566
v 53.7325 47.6625 22.0203
v 53.1613 47.6688 22.1458
v 52.8537 47.4239 22.1019
v 52.5524 47.1854 22.0642
v 52.2511 46.9532 22.1082
v 51.9812 47.1352 22.2651
v 51.4225 47.1603 22.3216
v 50.8764 47.2231 22.5162
v 50.5374 46.9532 22.5036
v 50.211 47.267 22.6543
v 49.69 47.3737 22.7233
v 49.3008 47.5872 22.7924
v 48.874 47.7755 22.8426
v 48.5476 47.5181 22.8175
v 48.2023 47.2482 22.7108
v 47.901 47.5558 22.9242
v 47.5934 47.3172 22.9242
v 47.2356 47.0348 22.8928
v 46.9343 46.8025 22.8928
v 46.5703 46.9532 23.056
v 46.2376 47.1729 23.1376
v 45.7793 47.2858 23.2506
v 45.4592 47.5055 23.4264
v 45.114 47.2356 23.4515
v 44.7687 47.311 23.3824
v 44.4611 47.4177 23.5205
v 44.1912 47.5809 23.5456
v 43.8711 47.3298 23.4954
v 43.5384 47.0724 23.4891
v 43.1869 46.7962 23.4138
v 42.8605 46.5389 23.395
v 42.5089 46.2689 23.3699
v 42.2013 46.0241 23.3322
v 41.9 45.7856 23.3071
v 41.5736 45.5345 23.3008
v 41.2472 45.2772 23.2443
v 40.9145 45.0135 23.169
v 40.5442 44.7248 23.0937
v 40.2366 44.4862 23.0999
v 39.9416 44.254 23.1376
v 39.4833 43.8962 22.8614
v 39.2762 44.2038 23.0686
v 38.8054 43.8334 22.6919
v 38.4853 43.5823 22.6417
v 38.1024 43.6953 22.6103
v 37.7383 43.4128 22.5476
v 37.4119 43.1555 22.4973
v 37.029 43.3689 22.5664
v 36.7088 43.1178 22.4973
v 36.3699 43.4379 22.717
v 35.7422 43.5258 22.8426
v 35.3216 43.1994 22.648
v 34.8194 43.2936 22.5852
v 34.2545 43.3815 22.4722
v 34.0097 43.733 22.5852
v 34.9073 42.873 22.5036
v 35.3592 42.647 22.535
v 35.6919 42.3206 22.353
v 35.7045 41.8184 22.2211
v 36.0999 41.7117 22.24
v 36.4201 41.4983 22.2965
v 36.395 41.0966 22.2211
v 36.7214 41.3539 22.24
v 37.0415 41.605 22.2776
v 37.3554 41.5046 22.196
v 37.7069 41.7745 22.2776
v 38.0019 41.6678 22.2839
v 38.4225 41.5234 22.2274
v 38.774 41.7996 22.309
v 39.113 42.0695 22.3969
v 39.4959 42.3708 22.5036
v 39.8537 42.647 22.5413
v 40.3245 42.5403 22.5601
v 40.7137 42.3646 22.5413
v 41.1217 42.2453 22.5099
v 41.4544 41.9628 22.309
v 41.8624 41.7619 22.2714
v 42.2013 42.0256 22.2839
v 42.5152 41.7494 22.0956
v 42.7663 41.4355 21.9701
v 43.1053 41.1405 21.9261
v 43.4066 40.8831 21.9136
v 43.733 40.676 21.9198
v 44.3858 40.3433 22.1207
v 44.4988 39.9792 22.3655
v 44.5992 39.6214 22.6166
v 44.6997 39.3139 22.8112
v 44.8126 38.8933 22.9179
v 44.9382 38.4539 23.1313
v 45.1014 38.0773 23.2255
v 45.1956 37.663 23.3573
v 45.2772 37.1859 23.4264
v 44.8315 36.8344 23.0686
v 44.8189 36.3322 22.8112
v 44.5176 36.5958 23.0435
v 45.0512 36.0309 22.7735
v 44.7436 35.7924 22.7798
v 44.775 35.4095 22.7986
v 44.8691 35.0203 22.83
v 44.888 34.5558 22.6543
v 44.888 34.085 22.4471
v 45.0826 33.8527 22.3404
v 45.2583 33.5075 22.1082
v 44.9947 33.3003 22.1458
v 45.2332 33.0492 22.083
v 45.4341 32.7793 22.0077
v 45.114 32.5282 22.0391
v 45.0763 32.114 21.9763
v 45.1767 31.7562 21.7943
v 44.8817 31.5239 21.7755
v 44.5113 31.2351 21.675
v 44.436 30.7518 21.5244
v 43.9401 30.3626 21.1415
v 43.7267 30.6263 21.2607
v 44.1033 30.0362 20.9532
v 43.6702 29.691 20.6832
v 43.3438 29.4399 20.6644
v 43.5258 29.1825 20.564
v 43.7518 28.8812 20.3694
v 43.9464 28.536 20.1371
v 44.0594 28.1782 19.9174
v 43.7079 27.902 19.8044
v 43.8397 27.5818 19.5596
v 43.8836 27.0734 19.2897
v 44.3356 27.4249 19.522
v 44.4548 26.9981 19.1328
v 44.8126 27.2743 19.2458
v 45.0072 26.9353 18.4862
v 44.731 26.7219 18.5741
v 44.3858 26.452 18.5302
v 44.8378 26.3704 18.3607
v 44.5239 26.1318 18.436
v 43.9903 26.1444 18.3921
v 43.8271 26.5084 18.436
v 43.5698 26.3076 18.5553
v 43.281 26.0816 18.6243
v 43.4066 25.6861 18.4925
v 43.1241 25.4664 18.5929
v 43.2182 25.1086 18.3105
v 43.2182 24.6253 17.9903
v 43.3689 24.2675 17.7769
v 43.4693 23.872 17.6074
v 43.5572 23.5456 17.3815
v 43.8962 23.8155 17.3752
v 44.1661 24.0227 17.3563
v 44.5427 23.8469 17.099
v 44.9068 23.6586 16.873
v 45.2207 23.4389 16.647
v 45.5596 23.6963 16.6972
v 45.9363 23.5582 16.5215
v 46.2376 23.7967 16.5215
v 46.5263 23.5205 16.2704
v 46.859 23.3071 15.9503
v 47.154 23.0748 15.6239
v 47.3549 22.8238 15.3037
v 47.5997 22.5727 14.9585
v 47.9889 22.874 15.1405
v 48.3718 22.7233 14.9271
v 48.7798 22.5978 14.7764
v 49.1627 22.8991 14.9396
v 49.5017 22.7861 14.7074
v 49.8595 22.5852 14.3747
v 50.2926 22.422 14.0797
v 50.619 22.2337 13.7533
v 51.027 22.127 13.4771
v 51.3534 21.8571 13.1381
v 51.7364 21.6625 12.7552
v 51.7364 22.1584 13.2323
v 52.0753 22.422 13.2699
v 52.4708 22.7296 13.4582
v 52.8537 23.0246 13.5649
v 53.1738 23.2757 13.6026
v 53.5002 23.5331 13.6654
v 53.971 23.4013 13.3704
v 54.2974 23.6523 13.4017
v 54.5987 23.8846 13.4017
v 54.9063 24.1231 13.408
v 54.8059 24.55 13.703
v 55.126 24.7948 13.6779
v 55.465 25.0584 13.7846
v 55.804 25.3221 13.7784
v 56.1492 25.592 13.8349
v 56.507 25.8682 13.973
v 56.9527 25.7175 13.6403
v 57.2603 25.9623 13.634
v 57.5616 26.1946 13.6089
v 57.8629 26.4268 13.5775
v 58.3211 26.2762 13.3264
v 58.5722 26.4708 13.2071
v 58.8986 26.7281 13.2009
v 59.1685 26.9353 13.1193
v 59.4635 27.1675 13.1255
v 59.7209 26.9416 12.6736
v 60.1666 26.8223 12.297
v 60.5055 27.0797 12.3032
v 60.9136 26.9478 12.1275
v 60.7817 27.2994 12.2656
v 60.6562 27.6697 12.6171
v 60.675 28.1091 12.9372
v 60.9889 28.3539 12.9121
v 61.3216 28.6113 12.9498
v 61.6417 28.8624 12.9686
v 61.9493 29.1009 12.9623
v 62.2883 29.3646 13.0439
v 62.621 29.6219 13.0879
v 62.9285 29.8605 13.1004
v 63.2675 30.1304 13.1444
v 63.6127 30.394 13.1695
v 63.4495 30.7706 13.2762
v 63.7446 31.0029 13.2699
v 64.0647 31.254 13.3013
v 64.3786 31.4925 13.3327
v 64.8368 31.8503 13.7093
v 65.1883 32.1265 13.7658
v 65.5838 32.4341 13.8914
v 65.9416 32.7103 13.973
v 66.224 32.93 13.9039
v 66.5567 33.1936 13.9353
v 66.8643 33.4322 13.9165
v 67.1468 33.6456 13.8662
v 67.4041 33.8527 13.7533
v 67.6615 34.0473 13.6465
v 67.8561 33.6958 13.4833
v 68.126 33.9029 13.3892
v 68.4148 34.1289 13.339
v 68.6972 34.3486 13.2762
v 68.9546 34.5495 13.1883
v 69.2685 34.3675 12.8556
v 69.5572 34.5934 12.7301
v 69.8334 34.8006 12.6296
v 70.3042 34.7001 12.4037
v 70.6243 34.9512 12.366
v 70.8942 35.1647 12.2656
v 70.8942 35.6292 12.3158
v 70.8315 36.0121 12.3597
v 71.1077 36.2255 12.2656
v 70.888 36.5645 12.3911
v 71.1956 36.803 12.3409
v 71.5031 37.0415 12.297
v 71.8044 37.2738 12.2467
v 72.1308 37.5311 12.297
v 72.3757 37.7195 12.1086
v 72.3882 38.2342 12.1149
v 72.3505 38.7238 12.3409
v 72.5765 38.8996 12.1275
v 72.8151 39.0816 11.9266
v 72.6456 39.3766 12.0835
v 72.6079 39.7972 12.3409
v 72.6581 40.337 12.3535
v 72.8213 40.9522 12.3597
v 72.9908 41.084 12.0396
v 73.1477 40.7199 12.0459
v 73.2482 41.2912 11.8764
v 73.1415 41.5799 11.9768
v 72.9218 41.4104 12.1965
v 72.6832 41.2221 12.4099
v 72.4824 41.0652 12.7175
v 72.1936 40.8392 12.7866
v 71.7166 40.9145 12.7615
v 71.4592 40.7199 12.9372
v 71.252 40.5567 13.2071
v 71.0198 40.3747 13.3704
v 71.0072 40.8141 13.4959
v 70.9319 41.2033 13.6026
v 70.6745 41.4104 13.8411
v 70.4172 41.6741 14.1864
v 70.0468 41.8498 14.5253
v 69.6828 42.0758 14.5944
v 69.5949 42.4399 14.6383
v 69.5635 42.8918 14.7764
v 69.4568 43.281 14.8769
v 69.6702 43.4505 14.7011
v 69.4944 43.7832 14.6948
v 69.7393 43.9778 14.4563
v 69.5698 44.2477 14.5065
v 69.3877 44.1033 14.7953
v 69.1806 43.9401 15.0338
v 68.9232 43.7393 15.1593
v 68.6533 43.5258 15.2849
v 68.4022 43.3312 15.423
v 67.9691 43.4631 15.6301
v 67.7055 43.2622 15.7117
v 67.5109 43.5886 15.8436
v 67.2409 43.3752 15.9628
v 66.563 43.3312 16.1888
v 66.1613 43.4505 16.4148
v 65.6842 43.576 16.5529
v 65.6152 44.0468 17.0362
v 65.3327 43.8271 17.1241
v 64.9686 44.0845 17.4254
v 64.7677 43.9276 17.7141
v 64.5857 44.21 17.846
v 64.3974 44.5176 18.0154
v 64.7426 44.7813 18.8315
v 64.4602 44.5616 18.9382
v 64.2091 44.8629 18.9696
v 63.958 45.1391 19.1642
v 64.1714 45.7166 19.4341
v 63.7132 45.817 19.6412
v 63.9705 46.0179 19.5471
v 64.2091 46.2062 19.4278
v 64.479 45.9551 19.4341
v 64.7175 46.1434 19.2583
v 65.0753 46.0179 18.7687
v 64.9498 46.3254 19.0575
v 65.1569 46.4886 18.8503
v 65.4331 46.2941 18.9068
v 65.4708 45.8484 19.0135
v 65.7533 46.0681 19.0072
v 65.9792 45.7479 18.7499
v 66.0232 46.2815 18.9256
v 66.268 46.4698 18.6683
v 66.3559 46.043 18.1661
v 65.9981 46.7397 18.7436
v 65.7407 46.5389 18.9131
v 64.4664 46.8402 19.1202
v 64.1589 46.5954 19.183
v 63.9203 46.8527 18.4486
v 64.1463 47.0285 18.9884
v 64.4915 47.2984 19.0888
v 63.5186 45.2081 19.4404
v 62.985 45.252 19.3839
v 63.3052 45.5031 18.6808
v 63.4244 44.7248 19.2834
v 63.142 44.9131 18.549
v 63.3805 44.6934 18.5113
v 63.1106 44.48 18.5365
v 62.8281 44.6683 18.5553
v 62.6272 44.9696 18.5302
v 62.9223 45.2081 18.5176
v 62.6084 45.3839 18.5365
v 62.9474 45.6538 18.5867
v 62.7402 45.93 18.5239
v 62.4264 45.6852 18.5553
v 62.1439 45.4655 18.5804
v 61.874 45.635 18.6369
v 61.5852 45.4153 18.662
v 61.2902 45.1767 18.6934
v 61.014 45.3901 18.7122
v 60.7252 45.1642 18.7122
v 60.4302 44.9319 18.7185
v 60.1854 45.183 18.7624
v 59.8904 45.4404 18.7938
v 59.6205 45.6161 18.8126
v 59.2501 45.7982 18.8817
v 58.9488 46.043 19.1202
v 58.6663 46.2815 19.3901
v 58.4655 46.5326 19.6915
v 58.001 46.6456 19.9614
v 57.731 46.9406 20.3129
v 57.5365 47.3298 20.7146
v 57.1661 47.041 20.6079
v 56.8083 46.7648 20.5326
v 56.2559 46.8151 20.746
v 55.9295 47.0661 21.0975
v 55.3708 47.1603 21.2859
v 55.0507 47.4239 21.4302
v 54.7808 47.5934 21.6248
v 54.4732 47.3549 21.606
v 54.128 47.085 21.4993
v 53.6258 47.1352 21.7692
v 53.4124 47.4114 22.0517
v 53.0985 47.1666 22.014
v 52.7909 46.9218 21.9889
v 52.4582 46.6644 22.0203
v 51.9121 46.6832 22.0266
v 51.6108 46.8464 22.1647
v 51.071 46.8841 22.24
v 50.7132 46.6079 22.196
v 50.1859 46.6832 22.3969
v 49.9097 47.0285 22.5978
v 49.3322 47.0913 22.6103
v 48.9744 47.3298 22.7422
v 48.6229 47.0599 22.6668
v 48.2776 46.7837 22.5978
v 47.8759 46.9971 22.6166
v 47.5872 46.7711 22.6982
v 47.267 46.52 22.6982
v 46.9908 46.3003 22.7296
v 46.6707 46.5891 22.9367
v 46.2501 46.7021 23.0497
v 45.9488 46.9469 23.169
v 45.6161 46.6895 23.1251
v 45.4969 47.0724 23.3824
v 45.1391 46.79 23.2632
v 44.7499 46.9532 23.3322
v 44.436 47.0536 23.351
v 44.141 47.1603 23.4515
v 43.8334 46.9218 23.4577
v 43.4819 46.6456 23.3573
v 43.1618 46.4008 23.3322
v 42.8416 46.1434 23.2945
v 42.5027 45.8798 23.2443
v 42.17 45.6224 23.2192
v 41.8498 45.3713 23.2129
v 41.4983 45.0951 23.1753
v 41.1468 44.8189 23.0937
v 40.8392 44.5741 23.0686
v 40.494 44.3105 22.9932
v 40.2366 44.1033 23.0937
v 39.8035 43.7644 22.8049
v 39.4457 43.4882 22.717
v 39.0942 43.5886 22.717
v 38.7866 43.3501 22.6543
v 38.4288 43.0676 22.5789
v 38.0961 43.2747 22.5538
v 37.7383 42.9985 22.4785
v 37.4433 42.7663 22.4471
v 37.0666 42.8856 22.4346
v 36.69 42.5905 22.3655
v 36.3761 42.8605 22.4597
v 36.0309 43.1743 22.6857
v 35.717 42.9295 22.6166
v 36.0372 42.5968 22.422
v 36.0309 42.0758 22.2525
v 36.4452 41.9879 22.2776
v 36.7591 41.7619 22.309
v 37.0729 42.0068 22.353
v 37.3617 41.8561 22.3216
v 37.6818 42.1072 22.3655
v 38.0333 42.0319 22.3028
v 38.3723 41.9565 22.3216
v 38.7175 42.2265 22.4095
v 39.0753 42.5027 22.5099
v 39.4457 42.7977 22.5664
v 39.7784 43.055 22.6543
v 40.1927 42.9107 22.648
v 40.6321 42.7851 22.5727
v 41.0401 42.6219 22.5476
v 41.4481 42.5027 22.4973
v 41.7619 42.2076 22.309
v 42.0695 42.4462 22.2902
v 42.4964 42.2578 22.2588
v 42.8542 42.013 22.1144
v 43.0802 41.6866 22.0014
v 43.4317 41.3916 21.9763
v 43.7204 41.128 21.9324
v 44.0594 40.9334 21.9763
v 44.0531 41.3916 22.014
v 44.731 41.4544 22.0956
v 44.5804 41.3414 22.466
v 44.6432 40.9899 22.6229
v 44.1473 40.6069 22.2086
v 44.9194 40.7639 22.6417
v 44.8503 39.816 22.4597
v 44.9759 39.5336 22.7233
v 45.1579 39.1569 22.9744
v 45.3337 38.7615 23.2757
v 45.4969 38.3848 23.4389
v 45.6161 37.9957 23.5582
v 45.6663 37.4935 23.5833
v 45.7166 37.029 23.4138
v 45.365 36.7591 23.3385
v 45.4466 36.3385 22.9807
v 45.4466 35.9367 22.8238
v 45.1014 35.6668 22.7986
v 45.1453 35.2337 22.7924
v 45.2018 34.8006 22.6605
v 45.2081 34.3423 22.4597
v 45.4215 34.1164 22.3467
v 45.635 33.8025 22.1835
v 45.8107 33.5012 21.9198
v 45.5282 33.2752 22.014
v 45.7354 33.0179 21.9575
v 45.6789 32.5847 21.8633
v 45.3964 32.365 21.9575
v 45.522 32.0261 21.8257
v 45.4717 31.5616 21.7253
v 45.1579 31.3168 21.719
v 44.8064 31.0406 21.6436
v 44.9131 30.6702 21.4114
v 44.549 30.3815 21.2733
v 44.7687 30.1492 21.1854
v 44.323 29.7977 20.8653
v 43.8585 29.4336 20.6016
v 44.0657 29.126 20.4133
v 44.3481 28.8498 20.3317
v 44.4737 28.4983 20.1183
v 44.6369 28.2033 19.9112
v 44.2289 27.8831 19.6475
v 44.7059 27.7137 19.5973
v 45.1014 27.5002 19.2081
v 45.5408 27.3559 18.957
v 45.4404 26.8411 18.3481
v 45.1202 26.5963 18.3544
v 45.2458 26.2071 18.1787
v 44.9256 25.9561 18.1849
v 44.5867 25.6924 18.1912
v 44.9947 25.5355 17.915
v 44.6494 25.2656 17.8899
v 44.3607 25.5167 18.3607
v 44.254 25.9184 18.4925
v 43.9841 25.705 18.5365
v 43.689 25.9058 18.4486
v 43.5509 25.3723 18.3356
v 43.5321 24.8701 18.0406
v 43.6702 24.4998 17.7518
v 43.7895 24.1231 17.5886
v 44.0908 24.3617 17.5509
v 44.4423 24.2424 17.2747
v 44.8817 24.1106 17.1115
v 45.2583 23.9348 16.9358
v 45.5785 24.1859 16.9295
v 45.8672 23.9348 16.7161
v 46.2313 24.2236 16.7851
v 46.5765 24.0604 16.5215
v 46.8653 23.7779 16.2516
v 47.154 23.5394 15.944
v 47.4742 23.3259 15.6301
v 47.6876 23.0811 15.3288
v 48.083 23.395 15.4481
v 48.3718 23.169 15.2096
v 48.7421 23.0183 15.0777
v 49.0937 23.2883 15.1405
v 49.4954 23.1564 14.9459
v 49.8344 23.0435 14.7137
v 50.1985 22.8489 14.4312
v 50.6441 22.6982 14.1487
v 50.9266 22.4722 13.7909
v 51.3974 22.4157 13.5587
v 51.7301 22.6794 13.6026
v 52.069 22.9367 13.703
v 52.4206 23.2067 13.816
v 52.816 23.5142 13.9039
v 53.155 23.7779 13.9667
v 53.4689 24.029 13.9416
v 53.8141 23.7779 13.6465
v 54.128 24.0164 13.6654
v 54.4606 24.2801 13.7156
v 54.3979 24.7508 13.8662
v 54.7055 24.9894 13.8098
v 55.057 25.2656 13.9792
v 55.3834 25.5167 14.0043
v 55.6972 25.7615 13.9792
v 56.0111 26.0063 13.9855
v 56.4191 26.3201 14.155
v 56.8146 26.113 13.9667
v 57.1222 26.3515 13.9353
v 57.3984 26.5649 13.9039
v 57.7248 26.816 13.8851
v 58.1328 26.634 13.5147
v 58.3964 26.8411 13.4457
v 58.7479 27.1173 13.4645
v 59.0618 27.3621 13.4331
v 59.3757 27.607 13.4143
v 59.7586 27.3935 13.1004
v 60.0473 27.1927 12.6108
v 60.3674 27.4437 12.6422
v 60.3737 27.8706 13.0126
v 60.2796 28.3037 13.2762
v 60.606 28.5611 13.3264
v 60.9073 28.7933 13.3013
v 61.1772 29.0005 13.2197
v 61.4848 29.2453 13.2448
v 61.8677 29.5403 13.3641
v 62.1941 29.7977 13.3766
v 62.5142 30.0425 13.3515
v 62.8281 30.2936 13.3327
v 63.1294 30.5258 13.2887
v 63.0352 30.9464 13.7219
v 63.3303 31.1787 13.6528
v 63.6002 31.3858 13.5775
v 63.8889 31.6181 13.5524
v 64.3095 31.9445 13.7093
v 64.6924 32.2395 13.8537
v 65.0125 32.4843 13.9165
v 65.3892 32.7793 13.9918
v 65.7407 33.0555 14.0734
v 66.0483 33.2941 14.1173
v 66.3496 33.5263 14.0671
v 66.6383 33.7523 14.0169
v 66.902 33.9594 14.0043
v 67.197 34.1854 13.8788
v 67.4795 34.4114 13.7721
v 67.9314 34.2607 13.5712
v 68.2265 34.4867 13.4959
v 68.5403 34.7315 13.4645
v 68.8228 34.9512 13.3892
v 69.1994 34.7378 13.0628
v 69.4882 34.9638 12.9372
v 69.7644 35.1772 12.8305
v 70.1033 35.014 12.5983
v 70.3858 35.2337 12.5041
v 70.662 35.4471 12.4225
v 70.6055 35.8363 12.5543
v 70.6243 36.351 12.5041
v 70.4737 36.7402 12.661
v 70.7373 36.9474 12.5794
v 71.0072 37.1545 12.4853
v 71.3462 37.4182 12.4978
v 71.5973 37.619 12.3786
v 71.886 37.8387 12.3535
v 72.1873 38.0773 12.3158
v 71.7479 38.253 12.3786
v 72.0744 38.5104 12.3974
v 71.8609 38.7677 12.4413
v 72.1685 39.0126 12.4539
v 72.4133 39.2009 12.3032
v 72.3443 39.5963 12.4476
v 72.1057 39.9102 12.5606
v 72.407 40.1424 12.5732
v 71.9865 40.2994 12.6234
v 71.8547 40.5818 12.7238
v 71.5659 40.3496 12.7175
v 71.3588 40.1864 12.9372
v 71.1328 40.0106 13.1569
v 70.7373 40.155 13.408
v 70.4235 40.3559 13.6089
v 70.7562 40.6132 13.7093
v 70.3795 40.7702 13.7784
v 70.6745 41.0024 13.7658
v 70.4109 41.2033 14.0106
v 70.1912 41.4983 14.381
v 69.8146 41.6678 14.6509
v 69.4568 41.9 14.7325
v 69.325 42.2327 14.7074
v 69.2747 42.6659 14.8894
v 69.1806 43.0676 15.0087
v 69.2936 43.6263 14.9271
v 69.0362 43.4254 15.1091
v 68.7851 43.2308 15.2535
v 68.534 43.0362 15.3225
v 68.1386 43.1241 15.536
v 67.831 42.8856 15.5925
v 67.4041 43.0237 15.7368
v 67.1719 42.8416 15.9628
v 66.8078 43.0362 16.3332
v 66.5002 42.7914 16.3771
v 66.3182 43.1366 16.4148
v 65.8537 43.2182 16.4462
v 65.7156 43.1053 16.8542
v 65.3076 43.281 17.099
v 65.5587 43.4756 16.9734
v 65.1004 43.6451 17.3187
v 64.8305 43.4317 17.4191
v 64.5229 43.733 17.9025
v 64.3534 44.028 18.0154
v 64.1337 44.3105 18.1724
v 64.1149 43.8397 18.1724
v 63.9015 44.1284 18.3293
v 63.393 44.2289 18.4674
v 63.0541 43.959 18.4674
v 62.7716 44.2163 18.5051
v 62.5142 44.4235 18.5365
v 62.3008 44.7185 18.5302
v 62.3385 45.1704 18.5553
v 61.8489 45.2332 18.6181
v 61.5476 44.9947 18.7185
v 61.2337 44.7499 18.6934
v 60.9826 44.9382 18.6934
v 60.6625 44.6934 18.6997
v 60.3549 44.4486 18.7248
v 60.1352 44.7059 18.7687
v 59.8527 44.9256 18.8126
v 59.5703 45.1893 18.8252
v 59.3192 45.3839 18.8315
v 58.9425 45.5534 18.888
v 58.6224 45.7856 19.1202
v 58.3336 46.0179 19.3776
v 58.1265 46.2689 19.6538
v 57.6745 46.3882 19.8923
v 57.3858 46.6644 20.2501
v 57.0092 46.3694 20.1873
v 56.4693 46.4949 20.451
v 55.9421 46.564 20.7209
v 55.6282 46.8213 21.0787
v 55.0256 46.8904 21.2042
v 54.7306 47.1729 21.3988
v 54.3979 46.9155 21.311
v 54.0715 46.6581 21.3361
v 53.8392 46.859 21.5369
v 53.2994 46.8778 21.7566
v 52.9981 46.6393 21.7943
v 52.6842 46.3945 21.7817
v 52.1067 46.3882 21.9324
v 51.5731 46.4196 21.9261
v 51.2907 46.5954 22.0956
v 50.9454 46.3254 22.014
v 50.3554 46.3254 22.1082
v 49.8093 46.3882 22.2086
v 49.5456 46.746 22.4471
v 48.9493 46.7962 22.4973
v 48.6166 46.5326 22.4848
v 48.3153 46.2941 22.466
v 47.9449 46.5263 22.5601
v 47.6813 46.3192 22.6919
v 47.3486 46.0555 22.6668
v 47.0348 45.8107 22.6919
v 46.6581 46.043 22.7296
v 46.3568 46.3443 22.9367
v 45.9111 46.4322 23.0372
v 45.5847 46.1811 22.987
v 45.2709 46.4196 23.0686
v 44.8001 46.52 23.1376
v 44.4235 46.6958 23.3008
v 44.1473 46.8276 23.3761
v 43.7769 46.5326 23.2506
v 43.4379 46.2689 23.2004
v 43.1178 46.0179 23.1878
v 42.76 45.7417 23.1439
v 42.4148 45.4717 23.0937
v 42.1009 45.2207 23.0435
v 41.7871 44.9759 23.0246
v 41.4544 44.7122 22.9681
v 41.1405 44.4674 22.943
v 40.8015 44.2038 22.8677
v 40.4814 43.9527 22.874
v 40.1236 43.6765 22.7861
v 39.747 43.3815 22.6668
v 39.3829 43.0927 22.5915
v 39.1004 43.212 22.6229
v 38.7552 42.9483 22.5852
v 38.3974 42.6659 22.5036
v 38.1024 42.8165 22.535
v 37.7697 42.5529 22.4471
v 37.4307 42.2892 22.4095
v 37.0792 42.4775 22.3718
v 36.7591 42.2265 22.3279
v 36.351 42.3269 22.3341
v 38.0396 42.3834 22.4157
v 38.3409 42.2767 22.3404
v 38.6924 42.5529 22.4534
v 39.0314 42.8165 22.5162
v 40.1048 43.3124 22.717
v 40.5505 43.1931 22.6982
v 40.9836 43.0613 22.6229
v 41.379 42.8856 22.6041
v 41.7933 42.7726 22.4973
v 42.3708 42.6784 22.3153
v 42.8165 42.5089 22.2965
v 43.1869 42.2767 22.1458
v 43.3877 41.9252 22.0454
v 43.7518 41.6427 21.9952
v 44.0971 41.9126 22.0266
v 44.436 41.6866 22.1395
v 44.7248 41.9126 22.0517
v 45.2207 41.8436 22.5413
v 45.5847 41.2849 22.0893
v 45.001 41.2723 22.7108
v 45.2458 41.015 22.7233
v 45.2834 40.6007 22.7045
v 45.2583 40.1362 22.6919
v 45.2709 39.7658 22.7045
v 45.6098 39.5147 23.3573
v 45.8107 39.1318 23.6586
v 46.1246 38.8745 23.4201
v 45.817 38.6359 23.4577
v 46.1873 38.4413 23.4138
v 45.93 38.2405 23.6021
v 45.9802 37.732 23.6021
v 46.0681 37.3052 23.4829
v 46.156 36.8971 23.1627
v 45.8547 36.6586 23.2255
v 46.0555 36.4075 22.8175
v 45.7417 36.1627 22.8112
v 45.7354 35.6982 22.7296
v 45.4278 35.4597 22.7108
v 45.5031 35.0391 22.6103
v 45.5094 34.5809 22.4785
v 45.7354 34.3675 22.3467
v 45.9614 34.0536 22.1647
v 46.1057 33.7272 21.8947
v 46.0116 33.2313 21.8194
v 45.9363 32.7919 21.8131
v 46.1371 32.5031 21.7378
v 45.8547 32.2834 21.8006
v 45.7919 31.8126 21.7253
v 45.93 31.4548 21.5432
v 45.6036 31.2038 21.5432
v 45.2709 30.9464 21.5307
v 45.4404 30.6765 21.2545
v 45.1265 30.4254 21.311
v 45.296 30.0864 20.9971
v 44.9068 29.7851 20.8464
v 44.5553 29.5089 20.79
v 44.7938 29.1951 20.5891
v 44.8942 28.8247 20.3254
v 44.9759 28.4669 19.9865
v 45.0261 27.9647 19.6161
v 45.4215 27.7513 19.2332
v 45.8672 27.607 18.9507
v 45.7793 27.1111 18.3105
v 45.8735 26.6968 18.1787
v 45.5534 26.4457 18.2038
v 45.6161 26.0251 17.846
v 45.3085 25.7803 17.8711
v 45.4341 25.4099 17.6828
v 45.1077 25.1526 17.6702
v 44.731 24.8576 17.5509
v 44.2979 24.9894 17.7706
v 43.9464 25.1965 18.1912
v 43.9778 24.7383 17.7518
v 44.3984 24.6002 17.5007
v 44.7499 24.4809 17.2434
v 45.1893 24.3491 17.1115
v 45.4906 24.5876 17.1366
v 45.9425 24.4684 17.0111
v 46.564 24.4809 16.7788
v 46.8716 24.2863 16.5278
v 47.1854 24.029 16.2955
v 47.5244 23.8281 16.013
v 47.8131 23.5896 15.6992
v 48.1772 23.872 15.8059
v 48.466 23.6963 15.6239
v 48.7421 23.4577 15.3414
v 49.0999 23.7402 15.3979
v 49.4264 23.5456 15.2033
v 49.8469 23.4264 15.0087
v 50.1733 23.3071 14.7764
v 50.506 23.0874 14.4626
v 50.958 22.943 14.1236
v 51.2907 22.7547 13.8411
v 51.6485 23.0309 13.8788
v 52 23.3071 13.9541
v 52.4017 23.6147 14.1362
v 52.7721 23.9034 14.2303
v 53.0922 24.1545 14.2429
v 53.3747 24.3742 14.1801
v 53.7953 24.2801 13.9165
v 54.0715 24.4935 13.8411
v 53.9522 24.8262 14.0922
v 54.2661 25.0647 14.1111
v 54.6176 25.3472 14.1738
v 54.9628 25.6108 14.2115
v 55.3018 25.8745 14.2178
v 55.6094 26.113 14.1989
v 55.9797 26.4017 14.3056
v 56.3187 26.6654 14.3559
v 56.733 26.5649 14.0922
v 57.0468 26.8098 14.1299
v 57.367 27.0608 14.1111
v 57.6808 27.3056 14.0546
v 58.0512 27.0734 13.8662
v 58.365 27.3119 13.8725
v 58.6726 27.5567 13.8098
v 58.9865 27.8015 13.7909
v 59.2815 28.0275 13.7846
v 59.6707 27.8329 13.3452
v 60.0661 27.6383 13.0251
v 59.972 28.0715 13.3013
v 59.8716 28.4858 13.6717
v 60.2231 28.7619 13.816
v 60.5307 29.0005 13.7972
v 60.8696 29.2704 13.8349
v 61.1772 29.5027 13.8223
v 61.5287 29.7788 13.8286
v 61.8363 30.0174 13.8035
v 62.1062 30.2308 13.7533
v 62.4515 30.4944 13.7595
v 62.7465 30.7267 13.7281
v 62.7277 31.2289 14.1236
v 63.0415 31.4737 14.0797
v 63.3491 31.7185 14.0483
v 63.6818 31.9696 14.0922
v 63.958 32.1893 14.0043
v 64.2153 32.3901 13.8474
v 64.4978 32.6098 13.8474
v 64.8431 32.8735 13.9102
v 65.182 33.1434 13.9918
v 65.5084 33.3945 14.0295
v 65.8662 33.6707 14.0671
v 66.2052 33.9343 14.0734
v 66.5128 34.1791 14.1299
v 66.8141 34.4114 14.0483
v 67.1217 34.6499 13.9981
v 67.4041 34.8696 14.0043
v 67.7557 34.6248 13.7093
v 68.0884 34.8822 13.6968
v 68.3897 35.1144 13.6654
v 68.6533 35.3216 13.6026
v 69.1053 35.1709 13.2699
v 69.3563 35.3718 13.1381
v 69.6388 35.5852 13.0565
v 70.0594 35.4095 12.7615
v 70.3356 35.6229 12.6736
v 70.1598 35.9932 12.8493
v 70.4172 36.1941 12.7426
v 70.2289 36.5519 12.8996
v 70.1159 36.985 12.9874
v 70.4109 37.211 12.9372
v 70.6871 37.4244 12.9058
v 70.9445 37.6253 12.8242
v 71.2269 37.845 12.661
v 71.4404 38.0145 12.4351
v 71.2834 38.3158 12.4978
v 71.5722 38.5418 12.4476
v 71.409 38.8682 12.4853
v 71.7103 39.1004 12.4602
v 72.0492 39.3641 12.5041
v 71.7793 39.6528 12.5167
v 71.6726 40.0608 12.5983
v 71.4215 39.86 12.8242
v 71.2018 39.6905 13.0502
v 70.844 39.7846 13.1946
v 70.4297 39.9102 13.3766
v 70.1535 40.1487 13.7407
v 70.1912 40.6258 14.0043
v 70.1912 41.0275 14.2429
v 69.9338 41.2974 14.5191
v 69.5447 41.4606 14.7199
v 69.1555 41.6615 14.8078
v 69.0613 42.0256 14.7953
v 69.0111 42.4587 14.9961
v 68.9232 42.8667 15.0903
v 68.6784 42.6721 15.2409
v 68.2767 42.8353 15.4293
v 68.0005 42.6219 15.5548
v 67.7557 42.4273 15.6552
v 67.5611 42.6721 15.7368
v 67.3351 42.4964 15.8812
v 66.9459 42.6659 16.1637
v 66.6383 42.4273 16.1951
v 66.2554 42.6031 16.5278
v 66.0483 42.9295 16.4775
v 65.8537 42.7726 16.6784
v 65.4331 42.8856 16.9546
v 65.0188 43.055 17.1618
v 64.7615 42.8479 17.2999
v 64.6296 43.2747 17.6451
v 64.253 43.5258 18.0092
v 63.8387 43.6263 18.2477
v 63.619 43.9025 18.3607
v 63.3177 43.6702 18.3732
v 63.029 43.4442 18.3921
v 62.7465 43.7204 18.4737
v 62.4766 43.9903 18.5113
v 62.2067 44.1849 18.5239
v 61.9807 44.4674 18.5239
v 62.0183 44.9256 18.5804
v 61.7547 44.7185 18.662
v 61.4534 44.48 18.6369
v 61.127 44.2289 18.6181
v 60.8947 44.4862 18.6683
v 60.5934 44.254 18.6934
v 60.3235 44.0406 18.7248
v 60.0473 44.21 18.7499
v 59.8276 44.4611 18.775
v 59.5514 44.6871 18.8252
v 59.2752 44.957 18.8315
v 59.0241 45.1516 18.844
v 58.6601 45.3337 18.9759
v 58.3274 45.5534 19.0951
v 58.001 45.7605 19.3148
v 57.8126 46.0241 19.6098
v 57.3544 46.1371 19.8547
v 57.0217 45.8798 19.817
v 56.7079 46.1371 20.1434
v 56.1366 46.2376 20.4447
v 55.6219 46.3192 20.7084
v 55.2704 46.5451 20.972
v 54.6929 46.633 21.1478
v 54.3288 46.3443 21.1101
v 54.0275 46.1057 21.1038
v 53.7764 46.4259 21.3549
v 53.5567 46.633 21.5809
v 53.2554 46.4008 21.6123
v 52.9416 46.156 21.6185
v 52.3641 46.1434 21.7064
v 52.0377 45.886 21.6499
v 51.7426 46.1057 21.8382
v 51.2154 46.1371 21.8696
v 50.8827 45.8798 21.8257
v 50.6316 46.0806 21.9763
v 50.324 45.8358 21.9701
v 50.0478 46.0869 22.0768
v 49.4326 46.0932 22.1144
v 49.1816 46.4635 22.3655
v 48.8802 46.225 22.3592
v 48.5476 45.9676 22.3028
v 47.9701 46.0241 22.3781
v 47.7064 45.817 22.466
v 47.4365 45.6098 22.5162
v 47.154 45.3901 22.6103
v 46.7397 45.5847 22.7045
v 46.3192 45.7731 22.6857
v 46.0367 46.0932 22.9242
v 45.7103 45.8358 22.8426
v 45.2772 45.9363 22.9367
v 44.9319 46.1497 23.0058
v 44.4611 46.2564 23.0811
v 44.0908 46.4322 23.2569
v 43.7393 46.156 23.1564
v 43.4442 45.93 23.1313
v 43.1115 45.6663 23.1125
v 42.7788 45.4027 23.0686
v 42.4775 45.1704 23.0497
v 42.1323 44.9005 23.0435
v 41.7808 44.6243 22.9681
v 41.4606 44.3732 22.9367
v 41.084 44.0782 22.8865
v 40.7639 43.8271 22.8049
v 40.4751 43.6012 22.8049
v 40.8706 43.4442 22.7108
v 41.3351 43.3312 22.6857
v 41.6866 43.1241 22.6292
v 42.1009 43.0111 22.535
v 42.6972 42.9358 22.3279
v 43.1429 42.76 22.3153
v 43.5321 42.5529 22.2023
v 43.7267 42.1888 22.083
v 44.0343 42.4336 22.1144
v 44.3858 42.1386 22.014
v 44.6934 42.3834 22.0517
v 45.1014 42.2076 22.1584
v 45.6475 42.1762 22.0579
v 45.9928 42.0507 22.0517
v 46.2438 41.3477 22.0328
v 45.9425 41.1154 22.7484
v 45.6287 40.8643 22.7547
v 45.5722 40.381 22.7108
v 45.6287 40.042 22.7484
v 46.0304 39.8411 22.8363
v 45.8358 39.6905 23.1941
v 46.4259 39.113 23.3761
v 46.4322 38.6359 23.2632
v 46.7837 38.366 23.2067
v 46.5891 38.2091 23.4891
v 46.3003 37.9831 23.621
v 46.4196 37.5814 23.5582
v 46.5451 37.2047 23.3134
v 46.6707 36.8909 22.8489
v 46.3443 36.6398 22.761
v 46.3694 36.1941 22.6857
v 46.0618 35.9556 22.7296
v 46.0932 35.5036 22.5413
v 45.7856 35.2588 22.5476
v 45.8358 34.832 22.466
v 46.043 34.606 22.353
v 46.2815 34.3047 22.1898
v 46.3945 33.9532 21.8822
v 46.338 33.4886 21.8508
v 46.2627 33.043 21.832
v 46.4196 32.7228 21.6562
v 46.3506 32.252 21.6248
v 46.0744 32.0323 21.6876
v 46.2627 31.7185 21.5495
v 46.338 31.3732 21.2419
v 46.0304 31.1347 21.2607
v 45.7668 30.9276 21.3235
v 45.9363 30.5886 20.9594
v 45.635 30.3501 20.9783
v 45.5847 29.8165 20.2564
v 45.3901 29.6659 20.5326
v 45.1077 29.4462 20.5954
v 45.2269 29.0884 20.338
v 45.3085 28.7306 19.999
v 45.409 28.2661 19.7103
v 45.7919 28.0401 19.3462
v 46.2187 27.8831 19.0888
v 46.3882 27.5881 18.2916
v 46.0869 27.3496 18.3105
v 46.1622 26.9227 18.1535
v 46.2689 26.5336 17.8397
v 45.9488 26.2825 17.8585
v 46.0555 25.8933 17.7079
v 45.7291 25.6422 17.6828
v 45.8233 25.3158 17.438
v 45.478 25.0459 17.4254
v 45.0763 24.732 17.3061
v 45.8421 24.8638 17.1806
v 46.3003 24.7508 17.0802
v 46.6142 24.9894 17.0864
v 46.9092 24.7508 16.8353
v 47.198 24.5437 16.578
v 47.5307 24.2989 16.3269
v 47.8759 24.1043 16.0507
v 48.2274 24.3742 16.1135
v 48.5224 24.142 15.9
v 48.7798 23.9411 15.6552
v 49.1439 24.2236 15.6992
v 49.4515 24.0101 15.4481
v 49.7528 23.7967 15.2409
v 50.1671 23.6774 15.0401
v 50.506 23.5707 14.7827
v 50.8073 23.3197 14.4312
v 51.2907 23.2004 14.1424
v 51.5794 23.4264 14.1048
v 51.9121 23.6837 14.1738
v 52.295 23.985 14.3119
v 52.6152 24.2298 14.381
v 52.973 24.5123 14.4312
v 53.3182 24.776 14.45
v 53.6572 24.5939 14.1173
v 53.6195 25.0082 14.3873
v 53.9145 25.2405 14.337
v 54.2409 25.4978 14.3496
v 54.5674 25.7489 14.3684
v 54.8938 26 14.3935
v 55.2013 26.2448 14.4061
v 55.5403 26.5084 14.4626
v 55.8856 26.7784 14.5818
v 56.1994 27.0232 14.5379
v 56.6263 26.9039 14.3496
v 56.9276 27.1424 14.3621
v 57.2351 27.381 14.3308
v 57.5113 27.5944 14.268
v 57.9633 27.5191 14.0483
v 58.2772 27.7702 14.0797
v 58.6161 28.0338 14.0859
v 58.9049 28.2598 14.1299
v 59.2376 28.5171 14.1236
v 59.5954 28.2723 13.7407
v 59.6016 28.7996 14.1424
v 59.9406 29.0633 14.2178
v 60.2733 29.3206 14.2492
v 60.6499 29.6156 14.3496
v 60.9324 29.8353 14.3119
v 61.2149 30.055 14.2429
v 61.5224 30.2936 14.2115
v 61.8112 30.5196 14.2115
v 62.1125 30.7518 14.1989
v 62.4264 30.9966 14.1487
v 62.3385 31.3481 14.3747
v 62.6461 31.5929 14.3496
v 62.9411 31.8189 14.3245
v 63.2424 32.0575 14.3182
v 63.5562 32.3023 14.3308
v 63.8262 32.5094 14.2554
v 64.1024 32.7228 14.1424
v 64.3597 32.9237 13.9855
v 64.6861 33.1811 13.9792
v 65.0314 33.451 14.0546
v 65.3578 33.7021 14.0859
v 65.6779 33.9532 14.0859
v 66.0232 34.2231 14.1801
v 66.3308 34.4616 14.2115
v 66.6446 34.7064 14.1864
v 66.9459 34.9387 14.2052
v 67.2723 35.196 14.2178
v 67.6741 35.083 13.9227
v 68.0068 35.3404 13.9227
v 68.2641 35.5413 13.8662
v 68.5717 35.7798 13.8286
v 68.9483 35.5476 13.5084
v 69.1931 35.7422 13.3892
v 69.4442 35.9367 13.3013
v 69.7204 36.1502 13.1883
v 69.9213 35.8049 12.9937
v 69.9841 36.3573 13.0628
v 69.8648 36.7842 13.1318
v 69.6576 37.0541 13.2134
v 69.9338 37.2675 13.0816
v 70.2414 37.506 13.0314
v 70.5553 37.7508 13.0251
v 70.8252 37.9643 12.9058
v 71.0512 38.14 12.6987
v 70.8691 38.4476 12.774
v 71.1139 38.6359 12.5732
v 70.9696 39.0251 12.7615
v 71.252 39.2448 12.705
v 71.4655 39.408 12.5355
v 70.9256 39.4771 13.0565
v 70.5239 39.5398 13.2009
v 70.1724 39.7156 13.5273
v 69.8773 39.929 13.8976
v 69.9025 40.3998 14.1236
v 69.9276 40.8204 14.3119
v 69.6576 41.084 14.607
v 69.2622 41.2409 14.8141
v 68.8856 41.4481 14.9396
v 68.7851 41.8059 14.8894
v 68.7412 42.2453 15.084
v 68.3897 42.4524 15.3602
v 68.0884 42.2139 15.3665
v 67.7808 41.9754 15.3916
v 67.492 42.2202 15.7933
v 67.1091 42.3206 16.0946
v 66.8894 42.1511 16.283
v 66.3872 41.7557 16.5403
v 66.4437 42.2767 16.5027
v 66.1864 42.0695 16.647
v 66.0483 42.4462 16.7663
v 65.6152 42.5905 16.8667
v 65.1193 42.6407 16.9985
v 64.8807 42.4524 17.1115
v 64.4853 42.6345 17.3815
v 64.3848 43.0802 17.7518
v 63.9454 43.281 18.0908
v 63.5249 43.3815 18.2791
v 63.2173 43.1429 18.254
v 62.7151 43.1994 18.3732
v 62.395 43.4505 18.4172
v 62.1502 43.733 18.48
v 61.9054 43.9464 18.4988
v 61.6731 44.2289 18.5365
v 61.353 43.9715 18.549
v 61.0517 43.7455 18.6055
v 60.8131 43.9841 18.6432
v 60.5432 43.7706 18.6871
v 60.0348 43.8146 18.7562
v 59.7397 43.9652 18.7938
v 59.5263 44.2289 18.8126
v 59.2752 44.4674 18.8503
v 58.999 44.7373 18.9194
v 58.7856 44.9633 18.9633
v 58.3588 45.0951 19.0198
v 58.0261 45.3211 19.1391
v 57.6871 45.5157 19.3274
v 57.4548 45.7417 19.5471
v 57.1096 45.4717 19.5094
v 56.6953 45.6224 19.7793
v 56.3815 45.8798 20.0618
v 55.7663 45.9488 20.3819
v 55.239 46.0179 20.5451
v 54.9063 46.2627 20.8151
v 54.5799 46.0053 20.7648
v 54.31 45.7919 20.8464
v 53.7388 45.8798 21.0787
v 53.494 46.2062 21.4114
v 53.155 45.9363 21.4365
v 52.8474 45.6977 21.4679
v 52.6214 45.9049 21.606
v 52.2762 45.635 21.5369
v 51.7112 45.6287 21.6123
v 51.4162 45.8484 21.8131
v 51.1086 45.6098 21.7692
v 50.8827 45.4341 21.9261
v 50.6755 45.7166 22.0454
v 50.0101 45.591 21.9512
v 49.7214 45.8295 22.0203
v 49.4075 45.5847 22.0014
v 49.1125 45.8421 22.0956
v 48.8112 45.6098 22.1333
v 48.2086 45.6977 22.2965
v 47.9073 45.4655 22.309
v 47.6311 45.2458 22.4095
v 47.311 44.9947 22.4848
v 46.8151 45.1202 22.5601
v 46.4196 45.3274 22.6668
v 45.9928 45.5157 22.6543
v 45.6287 45.2332 22.6041
v 45.3713 45.5722 22.8426
v 44.9382 45.6726 22.8865
v 44.5804 45.8735 22.943
v 44.1284 45.999 23.0372
v 43.8146 45.7479 22.9744
v 43.4631 45.478 22.943
v 43.1178 45.2018 22.8865
v 42.8165 44.9696 22.8865
v 42.4713 44.6997 22.8865
v 42.1449 44.4423 22.8614
v 41.8373 44.2038 22.83
v 41.5171 43.9464 22.8112
v 41.1907 43.689 22.7673
v 41.6678 43.5949 22.7233
v 42.013 43.3815 22.6731
v 42.421 43.2685 22.5538
v 43.0425 43.212 22.3279
v 43.4568 43.0111 22.353
v 43.8711 42.8102 22.2588
v 44.3795 42.7035 22.1835
v 44.7122 42.9609 22.1584
v 45.1014 42.7035 22.2274
v 45.3148 42.8667 22.0768
v 45.4592 42.4901 22.2588
v 45.6977 42.6784 22.1019
v 45.9614 42.421 22.0642
v 46.225 42.2327 21.9512
v 46.5075 42.0005 21.9387
v 46.8025 41.7871 21.9387
v 46.6016 41.6301 22.1521
v 46.928 41.4481 22.1709
v 46.677 41.2472 22.3341
v 46.4447 41.0652 22.5476
v 46.2313 40.8957 22.7924
v 45.886 40.6258 22.761
v 45.9363 40.2868 22.7735
v 46.3003 40.0546 22.7547
v 46.3254 39.5398 23.3761
v 46.79 39.3955 23.4452
v 47.0473 39.1193 23.2694
v 46.7209 38.8556 23.2569
v 46.972 38.5104 22.9493
v 47.154 38.1526 23.1439
v 46.9406 37.9894 23.3448
v 46.7083 37.8073 23.5331
v 46.8653 37.4495 23.3008
v 47.0473 37.1859 23.0246
v 47.2545 36.8909 22.5287
v 46.9406 36.6461 22.5538
v 46.6581 36.4201 22.5978
v 46.7209 35.9932 22.5727
v 46.4322 35.7673 22.6292
v 46.4698 35.3279 22.422
v 46.1497 35.0768 22.4157
v 46.3631 34.8571 22.3341
v 46.5954 34.5558 22.1333
v 46.7774 34.2545 22.0391
v 46.9908 33.9971 21.901
v 46.6832 33.7586 21.9261
v 46.9092 33.5514 21.9073
v 46.6205 33.3254 21.945
v 46.7962 33.0241 21.7441
v 46.9029 32.6789 21.4428
v 46.6205 32.4592 21.5369
v 46.5451 31.9382 21.4867
v 46.6707 31.6306 21.2482
v 46.6079 31.1096 21.041
v 46.2438 30.8209 20.9594
v 46.1685 30.2747 20.2438
v 45.9174 30.0739 20.338
v 45.9174 29.6219 20.451
v 45.522 29.3143 20.3003
v 45.6663 29.0068 20.156
v 45.7291 28.5171 19.7479
v 46.1497 28.3225 19.4215
v 46.5451 28.1405 19.1202
v 46.7774 27.8894 18.3858
v 46.7711 27.3998 18.1473
v 46.4635 27.155 18.1535
v 46.5891 26.7784 17.8836
v 46.6644 26.3704 17.6577
v 46.3443 26.1193 17.6577
v 46.4698 25.818 17.4693
v 46.1497 25.5669 17.4882
v 46.1497 25.1024 17.1994
v 46.4949 25.3723 17.2559
v 46.928 25.2405 17.0864
v 47.2356 25.0019 16.8228
v 47.562 24.8262 16.6282
v 47.8382 24.5374 16.3143
v 48.2023 24.8199 16.4462
v 48.5538 24.6316 16.126
v 48.8175 24.3679 15.8875
v 49.169 24.6441 15.9314
v 49.4326 24.4495 15.6992
v 49.7716 24.2612 15.4795
v 50.0604 24.0415 15.2472
v 50.4684 23.9097 15.0401
v 50.8513 23.8344 14.7513
v 51.1337 23.577 14.3998
v 51.4602 23.8281 14.4249
v 51.7991 24.0917 14.45
v 52.1758 24.3868 14.5316
v 52.5147 24.6504 14.6321
v 52.86 24.914 14.6572
v 53.155 25.1463 14.6132
v 53.4124 25.3472 14.5379
v 53.745 25.6108 14.5818
v 54.0715 25.8619 14.5944
v 54.3979 26.1193 14.6383
v 54.7557 26.3955 14.6634
v 55.0695 26.6403 14.6383
v 55.4022 26.8976 14.6823
v 55.7286 27.155 14.6886
v 56.0488 27.3998 14.6697
v 56.5133 27.268 14.5065
v 56.8648 27.5379 14.5442
v 57.1787 27.7827 14.5316
v 57.4925 28.0275 14.5379
v 57.8315 27.8392 14.2617
v 58.1704 28.1091 14.268
v 58.4906 28.3539 14.2617
v 58.8547 28.6427 14.3747
v 59.2062 28.9126 14.4375
v 59.5514 29.1825 14.5128
v 59.9029 29.4524 14.6007
v 60.2294 29.7098 14.6383
v 60.5432 29.9546 14.6697
v 60.8257 30.1743 14.6321
v 61.1082 30.394 14.5128
v 61.4095 30.6325 14.4563
v 61.7233 30.8711 14.4375
v 62.0246 31.1096 14.3873
v 61.943 31.4925 14.6321
v 62.2192 31.7059 14.6007
v 62.5519 31.9696 14.5944
v 62.8909 32.2332 14.6195
v 63.211 32.4843 14.6132
v 63.506 32.7103 14.5756
v 63.7885 32.93 14.4689
v 64.0773 33.156 14.4186
v 64.3158 33.338 14.2429
v 64.6234 33.5828 14.2554
v 64.9435 33.8339 14.3056
v 65.2762 34.0913 14.3747
v 65.521 34.2796 14.1676
v 66.0043 34.6562 14.5379
v 66.3119 34.8947 14.5191
v 66.6195 35.1333 14.4814
v 66.9334 35.3781 14.4877
v 67.2472 35.6229 14.4626
v 67.5862 35.4408 14.1613
v 67.8938 35.6794 14.1424
v 68.1825 35.8991 14.0922
v 68.4964 36.1439 14.0546
v 68.873 36.0121 13.7156
v 69.1115 36.2004 13.5901
v 69.3877 36.4138 13.4959
v 69.6451 36.6147 13.3076
v 69.4442 36.8846 13.3766
v 69.3061 37.2298 13.4394
v 69.5698 37.4307 13.3013
v 69.8648 37.663 13.2511
v 70.1284 37.8701 13.1758
v 70.3984 38.0835 13.0816
v 70.662 38.2844 12.9874
v 70.4423 38.6171 13.0188
v 70.7059 38.818 12.9247
v 70.6243 39.2385 13.1255
v 70.2603 39.3327 13.3201
v 69.9401 39.5336 13.6968
v 69.6263 39.7344 14.0043
v 69.6137 40.1738 14.1927
v 69.6137 40.5756 14.2931
v 69.3438 40.8392 14.6321
v 68.9797 41.0212 14.8706
v 68.6156 41.2409 15.0401
v 68.534 41.6113 15.0464
v 68.465 42.0381 15.1593
v 68.1951 41.8247 15.2033
v 67.8812 41.5799 15.1907
v 67.5485 41.7933 15.6741
v 67.3665 41.649 15.9252
v 67.2974 42.0695 16.126
v 67.1091 41.9189 16.3708
v 66.4626 41.4167 16.4399
v 66.0734 41.5109 16.5529
v 65.9416 41.8812 16.7726
v 65.7721 42.2265 16.9044
v 65.3327 42.3708 16.9295
v 65.0439 42.1449 16.9421
v 64.7364 41.9 16.986
v 64.6296 42.2516 17.2308
v 64.2216 42.4273 17.5133
v 64.071 42.8353 17.7895
v 63.6755 43.0739 18.1661
v 63.3868 42.8479 18.1347
v 62.9285 42.9107 18.3419
v 62.6272 42.6784 18.4172
v 62.4201 42.9672 18.4549
v 62.1062 43.2182 18.4737
v 61.83 43.4819 18.5113
v 61.6041 43.7141 18.5176
v 61.3718 43.5258 18.6997
v 61.0705 43.2936 18.7373
v 60.7817 43.5321 18.662
v 60.5055 43.3124 18.7185
v 60.2482 43.5384 18.7875
v 59.928 43.2873 18.8064
v 59.7272 43.576 18.8001
v 59.4322 43.7267 18.8252
v 59.225 43.9903 18.8378
v 58.9739 44.2351 18.9131
v 58.6789 44.4925 18.9947
v 58.5031 44.7436 19.0512
v 58.2395 44.5365 19.1579
v 58.1642 44.9445 19.3399
v 57.4737 44.888 19.3337
v 57.3984 45.2897 19.3588
v 57.1347 45.0826 19.3964
v 56.7518 45.1893 19.3964
v 56.3563 45.3588 19.7228
v 56.0488 45.6224 20.043
v 55.4713 45.7103 20.3317
v 55.17 45.478 20.3254
v 54.9252 45.7731 20.5514
v 54.605 45.5157 20.5389
v 54.2912 45.2772 20.5891
v 53.9961 45.5471 20.8464
v 53.6697 45.2897 20.8151
v 53.4312 45.6412 21.1101
v 53.1111 45.3901 21.0787
v 52.5524 45.4655 21.4365
v 52.2511 45.2269 21.4867
v 51.9435 45.3713 21.5307
v 51.6045 45.1077 21.493
v 51.3974 45.3839 21.606
v 51.071 45.1328 21.5809
v 50.7697 44.8942 21.6185
v 50.1985 44.8942 21.7943
v 49.8971 45.1077 21.7817
v 49.6586 45.3148 21.8947
v 49.3887 45.1077 21.9701
v 49.1439 45.3776 22.0893
v 48.8426 45.1391 22.1144
v 48.5036 45.365 22.2274
v 48.2463 45.1642 22.3028
v 47.9638 44.9445 22.3153
v 47.9512 44.4423 22.2588
v 47.6436 44.1975 22.3028
v 47.085 44.254 22.3969
v 46.677 44.4988 22.3341
v 46.4698 44.8503 22.4785
v 46.0744 45.0637 22.5727
v 45.7668 44.8189 22.5664
v 45.296 44.9759 22.5413
v 45.0449 45.3211 22.7924
v 44.6055 45.409 22.8238
v 44.2289 45.5973 22.8928
v 43.8773 45.3274 22.8175
v 43.5635 45.0826 22.7861
v 43.2559 44.8378 22.7861
v 42.9609 44.6055 22.7861
v 42.6407 44.3607 22.7735
v 42.3018 44.0908 22.717
v 41.9816 43.8397 22.7045
v 42.3269 43.6263 22.6794
v 42.7663 43.5321 22.5664
v 43.0613 43.7644 22.5601
v 43.3626 43.4631 22.3781
v 43.7518 43.2434 22.353
v 44.1787 43.055 22.2651
v 44.4925 43.2999 22.2463
v 45.0261 43.2057 22.1458
v 45.635 43.1178 22.0705
v 45.9802 42.8981 22.0203
v 46.2564 42.6533 21.9763
v 46.52 42.465 21.9198
v 46.7962 42.2327 21.9198
v 47.1729 42.0758 22.0391
v 47.2545 41.6992 22.2023
v 47.3047 41.3539 22.3467
v 47.0285 41.1405 22.5099
v 46.7648 40.9334 22.5601
v 46.5138 40.7388 22.6605
v 46.2438 40.5253 22.7735
v 46.6644 40.337 22.83
v 46.6707 39.8098 23.464
v 47.3235 39.3327 23.2129
v 47.2733 38.7489 22.8802
v 47.3047 38.2781 22.8238
v 47.1164 37.6504 23.1502
v 47.3737 37.4433 22.9807
v 47.6688 37.211 22.7547
v 47.9512 36.9536 22.466
v 47.6185 36.6963 22.422
v 47.2858 36.4389 22.4408
v 46.9845 36.2004 22.4911
v 47.1164 35.8363 22.4283
v 46.8025 35.5915 22.466
v 46.972 35.3341 22.3906
v 46.6581 35.0893 22.3279
v 46.9092 34.8006 22.1584
v 47.085 34.493 22.0579
v 47.311 34.2482 21.9198
v 47.5432 34.0473 21.7943
v 47.2294 33.7962 21.8445
v 47.3926 33.4886 21.7315
v 47.1164 33.2752 21.8006
v 47.267 32.9614 21.5118
v 47.4239 32.6224 21.3047
v 47.1226 32.3901 21.3361
v 46.8402 32.1704 21.4302
v 46.9845 31.8817 21.267
v 46.9343 31.367 21.0724
v 47.1038 31.0029 20.859
v 46.8716 30.8271 20.3317
v 46.4761 30.5133 20.1622
v 46.4259 30.0237 20.1999
v 46.5765 29.7161 20.0241
v 46.1057 29.352 20.4761
v 46.1622 28.8498 20.0179
v 46.4824 28.5799 19.4153
v 46.8464 28.3728 19.07
v 47.1226 28.1593 18.4925
v 47.4239 27.9083 18.1473
v 47.1101 27.6634 18.1473
v 47.2607 27.3056 17.9715
v 46.9343 27.0546 17.9338
v 47.0159 26.6403 17.689
v 47.1038 26.3139 17.4882
v 46.8025 26.0816 17.4882
v 46.8527 25.6485 17.2559
v 47.2607 25.4978 17.1429
v 47.606 25.2907 16.9421
v 47.9387 25.1212 16.7726
v 48.24 25.3597 16.7161
v 48.5162 25.0647 16.4462
v 48.8928 24.8952 16.1511
v 49.2129 25.1463 16.1888
v 49.5205 24.9203 15.9691
v 49.7465 24.6881 15.7243
v 50.098 24.5123 15.4732
v 50.393 24.2989 15.2472
v 50.7885 24.1608 15.0338
v 51.1337 24.0604 14.7199
v 51.4476 24.3052 14.7262
v 51.8368 24.6065 14.8267
v 52.1381 24.8387 14.8392
v 52.4394 25.0773 14.8455
v 52.7846 25.3472 14.8706
v 53.0357 25.5355 14.7702
v 53.3496 25.7803 14.7764
v 53.7137 26.0628 14.7953
v 54.0275 26.3139 14.789
v 54.3602 26.5712 14.8329
v 54.7055 26.8411 14.8392
v 54.9942 27.0671 14.8267
v 55.2955 27.2994 14.8015
v 55.6282 27.5567 14.8078
v 55.9295 27.7953 14.8455
v 56.3563 27.6446 14.7137
v 56.7079 27.9145 14.8078
v 57.0217 28.1593 14.7827
v 57.3105 28.3853 14.789
v 57.7938 28.2598 14.494
v 58.1265 28.5234 14.5316
v 58.4592 28.7808 14.6132
v 58.8295 29.0695 14.7576
v 59.156 29.3206 14.8078
v 59.5012 29.5905 14.8329
v 59.8276 29.8479 14.8267
v 60.1917 30.1241 14.902
v 60.4993 30.3689 14.9083
v 60.8069 30.6074 14.858
v 61.083 30.8209 14.7764
v 61.3655 31.0406 14.7199
v 61.6354 31.254 14.6446
v 61.4973 31.6432 14.8894
v 61.8112 31.888 14.8455
v 62.1188 32.1265 14.8706
v 62.4201 32.3588 14.7953
v 62.7465 32.6161 14.8455
v 63.029 32.8358 14.8329
v 63.324 33.0681 14.7827
v 63.5625 33.2501 14.5881
v 63.8638 33.4824 14.607
v 64.2153 33.7586 14.6007
v 64.4539 33.9469 14.4061
v 64.8493 34.2545 14.6258
v 65.1067 34.4553 14.4689
v 65.4896 34.7504 14.607
v 65.8223 35.014 14.7262
v 66.1299 35.2525 14.7011
v 66.4437 35.4973 14.6823
v 66.7199 35.7108 14.6886
v 67.0526 35.9681 14.676
v 67.536 35.8489 14.4186
v 67.7996 36.056 14.3496
v 68.0884 36.282 14.2931
v 68.3583 36.4891 14.224
v 68.6094 36.6837 14.0608
v 68.7537 36.3448 13.9227
v 68.9923 36.5331 13.7721
v 69.2496 36.7339 13.6591
v 69.0927 37.0604 13.6717
v 68.8856 37.3993 13.7721
v 69.1178 37.5814 13.6528
v 69.3626 37.7697 13.5022
v 69.6451 37.9894 13.3892
v 69.9276 38.2091 13.3076
v 70.1912 38.4162 13.1569
v 70.1222 38.8431 13.3139
v 70.3607 39.0377 13.2009
v 70.0217 39.1506 13.5022
v 69.6451 39.3013 13.747
v 69.3312 39.5022 14.0169
v 69.3438 39.9604 14.2303
v 69.3438 40.3684 14.3684
v 68.9609 40.5379 14.4877
v 68.6156 40.7325 14.745
v 68.3018 40.9961 15.0401
v 68.2578 41.3979 15.1217
v 67.9314 41.1468 15.128
v 67.6992 41.4355 15.4983
v 67.4732 41.2598 15.7306
v 67.3037 41.1217 16.0507
v 67.2096 41.5297 16.2453
v 66.971 41.3351 16.4273
v 66.676 41.1091 16.4524
v 66.3496 40.8518 16.3583
v 66.2115 41.2221 16.4901
v 65.8914 40.971 16.4587
v 65.8474 41.3351 16.7537
v 65.2887 41.3728 16.6784
v 65.6591 41.6615 16.8291
v 65.4645 41.9879 16.9107
v 65.1193 41.718 16.8605
v 64.774 41.4481 16.7977
v 64.4978 41.718 17.1869
v 64.3911 42.0695 17.3877
v 63.9392 42.2139 17.6263
v 63.7257 42.5654 17.6828
v 63.5939 42.465 18.0908
v 63.1357 42.6533 18.2854
v 62.8155 42.4022 18.2916
v 62.3071 42.4273 18.4172
v 62.1062 42.7224 18.4611
v 61.83 43.0048 18.5051
v 61.6103 43.3124 18.7185
v 61.309 43.0739 18.7373
v 60.9136 42.7663 18.6369
v 60.7315 43.0299 18.6997
v 60.4239 42.7914 18.7248
v 60.2105 43.0864 18.7436
v 59.9469 42.8793 18.844
v 59.633 43.0613 18.8566
v 59.4573 43.3626 18.8378
v 59.156 43.5133 18.8817
v 58.9363 43.7644 18.9256
v 58.7166 44.0343 18.9821
v 58.4529 44.3105 19.1767
v 57.9633 43.9276 19.4655
v 57.8001 44.1912 19.6036
v 57.7059 44.5867 19.6475
v 57.3168 44.2854 19.4655
v 57.1284 44.6181 19.2897
v 56.7706 44.8001 19.2897
v 56.4568 44.9633 19.409
v 56.0174 45.0951 19.704
v 55.76 45.3964 20.0492
v 55.4273 45.1328 19.9676
v 54.8498 45.2269 20.3129
v 54.536 44.9821 20.2627
v 53.9522 45.0135 20.5263
v 53.6509 44.775 20.52
v 53.3308 45.0323 20.79
v 52.8223 45.1642 21.0661
v 52.4708 44.888 21.0536
v 51.9498 44.9947 21.4742
v 51.6422 44.7562 21.4428
v 51.3095 44.8754 21.4679
v 50.9894 44.6243 21.4616
v 50.4495 44.6432 21.6248
v 49.9097 44.6683 21.8382
v 49.621 44.8942 21.8006
v 49.3448 44.6745 21.9324
v 49.0937 44.8754 22.0391
v 48.5413 44.9068 22.1584
v 48.2714 44.6934 22.2714
v 48.4973 44.4109 22.1835
v 48.2149 44.1849 22.2149
v 48.1521 43.7455 22.0328
v 47.8571 43.507 22.8175
v 47.5872 43.6953 22.874
v 47.2921 43.9213 22.9367
v 46.8778 44.0971 22.7296
v 47.0536 43.2747 22.3655
v 47.4177 43.1618 22.5413
v 47.4993 43.2308 21.9889
v 46.6016 43.3815 22.0454
v 46.8276 42.7035 21.9073
v 46.5954 42.9169 22.0203
v 46.3317 43.1743 22.0956
v 45.9928 43.4003 22.0768
v 46.3254 43.6576 22.1395
v 46.0304 43.9903 22.2651
v 46.338 44.2351 22.3216
v 46.0932 44.5553 22.3592
v 45.7605 44.2916 22.3404
v 45.4466 44.5678 22.5413
v 44.9947 44.7373 22.4973
v 44.6934 45.0449 22.6919
v 44.2791 45.1579 22.7735
v 43.9464 44.8942 22.7422
v 43.62 44.6432 22.717
v 43.2936 44.3858 22.6982
v 42.9358 44.1096 22.6543
v 42.6219 43.8585 22.6731
v 43.3438 43.9903 22.5476
v 43.6953 43.7204 22.3969
v 44.0971 43.507 22.3781
v 44.4172 43.7644 22.3844
v 44.8001 43.5447 22.2965
v 45.3337 43.4505 22.1709
v 47.0473 42.4273 22.4973
v 47.8633 42.1825 22.1647
v 47.5495 41.9314 22.1584
v 47.6311 41.6113 22.3781
v 47.7629 41.2033 22.4346
v 47.5118 41.0024 22.6166
v 47.2607 40.8078 22.761
v 46.9908 40.5944 22.83
v 47.311 40.3119 23.5519
v 47.5809 40.5191 23.4766
v 47.9575 40.3119 23.2506
v 47.9512 39.8286 23.2255
v 47.5055 39.9541 23.6523
v 47.1854 39.703 23.6272
v 47.0787 40.1236 23.7214
v 47.675 39.6089 23.3824
v 47.8571 39.2071 22.8426
v 47.5872 38.9937 22.8865
v 47.6123 38.5167 22.7484
v 47.606 38.0333 22.8489
v 47.4051 37.8764 23.0937
v 47.6562 37.663 22.9179
v 47.9512 37.4307 22.7233
v 48.2651 37.2047 22.4785
v 48.2525 36.7214 22.24
v 47.9701 36.5017 22.2714
v 47.6876 36.282 22.3279
v 47.4051 36.0623 22.3969
v 47.2796 35.5727 22.353
v 47.2545 35.0705 22.2588
v 47.4177 34.7566 22.083
v 47.6436 34.5118 21.9952
v 47.8633 34.2984 21.8633
v 48.014 33.972 21.7629
v 47.7064 33.7335 21.7064
v 47.5934 33.2187 21.5181
v 47.7127 32.8547 21.2796
v 47.606 32.365 21.1603
v 47.311 32.1328 21.198
v 47.2231 31.5929 21.0975
v 47.493 31.3105 20.2564
v 47.1791 31.0657 20.2878
v 47.6813 31.0029 20.2125
v 47.3549 30.7518 20.225
v 47.0724 30.5258 20.2501
v 46.746 30.2747 20.1999
v 46.9218 29.986 20.0681
v 47.0034 29.5089 19.8484
v 46.6958 29.2704 19.8107
v 46.5263 29.1323 20.0869
v 46.8276 28.8498 19.4718
v 47.1603 28.6176 19.1077
v 47.4679 28.4293 18.5678
v 47.8131 28.2096 18.2477
v 47.9073 27.8078 18.0782
v 47.5872 27.563 18.0343
v 47.7629 27.224 17.9276
v 47.3926 26.9353 17.7832
v 47.4553 26.5901 17.5823
v 47.5307 26.1758 17.3877
v 47.198 25.9184 17.325
v 47.562 25.7301 17.1366
v 47.9073 25.5292 16.9421
v 48.2211 25.774 16.9044
v 48.6041 25.6422 16.7663
v 48.8238 25.3095 16.4211
v 49.1125 25.5292 16.4336
v 49.5205 25.3848 16.1574
v 49.8595 25.184 15.9879
v 50.0729 24.9392 15.7117
v 50.4182 24.7697 15.4795
v 50.7195 24.5563 15.2535
v 51.0521 24.3679 14.971
v 51.3974 24.6379 15.0024
v 51.7928 24.9454 15.128
v 52.113 25.1965 15.128
v 52.4394 25.4476 15.1342
v 52.7281 25.6736 15.0464
v 53.0106 25.8933 14.9899
v 53.3433 26.1506 15.0275
v 53.6446 26.3892 15.0212
v 53.9522 26.6277 15.0275
v 54.2535 26.86 15.015
v 54.5862 27.1236 15.015
v 54.8938 27.3621 14.971
v 55.2327 27.6195 14.9773
v 55.534 27.858 14.9459
v 55.8291 28.0903 14.902
v 56.2371 28.0275 14.858
v 56.5823 28.3037 14.858
v 56.9087 28.5548 14.8769
v 57.2289 28.8059 14.8831
v 57.6243 28.6301 14.745
v 57.9759 28.9 14.7513
v 58.3336 29.1825 14.8831
v 58.6852 29.4524 14.9396
v 59.0304 29.7224 14.971
v 59.3757 29.986 15.0966
v 59.7021 30.2496 15.0903
v 60.0097 30.4819 15.0652
v 60.2921 30.7079 15.0715
v 60.5934 30.9401 15.0464
v 60.9198 31.1912 15.015
v 61.2023 31.4172 14.9585
v 61.1835 31.8817 15.2347
v 61.4722 32.1077 15.1342
v 61.7296 32.3085 15.0589
v 61.9995 32.522 14.9836
v 62.3259 32.7731 14.9647
v 62.6084 32.9928 14.971
v 62.9223 33.2376 14.9522
v 63.2298 33.4761 14.8518
v 63.5374 33.7146 14.8643
v 63.8764 33.9783 14.9208
v 64.1965 34.2294 14.8831
v 64.435 34.4177 14.7576
v 64.8054 34.7001 14.8706
v 65.1004 34.9324 14.8204
v 65.4645 35.2211 14.9961
v 65.747 35.4346 14.9836
v 66.0797 35.6982 14.9522
v 66.3998 35.943 14.9647
v 66.7074 36.1878 14.9459
v 67.0212 36.4326 14.8894
v 67.3665 36.2129 14.607
v 67.6238 36.4138 14.5442
v 67.9189 36.6461 14.4437
v 68.1951 36.8595 14.3308
v 68.4085 37.029 14.1487
v 68.6156 37.1922 13.8725
v 68.8604 36.8783 13.8725
v 68.7851 37.8011 13.9792
v 69.0488 38.0082 13.8286
v 69.3438 38.2405 13.6968
v 69.5823 38.4288 13.5712
v 69.8334 38.6234 13.4331
v 69.7267 38.9184 13.5901
v 69.3438 39.069 13.7784
v 69.0299 39.2699 14.0734
v 69.0111 39.703 14.2617
v 69.0362 40.1299 14.3747
v 68.6282 40.2805 14.4877
v 68.3018 40.4877 14.7639
v 68.0193 40.7764 15.0903
v 67.7306 40.9836 15.4042
v 67.5046 40.8078 15.6364
v 67.2786 40.6321 15.831
v 67.0463 40.9271 16.2076
v 66.7137 40.6697 16.2014
v 66.3747 40.3998 16.17
v 65.9918 40.5756 16.3394
v 65.5147 40.676 16.3332
v 65.408 40.9899 16.4713
v 64.9498 41.1091 16.6156
v 64.7301 40.9334 16.8102
v 64.5669 41.2849 16.9734
v 64.2844 41.5485 17.394
v 64.184 41.9063 17.6263
v 63.9329 41.7117 17.7644
v 63.4621 41.8373 17.9715
v 63.7634 42.0695 17.9464
v 63.3114 42.239 18.2038
v 62.9787 41.9816 18.1598
v 62.5393 42.1825 18.3042
v 62.1753 41.9 18.2414
v 61.9995 42.1888 18.3984
v 61.7924 42.4838 18.4674
v 61.5727 42.804 18.5804
v 61.2337 42.5403 18.5741
v 60.9261 42.3018 18.5553
v 60.6311 42.5466 18.6432
v 60.3612 42.3332 18.7185
v 60.1477 42.5717 18.8189
v 59.6581 42.6533 18.8943
v 59.3443 42.8353 18.9131
v 59.156 43.1241 18.8943
v 58.8923 43.3061 18.9696
v 58.6789 43.5635 19.07
v 58.478 43.846 19.1265
v 58.2709 43.6828 19.4215
v 58.07 43.0864 19.1077
v 57.5553 43.1241 19.1453
v 57.3419 43.8334 19.2772
v 56.915 43.9715 19.2395
v 56.7832 44.3419 19.2646
v 56.4568 44.549 19.3085
v 56.168 44.731 19.4466
v 55.6972 44.844 19.704
v 55.3834 44.5992 19.7417
v 55.1009 44.8754 20.0053
v 54.7996 44.6432 20.0116
v 54.2096 44.731 20.2438
v 53.8706 44.4674 20.2376
v 53.3308 44.5239 20.5012
v 53.0043 44.7687 20.7648
v 52.6717 44.5113 20.7711
v 52.1758 44.6557 21.0913
v 51.8619 44.4109 21.0661
v 51.297 44.4862 21.4177
v 51.0082 44.254 21.4491
v 50.7132 44.4109 21.5307
v 50.4495 44.2038 21.6185
v 50.2047 44.4548 21.8069
v 49.8783 44.1975 21.8257
v 49.6021 44.4297 21.9073
v 49.3071 44.1975 21.9512
v 49.1188 44.4988 22.0956
v 48.8175 44.662 22.1835
v 49.0309 43.9841 22.0391
v 48.6543 43.6828 21.9575
v 48.3655 43.4568 21.9512
v 48.0579 43.2182 21.9324
v 47.7692 42.9923 22.6919
v 47.4553 42.7475 22.6794
v 47.0724 42.8918 22.4722
v 47.7566 42.534 22.6292
v 48.1521 42.4022 22.1458
v 48.4408 42.2453 22.0203
v 48.2525 42.1009 22.2902
v 47.9575 41.8687 22.3781
v 47.9952 41.3853 22.309
v 48.1207 40.9459 22.4722
v 47.8759 40.7513 22.648
v 47.7566 40.6634 23.1439
v 48.1019 40.4249 22.8991
v 48.2463 40.0546 23.1376
v 48.1709 39.452 22.7986
v 48.2525 39.0188 22.7422
v 47.9261 38.7615 22.7359
v 47.9198 38.2781 22.8426
v 47.9575 37.8952 22.8426
v 48.2274 37.6504 22.6354
v 48.5538 37.4307 22.3781
v 48.5664 36.9662 22.2714
v 48.761 36.7339 22.1019
v 48.4848 36.5142 22.1584
v 48.2023 36.2945 22.2023
v 47.901 36.0623 22.3279
v 47.6248 35.8426 22.3781
v 47.5934 35.3341 22.2588
v 47.7755 35.0391 22.127
v 47.9826 34.7692 22.0579
v 48.2023 34.5558 21.8759
v 48.3279 34.2231 21.7943
v 48.5538 33.972 21.5432
v 48.2525 33.7335 21.5746
v 47.9136 33.4698 21.5307
v 48.0328 33.1057 21.3047
v 48.24 32.8609 21.1603
v 47.901 32.591 21.1415
v 48.1333 32.3023 21.0159
v 47.8382 32.07 21.0599
v 47.5307 31.8315 21.041
v 47.7629 31.5176 20.8778
v 48.0454 31.7373 20.7962
v 48.0391 31.2854 20.269
v 48.2086 30.9903 20.0681
v 47.8759 30.733 20.0618
v 47.562 30.4882 20.0806
v 47.2607 30.2496 20.0806
v 47.3235 29.76 19.8295
v 47.4491 29.8605 19.3901
v 47.4742 29.352 19.478
v 47.1352 29.0884 19.4466
v 47.4365 28.8373 19.0198
v 47.788 28.6803 18.5678
v 48.1521 28.4795 18.323
v 48.3027 28.1217 18.21
v 48.466 27.7702 18.028
v 48.1144 27.5002 17.9778
v 48.4471 27.3621 17.7016
v 47.8131 26.8662 17.6514
v 47.8696 26.4394 17.3815
v 47.8759 25.9749 17.1492
v 48.2149 26.2385 17.1618
v 48.535 26.0188 16.9169
v 48.8802 25.8556 16.7098
v 49.1878 26.1004 16.6721
v 49.4515 25.7929 16.4211
v 49.8469 25.6422 16.2139
v 50.1671 25.4225 15.9816
v 50.393 25.1902 15.718
v 50.7195 25.0019 15.5046
v 51.0459 24.8073 15.2535
v 51.3786 25.071 15.2598
v 51.7112 25.3283 15.3037
v 52.0314 25.5732 15.2974
v 52.3515 25.8242 15.3163
v 52.6465 26.0565 15.2974
v 52.9416 26.2825 15.2472
v 53.2366 26.5147 15.2347
v 53.5567 26.7658 15.2158
v 53.858 26.9981 15.1656
v 54.1782 27.2492 15.128
v 54.5234 27.5191 15.2033
v 54.7808 27.7199 15.0715
v 55.126 27.9899 15.1154
v 55.4775 28.2598 15.2096
v 55.7726 28.492 15.1782
v 56.1492 28.3414 14.8957
v 56.4819 28.5987 14.9522
v 56.7832 28.831 14.9522
v 57.1284 29.1009 15.0275
v 57.6432 29.126 15.0526
v 58.001 29.4085 15.1782
v 58.3525 29.6784 15.2661
v 58.6977 29.9483 15.2974
v 58.999 30.1806 15.3288
v 59.3129 30.4254 15.3539
v 59.633 30.6765 15.3539
v 59.9469 30.9213 15.3414
v 60.2545 31.1598 15.3225
v 60.5872 31.4172 15.2974
v 60.8947 31.662 15.31
v 60.8131 31.9696 15.5548
v 61.1082 32.2018 15.4606
v 61.3969 32.4215 15.3665
v 61.6417 32.6161 15.2221
v 61.943 32.8484 15.1468
v 62.2443 33.0869 15.1405
v 62.5519 33.3254 15.1028
v 62.8407 33.5514 15.0589
v 63.1357 33.7837 15.0338
v 63.4809 34.0473 15.1468
v 63.7885 34.2858 15.1405
v 64.071 34.5118 15.0338
v 64.366 34.7378 14.971
v 64.7301 35.0266 15.0652
v 65.1067 35.3153 15.2033
v 65.4206 35.5601 15.2033
v 65.7344 35.8049 15.2033
v 66.0357 36.0372 15.1782
v 66.3308 36.2694 15.1845
v 66.6195 36.4891 15.1154
v 66.8831 36.7026 15.0338
v 67.2849 36.6398 14.8078
v 67.5611 36.8532 14.7262
v 67.8373 37.0666 14.6007
v 68.0695 37.2487 14.4751
v 68.2892 37.4244 14.2931
v 68.5466 37.619 14.155
v 68.4587 37.9266 14.224
v 68.6972 38.1149 14.0797
v 68.9483 38.3095 13.9416
v 69.1994 38.5041 13.8223
v 69.4379 38.6924 13.6842
v 69.1053 38.8807 13.973
v 68.7851 39.0816 14.1676
v 68.7224 39.4771 14.3559
v 68.7286 39.8914 14.3873
v 68.352 40.0671 14.5442
v 68.0695 40.3119 14.9647
v 67.8749 40.6634 15.3916
v 67.6364 40.4751 15.5987
v 67.3414 40.2492 15.6552
v 67.0463 40.45 15.9879
v 66.7639 40.2303 16.0256
v 66.4751 40.0043 16.0884
v 66.0922 40.1801 16.2202
v 65.6654 40.3245 16.2704
v 65.2887 40.5002 16.4775
v 65.0753 40.7325 16.4775
v 64.8556 40.5567 16.7098
v 64.4602 40.7262 16.9107
v 64.3472 41.1154 17.1492
v 63.9768 41.31 17.4944
v 63.5562 41.4167 17.6451
v 63.1231 41.5674 17.8774
v 62.6335 41.7117 18.0971
v 62.2569 41.4167 18.0154
v 61.8991 41.6866 18.3293
v 61.7421 41.9879 18.5113
v 61.466 42.2265 18.4737
v 61.127 41.9565 18.436
v 60.8508 41.7431 18.4737
v 60.6562 42.0884 18.6243
v 60.3361 41.8373 18.6557
v 60.0787 42.1135 18.7938
v 59.8339 42.3269 18.8691
v 59.3505 42.4085 18.9131
v 59.0492 42.6031 18.9319
v 58.8609 42.8918 18.9696
v 58.635 43.1053 19.0763
v 58.3399 42.873 19.0888
v 58.0386 42.6407 19.1077
v 57.7813 42.8605 19.1202
v 57.4862 42.6345 19.1704
v 57.2038 42.8542 19.1579
v 57.254 43.3752 19.1956
v 56.9841 43.5509 19.1893
v 56.6012 43.7267 19.2395
v 56.5007 44.1222 19.2583
v 56.1555 44.3168 19.2897
v 55.8856 44.5176 19.4969
v 55.5654 44.2603 19.4592
v 55.1009 44.3795 19.7731
v 54.7933 44.141 19.7668
v 54.492 44.3984 20.0179
v 54.1405 44.1284 20.0304
v 53.8329 43.8836 20.0179
v 53.5944 44.2477 20.2752
v 53.2931 44.0092 20.3066
v 53.0546 44.3105 20.5451
v 52.7407 44.0594 20.5451
v 52.3515 44.2603 20.7272
v 52.0502 44.0217 20.7272
v 51.548 44.1661 21.154
v 51.3095 43.9778 21.3486
v 51.0584 43.7832 21.4239
v 50.7508 44.0594 21.562
v 50.4809 43.846 21.7253
v 50.1859 43.9966 21.7315
v 49.8846 43.7581 21.7817
v 49.5896 43.9652 21.8131
v 49.2945 43.7393 21.8257
v 48.987 43.4944 21.8445
v 48.717 43.2873 21.9198
v 48.3592 43.0111 21.8131
v 48.3592 42.5654 21.8947
v 48.0705 42.7788 22.6103
v 48.7233 42.465 21.9638
v 48.8677 42.0695 22.1772
v 48.5664 41.831 22.2023
v 48.3153 41.6301 22.3655
v 48.4032 41.1656 22.3906
v 48.5036 40.7388 22.422
v 48.2651 40.5567 22.5601
v 48.4534 40.2178 22.8991
v 48.4722 39.6905 22.8175
v 48.648 39.8223 22.5601
v 48.8049 39.4457 22.5538
v 48.5789 39.2762 22.7673
v 48.7861 38.9561 22.7359
v 48.5036 38.7364 22.7924
v 48.2149 38.5104 22.8363
v 48.2588 38.1337 22.7798
v 48.535 37.8889 22.6103
v 48.8238 37.6379 22.2776
v 48.8238 37.1733 22.1082
v 49.0686 36.9725 22.0266
v 49.0435 36.464 22.0454
v 48.761 36.2443 22.1082
v 48.4597 36.0121 22.1709
v 48.1395 35.761 22.1772
v 47.8947 35.5664 22.2714
v 48.0956 35.2839 22.1144
v 48.2651 34.9952 22.0203
v 48.5036 34.8006 21.832
v 48.6668 34.4867 21.7755
v 48.8426 34.198 21.4742
v 49.0058 33.8653 21.3423
v 48.6794 33.6079 21.3863
v 48.3467 33.3506 21.3675
v 48.5789 33.1246 21.2231
v 48.7861 32.817 20.9908
v 48.466 32.5659 20.9783
v 48.6166 32.1893 20.6644
v 48.3153 31.9507 20.6958
v 48.3969 31.5616 20.3568
v 48.5538 31.2603 20.2125
v 48.5224 30.6953 19.6098
v 48.1835 30.4317 19.5345
v 47.7504 30.0927 19.3399
v 47.6311 29.4775 19.1642
v 47.7504 29.0821 18.957
v 48.0768 28.9 18.5427
v 48.6982 28.4293 18.3607
v 48.8363 28.0589 18.1975
v 48.7359 27.5881 17.5698
v 48.7547 27.1299 17.2685
v 48.4095 26.8662 17.2245
v 48.1521 26.6591 17.325
v 48.5162 26.4771 17.1053
v 48.8238 26.2448 16.8981
v 49.0937 26.4582 16.8165
v 49.3699 26.6717 16.6847
v 49.5017 26.339 16.6345
v 49.7842 26.0565 16.4211
v 50.142 25.8682 16.1888
v 50.4746 25.661 15.9314
v 50.7257 25.4476 15.7431
v 51.0333 25.2467 15.5046
v 51.3283 25.4727 15.4606
v 51.6673 25.7426 15.5297
v 52 26 15.492
v 52.3452 26.2636 15.5046
v 52.6403 26.4959 15.4983
v 52.9667 26.747 15.4858
v 53.2743 26.9918 15.4355
v 53.5693 27.2178 15.4544
v 53.8706 27.4563 15.4104
v 54.197 27.7074 15.4481
v 54.4732 27.9271 15.4355
v 54.7996 28.1782 15.4042
v 55.17 28.4669 15.4481
v 55.465 28.6992 15.4355
v 55.7726 28.9377 15.3916
v 56.0801 28.7306 15.1719
v 56.3689 28.9565 15.1719
v 56.733 29.239 15.2409
v 57.1096 29.5278 15.3414
v 57.4862 29.3771 15.1593
v 57.9507 29.7412 15.4795
v 58.3085 30.0174 15.5171
v 58.6412 30.281 15.5736
v 58.9614 30.5321 15.5799
v 59.2878 30.7832 15.5674
v 59.6142 31.0343 15.5987
v 59.9218 31.2728 15.605
v 60.2168 31.5051 15.5799
v 60.5307 31.7499 15.5862
v 60.4365 32.1202 15.7368
v 60.7504 32.365 15.718
v 61.0391 32.591 15.6301
v 61.309 32.8044 15.5297
v 61.5789 33.0116 15.4355
v 61.8677 33.2376 15.3477
v 62.1188 33.4322 15.2535
v 62.3824 33.6393 15.1656
v 62.6837 33.8716 15.1531
v 63.0917 34.1917 15.3602
v 63.4181 34.4491 15.3539
v 63.7069 34.675 15.2723
v 64.0208 34.9198 15.2661
v 64.3095 35.1458 15.2033
v 64.6485 35.4095 15.2598
v 64.9749 35.6605 15.31
v 65.2636 35.8865 15.2723
v 65.5838 36.1313 15.2974
v 65.8725 36.3573 15.2849
v 66.1989 36.6147 15.2912
v 66.5065 36.8532 15.2158
v 66.7827 37.0666 15.128
v 67.1656 36.9223 14.9396
v 67.4355 37.1294 14.8015
v 67.7117 37.3428 14.6823
v 67.9628 37.5374 14.5505
v 68.2202 37.7446 14.3873
v 68.0884 38.0898 14.5379
v 68.3394 38.2844 14.4186
v 68.5717 38.4664 14.2554
v 68.8291 38.661 14.0922
v 68.534 38.887 14.3056
v 68.4713 39.2825 14.4751
v 68.4587 39.6779 14.5065
v 68.2327 39.5022 14.6948
v 68.17 39.9227 14.8015
v 67.9252 39.7281 14.9522
v 67.8624 40.1487 15.2472
v 67.5422 39.8976 15.2849
v 67.3225 39.7281 15.423
v 67.0777 40.042 15.7431
v 66.7388 39.7784 15.7117
v 65.9855 39.6277 15.6615
v 65.6277 39.8223 15.8498
v 65.4017 40.1173 16.3771
v 65.0314 40.2994 16.6031
v 64.7364 40.0671 16.6847
v 64.6108 40.3684 16.8291
v 64.1777 40.5065 16.9923
v 64.0647 40.8894 17.2685
v 63.6567 41.0589 17.4756
v 63.2549 41.1844 17.6639
v 62.8155 41.3288 17.846
v 62.4703 41.0589 17.7895
v 61.9556 41.1844 17.9778
v 61.5162 41.3853 18.1347
v 61.6103 40.9145 17.8711
v 62.1627 40.8267 17.7957
v 61.7108 40.4689 17.4631
v 61.24 40.6258 17.7518
v 61.4095 40.2303 17.4944
v 60.9387 40.3935 17.7393
v 61.1082 39.9981 17.5447
v 61.4973 39.8098 17.2496
v 61.1521 39.5461 17.1429
v 60.8759 39.3264 17.1869
v 61.3592 39.2699 17.1053
v 61.0454 39.0188 17.1618
v 60.7441 38.7866 17.2371
v 60.6123 39.1193 17.3312
v 60.3486 38.9184 17.4442
v 60.0913 38.2781 17.1743
v 59.8653 39.0251 17.5509
v 59.6519 38.3723 17.3124
v 59.4949 38.7364 17.4066
v 59.3003 39.113 17.6765
v 59.0241 38.8933 17.7455
v 58.9676 39.3955 18.0594
v 58.6852 39.1758 18.0845
v 58.5345 39.4771 18.3105
v 58.8358 39.7219 18.323
v 59.1434 39.9604 18.3419
v 58.9739 40.2805 18.4235
v 59.2627 40.5002 18.3732
v 58.7354 40.5881 18.5553
v 59.0241 40.8141 18.5365
v 59.564 40.7388 18.323
v 59.3066 41.0338 18.5427
v 59.6519 41.3037 18.5302
v 59.1246 41.3665 18.7436
v 59.4698 41.6364 18.7499
v 59.7837 41.8812 18.7875
v 60.5369 41.4983 18.4423
v 59.5389 42.0946 18.8754
v 59.043 42.17 18.9319
v 58.7856 42.3959 18.9759
v 58.591 42.6847 19.0575
v 58.2583 42.4273 19.07
v 57.9256 42.1637 19.0637
v 57.7059 42.3771 19.0951
v 57.3732 42.1197 19.0512
v 57.1912 42.3959 19.1893
v 56.8836 42.5968 19.1391
v 56.9025 43.099 19.1642
v 56.6451 43.2873 19.1642
v 56.2747 43.4693 19.2269
v 56.1931 43.8836 19.2834
v 55.8228 44.0531 19.2772
v 55.4964 43.802 19.2834
v 55.2453 44.0154 19.4655
v 54.9377 43.7706 19.4592
v 54.492 43.9025 19.7605
v 54.1907 43.6702 19.7856
v 53.8894 43.4317 19.7919
v 53.5379 43.6576 20.0179
v 52.9667 43.7518 20.3568
v 52.4645 43.8397 20.6079
v 52.2323 43.6639 20.8025
v 51.8556 43.8711 20.9783
v 51.6736 43.7267 21.2796
v 51.4099 43.5258 21.3675
v 51.14 43.3124 21.4867
v 50.8011 43.5823 21.5809
v 50.4872 43.3375 21.5244
v 50.1671 43.5949 21.7378
v 49.872 43.3689 21.7817
v 49.5456 43.4944 21.7064
v 49.2318 43.2496 21.7378
v 48.9116 42.9985 21.7629
v 48.6543 42.7977 21.8822
v 48.9807 42.6721 21.8006
v 49.1502 42.2892 22.1019
v 49.464 42.0005 21.9889
v 49.238 41.8184 22.1521
v 49.1251 41.2284 22.3279
v 48.8049 40.9773 22.3718
v 48.8551 40.5316 22.3404
v 48.5915 40.3308 22.4848
v 48.8991 40.0232 22.3279
v 48.9681 39.5775 22.2023
v 49.1878 39.2699 22.1458
v 49.0435 39.1569 22.5978
v 49.0623 38.7615 22.4597
v 48.8049 38.5606 22.6292
v 48.5413 38.3597 22.7547
v 48.7798 38.0835 22.5413
v 49.1062 37.8576 22.2211
v 49.1251 37.4056 22.0328
v 49.351 37.1922 21.9701
v 49.3573 36.7088 21.9701
v 49.4766 36.3636 21.7001
v 49.2129 36.1627 21.8131
v 48.9681 35.9681 21.9387
v 48.6919 35.7484 22.014
v 48.3781 35.5036 22.0642
v 48.5538 35.2211 21.9324
v 48.7673 35.0014 21.7755
v 48.943 34.7001 21.6688
v 49.1125 34.4114 21.4239
v 49.2945 34.0913 21.2796
v 49.3699 33.746 20.9594
v 49.1062 33.5389 21.0348
v 48.8426 33.3317 21.1729
v 49.056 33.0241 20.9092
v 49.2067 32.6475 20.6456
v 48.9116 32.4153 20.6644
v 49.0183 32.0512 20.3066
v 48.7547 31.8378 20.4384
v 48.9054 31.5365 20.3192
v 49.0183 31.0845 20.0304
v 49.2443 30.733 19.999
v 49.3385 30.3187 19.6726
v 48.6794 30.2936 19.4341
v 48.3153 30.0111 19.2772
v 47.9763 29.7475 19.2395
v 48.0956 29.3457 19.0072
v 48.5099 29.239 18.8754
v 48.422 29.6031 19.0323
v 49.0748 29.6784 19.3462
v 49.2004 29.2955 19.2332
v 49.2192 28.831 18.8064
v 49.5456 29.0884 18.8189
v 49.5205 28.5987 18.3419
v 49.1941 28.3414 18.3168
v 49.5205 28.2033 17.9025
v 49.8909 28.4858 18.0029
v 50.1608 28.2284 17.5823
v 49.759 27.9145 17.4003
v 49.3887 27.6258 17.3815
v 49.759 27.4437 16.986
v 49.0372 27.3559 17.2245
v 49.0497 26.8914 16.8416
v 48.761 26.6654 16.9044
v 49.351 27.1236 16.7788
v 49.6398 26.8788 16.5403
v 49.7653 26.5461 16.5905
v 50.0792 26.2887 16.3646
v 50.4433 26.1067 16.1637
v 50.8136 25.9309 15.9816
v 51.0647 25.7175 15.7055
v 51.3786 25.9623 15.7306
v 51.705 26.2134 15.7619
v 52.0314 26.4708 15.7368
v 52.3201 26.6968 15.7306
v 52.6089 26.9227 15.7117
v 52.9416 27.1801 15.6992
v 53.2178 27.3935 15.6741
v 53.5505 27.6509 15.6992
v 53.902 27.9271 15.6866
v 54.2096 28.1656 15.6866
v 54.5485 28.4355 15.7494
v 54.8875 28.6992 15.7306
v 55.1762 28.9252 15.7306
v 55.4713 29.1511 15.6929
v 55.7851 29.3959 15.6615
v 56.1115 29.2013 15.3979
v 56.4505 29.465 15.5046
v 56.7769 29.7224 15.5234
v 57.1661 30.0237 15.6803
v 57.5302 29.8605 15.5674
v 57.8817 30.1304 15.6552
v 58.2458 30.4128 15.7306
v 58.5785 30.6765 15.7808
v 58.8735 30.9025 15.7619
v 59.1999 31.1598 15.7933
v 59.5075 31.3984 15.7996
v 59.8088 31.6369 15.8122
v 60.1289 31.8817 15.7871
v 60.1352 32.3399 15.9691
v 60.3988 32.5408 15.9
v 60.6688 32.7542 15.7996
v 60.9387 32.9614 15.7055
v 61.2211 33.1811 15.6552
v 61.5476 33.4384 15.6113
v 61.8363 33.6644 15.536
v 62.1188 33.8841 15.4983
v 62.4954 34.1791 15.5925
v 62.8093 34.4239 15.5862
v 63.1043 34.6499 15.6113
v 63.3868 34.8696 15.5171
v 63.6943 35.1144 15.492
v 63.9705 35.3279 15.492
v 64.2467 35.5413 15.3539
v 64.6359 35.8426 15.4795
v 64.9309 36.0748 15.4606
v 65.2636 36.3322 15.4669
v 65.5838 36.5833 15.4669
v 65.86 36.7967 15.4167
v 66.1487 37.0227 15.3351
v 66.4061 37.2236 15.2158
v 66.6446 37.4056 15.1091
v 67.0275 37.2612 14.9647
v 67.3163 37.4809 14.8831
v 67.5674 37.6818 14.7513
v 67.8435 37.8952 14.676
v 67.8059 38.3158 14.8141
v 68.0758 38.5229 14.7011
v 68.3143 38.7112 14.5505
v 68.2453 39.1067 14.6823
v 67.9879 39.3076 14.8769
v 67.6992 39.5524 15.1405
v 67.4481 39.3578 15.2786
v 67.0652 39.5273 15.5422
v 66.7513 39.2825 15.5422
v 66.4186 39.5273 15.718
v 66.0671 39.2511 15.6176
v 65.6905 39.3955 15.6992
v 65.3452 39.5963 15.8624
v 65.0251 39.8223 16.3143
v 64.7426 39.6026 16.3834
v 64.4413 39.8411 16.7098
v 64.3283 40.1487 16.8918
v 63.8576 40.2554 16.9985
v 63.7948 40.6823 17.325
v 63.3679 40.8329 17.4693
v 62.8971 40.902 17.5823
v 62.5519 40.6321 17.5321
v 62.1439 40.3182 17.3187
v 61.8112 40.0608 17.2496
v 61.9681 39.7407 17.0927
v 61.648 39.4959 17.0927
v 61.7547 39.0942 17.0048
v 61.4597 38.8619 17.0362
v 61.1709 38.6359 17.0927
v 60.8696 38.4037 17.0802
v 60.5934 38.184 17.1492
v 60.2356 37.9015 17.099
v 59.7774 38.0333 17.1555
v 59.3443 38.1275 17.3501
v 59.2062 38.5167 17.4568
v 58.7479 38.6799 17.7769
v 58.3462 38.9058 18.0594
v 58.2144 39.2323 18.2477
v 58.0323 39.5398 18.5051
v 58.3588 39.7972 18.5239
v 58.7103 40.0734 18.5741
v 58.4404 40.3559 18.6118
v 58.1328 40.5881 18.6808
v 58.4969 40.8769 18.7185
v 58.817 41.128 18.7436
v 58.6161 41.379 18.844
v 58.9425 41.6301 18.8817
v 59.2376 41.8624 18.8629
v 58.7731 41.9565 19.0512
v 58.4906 42.17 19.0575
v 58.1893 41.9314 19.07
v 57.8566 41.6678 18.9821
v 57.6181 41.9252 18.9884
v 57.2979 41.6741 18.9759
v 57.0343 41.8498 18.9947
v 56.8146 42.1009 19.0261
v 56.5447 42.3394 19.0888
v 56.6012 42.8605 19.1328
v 56.3375 43.0488 19.1516
v 55.9483 43.212 19.1767
v 55.8793 43.6388 19.2772
v 55.5654 43.394 19.2332
v 55.2013 43.5698 19.3085
v 54.8812 43.3187 19.365
v 54.6238 43.5258 19.4529
v 54.3225 43.2873 19.522
v 54.0715 43.099 19.704
v 53.8518 42.9232 19.9614
v 53.6823 43.2685 20.043
v 53.3119 43.4756 20.2376
v 53.0859 43.2999 20.3945
v 52.7407 43.576 20.564
v 52.5273 42.8667 20.564
v 52.0753 43.055 21.1038
v 52.0377 43.5133 21.1038
v 51.774 43.3061 21.2231
v 51.5229 43.1053 21.3988
v 51.1777 42.8353 21.3737
v 50.8262 43.0676 21.493
v 50.4935 42.804 21.4491
v 50.1796 43.0927 21.493
v 49.508 43.0802 21.675
v 49.2255 42.8667 21.7064
v 49.6084 42.647 21.6688
v 49.4138 42.4964 21.9073
v 49.8783 42.3269 21.5558
v 49.8093 41.7619 21.7064
v 49.6398 41.6301 22.0642
v 49.6335 41.1405 21.9889
v 49.351 40.9208 22.0391
v 49.1062 40.7325 22.2274
v 49.1439 40.2115 22.1458
v 49.2318 39.7846 22.1019
v 49.4577 39.4833 22.0328
v 49.6461 39.226 21.7315
v 49.4577 39.0753 22.0203
v 49.2757 38.9309 22.3153
v 49.351 38.5292 22.2902
v 49.056 38.297 22.3969
v 49.3196 38.027 22.0266
v 49.4075 37.6253 21.9387
v 49.6147 37.3993 21.9387
v 49.6335 36.9285 21.9073
v 49.8093 36.621 21.7629
v 49.9662 36.3259 21.5118
v 49.6774 36.0999 21.562
v 49.3824 35.8677 21.606
v 49.1439 35.6857 21.8069
v 48.8677 35.466 21.8947
v 49.0497 35.2274 21.7001
v 49.238 34.9324 21.6123
v 49.4013 34.6311 21.3675
v 49.577 34.311 21.198
v 49.6398 33.9532 20.8402
v 49.6021 33.451 20.6832
v 49.3636 33.2627 20.8276
v 49.4891 32.8672 20.5765
v 49.6272 32.522 20.2627
v 49.3134 32.2772 20.2627
v 49.4389 31.9507 20.0869
v 49.169 31.7436 20.1936
v 49.3448 31.3356 20.0179
v 49.5393 30.9652 19.8986
v 49.6837 30.5886 19.7354
v 49.8846 30.7455 19.478
v 49.7402 30.1994 19.4153
v 49.4264 29.9483 19.4215
v 48.9116 29.986 19.409
v 49.5205 29.5403 19.2521
v 49.9034 29.3646 18.9194
v 49.8658 28.8687 18.4737
v 50.2361 28.7557 18.1159
v 50.5249 28.5109 17.7016
v 50.7571 28.2221 17.168
v 50.4119 27.9522 17.099
v 50.0604 27.676 16.9609
v 50.2424 27.3559 16.4462
v 49.9223 27.1048 16.4462
v 50.0164 26.7407 16.4775
v 50.393 26.5273 16.3394
v 50.7822 26.3704 16.17
v 51.1212 26.1632 15.9565
v 51.4225 26.3955 15.9377
v 51.7364 26.6465 15.9565
v 52.0314 26.8725 15.944
v 52.3578 27.1299 15.944
v 52.6842 27.381 15.9189
v 53.0043 27.6321 15.9126
v 53.3119 27.8643 15.8938
v 53.6634 28.1405 15.944
v 53.9899 28.3979 15.9691
v 54.31 28.649 16.0005
v 54.6113 28.8812 15.9691
v 54.8938 29.1009 15.944
v 55.1762 29.3206 15.9
v 55.5278 29.5968 15.9252
v 55.8667 29.8605 15.944
v 56.1178 29.6533 15.7368
v 56.4379 29.8981 15.7933
v 56.8271 30.212 15.9
v 57.1787 30.4819 15.9691
v 57.5113 30.2936 15.8247
v 57.8691 30.5698 15.9189
v 58.2081 30.8334 15.944
v 58.5282 31.0845 15.9691
v 58.8735 31.3544 15.9754
v 59.2062 31.6118 15.9816
v 59.52 31.8566 16.0193
v 59.8339 32.1014 15.9942
v 59.7648 32.4969 16.1323
v 60.0473 32.7166 16.0821
v 60.3047 32.9174 15.9314
v 60.6562 33.1873 15.9377
v 60.9198 33.4008 15.8624
v 61.2086 33.6205 15.7871
v 61.535 33.8778 15.7808
v 61.8175 34.0975 15.7557
v 62.1313 34.3423 15.7933
v 62.4829 34.6123 15.8498
v 62.7842 34.8508 15.8749
v 63.0729 35.0768 15.8122
v 63.393 35.3279 15.7431
v 63.6881 35.5538 15.718
v 63.9768 35.7798 15.6678
v 64.297 36.0309 15.6176
v 64.592 36.2569 15.6239
v 64.9121 36.508 15.649
v 65.2197 36.7465 15.6113
v 65.4771 36.9474 15.5485
v 65.7533 37.1608 15.5046
v 66.0671 37.4056 15.4104
v 66.3245 37.6065 15.3037
v 66.5881 37.8136 15.1782
v 66.9145 37.619 15.0212
v 67.2158 37.8513 14.9334
v 67.4795 38.0584 14.8329
v 67.3916 38.4413 14.8518
v 67.7431 38.7175 14.8957
v 68.0005 38.9121 14.8267
v 67.718 39.1004 15.015
v 67.423 38.8682 15.084
v 67.128 39.1067 15.2849
v 66.8141 38.8619 15.2786
v 66.4312 39.0314 15.492
v 66.1487 38.8117 15.5548
v 65.747 39 15.6678
v 65.4457 39.2071 15.8875
v 65.0879 39.4017 15.9879
v 64.818 39.1883 16.0884
v 64.4037 39.339 16.2641
v 64.1149 39.5838 16.7035
v 64.027 39.9102 16.8793
v 63.5311 40.0043 17.0111
v 63.4621 40.4249 17.2622
v 63.0101 40.5567 17.3877
v 62.6021 40.2366 17.1429
v 62.2883 39.9918 17.0802
v 62.4201 39.6089 17.0927
v 62.0811 39.3452 17.1115
v 61.8928 38.7238 16.7475
v 61.6229 38.5104 16.8605
v 61.3279 38.2781 16.9169
v 61.0328 38.0521 16.9483
v 60.719 37.8073 16.986
v 60.4051 37.5625 17.0237
v 59.9469 37.6818 17.1366
v 59.5263 37.8324 17.212
v 59.043 37.8952 17.4128
v 58.9488 38.3158 17.576
v 58.4592 38.4539 17.8648
v 58.0512 38.6799 18.1724
v 57.9319 39.0063 18.3419
v 57.7373 39.3139 18.5302
v 57.5553 39.6717 18.7624
v 57.8691 39.9102 18.6871
v 58.1516 40.1299 18.6306
v 57.8378 40.3621 18.7059
v 57.6557 40.6258 18.8064
v 57.9821 40.8769 18.8252
v 58.3274 41.1468 18.8817
v 58.07 41.4104 18.9319
v 58.478 41.7306 19.1328
v 57.7624 41.1719 18.9068
v 57.5176 41.4041 18.9633
v 56.9841 41.4293 18.9633
v 56.7141 41.5987 19.0323
v 56.4944 41.8561 19.0386
v 56.2308 42.0884 19.0763
v 56.2873 42.6219 19.1328
v 56.0299 42.8102 19.1265
v 55.6533 42.986 19.2521
v 55.2955 43.1806 19.3085
v 55.0068 42.9546 19.4215
v 54.6176 43.1115 19.4466
v 54.3728 42.9232 19.5596
v 54.1405 42.7412 19.7479
v 53.8957 42.5529 19.9174
v 53.6258 42.7475 20.1183
v 53.45 43.0927 20.2627
v 53.155 42.8605 20.3254
v 52.816 43.0927 20.4698
v 52.86 42.6282 20.4008
v 52.5838 42.4085 20.5075
v 52.2825 42.1762 20.4887
v 52.113 42.534 21.0222
v 51.8493 42.8793 21.2859
v 51.4539 42.5717 21.1478
v 51.1086 42.3018 21.0473
v 50.8701 42.5968 21.3172
v 50.55 42.3457 21.2921
v 50.1482 42.534 21.4177
v 49.8595 42.8479 21.5369
v 50.2675 42.1197 21.3549
v 50.0164 41.9252 21.4742
v 50.029 41.4544 21.5307
v 49.8532 41.31 21.8445
v 49.9474 40.8392 21.8131
v 49.6712 40.6258 21.8947
v 49.4013 40.4124 22.0517
v 49.4577 39.9604 21.9324
v 49.6774 39.6528 21.8194
v 49.9285 39.4457 21.6876
v 50.0164 39.0502 21.6185
v 49.7465 38.8431 21.7629
v 49.5958 38.7175 22.1584
v 49.5707 38.2279 21.8947
v 49.69 37.845 21.8382
v 49.916 37.6379 21.8633
v 49.9034 37.1357 21.8257
v 50.1294 36.8783 21.832
v 50.3114 36.5958 21.5934
v 50.506 36.3636 21.4114
v 50.211 36.1313 21.4491
v 49.8783 35.874 21.4742
v 49.5582 35.6229 21.4867
v 49.3259 35.4408 21.606
v 49.5331 35.1584 21.5369
v 49.6712 34.8445 21.2921
v 49.8595 34.5307 21.1038
v 49.985 34.2294 20.8527
v 49.9034 33.6895 20.6895
v 50.0352 33.2941 20.338
v 49.7779 33.0932 20.5012
v 49.8971 32.7354 20.1748
v 49.7842 32.2207 20.1183
v 49.9223 31.7875 19.9802
v 49.621 31.5553 19.9551
v 49.7779 31.1535 19.7166
v 50.1608 30.959 19.4278
v 50.3114 30.6451 19.2646
v 50.0227 30.4191 19.2834
v 50.1043 29.9985 19.1767
v 49.803 29.7663 19.2583
v 50.2424 29.6282 18.957
v 50.2487 29.1637 18.5992
v 50.9517 29.3143 18.2979
v 50.8638 28.7745 17.6953
v 51.0835 28.4795 17.2183
v 51.0082 27.9522 16.7286
v 50.6379 27.6572 16.6156
v 50.6127 27.2052 16.3771
v 50.3114 26.973 16.4022
v 50.6943 26.7658 16.3018
v 51.0835 26.6026 16.1009
v 51.4162 26.86 16.1386
v 51.7175 27.0985 16.0758
v 52.0377 27.3433 16.0946
v 52.3515 27.5881 16.0821
v 52.6968 27.858 16.1574
v 52.9981 28.0903 16.1511
v 53.3182 28.3414 16.17
v 53.6321 28.5862 16.1951
v 53.9773 28.8561 16.2327
v 54.31 29.1135 16.2327
v 54.6238 29.3583 16.2076
v 54.9189 29.5905 16.1511
v 55.2704 29.8605 16.2076
v 55.578 30.1053 16.1951
v 55.8918 30.3501 16.2139
v 56.2434 30.1555 16.0884
v 56.576 30.4128 16.1072
v 56.9213 30.6828 16.17
v 57.2916 30.9715 16.2955
v 57.5741 30.7895 16.1574
v 57.9194 31.0594 16.1825
v 58.2207 31.2916 16.17
v 58.5471 31.549 16.2076
v 58.8735 31.8001 16.2014
v 59.156 32.0198 16.1951
v 59.4761 32.2709 16.2076
v 59.5075 32.6977 16.3081
v 59.7837 32.9112 16.2265
v 60.0661 33.1371 16.1574
v 60.3926 33.3882 16.1574
v 60.6625 33.5954 16.0758
v 60.9261 33.8025 15.9942
v 61.2149 34.0285 15.944
v 61.5099 34.2607 15.9503
v 61.8175 34.4993 15.9126
v 62.1815 34.7817 15.9754
v 62.508 35.0328 15.9691
v 62.8281 35.2902 16.0068
v 63.1357 35.5224 15.944
v 63.4181 35.7484 15.8938
v 63.7006 35.9681 15.8498
v 63.9894 36.1941 15.7871
v 64.253 36.4013 15.6992
v 64.5794 36.6523 15.7933
v 64.8933 36.8971 15.7368
v 65.2009 37.1357 15.6992
v 65.5022 37.3679 15.6427
v 65.7909 37.6002 15.5736
v 66.0734 37.8136 15.4858
v 66.3245 38.0145 15.3602
v 66.5944 38.2216 15.2598
v 66.8706 38.0333 15.0526
v 67.1342 38.2405 14.971
v 67.1028 38.6171 15.0338
v 66.8455 38.4162 15.128
v 66.5505 38.661 15.4104
v 66.2303 38.4099 15.4418
v 65.8537 38.5794 15.6552
v 65.5524 38.8493 15.9126
v 65.2197 39.0251 16.0884
v 64.9247 38.7929 16.1762
v 64.5731 38.9937 16.2516
v 64.1086 39.1067 16.3646
v 63.7822 39.3264 16.7286
v 63.7195 39.6717 16.8856
v 63.1796 39.7281 16.9358
v 63.098 40.1424 17.2057
v 62.7214 39.8474 17.055
v 62.9474 39.5461 17.0802
v 63.3805 39.408 16.8291
v 63.1294 38.818 16.6156
v 63.4307 39.0502 16.6156
v 63.6065 38.7112 16.5152
v 63.2675 38.4539 16.5215
v 62.9599 38.2091 16.534
v 62.5205 38.3409 16.6094
v 62.7026 38.0082 16.6219
v 62.2632 38.14 16.7161
v 62.0811 38.3911 16.76
v 61.7861 38.1651 16.8479
v 61.5162 37.9517 16.9232
v 61.2274 37.732 16.9546
v 60.9261 37.4935 16.9672
v 60.606 37.2424 16.9546
v 60.0975 37.3177 17.0362
v 59.6644 37.4621 17.2245
v 59.2187 37.5939 17.2685
v 58.9174 37.3617 17.3061
v 58.9049 37.7885 17.802
v 58.7668 38.1714 17.9025
v 58.591 38.027 18.2352
v 58.3274 38.3534 18.2289
v 57.9382 38.592 18.6243
v 57.7875 38.8996 18.7624
v 57.4988 39.1318 18.6683
v 57.2728 39.4457 18.7813
v 57.2854 39.9353 18.888
v 57.5804 40.1613 18.8001
v 57.367 40.3998 18.8629
v 57.1661 40.7011 18.9131
v 57.4486 40.9271 18.8943
v 57.1912 41.1468 18.957
v 56.689 41.197 18.9633
v 56.394 41.3477 19.0135
v 56.1931 41.6176 19.0449
v 55.9734 41.8875 19.1642
v 55.9609 42.3646 19.1579
v 55.76 42.5968 19.2144
v 55.3834 42.7726 19.3901
v 55.0758 42.534 19.4278
v 54.7243 42.7412 19.4655
v 54.4732 42.5403 19.6475
v 54.2033 42.3269 19.7982
v 53.9396 42.1197 19.8986
v 53.6697 42.3708 20.0681
v 53.3998 42.5717 20.2941
v 53.1236 42.352 20.338
v 52.8349 42.126 20.4008
v 52.5147 41.8812 20.3757
v 51.9623 41.9252 20.4573
v 51.6861 42.2013 20.8276
v 51.3786 41.9691 20.859
v 51.1337 41.7745 21.0159
v 50.8638 42.1072 21.2042
v 50.6441 41.9377 21.4804
v 50.3679 41.718 21.5558
v 50.8576 41.0589 21.5056
v 50.1796 41.0212 21.6562
v 50.3052 40.6258 21.7378
v 50.029 40.4061 21.8571
v 49.7402 40.1801 21.8696
v 49.9411 39.86 21.6876
v 50.2298 39.6779 21.5997
v 50.2926 39.2699 21.5872
v 50.3868 38.8619 21.5746
v 50.0604 38.6108 21.5683
v 49.8281 38.4225 21.8069
v 49.9787 38.071 21.788
v 50.1796 37.845 21.8006
v 50.2173 37.3868 21.7755
v 50.4119 37.098 21.7064
v 50.5939 36.8155 21.5307
v 50.7822 36.5833 21.2921
v 50.8764 36.2129 21.1101
v 50.6504 36.0372 21.2796
v 50.4056 35.8426 21.3675
v 50.1043 35.6103 21.4302
v 49.7904 35.3655 21.4239
v 49.9348 35.0517 21.1666
v 50.142 34.7566 21.0536
v 50.2612 34.4365 20.746
v 50.2236 33.9343 20.6707
v 50.3177 33.5138 20.225
v 50.393 33.1246 19.9112
v 50.1357 32.9237 20.0367
v 50.098 32.4717 20.0618
v 50.1985 32.001 19.8672
v 50.098 31.3984 19.7166
v 50.4746 31.21 19.4592
v 50.5876 30.8585 19.1704
v 50.6504 30.4254 19.0261
v 50.3679 30.2057 19.1077
v 50.55 29.873 18.9507
v 50.6127 29.4462 18.6369
v 50.9203 29.691 18.6118
v 51.2279 29.534 18.2728
v 51.2216 29.057 17.802
v 51.4225 28.7431 17.2559
v 51.3848 28.2409 16.8793
v 51.3848 27.8078 16.5905
v 50.9956 27.5002 16.4775
v 51.0082 27.0106 16.3081
v 51.3409 27.268 16.3143
v 51.6359 27.494 16.2767
v 51.9686 27.7576 16.3897
v 52.2762 28.0024 16.3834
v 52.634 28.2786 16.4399
v 52.9667 28.5297 16.4713
v 53.3119 28.7996 16.465
v 53.6321 29.0507 16.4587
v 53.9522 29.2955 16.4964
v 54.2786 29.5591 16.4964
v 54.605 29.8102 16.5278
v 54.9252 30.0613 16.6031
v 55.2327 30.2999 16.5717
v 55.534 30.5321 16.5466
v 55.8165 30.7581 16.5089
v 56.1994 30.5886 16.2076
v 56.5258 30.8397 16.2641
v 56.8397 31.0845 16.3018
v 57.2414 31.3984 16.465
v 57.6494 31.2477 16.4022
v 57.9507 31.4862 16.3959
v 58.2646 31.7248 16.4273
v 58.5659 31.9633 16.4148
v 58.8735 32.2018 16.3771
v 59.2062 32.4592 16.3771
v 59.1685 32.8986 16.4964
v 59.4447 33.1183 16.4211
v 59.7209 33.3317 16.3583
v 60.0034 33.5514 16.3206
v 60.311 33.79 16.2641
v 60.606 34.0222 16.1888
v 60.9073 34.2607 16.1449
v 61.2086 34.493 16.1072
v 61.4973 34.719 16.0381
v 61.8426 34.9826 16.1197
v 62.1627 35.2337 16.1197
v 62.4829 35.4848 16.17
v 62.7779 35.7108 16.1449
v 63.0478 35.9305 16.1009
v 63.3679 36.1753 16.0758
v 63.6755 36.4201 16.0256
v 63.9517 36.6272 15.9
v 64.2844 36.8909 15.9628
v 64.5857 37.1231 15.9063
v 64.8682 37.3491 15.8373
v 65.182 37.5876 15.8687
v 65.4519 37.8011 15.7933
v 65.7093 38.0019 15.6803
v 65.9478 38.1902 15.5548
v 65.6465 38.4162 15.8498
v 65.3327 38.6799 16.0758
v 65.0439 38.4539 16.1323
v 64.6296 38.5669 16.2453
v 64.3095 38.7866 16.3708
v 64.0082 38.5543 16.4211
v 63.8701 38.9247 16.4713
v 63.6943 38.3095 16.4462
v 63.3617 38.0521 16.4399
v 63.0855 37.8387 16.5027
v 62.8155 37.6253 16.5591
v 62.5017 37.3805 16.534
v 62.4201 37.7885 16.7788
v 61.987 37.9203 16.8479
v 61.6982 37.7006 16.8605
v 61.3718 37.4433 16.8542
v 61.0328 37.1796 16.8542
v 60.7378 36.9474 16.8793
v 60.3235 37.0227 16.9985
v 59.8339 37.1168 17.1304
v 59.3945 37.2487 17.4066
v 59.112 37.0227 17.438
v 58.8295 37.2863 17.7769
v 58.7605 37.6755 18.1724
v 58.6287 37.5751 18.5741
v 58.4341 37.914 18.6306
v 58.2269 38.2781 18.7122
v 57.6871 38.3974 18.7875
v 57.2226 38.4602 18.9319
v 56.9778 38.7175 18.8817
v 56.9841 39.2197 18.8566
v 56.9966 39.7093 18.888
v 57.0468 40.155 18.9005
v 56.8585 40.4689 18.9445
v 56.8899 40.9145 18.9633
v 56.4003 40.9773 19.0261
v 56.1115 41.128 19.0449
v 55.8856 41.379 19.0888
v 55.3897 41.4355 19.2834
v 55.7726 41.7368 19.3964
v 55.6972 42.1637 19.3023
v 55.5027 42.3959 19.3588
v 55.1825 42.1511 19.3023
v 54.8373 42.3457 19.5534
v 54.5736 42.1386 19.6538
v 54.2723 41.9063 19.6663
v 53.9773 41.6741 19.6852
v 53.6383 41.8875 19.9174
v 53.381 42.1511 20.156
v 53.0985 41.9252 20.2438
v 52.7972 41.6866 20.2501
v 52.4708 41.4355 20.2941
v 52.2197 41.6427 20.4322
v 51.8996 41.3979 20.4447
v 51.661 41.6929 20.4824
v 51.4099 41.492 20.5954
v 51.1777 41.31 20.7774
v 51.1463 41.2786 21.4365
v 51.0208 41.6803 21.4804
v 51.297 40.9208 21.3047
v 51.2907 40.5128 21.0975
v 51.1086 40.7764 21.5369
v 51.0459 40.3182 21.2733
v 50.8513 40.5756 21.6625
v 50.6316 40.8831 21.7253
v 50.5625 40.3496 21.6939
v 50.2424 40.0985 21.6499
v 50.5186 39.9039 21.4867
v 50.5249 39.452 21.3926
v 50.6441 39.0628 21.4365
v 50.7508 38.6799 21.4616
v 50.5249 38.4978 21.5934
v 50.2612 38.297 21.7441
v 50.4684 38.0647 21.7629
v 50.7257 37.7822 21.5809
v 50.4935 37.6002 21.719
v 50.6818 37.3114 21.5683
v 50.8387 37.0101 21.3926
v 50.9956 36.7465 21.0348
v 51.071 36.3636 20.8025
v 51.0333 35.9116 20.7146
v 50.7822 35.717 20.8716
v 50.5437 35.5224 21.0473
v 50.2675 35.309 21.1729
v 50.4119 34.9638 20.9343
v 50.5374 34.6562 20.6895
v 50.7006 34.311 20.4322
v 50.4684 34.1289 20.564
v 50.6127 33.746 20.1936
v 50.7195 33.3757 19.9112
v 50.8952 33.0869 19.6977
v 50.6253 32.8798 19.8421
v 50.3742 32.6852 20.0179
v 50.5123 32.252 19.9049
v 50.7257 31.8943 19.6852
v 50.4182 31.6557 19.7103
v 50.7885 31.4486 19.4278
v 50.8764 31.0845 19.07
v 50.9768 30.6765 18.9884
v 51.0898 30.2936 18.775
v 50.8199 30.0802 18.8817
v 51.2154 29.9169 18.5616
v 51.5041 29.7475 18.1787
v 51.4915 29.2641 17.7204
v 51.7552 29.0005 17.2496
v 51.7175 28.5046 16.9672
v 51.7175 28.0715 16.6784
v 52.0753 28.3414 16.7412
v 52.4394 28.6301 16.7977
v 52.7281 28.8561 16.7977
v 53.042 29.1009 16.8228
v 53.3433 29.3332 16.7726
v 53.6258 29.5591 16.7726
v 53.9459 29.804 16.76
v 54.3539 30.1241 16.873
v 54.6866 30.3815 16.9609
v 54.9942 30.62 16.9232
v 55.352 30.9025 16.9483
v 55.6345 31.1159 16.9358
v 56.1743 31.0343 16.5278
v 56.507 31.2916 16.5278
v 56.8209 31.5365 16.5717
v 57.1912 31.8252 16.6659
v 57.6243 31.6997 16.5843
v 57.9507 31.9507 16.6031
v 58.2834 32.2081 16.6282
v 58.591 32.4529 16.5968
v 58.8923 32.6852 16.5717
v 58.7605 33.0492 16.7788
v 59.0744 33.2941 16.7161
v 59.3757 33.5263 16.6282
v 59.6581 33.7523 16.5717
v 59.9594 33.9845 16.4964
v 60.2294 34.198 16.3959
v 60.5055 34.4114 16.3457
v 60.8069 34.6436 16.2704
v 61.0893 34.8633 16.2327
v 61.3718 35.083 16.2139
v 61.6919 35.3341 16.2265
v 62.0435 35.6041 16.2704
v 62.3448 35.8426 16.2767
v 62.6649 36.0937 16.2076
v 62.9913 36.351 16.2516
v 63.2675 36.5582 16.1825
v 63.5814 36.803 16.1449
v 63.8701 37.029 16.0884
v 64.14 37.2424 16.0633
v 64.4664 37.4935 16.0695
v 64.7301 37.7006 15.9816
v 65.0377 37.9454 16.0068
v 65.3766 38.2091 15.9816
v 64.7301 38.2091 16.1574
v 64.3472 38.3472 16.2767
v 64.0459 38.1149 16.283
v 63.7132 37.8513 16.2453
v 63.4558 37.6504 16.3394
v 63.1608 37.4182 16.3708
v 62.8469 37.1733 16.3897
v 62.5393 36.9348 16.4085
v 62.1941 37.142 16.5403
v 61.7547 37.2675 16.6972
v 61.4534 37.0352 16.7537
v 61.1709 36.8155 16.7726
v 60.8822 36.5896 16.7663
v 60.4365 36.7151 16.9609
v 60.0473 36.8093 17.1053
v 59.633 36.9536 17.3815
v 59.4196 36.7904 17.5949
v 58.9865 36.9285 17.846
v 58.409 36.9662 18.3544
v 58.7166 37.2047 18.3105
v 58.3839 37.3805 18.7373
v 58.183 37.7195 18.8126
v 58.0951 37.1545 18.7624
v 57.9319 37.5249 18.9821
v 57.7875 37.9329 19.1767
v 57.4423 38.2091 18.9319
v 58.0261 38.1212 19.0261
v 56.9276 38.2279 18.9759
v 56.6765 38.4853 18.9131
v 56.6514 38.9623 18.9194
v 56.3815 39.2323 18.9445
v 56.7204 39.4896 18.9382
v 56.733 39.9102 18.957
v 56.5635 40.2366 18.9821
v 56.5572 40.6572 19.0198
v 56.0927 40.7388 19.0826
v 55.8291 40.9145 19.1328
v 55.578 41.1405 19.1642
v 55.0695 41.1844 19.2144
v 55.0507 41.6552 19.2709
v 55.4462 41.9691 19.4655
v 54.8624 41.9 19.3148
v 54.5548 41.6615 19.3399
v 54.2849 41.4418 19.4215
v 53.9836 41.2096 19.5094
v 53.6697 41.4355 19.7166
v 53.3747 41.6803 20.0367
v 53.4124 41.2347 19.8421
v 53.2492 41.1028 20.1873
v 52.5147 41.0087 20.2062
v 52.1946 41.2221 20.4259
v 51.9058 40.9961 20.3882
v 51.592 41.1593 20.451
v 51.6485 40.789 20.5326
v 51.5167 40.6886 20.9469
v 51.5292 40.2366 20.8464
v 51.2844 40.0483 21.0661
v 50.7571 40.0922 21.3549
v 50.7948 39.6654 21.2859
v 50.8638 39.2323 21.1917
v 51.1526 38.9937 20.9657
v 51.2028 38.6422 21.2105
v 50.9831 38.4727 21.38
v 50.7195 38.2656 21.5244
v 50.9956 37.9957 21.4553
v 51.184 37.7006 21.2607
v 50.9392 37.5123 21.4491
v 51.0898 37.2047 21.2796
v 51.1714 36.8846 20.7837
v 51.253 36.508 20.5012
v 51.2342 36.0686 20.4447
v 51.1589 35.5476 20.5828
v 50.914 35.353 20.7021
v 50.663 35.1584 20.8025
v 50.845 34.8947 20.6016
v 50.9643 34.5181 20.2376
v 50.914 33.9845 20.1434
v 51.0145 33.6079 19.8547
v 51.1902 33.3192 19.7166
v 51.3283 32.886 19.5157
v 51.0584 32.6726 19.6224
v 50.7885 32.4655 19.817
v 50.9831 32.0951 19.5722
v 51.0459 31.6557 19.2646
v 51.1275 31.2791 18.9947
v 51.2781 30.915 18.9382
v 51.3786 30.5196 18.7499
v 51.4978 30.1366 18.4549
v 51.8305 30.0048 18.1598
v 51.8368 29.534 17.7455
v 52.1506 29.3143 17.4066
v 52.3892 29.0256 17.0802
v 52.0628 28.7745 17.0299
v 52.703 29.2704 17.0676
v 53.0294 29.5278 17.0362
v 53.3621 29.7851 17.0676
v 53.676 30.0299 17.055
v 53.9961 30.281 17.0488
v 54.3539 30.5572 17.1618
v 54.6866 30.8146 17.212
v 55.0005 31.0657 17.2183
v 55.3081 31.3042 17.212
v 55.6156 31.5427 17.2434
v 55.9546 31.367 16.9358
v 56.2936 31.6306 16.9923
v 56.5949 31.8629 17.0237
v 56.8962 32.1014 17.0362
v 57.2226 32.3588 16.9609
v 57.5302 32.0888 16.7161
v 57.8566 32.3399 16.7788
v 58.183 32.5973 16.8102
v 58.4843 32.8358 16.7663
v 58.478 33.3317 16.9421
v 58.7731 33.564 16.8856
v 59.0744 33.7962 16.8228
v 59.3317 33.9971 16.76
v 59.6079 34.2168 16.691
v 59.8841 34.4302 16.6031
v 60.1729 34.6562 16.5466
v 60.4804 34.8947 16.4838
v 60.7943 35.1395 16.4399
v 61.0642 35.353 16.3897
v 61.3906 35.6041 16.3771
v 61.7233 35.8614 16.3771
v 62.0058 36.0874 16.3708
v 62.3008 36.3134 16.352
v 62.6084 36.5519 16.3206
v 62.8783 36.7653 16.2955
v 63.1984 37.0164 16.2767
v 63.5311 37.2738 16.2453
v 63.7948 37.4809 16.1574
v 64.14 37.7508 16.2076
v 64.4602 37.9957 16.17
v 62.2318 36.6963 16.4336
v 61.8928 36.9034 16.5717
v 61.5978 36.6774 16.6408
v 61.2965 36.4389 16.6721
v 60.9952 36.2004 16.6972
v 60.5997 36.3699 16.8793
v 60.3423 36.1627 16.9797
v 60.2231 36.5456 17.1743
v 59.972 36.351 17.2559
v 59.6519 36.1062 17.2308
v 59.3694 35.8802 17.3312
v 59.4886 36.3761 18.0908
v 59.0492 36.508 18.1975
v 58.8358 36.8155 18.2916
v 58.6098 36.6398 18.4297
v 58.1077 36.7339 18.3607
v 57.7624 36.8971 18.7436
v 57.4297 37.1294 19.2144
v 57.7436 37.3742 19.2207
v 57.5302 37.732 19.296
v 57.2916 38.0898 19.2332
v 57.0406 37.8889 19.3901
v 56.7581 38.0961 19.3274
v 56.4128 38.2844 19.0449
v 56.0613 38.4978 18.9256
v 56.3501 38.7301 18.9256
v 56.0864 38.9937 18.9507
v 56.1178 39.4268 18.9068
v 56.4379 39.6779 18.9319
v 56.2496 39.9918 18.9759
v 56.3124 40.4689 19.1391
v 56.0425 40.2554 19.1893
v 55.4273 40.2178 19.0072
v 55.2327 40.8769 19.1202
v 54.9628 40.6634 19.1704
v 54.492 41.2158 19.3148
v 54.7682 41.4355 19.2834
v 54.1782 40.9773 19.3776
v 53.6509 40.9522 19.5094
v 53.4061 40.7639 19.6224
v 52.9792 40.8957 20.3066
v 53.0043 40.4437 20.0932
v 52.6465 40.6321 20.2941
v 52.2825 40.8267 20.3317
v 51.9749 40.5818 20.3757
v 51.7175 40.3872 20.5514
v 51.7489 39.9353 20.3757
v 51.6045 39.816 20.7335
v 51.366 39.6277 20.9029
v 51.0647 39.8725 21.2482
v 51.1212 39.4394 21.0599
v 51.3786 39.1695 20.7586
v 51.3786 38.7803 20.8339
v 51.4288 38.3346 21.0724
v 51.2028 38.1589 21.267
v 51.4162 37.8827 21.0661
v 51.297 37.3679 21.0222
v 51.5292 37.1671 20.8527
v 51.7301 37.3177 20.5891
v 51.6673 36.8344 20.7084
v 51.887 37.0039 20.4447
v 51.7803 36.4954 20.3066
v 51.4539 36.238 20.2438
v 51.6045 35.8991 20.0932
v 51.3911 35.7359 20.3568
v 51.3158 35.2651 20.3129
v 51.1024 35.1019 20.5075
v 51.3032 34.7817 20.269
v 51.4915 34.9324 19.9865
v 51.4351 34.3863 19.8986
v 51.1714 34.1791 19.999
v 51.3346 33.859 19.8421
v 51.4978 33.564 19.7103
v 51.6422 33.1371 19.5471
v 51.7426 32.6852 19.2207
v 51.5104 32.5094 19.365
v 51.2593 32.3085 19.4969
v 51.3723 31.9068 19.2583
v 51.3974 31.4925 18.9068
v 51.5543 31.1284 18.8754
v 51.6673 30.7393 18.6746
v 51.7991 30.3689 18.4297
v 52.1255 30.2371 18.141
v 52.1193 29.7537 17.7204
v 52.4708 29.5591 17.4066
v 52.7972 29.8165 17.4128
v 53.0922 30.0425 17.3501
v 53.4186 30.2936 17.4191
v 53.7325 30.5447 17.4317
v 54.0652 30.802 17.4819
v 54.3602 31.0343 17.4819
v 54.6929 31.2916 17.4756
v 55.0319 31.5553 17.4882
v 55.352 31.8064 17.5007
v 55.6721 32.0575 17.4882
v 55.9421 31.8001 17.2245
v 56.3061 32.0826 17.3124
v 56.6012 32.3085 17.2434
v 56.915 32.5471 17.2057
v 57.1724 32.7479 17.0802
v 57.5302 32.591 16.9421
v 57.8817 32.8672 17.0048
v 58.2144 33.1246 17.0111
v 58.1265 33.4949 17.1304
v 58.4027 33.7146 17.0739
v 58.6914 33.9343 17.0174
v 58.9865 34.1666 16.9672
v 59.5891 34.6374 16.8416
v 59.8778 34.8571 16.7977
v 60.1791 35.0956 16.7475
v 60.4742 35.3216 16.691
v 60.7378 35.535 16.6156
v 61.014 35.7484 16.5403
v 61.3216 35.987 16.534
v 61.6041 36.2067 16.5152
v 61.9054 36.4452 16.4587
v 60.7001 35.9744 16.7851
v 60.4239 35.761 16.9169
v 60.0661 35.9493 17.055
v 59.7648 35.717 17.168
v 59.5954 35.1144 17.8271
v 59.8653 35.3216 17.0111
v 59.2941 34.8822 17.1178
v 59.6016 34.6436 17.6514
v 59.0618 34.7001 18.0531
v 58.999 35.1207 18.3419
v 59.2941 35.353 18.3607
v 59.5891 35.5852 18.2289
v 59.7962 35.7422 17.9527
v 59.1748 35.7296 18.3168
v 59.6707 36.1188 18.0531
v 58.9488 35.9556 18.2665
v 58.7856 36.3008 18.323
v 58.3023 36.395 18.4046
v 57.9633 36.1376 18.4109
v 57.8001 36.4891 18.4674
v 57.4737 36.6712 18.8252
v 57.1661 36.9223 19.3085
v 57.21 37.4809 19.3211
v 56.7706 37.6818 19.4969
v 56.4631 37.8701 19.4215
v 56.1241 38.0521 19.1077
v 55.76 38.2656 18.9884
v 55.7914 38.7677 18.9759
v 55.8165 39.1946 18.9194
v 55.5968 39.4833 18.9696
v 55.9295 39.7407 18.9696
v 55.6533 39.9541 19.0261
v 55.3457 39.7093 19.0261
v 55.0946 39.9541 19.0323
v 54.9063 40.1927 19.1328
v 55.2327 40.45 19.1453
v 54.6678 40.4312 19.183
v 54.4481 40.7011 19.2772
v 54.1782 40.4877 19.3901
v 53.9334 40.7827 19.5031
v 53.6007 40.5253 19.4529
v 53.3056 40.2931 19.5471
v 53.042 40.0859 19.6475
v 52.7407 40.2366 20.1999
v 52.3139 40.3747 20.2878
v 51.9937 40.1236 20.2376
v 52.0314 39.6842 20.0241
v 51.8242 39.521 20.2627
v 51.6673 39.3955 20.6519
v 51.7991 39.1067 20.407
v 51.6171 38.9686 20.6644
v 51.7991 38.6234 20.3631
v 51.6485 38.5104 20.7711
v 51.6296 38.0521 20.8339
v 51.5606 37.5751 20.859
v 51.774 37.7383 20.6205
v 51.9435 37.4872 20.4196
v 52.0942 37.1671 20.2125
v 52 36.6712 20.0995
v 51.887 36.1188 20.0053
v 51.8933 35.7233 19.5471
v 51.7364 35.5915 19.8358
v 51.5167 35.422 20.0304
v 51.7615 35.1395 19.8421
v 51.6861 34.5872 19.7668
v 51.5857 34.0599 19.6915
v 51.7677 33.7711 19.6036
v 51.9435 33.3694 19.4529
v 52.0565 32.93 19.1956
v 52.2134 32.5659 19.0072
v 51.9184 32.3337 19.0512
v 51.6359 32.114 19.1391
v 51.705 31.731 18.8943
v 51.8619 31.367 18.8001
v 51.9874 30.9903 18.6432
v 52.113 30.62 18.4423
v 52.4457 30.4819 18.0845
v 52.4268 29.9923 17.7393
v 52.7156 30.2245 17.6828
v 53.0546 30.4819 17.7016
v 53.3872 30.7455 17.733
v 53.7262 31.0092 17.733
v 54.0463 31.2603 17.7518
v 54.3539 31.4988 17.733
v 54.6741 31.7499 17.7141
v 54.9754 31.9821 17.7204
v 55.2578 32.2018 17.6953
v 55.5717 32.4529 17.6702
v 55.9923 32.3085 17.5007
v 56.3124 32.5534 17.507
v 56.5823 32.7668 17.4128
v 56.8334 32.9551 17.2747
v 57.1159 33.1811 17.2308
v 57.4674 32.9802 17.0299
v 57.8252 33.2627 17.1304
v 57.775 33.6895 17.3061
v 58.0951 33.9406 17.2873
v 57.9884 34.3298 17.4066
v 57.6997 34.1038 17.4254
v 57.2477 34.2231 17.5196
v 57.5239 34.8382 17.8146
v 58.0449 34.8508 17.9715
v 58.522 34.7504 17.9025
v 58.7354 34.4491 18.0343
v 58.522 35.2211 18.2854
v 58.2646 35.422 18.1096
v 58.6538 35.7233 17.5635
v 58.1956 35.8363 17.6828
v 58.4717 36.056 18.3419
v 58.1328 35.7861 18.2791
v 57.7059 35.9367 18.4988
v 57.5678 36.3134 18.6118
v 57.21 36.464 18.9445
v 56.846 36.6712 19.2709
v 56.6514 37.0415 19.5094
v 56.9527 37.2801 19.4906
v 56.4693 37.4495 19.5031
v 56.212 37.6692 19.5157
v 55.8981 37.4244 19.4843
v 55.4775 37.55 19.1265
v 55.5403 38.0961 19.1391
v 55.4838 38.5229 19.0449
v 55.534 38.9749 18.9696
v 55.3018 39.2511 19.0512
v 55.1009 39.521 19.1265
v 54.831 39.747 19.114
v 54.5987 39.9541 19.1579
v 54.3728 40.1989 19.2081
v 53.8204 40.2052 19.3023
v 53.4877 39.9478 19.3148
v 53.2303 39.747 19.3776
v 52.9855 39.5524 19.5094
v 52.452 39.6214 19.8358
v 52.4143 39.9855 20.1622
v 52.2323 39.452 19.9676
v 51.9749 39.2448 20.0806
v 52.0125 38.7929 20.1622
v 51.9247 38.2844 20.0806
v 51.7991 38.184 20.5138
v 51.9937 37.914 20.3819
v 52.1695 37.6692 20.2313
v 52.2071 37.2612 19.7731
v 52.1444 36.7842 19.7542
v 52.1004 36.2883 19.7417
v 52.2134 35.9681 19.4969
v 52.1569 35.4471 19.3588
v 51.9247 35.2651 19.5031
v 51.9372 34.7817 19.6412
v 52.0942 34.4491 19.3776
v 51.8619 34.2733 19.5973
v 51.9937 33.9469 19.4592
v 52.2134 33.5765 19.3776
v 52.4017 33.1999 19.2269
v 52.5147 32.7982 18.9696
v 52.6152 32.4466 18.7122
v 52.295 32.1956 18.7687
v 52.0063 31.9633 18.8566
v 52.1255 31.5741 18.6746
v 52.2825 31.2226 18.5804
v 52.3892 30.8334 18.3607
v 52.7721 30.733 18.0719
v 53.0483 30.9527 18.0406
v 53.3747 31.2038 18.028
v 53.7137 31.4737 18.0657
v 53.9899 31.6871 18.0468
v 54.2974 31.9256 18.0217
v 54.5987 32.1642 18.0092
v 54.8812 32.3839 17.959
v 55.2516 32.6726 18.028
v 55.5529 32.9049 17.9276
v 55.8604 32.6726 17.6639
v 56.1869 32.93 17.6953
v 56.4693 33.156 17.5321
v 56.7518 33.3694 17.4505
v 57.0719 33.6142 17.4693
v 57.4297 33.4196 17.2434
v 57.3607 33.8402 17.3626
v 56.9464 33.9971 17.5698
v 56.8209 34.2921 17.6325
v 57.1159 34.5181 17.6074
v 57.1096 34.9889 18.1222
v 57.6118 35.3844 18.5992
v 58.1202 35.309 18.4549
v 57.8942 35.6041 18.4862
v 57.4235 35.717 18.5804
v 57.2854 36.0874 18.6181
v 56.9025 36.2255 18.9947
v 56.4819 36.3887 19.1642
v 56.3124 36.7779 19.478
v 56.168 37.211 19.5722
v 55.8291 36.9474 19.5471
v 55.5403 37.1482 19.3901
v 55.1762 37.3177 19.1956
v 54.8875 37.5876 19.1077
v 55.2516 37.8701 19.183
v 55.2202 38.3221 19.2144
v 54.9377 38.5041 19.07
v 55.2516 38.7489 19.0323
v 55.0256 39.0314 19.1516
v 54.5736 39.5524 19.2395
v 54.31 39.7219 19.2081
v 54.0903 39.9792 19.2458
v 53.7702 39.7281 19.2395
v 53.4689 39.4896 19.2897
v 53.1801 39.2699 19.3588
v 52.7093 39.339 19.5973
v 52.4833 39.1632 19.7793
v 52.2574 38.9874 19.9739
v 52.1946 38.4978 20.0304
v 52.2762 37.7508 19.7103
v 52.5273 37.506 19.7228
v 52.4268 36.9976 19.6475
v 52.3452 36.4766 19.5973
v 52.5775 36.2569 19.591
v 52.5147 35.7296 19.4027
v 52.7219 35.3906 19.2395
v 52.3892 35.1395 19.2646
v 52.113 34.9198 19.365
v 52.3515 34.6562 19.2772
v 52.2448 34.1478 19.3023
v 52.4959 33.7962 19.3274
v 52.6654 33.407 19.1014
v 52.8035 33.0304 18.957
v 52.8976 32.6663 18.6746
v 52.973 32.2395 18.5176
v 52.6779 32.0072 18.549
v 52.3955 31.7875 18.6306
v 52.5649 31.4423 18.5113
v 52.6654 31.0468 18.2979
v 52.9541 31.2791 18.2916
v 53.2617 31.5113 18.2226
v 53.5693 31.7562 18.1849
v 54.0589 32.1328 18.5616
v 54.0715 32.6224 18.3795
v 54.5297 32.5031 18.1912
v 54.8687 32.7668 18.2163
v 55.1135 32.9614 18.0782
v 55.3897 33.1748 18.0154
v 55.6721 33.4008 17.9527
v 55.8291 33.1246 17.9025
v 56.1366 33.3631 17.8271
v 56.4128 33.5765 17.733
v 56.6765 33.7837 17.6577
v 56.5258 34.0599 17.7204
v 56.3877 34.4302 17.8774
v 56.8397 34.7817 18.2038
v 56.9401 35.3404 18.957
v 57.3921 35.2086 18.7813
v 57.2226 35.5601 18.9131
v 56.7957 35.7045 18.957
v 56.6388 36.0183 19.1391
v 56.3815 35.8175 19.2207
v 56.2496 36.2067 19.365
v 55.9985 36.5393 19.4341
v 55.5027 36.69 19.5157
v 55.239 36.9097 19.3839
v 54.8875 37.0917 19.2018
v 54.5925 37.3491 19.114
v 54.5674 37.8073 19.1516
v 54.6364 38.2656 19.0763
v 54.9252 38.0898 19.2395
v 54.7117 38.7866 19.1077
v 54.2409 39.2887 19.2018
v 54.0024 39.4896 19.2395
v 53.676 39.2323 19.2521
v 53.3684 38.9937 19.2834
v 53.0985 38.7803 19.365
v 52.9165 39.0628 19.4969
v 52.6403 38.8431 19.591
v 52.7156 38.479 19.886
v 52.5649 37.9768 19.6726
v 52.8097 37.7257 19.6726
v 53.0357 37.4746 19.5408
v 52.7721 37.2675 19.6852
v 52.9604 36.9599 19.5534
v 52.6654 36.7277 19.5973
v 52.86 36.4703 19.5031
v 52.8286 35.9744 19.4466
v 53.0357 35.6417 19.2144
v 53.2868 35.3844 19.3274
v 52.6591 34.8947 19.2897
v 52.59 34.4177 19.2709
v 52.7909 34.0285 19.2646
v 53.0734 33.7272 19.2709
v 53.1613 33.3003 19.0575
v 53.3559 33.0179 18.9947
v 53.3056 32.4969 18.6306
v 53.1424 31.8943 18.3419
v 52.8537 31.6683 18.4109
v 53.5505 32.2144 18.5867
v 53.7576 32.8484 18.8943
v 54.2409 33.225 18.5302
v 54.3539 32.8358 18.3419
v 54.6741 33.0869 18.3356
v 54.944 33.3003 18.1787
v 55.2139 33.5138 18.0782
v 55.5027 33.7397 18.0092
v 55.9609 33.6205 17.9338
v 56.2245 33.8276 17.8083
v 56.0801 34.1917 17.8774
v 56.0299 34.6248 18.3419
v 56.0613 35.1333 18.7059
v 56.5949 35.0642 18.9194
v 56.5133 35.4848 18.9759
v 56.0801 35.5852 19.2395
v 55.9797 35.9932 19.478
v 55.7412 36.3322 19.5031
v 55.1762 36.4389 19.5722
v 54.9189 36.6586 19.3588
v 54.5674 36.8344 19.1516
v 54.2849 37.1168 19.1265
v 54.2723 37.5814 19.1642
v 54.31 38.0145 19.0763
v 54.1091 38.3158 19.1202
v 54.4104 38.5543 19.1202
v 54.1593 38.7803 19.1642
v 53.9585 39.0628 19.183
v 53.6509 38.8305 19.2144
v 53.3559 38.592 19.2834
v 53.0859 38.3848 19.3399
v 52.8286 38.5669 19.4341
v 52.9918 37.8701 19.4404
v 53.2366 37.6379 19.2897
v 53.1613 37.1168 19.3399
v 53.1048 36.6649 19.296
v 53.0859 36.1753 19.3588
v 53.3308 35.874 19.1893
v 53.5567 35.5978 19.2207
v 53.9208 35.4534 19.4529
v 53.3684 35.0266 19.6475
v 53.9396 34.9261 19.7605
v 53.6007 34.6625 19.7856
v 53.3684 34.4804 19.9112
v 53.9522 33.9218 19.4529
v 54.1907 34.5997 19.704
v 54.2849 34.1791 19.4404
v 54.3979 33.8339 19.2521
v 54.0966 33.6016 19.2646
v 53.6823 33.2752 18.9884
v 54.6427 34.0222 19.07
v 54.8687 34.6374 19.3274
v 54.8247 34.1666 18.844
v 54.7808 33.6519 18.2791
v 55.1825 33.9657 18.5113
v 55.3834 34.1164 18.2038
v 55.7977 33.972 17.9401
v 55.7788 34.4302 18.4235
v 55.7726 34.9073 18.775
v 55.7851 35.353 19.2521
v 55.7035 35.7798 19.591
v 55.465 36.1188 19.6475
v 54.831 36.169 19.4529
v 54.536 36.3636 19.2458
v 54.2535 36.5958 19.1516
v 53.9459 36.8469 19.1453
v 53.9836 37.3554 19.1579
v 53.9961 37.7697 19.1077
v 53.8141 38.0898 19.1579
v 53.8266 38.5229 19.2081
v 53.5253 38.2907 19.2458
v 53.2554 38.0773 19.3023
v 53.5128 37.8513 19.183
v 53.6823 37.5249 19.1265
v 53.4061 37.3052 19.2018
v 53.3621 36.872 19.1956
v 53.3119 36.3573 19.1579
v 53.6446 36.1188 19.1642
v 53.8894 35.8551 19.2081
v 54.2096 35.6794 19.409
v 54.2535 35.1709 19.7291
v 54.5109 34.8508 19.7417
v 54.6678 34.4804 19.5973
v 54.8122 35.083 19.7166
v 55.1637 34.8696 19.2646
v 55.1323 34.4114 18.8126
v 55.465 34.6688 18.7813
v 55.465 35.1019 19.2458
v 55.3269 35.4848 19.4592
v 54.8687 35.6543 19.6726
v 54.5297 35.9305 19.4027
v 54.2409 36.1313 19.2709
v 53.9522 36.3573 19.1516
v 53.6258 36.5958 19.1453
v 53.6572 37.098 19.183
v 54.5485 35.3969 19.6977
v 55.057 35.2714 19.5847
v 62.3008 39.0377 17.7141
v 62.8281 39.452 17.5384
v 45.6977 43.733 22.2086
v 45.4153 44.0217 22.309
v 45.0888 44.2916 22.4597
v 44.662 44.48 22.466
v 44.3293 44.7562 22.6668
v 43.9966 44.4988 22.6417
v 43.6953 44.2603 22.5852
v 44.0343 43.9841 22.3969
v 44.3481 44.2289 22.4408
v 44.7436 44.0217 22.3906
v 45.1077 43.7832 22.2902
v 63.9643 44.6745 19.0951
v 66.0985 45.3901 16.2139
v 66.3684 45.6036 16.1323
v 60.8947 47.085 19.8609
v 49.4891 18.5176 10.5331
v 49.0372 18.1661 10.2255
v 48.9681 18.5804 10.6335
v 48.5476 16.5466 8.53066
v 48.6794 16.1951 8.01593
v 48.7924 15.8624 7.77112
v 49.1816 16.1637 7.93433
v 82.6576 46.7397 10.9788
v 83.367 46.7711 10.7591
v 83.1159 46.5765 10.8469
v 83.5992 46.4447 10.69
v 83.3607 46.2627 10.8532
v 83.2854 45.6914 10.8595
v 83.0782 47.0661 11.2926
v 84.6412 47.2545 10.9662
v 84.5533 46.2501 11.3491
v 85.8025 45.8609 12.0333
v 85.5765 46.5703 12.3786
v 85.1057 46.2062 12.0584
v 80.8812 44.8378 10.0623
v 80.5987 44.6181 10.0497
v 21.9261 31.5427 17.8397
v 21.5746 31.2665 17.7204
v 21.5056 30.7016 17.4944
v 21.8696 30.9841 17.5886
v 22.5099 30.6012 16.7161
v 22.3844 30.1241 16.534
v 22.1584 30.325 16.6282
v 22.0203 29.8353 16.3834
v 22.0391 29.5027 16.3206
v 21.945 29.0884 16.1762
v 21.9952 28.6552 15.9754
v 22.1082 28.2723 15.8624
v 22.4911 28.0903 15.831
v 22.5727 27.7199 15.718
v 22.9556 27.4814 15.6741
v 23.3448 27.2617 15.5736
v 23.6586 26.9855 15.4042
v 23.9223 26.6842 15.2786
v 24.2236 26.3515 15.1845
v 24.4809 26.0628 15.0715
v 24.7822 25.8368 15.0338
v 25.0208 25.6296 14.9083
v 25.1526 26.1255 15.1154
v 25.5292 26.4206 15.2598
v 25.1965 26.6277 15.2786
v 24.9705 26.9416 15.3853
v 24.9894 27.5191 15.5799
v 24.8136 27.8894 15.7557
v 24.4621 28.1342 15.9754
v 24.0855 28.3602 16.0758
v 23.7779 28.6615 16.2076
v 23.2255 28.6678 16.0507
v 23.2255 29.1511 16.1637
v 22.7296 29.2327 16.1762
v 22.6982 29.6784 16.4085
v 22.8049 30.1115 16.6345
v 22.4157 29.804 16.465
v 22.3028 29.3708 16.239
v 22.353 28.944 16.0633
v 22.4785 28.5611 15.9503
v 22.8677 28.3853 15.9628
v 22.9556 28.015 15.8373
v 23.3071 27.7513 15.7933
v 23.7088 27.5442 15.6866
v 24.0541 27.2994 15.5171
v 24.2675 26.9541 15.4104
v 24.5751 26.6277 15.2661
v 24.8262 26.3327 15.1342
v 24.6441 27.2492 15.5234
v 24.4307 27.5944 15.6176
v 24.0666 27.8204 15.7557
v 23.6837 28.0464 15.9628
v 23.3322 28.3163 15.9879
v 22.8551 28.8624 16.0444
v 76.0039 51.14 14.7576
v 75.5393 50.7697 15.0777
v 75.9097 50.1357 15.1091
v 75.3322 50.1733 14.8706
v 74.6417 50.5688 14.9647
v 75.3071 51.0835 15.0966
v 76.1733 49.8595 15.197
v 84.8233 44.731 10.6712
v 78.226 35.9493 9.66683
v 24.9517 47.5181 24.9266
v 24.4182 47.7127 25.0459
v 87.0517 48.6229 12.5104
v 88.5519 48.4283 12.3723
v 88.69 48.1082 12.2907
v 88.3385 43.7895 11.5374
v 88.5017 43.4505 11.6002
v 89.1545 43.0739 11.7885
v 89.1859 42.7161 11.8011
v 89.4998 42.4775 11.6567
v 89.0729 42.1449 11.4495
v 88.8281 42.4399 10.9223
v 88.1062 41.8812 11.3617
v 88.351 42.0695 11.2298
v 88.7653 42.7726 10.8344
v 88.5707 42.239 10.3008
v 88.5582 42.2265 11.0227
v 89.324 42.3457 10.5017
v 23.8093 46.6267 23.7465
v 92.337 47.8508 12.8368
v 78.0188 33.5828 8.82569
v 93.4418 45.0826 13.0816
v 87.3655 38.1589 10.0811
v 83.2791 42.647 10.7465
v 83.5364 42.8479 10.6021
v 52.4017 11.5186 3.67842
v 52.86 11.437 3.57798
v 53.0546 11.1985 2.94399
v 30.9527 52.2197 26.4331
v 31.4235 51.9749 26.2448
v 32.5659 52.2699 26.2385
v 32.1704 51.9561 26.0565
v 32.4717 51.6924 26.1255
v 32.1893 51.4727 26.1632
v 31.8566 51.7112 26.069
v 31.8503 51.2091 26.1758
v 32.5847 52.8788 26.7219
v 32.3148 53.2805 26.7093
v 32.3839 53.9396 27.3873
v 32.1014 54.2535 27.8643
v 32.4341 54.5171 27.9271
v 32.8421 54.2974 27.7576
v 32.7417 54.7557 27.971
v 33.1434 54.536 27.7388
v 31.957 54.6552 28.1154
v 85.8339 51.9058 13.8976
v 86.041 51.6171 13.9541
v 83.3167 34.6374 8.9324
v 84.0386 34.6939 9.56639
v 39.6654 54.6929 26.5838
v 39.4708 54.5422 26.8725
v 39.6214 55.7161 26.1569
v 41.5674 55.0695 26.8662
v 41.9691 54.8749 26.4896
v 84.8923 54.3602 15.6741
v 71.9174 24.437 7.43216
v 71.6224 23.8218 7.30034
v 71.3588 23.621 7.40077
v 72.1057 24.1922 7.63303
v 31.6181 28.0338 17.3501
v 31.2979 27.7827 17.3375
v 31.4486 27.3998 17.4317
v 31.662 27.0859 17.1743
v 31.6557 26.5336 16.9734
v 31.6746 27.5756 18.6494
v 14.4563 37.0227 22.3028
v 18.1535 44.775 24.2612
v 18.5804 45.1077 24.4935
v 18.7624 44.7813 23.8218
v 12.2028 38.1526 22.5287
v 12.7991 38.0082 22.5852
v 12.297 38.2279 22.1082
v 12.5167 38.3974 21.9198
v 28.4795 31.2791 18.4988
v 28.718 31.4737 18.3544
v 28.8122 31.0217 18.2854
v 29.1197 31.2665 18.2603
v 29.6847 31.1975 19.001
v 30.1115 30.9652 19.07
v 29.6282 30.5823 18.6683
v 30.168 31.5741 19.365
v 30.1618 30.5133 18.4988
v 29.7349 30.1806 18.2728
v 29.0319 29.6282 17.3626
v 29.3081 29.8479 17.3124
v 29.6847 29.6784 17.4191
v 29.3834 29.0507 17.5321
v 48.943 43.0237 22.5601
v 49.1439 42.283 22.8112
v 49.3134 42.4148 23.2004
v 49.0937 42.239 23.4201
v 49.2255 41.8059 23.5519
v 48.7798 41.4606 23.2632
v 48.4973 41.7745 23.464
v 48.1458 41.4983 23.3197
v 48.4785 41.2221 23.2945
v 49.4389 41.4732 23.0686
v 49.1816 41.2723 23.2443
v 49.5707 42.0758 22.9242
v 49.6837 41.6678 22.9054
v 49.4389 41.4732 22.3279
v 30.3501 26.0565 16.3394
v 30.846 25.8996 16.6533
v 30.325 25.4915 16.1951
v 30.9338 25.4727 16.5529
v 30.4631 25.1024 16.2014
v 29.7914 25.071 15.7368
v 30.1869 24.4056 15.7933
v 30.7518 24.8513 16.3081
v 31.323 25.297 16.8605
v 31.1284 25.1463 17.1555
v 31.3921 25.8305 16.8667
v 31.2728 26.2323 16.8291
v 31.7059 26.0753 16.8856
v 30.8083 26.4143 16.6282
v 29.8793 23.3008 15.6929
v 30.2308 23.577 15.6803
v 29.9985 22.9116 15.6427
v 30.4442 22.8049 15.718
v 30.099 22.5287 15.718
v 30.394 22.3718 15.7557
v 30.055 22.1144 15.718
v 30.4756 21.9575 15.9942
v 30.0111 21.5934 15.7682
v 29.6972 21.832 15.6929
v 29.6847 21.3361 15.718
v 29.3834 21.5809 15.6741
v 29.2453 21.8571 15.2221
v 29.0256 21.3047 15.6113
v 29.3332 21.0661 15.649
v 29.0005 20.8025 15.6301
v 28.6239 20.9908 15.5109
v 28.6866 20.5577 15.5862
v 28.2974 20.7335 15.4732
v 28.3037 20.2564 15.4167
v 28.5799 20.0367 15.536
v 28.1405 19.6915 15.31
v 27.8769 19.9237 15.2472
v 27.7702 19.4027 15.1782
v 28.1656 19.2897 15.4355
v 28.4858 19.5408 15.4606
v 28.7933 19.3964 15.536
v 28.5548 19.2081 15.6866
v 28.8561 19.0072 15.8812
v 28.8749 19.8421 15.6176
v 28.9377 20.3129 15.5987
v 29.283 20.5828 15.6364
v 29.6345 20.859 15.6741
v 30.394 21.4491 16.647
v 30.4317 23.2569 15.8875
v 71.6161 55.465 18.844
v 71.93 55.7098 18.8315
v 71.7793 55.1197 18.2791
v 72.3757 55.1951 18.3419
v 72.564 55.7349 18.5992
v 72.7397 55.4838 18.4486
v 72.8716 55.1009 17.9715
v 72.9657 55.6596 18.2665
v 73.5369 55.6219 18.141
v 26.408 19.6412 13.9165
v 26.7595 19.5345 13.4833
v 26.7407 19.0323 13.4017
v 26.0251 19.3399 13.0753
v 26.6214 19.8107 13.6528
v 29.6408 20.859 17.1492
v 29.8479 20.6016 17.0739
v 29.5529 20.3757 17.1304
v 30.1869 20.8653 17.1555
v 30.3375 20.6016 16.8165
v 29.804 20.1873 17.0362
v 29.4022 19.8672 16.873
v 29.8981 19.8233 16.8542
v 30.0488 19.5157 16.465
v 29.7788 19.3085 16.6031
v 29.1825 19.2646 16.6094
v 29.9107 18.9507 16.4399
v 30.2622 19.2207 16.5403
v 30.1869 18.7624 16.4399
v 30.576 19.9237 16.9232
v 30.5321 20.3129 16.8165
v 30.846 20.1371 16.8291
v 30.8334 20.5514 16.7726
v 30.4505 21.0724 17.0048
v 60.5244 42.4587 20.5326
v 60.832 42.2265 20.5765
v 60.8006 42.6784 20.4949
v 61.1395 42.465 20.5577
v 60.5055 41.9691 20.5389
v 61.6166 42.8353 22.422
v 62.0811 42.6972 22.8049
v 61.6857 42.3897 22.5852
v 61.9618 42.6094 21.8131
v 62.2632 42.8479 21.8194
v 61.9493 43.099 21.6813
v 62.3259 43.394 21.8571
v 62.5519 43.5635 21.6813
v 62.2004 42.3457 21.7504
v 62.1125 41.8498 21.7755
v 62.3071 42.421 22.7359
v 62.0058 42.1888 22.7673
v 61.2651 41.6113 22.5413
v 60.9889 41.8498 22.4346
v 60.9889 41.3979 22.6731
v 61.2965 41.2096 22.761
v 62.351 42.0319 23.0874
v 62.5268 41.6301 22.9932
v 62.2067 41.9189 23.4766
v 61.9179 41.1468 22.987
v 61.9807 41.197 22.3906
v 62.5142 41.6176 22.1521
v 62.6084 41.1656 21.832
v 62.916 41.4104 21.8131
v 62.5958 41.6866 21.6499
v 62.6272 42.2516 21.562
v 62.7842 41.831 21.4114
v 62.8846 42.4524 21.3737
v 62.8783 42.873 21.8947
v 62.5393 42.6094 21.8131
v 62.3385 42.0256 21.6562
v 62.1251 40.789 22.1647
v 62.872 40.8769 21.8885
v 62.5268 40.6132 21.832
v 62.1502 40.3119 22.4032
v 62.0686 40.2554 21.4742
v 62.282 40.9083 21.8382
v 61.9054 40.6195 22.3467
v 61.6794 40.4375 22.535
v 61.5789 40.8831 23.0246
v 61.9367 42.1323 23.3636
v 61.7296 41.9691 23.6335
v 61.6229 42.3394 23.1627
v 60.5934 41.0903 21.7441
v 60.5934 40.6634 21.8885
v 60.8633 40.8706 21.7378
v 62.1941 41.9126 20.5514
v 62.6586 41.7306 20.3443
v 62.4452 42.1135 20.338
v 62.4201 41.5485 20.5514
v 62.6586 41.2096 20.451
v 62.7653 41.2912 19.9551
v 62.9662 40.9585 19.9739
v 62.6774 40.7325 20.0367
v 62.4264 41.0275 20.6644
v 62.4452 40.5505 20.1873
v 62.1815 40.8329 20.8339
v 62.1941 41.3728 20.7021
v 62.6272 39.295 17.7706
v 63.0917 39.182 17.6325
v 63.0039 38.7175 17.7393
v 63.2298 39.295 17.2183
v 63.2612 38.9184 17.6828
v 63.4809 39.0879 17.438
v 62.5456 38.7552 17.8522
v 60.0913 35.9744 17.9464
v 60.6185 36.3824 17.6325
v 60.2921 36.1251 17.5886
v 86.5558 55.6596 17.576
v 87.1144 55.6533 17.8648
v 87.4032 55.3708 17.6451
v 86.5997 55.6972 16.1825
v 86.8382 54.9314 16.2453
v 86.4491 55.1386 16.2139
v 71.8547 43.2559 15.7557
v 72.112 43.4631 15.649
v 72.2376 43.5572 15.2409
v 87.0077 54.5987 16.1951
v 87.3404 54.8561 16.283
v 87.3341 54.379 15.9628
v 87.7421 54.6992 16.2265
v 87.9242 54.4355 15.8938
v 88.1188 54.9942 16.3959
v 88.4389 54.8373 16.352
v 88.7277 54.605 16.0319
v 88.4075 55.2139 16.3394
v 89.1545 54.944 16.3708
v 87.6668 55.1135 16.3708
v 89.098 55.7537 18.0594
v 89.7132 55.3708 17.7455
v 89.1922 55.4148 17.4003
v 88.7716 55.5027 17.2496
v 90.2028 55.7475 18.21
v 90.7552 55.7349 18.48
v 90.8682 55.3708 18.323
v 91.4268 55.421 18.6181
v 90.1526 55.2641 17.7455
v 79.3056 46.8213 11.5563
v 79.4877 46.52 11.5249
v 79.155 46.2564 11.4621
v 79.7325 46.3317 11.7885
v 80.3477 46.3192 11.4307
v 92.0294 55.4085 18.8943
v 92.7639 55.4713 19.3525
v 92.8078 55.057 19.0135
v 92.2931 54.6552 18.5113
v 92.9082 54.7055 18.7562
v 92.3872 54.2974 18.2854
v 92.971 54.2284 18.5553
v 93.5548 54.6803 19.1893
v 93.4293 55.5403 19.8609
v 94.0821 55.6156 20.1811
v 93.6427 55.2704 19.7856
v 94.0946 55.1009 19.8421
v 94.3457 54.7871 19.7417
v 94.8228 55.1574 20.1999
v 95.0174 54.8059 20.0869
v 94.5278 54.423 19.6036
v 95.0362 54.3916 19.7919
v 94.5843 54.0401 19.3901
v 94.8542 53.7764 19.3337
v 95.3375 54.1531 19.7793
v 95.3877 53.7325 19.4843
v 95.0048 53.4312 19.2583
v 95.5823 53.45 19.4278
v 95.0864 53.0671 18.9884
v 95.7267 53.1927 19.3399
v 95.6451 52.6717 18.9194
v 96.1912 53.0922 19.4718
v 96.3607 52.7972 19.4027
v 96.254 52.295 18.8315
v 96.8566 52.3327 19.3211
v 96.9382 52.8286 19.7793
v 96.9194 53.2303 20.0555
v 97.4592 52.7972 20.0367
v 97.5094 53.268 20.5012
v 96.2791 53.6195 19.9112
v 96.0908 53.8455 19.9739
v 95.6325 54.8498 20.5765
v 94.5905 55.4838 20.338
v 93.2284 53.9271 18.4674
v 93.8561 53.4689 18.367
v 93.31 53.4751 18.1598
v 94.057 53.1613 18.1535
v 93.8624 53.9083 18.731
v 74.3153 38.2907 11.4433
v 74.8802 38.2593 11.4244
v 74.6543 38.0835 11.619
v 92.6509 52.069 16.2014
v 93.3288 51.705 16.1449
v 92.8141 51.7364 16.0444
v 93.4732 51.4476 16.057
v 93.9314 51.3409 16.126
v 94.0068 50.9705 15.9
v 93.423 50.9454 15.6803
v 93.4732 52.703 17.4442
v 94.2076 52.3892 17.576
v 93.6427 52.3829 17.3689
v 94.2829 52.0753 17.2999
v 94.9169 52.1004 17.802
v 94.8291 51.6108 17.168
v 95.5384 51.7426 17.7706
v 95.3689 51.184 17.1178
v 94.9609 51.297 17.0802
v 94.9358 52.5775 18.21
v 94.17 52.7846 17.9213
v 95.9589 54.6364 20.6205
v 96.6557 54.718 21.1226
v 96.7373 54.3477 20.859
v 97.2458 55.6345 22.309
v 97.8798 55.239 22.2337
v 97.3776 55.283 22.1521
v 97.8484 55.647 22.5664
v 98.3443 55.5968 22.6354
v 98.5263 55.3708 22.535
v 98.1057 55.0381 22.1772
v 98.4447 54.8435 22.1333
v 97.9049 54.4293 21.5746
v 98.5765 54.5171 21.9198
v 98.5075 54.0463 21.4177
v 98.0367 54.1028 21.311
v 97.5031 54.5736 21.4616
v 97.3839 54.0212 21.0097
v 97.5471 53.7199 20.8339
v 98.0744 53.7074 21.1415
v 98.0241 53.2429 20.7837
v 98.4824 53.6007 21.1666
v 98.4886 53.1048 20.7837
v 98.9532 53.4626 21.0975
v 98.8402 52.8851 20.6581
v 99.3423 53.2805 21.1164
v 99.3486 52.7658 20.6832
v 98.7962 52.3327 20.0618
v 99.8445 53.1487 21.1917
v 99.7692 52.6528 20.746
v 99.7252 52.1506 20.3631
v 100.409 52.2197 20.859
v 100.278 51.6924 20.3631
v 99.7817 51.7301 20.0806
v 99.0787 52.113 19.8923
v 100.673 51.6108 20.4008
v 100.786 52.0816 20.8653
v 101.175 52 20.8464
v 100.937 51.3409 20.3066
v 101.521 51.7928 20.9092
v 101.715 51.4915 20.6644
v 101.169 51.0647 20.0367
v 101.765 51.0898 20.0869
v 101.326 50.7508 19.7856
v 102.224 51.027 20.156
v 102.311 51.5167 20.7209
v 102.625 51.3346 20.4196
v 102.958 51.1086 19.8923
v 102.563 50.8073 19.6601
v 103.077 50.7571 19.5973
v 102.669 50.4433 19.3901
v 102.098 50.4495 19.1956
v 102.669 49.9976 18.9696
v 102.173 50.0604 18.9005
v 101.634 50.0855 18.7813
v 101.759 49.7402 18.6369
v 101.251 49.7904 18.6055
v 101.087 50.142 18.8754
v 100.623 50.2047 18.7938
v 100.504 50.55 19.114
v 99.9826 50.142 18.5553
v 99.7943 50.4495 18.9256
v 99.9198 51.027 19.2332
v 99.5055 50.7006 18.9507
v 99.5683 51.1337 19.3085
v 99.1477 50.8136 18.9759
v 99.154 51.2405 19.2646
v 99.0473 51.6234 19.409
v 98.6079 51.2844 19.0072
v 98.4761 51.6485 19.1391
v 98.6707 50.8701 18.8503
v 98.5954 50.3805 18.3419
v 100.535 49.7151 18.1849
v 100.064 49.7716 18.1598
v 99.4365 49.7214 17.959
v 100.158 49.4201 17.9778
v 100.679 49.351 17.8962
v 100.284 49.0435 17.6953
v 100.717 48.9367 17.6577
v 100.786 48.5413 17.1931
v 101.213 48.874 17.5321
v 101.276 48.5287 17.2245
v 101.684 48.8426 17.507
v 102.085 48.648 17.3752
v 102.5 48.9744 17.6577
v 102.293 48.3404 17.168
v 102.814 48.3404 17.4066
v 102.443 48.0517 17.281
v 102.519 47.7127 17.0237
v 102.117 47.8006 16.4587
v 102.054 47.3612 16.6784
v 101.79 47.5495 16.4273
v 101.646 47.041 16.4399
v 101.602 47.4051 15.9565
v 101.332 46.8025 15.6678
v 101.169 47.4742 15.8938
v 101.583 47.7943 16.1511
v 101.426 48.1395 16.4462
v 101.087 47.8822 16.3206
v 100.899 48.24 16.283
v 100.472 47.9073 16.0695
v 100.397 48.2463 16.239
v 100.077 47.9952 16.2076
v 99.7064 48.1521 15.8498
v 100.617 47.5181 15.9565
v 100.209 47.7064 16.2139
v 100.378 47.3298 16.0758
v 100.014 47.0473 15.9377
v 99.7817 47.7629 16.2516
v 99.3674 47.8947 15.7808
v 99.1917 48.196 15.7808
v 99.0975 48.6041 16.1386
v 98.8213 48.3906 16.1574
v 98.928 48.8928 16.1574
v 98.3129 48.8551 15.9565
v 98.2941 48.4032 16.0821
v 98.0116 48.6229 15.944
v 98.0304 49.0874 16.0068
v 97.5722 48.7359 15.6113
v 97.5471 49.1878 15.6427
v 97.2897 49.3761 15.8687
v 97.0323 48.7924 15.1342
v 98.5263 48.1584 16.1762
v 99.0599 47.6562 15.7306
v 99.0159 48.0642 16.0758
v 98.7146 47.832 16.1574
v 99.2293 47.3423 15.6364
v 100.353 46.8402 16.2139
v 99.8633 46.4635 15.8059
v 99.3423 47.0348 15.5171
v 100.504 46.5514 16.1951
v 100.61 46.2376 16.1888
v 100.064 45.8233 15.5925
v 100.843 46.8151 16.2767
v 101.056 46.5891 16.4838
v 100.692 47.1038 16.2704
v 102.939 48.0391 17.4254
v 103.322 48.3341 17.6137
v 102.807 48.7421 17.7204
v 103.31 48.717 17.8522
v 103.674 48.6103 17.7204
v 103.73 49.0435 18.1598
v 104.063 48.9116 17.9715
v 104.144 49.3636 18.3984
v 104.433 49.2004 18.0719
v 104.427 49.5896 18.3481
v 104.728 49.4264 17.9841
v 104.684 49.7842 18.254
v 104.96 49.6084 17.8585
v 104.948 49.985 18.1598
v 105.255 49.8344 17.8083
v 104.829 50.3052 18.1661
v 105.237 50.211 18.1222
v 105.488 50.4056 18.0468
v 105.626 50.1168 17.915
v 105.896 50.3303 17.9025
v 105.795 50.6441 18.028
v 106.203 50.5688 17.9338
v 106.134 50.9078 18.0531
v 106.536 50.8262 17.9652
v 106.448 51.1526 18.0845
v 106.856 51.071 18.1096
v 106.806 51.4288 18.2038
v 107.183 51.3221 18.1222
v 107.503 51.5731 18.0908
v 106.235 51.3911 18.662
v 106.574 51.6548 18.7562
v 106.128 51.7803 19.1077
v 105.475 51.2718 18.9821
v 105.827 52.0502 19.4278
v 105.588 51.8682 19.6224
v 105.337 51.6673 19.7856
v 105.193 51.9561 19.8421
v 104.496 51.4162 19.5973
v 104.339 51.7364 19.7793
v 104.986 51.7991 20.0932
v 104.038 51.9498 20.2187
v 104.107 51.5543 19.9488
v 103.812 51.3283 19.9614
v 103.78 51.7552 20.407
v 103.523 51.5543 20.52
v 103.542 52.0439 21.085
v 103.209 51.7866 21.041
v 103.14 52.1506 21.2859
v 103.41 52.3641 21.2607
v 102.92 52.4206 21.3737
v 103.404 52.7972 21.8069
v 103.906 52.747 21.7692
v 103.956 53.224 22.422
v 104.521 52.8035 22.0328
v 104.822 52.5587 21.4365
v 105.136 52.8035 22.2211
v 104.502 53.2052 22.4346
v 105.098 53.2429 22.717
v 105.594 53.155 22.6229
v 105.827 52.8914 22.0077
v 106.392 53.3245 22.6103
v 106.059 53.5128 22.9744
v 106.781 53.6258 22.8175
v 106.963 53.3308 22.0893
v 106.549 53.0043 21.7629
v 107.07 53.0106 21.8257
v 106.674 52.7093 21.5683
v 106.097 52.6528 21.3675
v 105.538 52.6717 21.2859
v 105.751 52.3892 21.2482
v 105.199 52.408 21.2545
v 104.829 52.1193 21.0159
v 106.241 52.3703 21.267
v 107.509 53.3496 22.1395
v 107.553 52.8851 21.9261
v 107.917 53.1613 21.9889
v 108.049 52.7972 21.7378
v 108.3 52.9918 21.6436
v 108.394 52.6591 21.4114
v 108.815 52.9792 21.7315
v 108.909 52.6654 20.9281
v 108.199 53.381 21.945
v 108.055 53.7764 22.7296
v 107.534 53.7702 22.717
v 107.54 54.2158 23.1878
v 108.099 54.2033 23.3385
v 108.482 54.1028 23.1376
v 108.859 53.8957 22.8677
v 108.476 54.4983 23.5142
v 108.105 54.6552 23.872
v 108.494 54.9565 24.0729
v 109.041 54.536 23.7842
v 109.003 54.9 24.0666
v 109.43 54.8435 24.0039
v 109.511 54.3916 23.6586
v 110.057 54.3477 23.6837
v 109.995 53.8957 23.2004
v 109.43 53.8643 22.8614
v 110.183 53.6446 22.5162
v 109.398 53.4312 22.4534
v 110.641 53.9961 22.9556
v 110.321 54.1468 23.2945
v 110.98 54.2598 23.0435
v 109.499 55.2892 24.5563
v 108.482 55.3897 24.5249
v 108.011 55.0256 24.1985
v 107.904 55.4148 24.4495
v 107.697 55.6847 24.3617
v 107.49 55.1009 24.1608
v 107.352 55.4148 24.2424
v 107.17 55.7098 24.4182
v 106.787 55.421 24.2549
v 106.592 55.7224 24.4621
v 106.454 55.1574 24.2173
v 106.297 55.4901 24.55
v 105.977 55.239 24.4746
v 105.764 55.5529 24.7383
v 105.394 55.2641 24.5311
v 105.431 55.6784 24.8889
v 105.055 55.3897 24.6316
v 104.659 55.5089 24.6504
v 104.653 55.0821 24.437
v 104.301 55.2327 24.5374
v 104.176 55.6031 24.6316
v 103.849 55.3457 24.55
v 103.743 55.7349 24.7508
v 103.31 55.3959 24.3428
v 102.952 55.5529 24.3617
v 102.908 55.0884 24.0666
v 102.544 55.239 24.0917
v 102.424 55.6596 24.1796
v 102.01 55.3457 23.916
v 102.927 54.6301 23.7779
v 103.429 55.0193 24.2047
v 103.429 54.5611 23.9285
v 103.316 54.0463 23.3071
v 103.9 54.492 23.985
v 104.151 54.3037 23.7214
v 104.314 54.8122 24.2675
v 104.615 54.6678 24.1357
v 104.81 54.3351 23.8658
v 105.011 54.0401 23.5456
v 105.394 54.3351 23.7214
v 105.576 54.0401 23.5519
v 105.055 53.6383 23.0309
v 104.559 53.6886 23.1376
v 103.812 53.563 22.8551
v 103.335 53.1927 22.4095
v 103.008 53.4186 22.4346
v 103.548 53.8392 23.0372
v 102.726 53.5881 22.6041
v 102.167 53.5818 22.2776
v 102.224 54.084 22.7924
v 101.646 54.1091 22.4157
v 102.173 54.5109 22.9995
v 101.809 54.6678 23.056
v 101.263 54.2472 22.4785
v 101.414 54.8812 23.169
v 100.918 54.4983 22.7045
v 100.968 55.0256 23.1941
v 101.458 55.4022 23.7214
v 101.056 55.5905 23.7402
v 100.598 55.6721 23.5833
v 100.541 55.1888 23.169
v 100.052 55.6659 23.3887
v 100.102 55.283 23.0686
v 99.4679 55.6345 23.1062
v 99.493 55.2265 22.7108
v 99.0159 55.7475 23.0121
v 98.8778 55.1825 22.4597
v 98.972 54.8247 22.1709
v 99.0473 54.4669 21.9763
v 98.9657 53.971 21.606
v 99.4804 53.8769 21.6939
v 99.8696 53.6823 21.6374
v 100.315 53.5128 21.6311
v 100.246 53.0232 21.2105
v 100.303 52.6026 21.0285
v 100.861 52.5712 21.2356
v 101.257 52.452 21.267
v 101.596 52.3264 21.1854
v 101.954 52.1255 21.2356
v 102.173 51.8431 21.1101
v 102.776 51.8745 21.1352
v 102.563 52.1444 21.2859
v 102.638 52.6591 21.38
v 102.293 52.3892 21.3612
v 101.941 52.5963 21.3361
v 102.393 52.9478 21.7127
v 102.085 53.0922 21.7441
v 101.59 53.5944 21.9261
v 101.182 53.745 21.9575
v 100.849 53.9208 22.2086
v 100.403 54.0966 22.1772
v 100.441 54.6176 22.5915
v 99.9261 54.718 22.466
v 99.493 54.8122 22.3404
v 99.449 54.3477 22.0768
v 99.9701 54.2535 22.196
v 100.661 53.3496 21.5056
v 100.698 52.9102 21.3423
v 101.257 52.8788 21.4867
v 101.64 52.747 21.4553
v 101.646 53.1801 21.7001
v 101.125 53.2366 21.6185
v 105.576 53.6195 23.2255
v 106.002 53.9459 23.508
v 106.454 53.8204 23.2255
v 106.749 54.0526 23.2757
v 107.157 53.9208 23.0058
v 107.057 54.2912 23.282
v 107.478 54.6113 23.5896
v 107.038 54.7494 23.803
v 107.013 55.1511 24.1231
v 106.63 54.8561 23.9097
v 106.153 54.9252 24.1859
v 105.569 54.9252 24.2361
v 104.967 54.9377 24.2612
v 103.906 54.9314 24.3366
v 105.117 54.5736 23.9536
v 105.789 54.6427 23.9788
v 105.94 54.3225 23.69
v 106.348 54.2158 23.6461
v 106.643 54.4418 23.6335
v 106.316 54.6113 23.8846
v 103.379 50.9894 19.6224
v 103.46 50.6127 19.3337
v 103.159 50.3805 19.4027
v 103.184 50.0039 18.9696
v 102.851 49.7465 18.8315
v 102.261 49.6837 18.6306
v 101.765 49.3008 18.1849
v 101.175 49.2883 17.9966
v 102.406 49.4013 18.5239
v 102.914 49.2883 18.6746
v 103.278 49.5707 18.8126
v 103.692 49.4264 18.4549
v 103.63 49.8407 18.9068
v 104.063 49.7088 18.6306
v 104.339 49.9223 18.5302
v 104.559 50.0917 18.3042
v 104.314 50.3742 18.2854
v 104.59 50.5876 18.1787
v 104.86 50.8011 18.1222
v 105.117 50.5311 18.1284
v 105.4 50.7446 18.0845
v 105.764 51.027 18.2038
v 104.019 50.6504 18.8315
v 104.132 50.2361 18.5867
v 103.937 50.0792 18.844
v 103.856 50.5249 19.1077
v 103.718 50.8136 19.2081
v 104.031 51.0521 19.2207
v 103.617 50.3365 19.2646
v 105.243 51.0898 19.0763
v 86.5244 46.4196 12.253
v 86.8696 46.3192 11.8952
v 86.6374 46.1434 12.0521
v 90.1777 48.4346 12.9372
v 90.5794 48.7421 13.2071
v 90.5167 48.2651 13.295
v 90.5669 47.8885 13.069
v 91.0439 48.6794 13.0628
v 91.2385 47.9826 13.0314
v 90.8368 47.6688 12.7301
v 94.239 50.3052 15.1091
v 94.5215 50.029 14.7011
v 94.17 49.759 14.6195
v 94.578 49.5833 14.5065
v 94.9295 49.8595 14.6007
v 95.0362 49.4201 14.563
v 95.4191 49.282 14.4563
v 95.2559 49.1564 14.8769
v 94.9107 49.3196 15.0526
v 95.7079 50.9454 16.9546
v 96.2289 50.8576 17.0864
v 96.1347 50.2675 16.4901
v 96.888 51.3723 17.959
v 97.409 51.2593 18.0971
v 97.2144 50.6692 17.4819
v 97.7793 51.1086 18.1159
v 96.4046 50.0478 16.1888
v 96.6934 50.2675 16.2014
v 96.8064 49.8909 16.1072
v 95.5258 50.3177 16.0821
v 96.2791 49.4766 15.5109
v 96.9319 49.5205 16.1009
v 97.1955 49.7277 15.9565
v 109.888 55.5905 24.8073
v 110.315 55.5215 24.6504
v 110.001 55.2767 24.7006
v 109.417 55.6659 24.9392
v 110.428 55.1072 24.5311
v 110.848 55.4336 24.8136
v 111.037 55.1072 24.5939
v 110.516 54.6992 24.0666
v 111.602 55.5403 25.2718
v 72.2564 25.5732 6.2395
v 72.6267 25.8556 6.31482
v 72.3757 25.1965 5.85031
v 70.4988 23.7402 5.98841
v 70.7373 23.9285 5.8252
v 70.888 23.6398 5.78754
v 73.154 25.7991 6.20183
v 73.6248 25.7615 6.27088
v 73.2984 25.5041 6.23322
v 107.132 52.0879 20.1685
v 107.572 52.4268 20.5389
v 107.854 52.2448 20.0492
v 111.394 54.9754 23.6963
v 111.972 55.0256 23.3259
v 111.608 54.7431 23.1564
v 111.275 54.492 23.0183
v 27.0043 19.2395 13.3013
v 27.1989 18.9507 13.8976
v 26.9604 19.6915 13.182
v 31.1033 23.7842 17.3877
v 31.141 22.9556 16.7537
v 31.2414 22.5538 16.9797
v 31.0782 24.2424 17.576
v 31.4109 24.958 17.7518
v 71.5533 24.1608 5.15355
v 92.2303 51.2844 14.5881
v 92.0483 51.6045 14.7137
v 90.1149 54.4104 16.1135
v 89.6692 54.8875 16.5466
v 91.1695 54.7368 17.5572
v 91.2887 53.8769 16.7412
v 92.3056 53.2052 16.9546
v 92.4249 52.7972 16.7224
v 93.2158 52.9792 17.507
v 92.5316 52.4457 16.5529
v 95.1492 50.5123 16.2641
v 96.6997 48.9179 15.1782
v 95.9841 51.661 17.9087
v 96.3983 51.479 17.8774
v 97.773 50.1796 17.394
v 98.2438 50.1106 17.4756
v 99.38 49.2443 17.2747
v 99.5558 48.9556 17.281
v 99.085 49.9034 17.9338
v 98.7774 50.142 17.959
v 98.1434 51.8242 19.1767
v 98.2752 52.4394 19.9551
v 87.874 55.2704 17.6074
v 74.1584 55.6596 18.2854
v 16.7475 43.6765 24.0792
v 17.0927 43.9464 24.0792
v 17.4631 44.2351 24.1482
v 17.7769 44.48 24.1859
v 17.4317 44.6369 25.2091
v 80.8812 46.2376 11.2989
v 80.6176 46.5326 11.2989
v 26.6842 19.4718 13.9604
v 97.3148 54.7996 21.5432
v 96.5616 55.1072 21.3298
v 96.2603 55.3457 21.3737
v 95.7204 55.352 21.0348
v 108.086 52.0188 19.5534
v 111.941 55.3959 25.0647
v 112.87 55.7224 24.776
v 78.6089 47.5872 12.027
f 220 221 218
f 221 222 218
f 221 223 222
f 221 224 223
f 224 225 223
f 225 226 223
f 226 227 223
f 227 228 223
f 227 229 228
f 229 230 228
f 227 231 229
f 227 232 231
f 232 233 231
f 233 234 231
f 233 235 234
f 235 236 234
f 235 237 236
f 237 238 236
f 237 239 238
f 239 240 238
f 240 241 238
f 240 242 241
f 242 243 241
f 242 244 243
f 244 245 243
f 244 246 245
f 246 247 245
f 247 248 245
f 247 249 248
f 247 250 249
f 250 251 249
f 251 252 249
f 251 253 252
f 251 254 253
f 254 255 253
f 254 256 255
f 256 257 255
f 257 258 255
f 257 259 258
f 259 260 258
f 259 261 260
f 259 262 261
f 262 263 261
f 262 264 263
f 264 265 263
f 264 266 265
f 266 267 265
f 267 268 265
f 268 269 265
f 268 270 269
f 268 271 270
f 271 272 270
f 272 273 270
f 272 274 273
f 272 275 274
f 275 276 274
f 275 277 276
f 277 278 276
f 278 279 276
f 279 280 276
f 279 281 280
f 279 282 281
f 282 283 281
f 282 284 283
f 284 285 283
f 284 286 285
f 286 287 285
f 286 288 287
f 288 289 287
f 288 290 289
f 288 291 290
f 291 292 290
f 291 293 292
f 293 294 292
f 293 295 294
f 295 296 294
f 296 297 294
f 296 298 297
f 298 299 297
f 298 300 299
f 298 301 300
f 301 302 300
f 301 303 302
f 303 304 302
f 303 305 304
f 305 306 304
f 305 307 306
f 307 308 306
f 308 309 306
f 309 310 306
f 310 311 306
f 310 312 311
f 310 313 312
f 310 309 313
f 309 314 313
f 314 315 313
f 314 316 315
f 316 317 315
f 316 318 317
f 318 319 317
f 316 314 318
f 314 320 318
f 320 321 318
f 321 322 318
f 321 323 322
f 323 324 322
f 324 325 322
f 324 326 325
f 326 327 325
f 327 328 325
f 328 329 325
f 328 330 329
f 328 327 330
f 327 331 330
f 331 332 330
f 332 333 330
f 332 334 333
f 334 335 333
f 334 336 335
f 334 337 336
f 337 338 336
f 337 339 338
f 463 464 459
f 463 465 464
f 463 466 465
f 466 467 465
f 466 467 468
f 467 469 468
f 469 470 468
f 470 471 468
f 470 472 471
f 472 473 471
f 501 502 500
f 502 503 500
f 502 504 503
f 502 505 504
f 502 506 505
f 506 507 505
f 507 508 505
f 507 509 508
f 509 510 508
f 509 511 510
f 511 512 510
f 511 513 512
f 513 514 512
f 514 515 512
f 515 516 512
f 511 517 513
f 511 518 517
f 518 519 517
f 519 520 517
f 520 521 517
f 520 522 521
f 520 523 522
f 523 524 522
f 523 525 524
f 525 526 524
f 526 527 524
f 526 528 527
f 528 529 527
f 529 530 527
f 529 531 530
f 531 532 530
f 531 533 532
f 533 534 532
f 534 535 532
f 531 536 533
f 536 537 533
f 536 538 537
f 538 539 537
f 539 540 537
f 540 541 537
f 540 542 541
f 542 543 541
f 543 544 541
f 544 545 541
f 544 546 545
f 546 547 545
f 546 548 547
f 546 549 548
f 549 550 548
f 550 551 548
f 551 552 548
f 550 553 551
f 553 554 551
f 553 555 554
f 555 556 554
f 555 557 556
f 555 558 557
f 558 559 557
f 559 560 557
f 559 561 560
f 561 562 560
f 561 563 562
f 563 564 562
f 563 565 564
f 565 566 564
f 566 567 564
f 566 568 567
f 566 569 568
f 569 570 568
f 570 571 568
f 570 572 571
f 572 573 571
f 572 574 573
f 574 575 573
f 574 576 575
f 576 577 575
f 577 578 575
f 577 579 578
f 579 580 578
f 579 581 580
f 579 582 581
f 582 583 581
f 583 584 581
f 584 585 581
f 584 586 585
f 586 587 585
f 586 588 587
f 588 589 587
f 589 590 587
f 589 591 590
f 589 592 591
f 592 593 591
f 593 594 591
f 593 595 594
f 595 596 594
f 595 597 596
f 597 598 596
f 597 599 598
f 599 600 598
f 600 601 598
f 600 602 601
f 600 603 602
f 603 604 602
f 603 605 604
f 603 606 605
f 606 607 605
f 606 608 607
f 608 609 607
f 609 610 607
f 610 611 607
f 610 612 611
f 612 613 611
f 612 614 613
f 612 615 614
f 615 616 614
f 616 617 614
f 616 618 617
f 618 619 617
f 618 620 619
f 620 621 619
f 621 622 619
f 621 623 622
f 623 624 622
f 624 625 622
f 625 626 622
f 625 627 626
f 627 628 626
f 627 629 628
f 629 630 628
f 629 631 630
f 631 632 630
f 632 633 630
f 632 634 633
f 634 635 633
f 635 636 633
f 635 637 636
f 635 638 637
f 638 639 637
f 639 640 637
f 639 641 640
f 641 642 640
f 642 643 640
f 642 644 643
f 644 645 643
f 644 646 645
f 644 647 646
f 647 648 646
f 647 649 648
f 647 650 649
f 650 651 649
f 651 652 649
f 651 653 652
f 651 654 653
f 654 655 653
f 655 656 653
f 655 657 656
f 657 658 656
f 657 659 658
f 659 660 658
f 659 661 660
f 659 662 661
f 662 663 661
f 663 664 661
f 663 665 664
f 665 666 664
f 665 667 666
f 665 668 667
f 668 669 667
f 669 670 667
f 668 671 669
f 671 672 669
f 671 673 672
f 673 674 672
f 674 675 672
f 675 676 672
f 676 677 672
f 676 678 677
f 678 679 677
f 678 680 679
f 680 681 679
f 681 682 679
f 678 683 680
f 683 684 680
f 683 685 684
f 685 686 684
f 685 687 686
f 687 688 686
f 687 689 688
f 689 690 688
f 690 691 688
f 690 692 691
f 690 693 692
f 693 694 692
f 694 695 692
f 693 696 694
f 696 697 694
f 693 698 696
f 698 699 696
f 698 700 699
f 700 701 699
f 700 702 701
f 702 703 701
f 702 704 703
f 704 705 703
f 705 706 703
f 705 707 706
f 707 708 706
f 708 709 706
f 708 710 709
f 710 697 709
f 710 711 697
f 710 712 711
f 712 713 711
f 713 714 711
f 713 715 714
f 715 716 714
f 716 717 714
f 716 718 717
f 718 719 717
f 718 720 719
f 718 721 720
f 721 722 720
f 722 723 720
f 722 724 723
f 722 725 724
f 725 726 724
f 726 727 724
f 727 728 724
f 728 729 724
f 728 727 729
f 727 730 729
f 730 731 729
f 730 732 731
f 732 733 731
f 732 734 733
f 732 735 734
f 735 736 734
f 735 737 736
f 737 738 736
f 737 739 738
f 739 740 738
f 739 741 740
f 741 742 740
f 741 743 742
f 743 744 742
f 743 745 744
f 745 746 744
f 745 747 746
f 747 748 746
f 747 749 748
f 749 750 748
f 749 751 750
f 751 752 750
f 751 753 752
f 753 754 752
f 753 755 754
f 755 756 754
f 755 757 756
f 755 758 757
f 758 759 757
f 759 760 757
f 759 761 760
f 761 762 760
f 761 763 762
f 761 764 763
f 764 765 763
f 765 766 763
f 765 767 766
f 767 768 766
f 767 769 768
f 769 770 768
f 769 771 770
f 771 772 770
f 771 773 772
f 773 774 772
f 773 775 774
f 775 776 774
f 775 777 776
f 777 778 776
f 777 779 778
f 779 780 778
f 779 781 780
f 781 782 780
f 781 783 782
f 783 784 782
f 783 785 784
f 785 786 784
f 785 787 786
f 787 788 786
f 788 789 786
f 787 790 788
f 790 791 788
f 791 792 788
f 791 793 792
f 793 794 792
f 794 795 792
f 795 796 792
f 796 797 792
f 797 798 792
f 798 799 792
f 798 800 799
f 800 801 799
f 800 802 801
f 802 803 801
f 802 804 803
f 804 805 803
f 804 806 805
f 806 807 805
f 807 808 805
f 807 809 808
f 809 810 808
f 809 811 810
f 811 812 810
f 811 813 812
f 813 814 812
f 813 815 814
f 815 816 814
f 815 817 816
f 817 818 816
f 817 819 818
f 819 820 818
f 819 821 820
f 821 822 820
f 822 823 820
f 822 824 823
f 822 825 824
f 1950 224 220
f 224 221 220
f 1950 225 224
f 1950 1951 225
f 1951 1952 225
f 1952 1953 225
f 1953 1954 225
f 1954 226 225
f 1954 1955 226
f 1955 227 226
f 1955 232 227
f 1955 1956 232
f 1956 233 232
f 1956 235 233
f 1956 1957 235
f 1957 237 235
f 1957 1958 237
f 1958 239 237
f 1958 1959 239
f 1959 1960 239
f 1960 240 239
f 1960 242 240
f 1960 1961 242
f 1961 244 242
f 1961 1962 244
f 1962 246 244
f 1962 1963 246
f 1963 1964 246
f 1964 247 246
f 1964 250 247
f 1964 1965 250
f 1965 1966 250
f 1966 251 250
f 1966 254 251
f 1966 1967 254
f 1967 256 254
f 1967 1968 256
f 1968 1969 256
f 1969 257 256
f 1969 1970 257
f 1970 259 257
f 1970 262 259
f 1970 264 262
f 1970 1971 264
f 1971 1972 264
f 1972 266 264
f 1972 1973 266
f 1973 1974 266
f 1974 267 266
f 1974 1975 267
f 1975 271 267
f 271 268 267
f 1975 1976 271
f 1976 272 271
f 1976 275 272
f 1976 1977 275
f 1977 277 275
f 1977 1978 277
f 1978 1979 277
f 1979 278 277
f 1979 1980 278
f 1980 282 278
f 282 279 278
f 1980 284 282
f 1980 1981 284
f 1981 1982 284
f 1982 286 284
f 1982 1983 286
f 1983 288 286
f 1983 291 288
f 1983 1984 291
f 1984 293 291
f 1984 295 293
f 1984 1985 295
f 1985 1986 295
f 1986 296 295
f 1986 1987 296
f 1987 298 296
f 1987 1988 298
f 1988 301 298
f 1988 303 301
f 1988 1989 303
f 1989 305 303
f 1989 1990 305
f 1990 1991 305
f 1991 307 305
f 1991 1992 307
f 1992 1993 307
f 1993 308 307
f 1993 1994 308
f 1994 314 308
f 314 309 308
f 1994 320 314
f 1994 1995 320
f 1995 321 320
f 1995 323 321
f 1995 1996 323
f 1996 1997 323
f 1997 324 323
f 1997 1998 324
f 1998 326 324
f 1998 1999 326
f 1999 2000 326
f 2000 327 326
f 2000 331 327
f 2000 2001 331
f 2001 2002 331
f 2002 332 331
f 2002 334 332
f 2002 2003 334
f 2003 337 334
f 2003 2004 337
f 2004 339 337
f 2094 2095 501
f 2095 2096 501
f 2096 2097 501
f 2097 502 501
f 2097 506 502
f 2097 2098 506
f 2098 2099 506
f 2099 507 506
f 2099 2100 507
f 2100 2101 507
f 2101 509 507
f 2101 2102 509
f 2102 511 509
f 2102 518 511
f 2102 2103 518
f 2103 2104 518
f 2104 2105 518
f 2105 519 518
f 2105 525 519
f 525 523 519
f 523 520 519
f 2105 2106 525
f 2106 526 525
f 2106 2107 526
f 2107 2108 526
f 2108 2109 526
f 2109 528 526
f 2109 2110 528
f 2110 529 528
f 2110 2111 529
f 2111 2112 529
f 2112 531 529
f 2112 536 531
f 2112 538 536
f 2112 2113 538
f 2113 539 538
f 2113 2114 539
f 2114 2115 539
f 2115 542 539
f 542 540 539
f 2115 2116 542
f 2116 2117 542
f 2117 2118 542
f 2118 543 542
f 2118 2119 543
f 2119 544 543
f 2119 549 544
f 549 546 544
f 2119 550 549
f 2119 2120 550
f 2120 553 550
f 2120 2121 553
f 2121 555 553
f 2121 558 555
f 2121 2122 558
f 2122 2123 558
f 2123 559 558
f 2123 2124 559
f 2124 561 559
f 2124 2125 561
f 2125 563 561
f 2125 565 563
f 2125 2126 565
f 2126 566 565
f 2126 2127 566
f 2127 569 566
f 2127 2128 569
f 2128 2129 569
f 2129 570 569
f 2129 2130 570
f 2130 572 570
f 2130 574 572
f 2130 2131 574
f 2131 576 574
f 2131 2132 576
f 2132 2133 576
f 2133 577 576
f 2133 2134 577
f 2134 579 577
f 2134 582 579
f 2134 2135 582
f 2135 583 582
f 2135 2136 583
f 2136 2137 583
f 2137 2138 583
f 2138 584 583
f 2138 586 584
f 2138 2139 586
f 2139 588 586
f 2139 2140 588
f 2140 589 588
f 2140 592 589
f 2140 2141 592
f 2141 593 592
f 2141 2142 593
f 2142 595 593
f 2142 597 595
f 2142 2143 597
f 2143 599 597
f 2143 2144 599
f 2144 2145 599
f 2145 600 599
f 2145 603 600
f 2145 606 603
f 2145 608 606
f 2145 2144 608
f 2144 2146 608
f 2146 609 608
f 2146 2147 609
f 2147 2148 609
f 2148 610 609
f 2148 612 610
f 2148 615 612
f 2148 2149 615
f 2149 2150 615
f 2150 616 615
f 2150 2151 616
f 2151 618 616
f 2151 2152 618
f 2152 620 618
f 2152 2153 620
f 2153 2154 620
f 2154 621 620
f 2154 2155 621
f 2155 623 621
f 2155 2156 623
f 2156 2157 623
f 2157 624 623
f 2157 2158 624
f 2158 2159 624
f 2159 625 624
f 2159 627 625
f 2159 2160 627
f 2160 2161 627
f 2161 629 627
f 2161 2162 629
f 2162 2163 629
f 2163 631 629
f 2163 2164 631
f 2164 632 631
f 2164 2165 632
f 2165 634 632
f 2165 2166 634
f 2166 638 634
f 638 635 634
f 2166 639 638
f 2166 2167 639
f 2167 2168 639
f 2168 641 639
f 2168 2169 641
f 2169 2170 641
f 2170 642 641
f 2170 644 642
f 2170 647 644
f 2170 650 647
f 2170 2169 650
f 2169 651 650
f 2169 2171 651
f 2171 654 651
f 2171 2172 654
f 2172 2173 654
f 2173 655 654
f 2173 2174 655
f 2174 657 655
f 2174 2175 657
f 2175 659 657
f 2175 662 659
f 2175 2176 662
f 2176 2177 662
f 2177 663 662
f 2177 2178 663
f 2178 665 663
f 2178 668 665
f 2178 2179 668
f 2179 671 668
f 2179 673 671
f 2179 2180 673
f 2180 2181 673
f 2181 2182 673
f 2182 674 673
f 2182 2183 674
f 2183 675 674
f 2183 2184 675
f 2184 2185 675
f 2185 676 675
f 2185 2186 676
f 2186 678 676
f 2186 683 678
f 2186 685 683
f 2186 2187 685
f 2187 2188 685
f 2188 687 685
f 2188 689 687
f 2188 2189 689
f 2189 2190 689
f 2190 690 689
f 2190 698 690
f 698 693 690
f 2190 700 698
f 2190 2191 700
f 2191 702 700
f 2191 2192 702
f 2192 704 702
f 2192 2193 704
f 2193 2194 704
f 2194 705 704
f 2194 2195 705
f 2195 707 705
f 2195 2196 707
f 2196 2197 707
f 2197 2198 707
f 2198 2199 707
f 2199 708 707
f 2199 2200 708
f 2200 2201 708
f 2201 2202 708
f 2202 710 708
f 2202 712 710
f 2202 2203 712
f 2203 2204 712
f 2204 713 712
f 2204 2205 713
f 2205 715 713
f 2205 2206 715
f 2206 2207 715
f 2207 721 715
f 721 716 715
f 721 718 716
f 2207 722 721
f 2207 725 722
f 2207 2206 725
f 2206 2208 725
f 2208 726 725
f 2208 727 726
f 2208 2209 727
f 2209 2210 727
f 2210 732 727
f 732 730 727
f 2210 735 732
f 2210 2209 735
f 2209 2211 735
f 2211 2212 735
f 2212 737 735
f 2212 2213 737
f 2213 739 737
f 2213 2214 739
f 2214 741 739
f 2214 2215 741
f 2215 2216 741
f 2216 2217 741
f 2217 743 741
f 2217 2218 743
f 2218 745 743
f 2218 2219 745
f 2219 2220 745
f 2220 2221 745
f 2221 747 745
f 2221 2220 747
f 2220 2222 747
f 2222 749 747
f 2222 2223 749
f 2223 751 749
f 2223 2224 751
f 2224 2225 751
f 2225 753 751
f 2225 2226 753
f 2226 755 753
f 2226 2227 755
f 2227 2228 755
f 2228 758 755
f 2228 2229 758
f 2229 759 758
f 2229 2230 759
f 2230 2231 759
f 2231 761 759
f 2231 2232 761
f 2232 2233 761
f 2233 764 761
f 2233 2234 764
f 2234 765 764
f 2234 2235 765
f 2235 767 765
f 2235 2236 767
f 2236 769 767
f 2236 2237 769
f 2237 771 769
f 2237 2238 771
f 2238 773 771
f 2238 2239 773
f 2239 775 773
f 2239 2240 775
f 2240 777 775
f 2240 2241 777
f 2241 779 777
f 2241 2242 779
f 2242 781 779
f 2242 2243 781
f 2243 783 781
f 2243 2244 783
f 2244 785 783
f 2244 790 785
f 790 787 785
f 2244 2245 790
f 2245 793 790
f 793 791 790
f 2245 2246 793
f 2246 794 793
f 2246 2247 794
f 2247 795 794
f 2247 2248 795
f 2248 796 795
f 2248 2249 796
f 2249 2250 796
f 2250 797 796
f 2250 2251 797
f 2251 798 797
f 2251 800 798
f 2251 2252 800
f 2252 2253 800
f 2253 802 800
f 2253 804 802
f 2252 2254 2253
f 2252 2250 2254
f 2250 2255 2254
f 2250 2249 2255
f 2249 2256 2255
f 2249 2257 2256
f 2257 2258 2256
f 2258 2259 2256
f 2259 2260 2256
f 2260 2261 2256
f 2261 2262 2256
f 2262 2263 2256
f 2261 2264 2262
f 2261 2265 2264
f 2265 2266 2264
f 2266 2267 2264
f 2266 2268 2267
f 2266 2269 2268
f 2269 2270 2268
f 2270 2271 2268
f 2271 806 2268
f 2271 2272 806
f 2272 807 806
f 2272 809 807
f 2272 2273 809
f 2273 811 809
f 2273 2274 811
f 2274 813 811
f 2274 815 813
f 2274 2275 815
f 2275 2276 815
f 2276 817 815
f 2276 2277 817
f 2277 819 817
f 2277 2278 819
f 2278 2279 819
f 2279 2280 819
f 2280 821 819
f 2280 822 821
f 2280 2281 822
f 2281 825 822
f 2279 2278 2280
f 2277 2282 2278
f 2282 2283 2278
f 2282 2284 2283
f 2284 2285 2283
f 2285 2286 2283
f 2285 2287 2286
f 2287 2288 2286
f 2287 2289 2288
f 2287 2290 2289
f 2290 2291 2289
f 2291 2292 2289
f 2292 2293 2289
f 2293 2294 2289
f 2293 2295 2294
f 2295 2296 2294
f 2296 2297 2294
f 2297 2298 2294
f 2298 2288 2294
f 2298 2299 2288
f 2299 2300 2288
f 2299 2301 2300
f 2301 2302 2300
f 2302 2303 2300
f 2303 2304 2300
f 2303 2305 2304
f 2305 2306 2304
f 2306 2307 2304
f 2307 2308 2304
f 2307 2309 2308
f 2309 2310 2308
f 2307 2311 2309
f 2307 2312 2311
f 2312 2313 2311
f 2312 2314 2313
f 2314 2315 2313
f 2316 2317 2313
f 3197 3198 1952
f 3198 1953 1952
f 3198 3199 1953
f 3199 3200 1953
f 3200 1954 1953
f 3200 3201 1954
f 3201 1955 1954
f 3201 1956 1955
f 3201 1957 1956
f 3201 3202 1957
f 3202 1958 1957
f 3202 3203 1958
f 3203 1959 1958
f 3203 3204 1959
f 3204 3205 1959
f 3205 1960 1959
f 3205 1961 1960
f 3205 3206 1961
f 3206 1962 1961
f 3206 3207 1962
f 3207 1963 1962
f 3207 3208 1963
f 3208 3209 1963
f 3209 1964 1963
f 3209 1965 1964
f 3209 3210 1965
f 3210 3211 1965
f 3211 1966 1965
f 3211 1967 1966
f 3211 3212 1967
f 3212 1968 1967
f 3212 3213 1968
f 3213 3214 1968
f 3214 1969 1968
f 3214 3215 1969
f 3215 1970 1969
f 3215 1971 1970
f 3215 1972 1971
f 3215 3216 1972
f 3216 3217 1972
f 3217 3218 1972
f 3218 1973 1972
f 3218 3219 1973
f 3219 1974 1973
f 3219 3220 1974
f 3220 1975 1974
f 3220 3221 1975
f 3221 1976 1975
f 3221 3222 1976
f 3222 1977 1976
f 3222 1978 1977
f 3222 3223 1978
f 3223 3224 1978
f 3224 1979 1978
f 3224 1981 1979
f 1981 1980 1979
f 3224 3225 1981
f 3225 1982 1981
f 3225 3226 1982
f 3226 1983 1982
f 3226 1984 1983
f 3226 1985 1984
f 3226 3227 1985
f 3227 3228 1985
f 3228 1986 1985
f 3228 3229 1986
f 3229 1987 1986
f 3229 3230 1987
f 3230 1988 1987
f 3230 1989 1988
f 3230 1990 1989
f 3230 3231 1990
f 3231 3232 1990
f 3232 3233 1990
f 3233 1992 1990
f 1992 1991 1990
f 3233 3234 1992
f 3234 3235 1992
f 3235 1993 1992
f 3235 3236 1993
f 3236 1994 1993
f 3236 1995 1994
f 3236 1996 1995
f 3236 3237 1996
f 3237 3238 1996
f 3238 3239 1996
f 3239 1997 1996
f 3239 3240 1997
f 3240 1998 1997
f 3240 1999 1998
f 3240 3241 1999
f 3241 3242 1999
f 3242 3243 1999
f 3243 2000 1999
f 3243 2001 2000
f 3243 3244 2001
f 3244 3245 2001
f 3245 2002 2001
f 3245 2003 2002
f 3245 3246 2003
f 3246 2004 2003
f 3246 2005 2004
f 3246 3247 2005
f 3247 3248 2005
f 3339 2095 2094
f 3339 3340 2095
f 3340 3341 2095
f 3341 2096 2095
f 3341 2098 2096
f 2098 2097 2096
f 3341 3342 2098
f 3342 3343 2098
f 3343 2099 2098
f 3343 2100 2099
f 3343 3344 2100
f 3344 3345 2100
f 3345 2101 2100
f 3345 2102 2101
f 3345 2103 2102
f 3345 3346 2103
f 3346 2104 2103
f 3346 3347 2104
f 3346 3348 3347
f 3348 3349 3347
f 3348 3350 3349
f 3350 3351 3349
f 3351 3352 3349
f 3352 3353 3349
f 3353 3354 3349
f 3354 3355 3349
f 3354 2106 3355
f 2106 2105 3355
f 2105 2104 3355
f 3354 3356 2106
f 3356 2107 2106
f 3356 2108 2107
f 3356 3357 2108
f 3357 3358 2108
f 3358 3359 2108
f 3359 2109 2108
f 3359 2110 2109
f 3359 3360 2110
f 3360 3361 2110
f 3361 2111 2110
f 3361 2112 2111
f 3361 2113 2112
f 3361 2114 2113
f 3361 3362 2114
f 3362 3363 2114
f 3363 2115 2114
f 3363 2116 2115
f 3363 3364 2116
f 3364 3365 2116
f 3365 2117 2116
f 3365 3366 2117
f 3366 3367 2117
f 3367 3368 2117
f 3368 3369 2117
f 3369 2118 2117
f 3369 2119 2118
f 3369 3368 2119
f 3368 2120 2119
f 3368 3370 2120
f 3370 2121 2120
f 3370 2122 2121
f 3370 3371 2122
f 3371 2123 2122
f 3371 3372 2123
f 3372 3373 2123
f 3372 3374 3373
f 3372 3375 3374
f 3375 3376 3374
f 3376 3377 3374
f 3377 3378 3374
f 3378 3379 3374
f 3378 2126 3379
f 2126 2125 3379
f 2125 2124 3379
f 3378 3380 2126
f 3380 2127 2126
f 3380 2128 2127
f 3380 3381 2128
f 3381 3382 2128
f 3382 2129 2128
f 3382 3383 2129
f 3383 2130 2129
f 3383 2131 2130
f 3383 3384 2131
f 3384 2132 2131
f 3384 3385 2132
f 3385 3386 2132
f 3386 2133 2132
f 3386 3387 2133
f 3387 2134 2133
f 3387 2135 2134
f 3387 3388 2135
f 3388 2136 2135
f 3388 3389 2136
f 3389 3390 2136
f 3390 2137 2136
f 3390 3391 2137
f 3391 3392 2137
f 3392 2138 2137
f 3392 2139 2138
f 3392 3393 2139
f 3393 3394 2139
f 3394 2140 2139
f 3394 3395 2140
f 3395 2141 2140
f 3395 3396 2141
f 3396 2142 2141
f 3396 2143 2142
f 3396 3397 2143
f 3397 2144 2143
f 3397 2146 2144
f 3397 3398 2146
f 3398 2147 2146
f 3398 3399 2147
f 3399 2149 2147
f 2149 2148 2147
f 3399 3400 2149
f 3400 2150 2149
f 3400 3401 2150
f 3401 2151 2150
f 3401 3402 2151
f 3402 2152 2151
f 3402 3403 2152
f 3403 2153 2152
f 3403 3404 2153
f 3404 3405 2153
f 3405 2154 2153
f 3405 3406 2154
f 3406 2155 2154
f 3406 3407 2155
f 3407 2156 2155
f 3406 3408 3407
f 3408 3409 3407
f 3408 3410 3409
f 3410 3411 3409
f 3411 3412 3409
f 3410 3413 3411
f 3413 3414 3411
f 3413 3415 3414
f 3415 3416 3414
f 3416 3417 3414
f 3416 3418 3417
f 3418 3419 3417
f 3419 3420 3417
f 3420 3412 3417
f 3420 3421 3412
f 3421 3422 3412
f 3422 3423 3412
f 3423 2156 3412
f 3423 2157 2156
f 3423 3424 2157
f 3424 2158 2157
f 3424 3425 2158
f 3425 3426 2158
f 3426 2159 2158
f 3426 2160 2159
f 3426 3427 2160
f 3427 3428 2160
f 3428 2161 2160
f 3428 3429 2161
f 3429 2162 2161
f 3429 3430 2162
f 3430 2163 2162
f 3430 3431 2163
f 3431 2164 2163
f 3431 3432 2164
f 3432 2165 2164
f 3432 3433 2165
f 3433 2166 2165
f 3433 3434 2166
f 3434 2167 2166
f 3434 3435 2167
f 3435 2168 2167
f 3435 3436 2168
f 3436 2169 2168
f 3436 2171 2169
f 3436 2172 2171
f 3436 3437 2172
f 3437 3438 2172
f 3438 2173 2172
f 3438 3439 2173
f 3439 2174 2173
f 3439 2175 2174
f 3439 3440 2175
f 3440 2176 2175
f 3440 3441 2176
f 3441 3442 2176
f 3442 2177 2176
f 3442 3443 2177
f 3443 2178 2177
f 3443 2179 2178
f 3443 2180 2179
f 3443 3444 2180
f 3444 3445 2180
f 3445 2181 2180
f 3445 3446 2181
f 3446 3447 2181
f 3447 2182 2181
f 3447 3448 2182
f 3448 2183 2182
f 3448 3449 2183
f 3449 2184 2183
f 3449 3450 2184
f 3450 3451 2184
f 3451 2185 2184
f 3451 2187 2185
f 2187 2186 2185
f 3451 2188 2187
f 3451 3452 2188
f 3452 2189 2188
f 3452 3453 2189
f 3453 2191 2189
f 2191 2190 2189
f 3453 2192 2191
f 3453 3454 2192
f 3454 2193 2192
f 3454 3455 2193
f 3455 3456 2193
f 3456 2194 2193
f 3456 3457 2194
f 3457 2195 2194
f 3457 3458 2195
f 3458 2196 2195
f 3458 3459 2196
f 3459 2197 2196
f 3459 3460 2197
f 3460 3461 2197
f 3461 2198 2197
f 3461 2199 2198
f 3461 3462 2199
f 3462 3463 2199
f 3463 2200 2199
f 3463 2201 2200
f 3462 3464 3463
f 3461 3465 3462
f 3465 3466 3462
f 3465 3467 3466
f 3467 3468 3466
f 3468 3469 3466
f 3469 3464 3466
f 3469 3470 3464
f 3470 3471 3464
f 3471 2201 3464
f 3471 3472 2201
f 3472 2202 2201
f 3472 2203 2202
f 3472 3473 2203
f 3473 2204 2203
f 3473 3474 2204
f 3474 3475 2204
f 3475 2205 2204
f 3475 2206 2205
f 3475 3476 2206
f 3476 2208 2206
f 3476 2209 2208
f 3476 2211 2209
f 3476 3477 2211
f 3477 2213 2211
f 2213 2212 2211
f 3477 2215 2213
f 2215 2214 2213
f 3477 3473 2215
f 3473 3478 2215
f 3478 2216 2215
f 3478 3479 2216
f 3479 2218 2216
f 2218 2217 2216
f 3479 3470 2218
f 3470 2220 2218
f 2220 2219 2218
f 3470 3469 2220
f 3469 3480 2220
f 3480 2222 2220
f 3480 2223 2222
f 3480 2224 2223
f 3480 3481 2224
f 3481 3482 2224
f 3482 3483 2224
f 3483 2225 2224
f 3483 2226 2225
f 3483 2227 2226
f 3483 3484 2227
f 3484 3485 2227
f 3485 3486 2227
f 3486 2228 2227
f 3486 2229 2228
f 3486 2230 2229
f 3486 3487 2230
f 3487 3488 2230
f 3488 2232 2230
f 2232 2231 2230
f 3488 3489 2232
f 3489 2233 2232
f 3489 2234 2233
f 3489 3490 2234
f 3490 2235 2234
f 3490 3491 2235
f 3491 2236 2235
f 3491 3492 2236
f 3492 2237 2236
f 3492 3493 2237
f 3493 2238 2237
f 3493 3494 2238
f 3494 2239 2238
f 3494 3495 2239
f 3495 2240 2239
f 3495 3496 2240
f 3496 2241 2240
f 3496 3497 2241
f 3497 2242 2241
f 3497 3498 2242
f 3498 3499 2242
f 3499 2243 2242
f 3499 2244 2243
f 3499 2245 2244
f 3499 3500 2245
f 3500 3501 2245
f 3501 2246 2245
f 3501 3502 2246
f 3502 3503 2246
f 3503 2247 2246
f 3503 3504 2247
f 3504 2248 2247
f 3504 2249 2248
f 3504 2257 2249
f 3504 3505 2257
f 3505 2258 2257
f 3505 3506 2258
f 3506 3507 2258
f 3506 3508 3507
f 3508 3509 3507
f 3509 3510 3507
f 3510 3511 3507
f 3510 3512 3511
f 3512 3513 3511
f 3513 3514 3511
f 3513 3515 3514
f 3513 3516 3515
f 3516 3517 3515
f 3517 3518 3515
f 3518 3519 3515
f 3519 3520 3515
f 3519 3521 3520
f 3521 3522 3520
f 3522 3523 3520
f 3522 3524 3523
f 3524 2260 3523
f 2260 2259 3523
f 3524 2261 2260
f 3524 2265 2261
f 3524 3525 2265
f 3525 3526 2265
f 3526 2269 2265
f 2269 2266 2265
f 3526 3527 2269
f 3527 2270 2269
f 3527 3528 2270
f 3528 2271 2270
f 3528 2272 2271
f 3528 2273 2272
f 3528 3529 2273
f 3529 2274 2273
f 3529 3530 2274
f 3530 2275 2274
f 3530 3531 2275
f 3531 2284 2275
f 2284 2276 2275
f 2284 2282 2276
f 2282 2277 2276
f 3531 2285 2284
f 3531 3532 2285
f 3532 3533 2285
f 3533 2290 2285
f 2290 2287 2285
f 3533 2291 2290
f 3533 3534 2291
f 3534 3535 2291
f 3535 2292 2291
f 3535 3536 2292
f 3536 3537 2292
f 3537 2293 2292
f 3537 2295 2293
f 3537 3538 2295
f 3538 3539 2295
f 3539 3540 2295
f 3540 2296 2295
f 3540 3541 2296
f 3541 2297 2296
f 3541 3542 2297
f 3542 3543 2297
f 3543 2298 2297
f 3543 2299 2298
f 3543 3544 2299
f 3544 2301 2299
f 3544 3545 2301
f 3545 3546 2301
f 3546 2302 2301
f 3546 3547 2302
f 3547 2305 2302
f 2305 2303 2302
f 3547 3548 2305
f 3548 2306 2305
f 3548 3549 2306
f 3549 2312 2306
f 2312 2307 2306
f 3549 2314 2312
f 3549 3550 2314
f 3550 3551 2314
f 4338 3198 3197
f 4338 3199 3198
f 4338 4339 3199
f 4339 4340 3199
f 4340 3200 3199
f 4340 3202 3200
f 3202 3201 3200
f 4340 3203 3202
f 4340 4341 3203
f 4341 3204 3203
f 4341 4342 3204
f 4342 4343 3204
f 4343 3205 3204
f 4343 3206 3205
f 4343 4344 3206
f 4344 3207 3206
f 4344 4345 3207
f 4345 3208 3207
f 4345 4346 3208
f 4346 4347 3208
f 4347 3209 3208
f 4347 4348 3209
f 4348 3210 3209
f 4348 3211 3210
f 4348 4349 3211
f 4349 3212 3211
f 4349 4350 3212
f 4350 3213 3212
f 4350 4351 3213
f 4351 4352 3213
f 4352 3214 3213
f 4352 3215 3214
f 4352 4353 3215
f 4353 3216 3215
f 4353 3217 3216
f 4353 4354 3217
f 4354 4355 3217
f 4355 4356 3217
f 4356 3218 3217
f 4356 4357 3218
f 4357 3219 3218
f 4357 4358 3219
f 4358 3220 3219
f 4358 3221 3220
f 4358 4359 3221
f 4359 4360 3221
f 4360 3222 3221
f 4360 3223 3222
f 4360 4361 3223
f 4361 4362 3223
f 4362 3224 3223
f 4362 3225 3224
f 4362 3227 3225
f 3227 3226 3225
f 4362 4363 3227
f 4363 3228 3227
f 4363 4364 3228
f 4364 3229 3228
f 4364 3231 3229
f 3231 3230 3229
f 4364 4365 3231
f 4365 3232 3231
f 4365 4366 3232
f 4366 4367 3232
f 4367 3233 3232
f 4367 3234 3233
f 4367 4368 3234
f 4368 4369 3234
f 4369 3235 3234
f 4369 3237 3235
f 3237 3236 3235
f 4369 3238 3237
f 4369 4370 3238
f 4370 4371 3238
f 4371 4372 3238
f 4372 3239 3238
f 4372 3240 3239
f 4372 3241 3240
f 4372 4373 3241
f 4373 4374 3241
f 4374 4375 3241
f 4375 3242 3241
f 4375 4376 3242
f 4376 4377 3242
f 4377 3243 3242
f 4377 4378 3243
f 4378 3244 3243
f 4378 4379 3244
f 4379 3245 3244
f 4379 3246 3245
f 4379 3247 3246
f 4379 4380 3247
f 4380 4381 3247
f 4381 3248 3247
f 4381 3249 3248
f 4381 4382 3249
f 4475 3340 3339
f 4475 4476 3340
f 4476 3341 3340
f 4476 4477 3341
f 4477 3342 3341
f 4477 4478 3342
f 4478 3343 3342
f 4478 4479 3343
f 4479 3344 3343
f 4479 4480 3344
f 4480 4481 3344
f 4481 4482 3344
f 4482 3345 3344
f 4482 3346 3345
f 4482 4483 3346
f 4483 3348 3346
f 4483 4484 3348
f 4484 3350 3348
f 4484 4485 3350
f 4485 3351 3350
f 4485 4486 3351
f 4486 3352 3351
f 4486 4487 3352
f 4487 4488 3352
f 4488 4489 3352
f 4489 4490 3352
f 4490 3353 3352
f 4490 3357 3353
f 3357 3354 3353
f 3357 3356 3354
f 4490 3358 3357
f 4490 4491 3358
f 4491 4492 3358
f 4492 4493 3358
f 4493 3359 3358
f 4493 3360 3359
f 4493 4494 3360
f 4494 4495 3360
f 4495 3362 3360
f 3362 3361 3360
f 4495 4496 3362
f 4496 3363 3362
f 4496 3364 3363
f 4496 4497 3364
f 4497 4498 3364
f 4498 4499 3364
f 4499 3365 3364
f 4499 4500 3365
f 4500 3366 3365
f 4500 4501 3366
f 4501 4502 3366
f 4502 3367 3366
f 4502 4503 3367
f 4503 3368 3367
f 4503 3370 3368
f 4503 3371 3370
f 4503 4504 3371
f 4504 3372 3371
f 4504 4505 3372
f 4505 3375 3372
f 4505 4506 3375
f 4506 3376 3375
f 4506 4507 3376
f 4507 4508 3376
f 4508 3377 3376
f 4508 4509 3377
f 4509 4510 3377
f 4510 3378 3377
f 4510 3380 3378
f 4510 3381 3380
f 4510 4511 3381
f 4511 4512 3381
f 4512 3382 3381
f 4512 4513 3382
f 4513 3383 3382
f 4513 3384 3383
f 4513 4514 3384
f 4514 4515 3384
f 4515 3385 3384
f 4515 4516 3385
f 4516 3386 3385
f 4516 4517 3386
f 4517 3387 3386
f 4517 3388 3387
f 4517 4518 3388
f 4518 3389 3388
f 4518 4519 3389
f 4519 4520 3389
f 4520 3390 3389
f 4520 3391 3390
f 4520 4521 3391
f 4521 4522 3391
f 4522 4523 3391
f 4523 3392 3391
f 4523 3393 3392
f 4523 4524 3393
f 4524 4525 3393
f 4525 3394 3393
f 4525 3395 3394
f 4525 4526 3395
f 4526 3396 3395
f 4526 3397 3396
f 4526 3398 3397
f 4526 4527 3398
f 4527 3399 3398
f 4527 4528 3399
f 4528 3400 3399
f 4528 4529 3400
f 4529 3401 3400
f 4529 4530 3401
f 4530 3402 3401
f 4530 4531 3402
f 4531 3403 3402
f 4531 4532 3403
f 4532 3404 3403
f 4532 4533 3404
f 4533 4534 3404
f 4534 3405 3404
f 4534 4535 3405
f 4535 3406 3405
f 4535 3408 3406
f 4535 4536 3408
f 4536 3410 3408
f 4536 4537 3410
f 4537 3413 3410
f 4537 4538 3413
f 4538 3415 3413
f 4538 4539 3415
f 4539 4540 3415
f 4540 3416 3415
f 4540 4541 3416
f 4541 3418 3416
f 4541 4542 3418
f 4542 4543 3418
f 4543 3419 3418
f 4543 4544 3419
f 4544 4545 3419
f 4545 3420 3419
f 4545 4546 3420
f 4546 3421 3420
f 4546 4547 3421
f 4547 3422 3421
f 4547 4548 3422
f 4548 3423 3422
f 4548 3424 3423
f 4548 4549 3424
f 4549 3425 3424
f 4549 4550 3425
f 4550 4551 3425
f 4551 3426 3425
f 4551 4552 3426
f 4552 3427 3426
f 4552 4553 3427
f 4553 4554 3427
f 4554 3428 3427
f 4554 4555 3428
f 4555 3429 3428
f 4555 3430 3429
f 4555 4556 3430
f 4556 4557 3430
f 4557 3431 3430
f 4557 4558 3431
f 4558 3432 3431
f 4558 4559 3432
f 4559 3433 3432
f 4559 4560 3433
f 4560 3434 3433
f 4560 4561 3434
f 4561 3435 3434
f 4561 3437 3435
f 3437 3436 3435
f 4561 4562 3437
f 4562 3438 3437
f 4562 4563 3438
f 4563 3439 3438
f 4563 3440 3439
f 4563 4564 3440
f 4564 3441 3440
f 4564 4565 3441
f 4565 4566 3441
f 4566 3442 3441
f 4566 3444 3442
f 3444 3443 3442
f 4566 4567 3444
f 4567 3445 3444
f 4567 4568 3445
f 4568 3446 3445
f 4568 4569 3446
f 4569 4570 3446
f 4570 3447 3446
f 4570 4571 3447
f 4571 4572 3447
f 4572 3448 3447
f 4572 4573 3448
f 4573 3449 3448
f 4573 4574 3449
f 4574 3450 3449
f 4574 4575 3450
f 4575 3451 3450
f 4575 3452 3451
f 4575 3453 3452
f 4575 3454 3453
f 4575 4576 3454
f 4576 3455 3454
f 4576 4577 3455
f 4577 4578 3455
f 4578 3456 3455
f 4578 4579 3456
f 4579 3457 3456
f 4579 4580 3457
f 4580 3458 3457
f 4580 4581 3458
f 4581 3459 3458
f 4581 4582 3459
f 4582 4583 3459
f 4583 3460 3459
f 4583 4584 3460
f 4584 3467 3460
f 3467 3465 3460
f 3465 3461 3460
f 4584 4585 3467
f 4585 3468 3467
f 4585 4586 3468
f 4586 3482 3468
f 3482 3481 3468
f 3481 3469 3468
f 3481 3480 3469
f 4586 4587 3482
f 4587 3484 3482
f 3484 3483 3482
f 4587 3485 3484
f 4587 4588 3485
f 4588 4589 3485
f 4589 3486 3485
f 4589 3487 3486
f 4589 4590 3487
f 4590 4591 3487
f 4591 3488 3487
f 4591 4592 3488
f 4592 4593 3488
f 4593 4594 3488
f 4594 3489 3488
f 4594 3490 3489
f 4594 4595 3490
f 4595 3491 3490
f 4595 4596 3491
f 4596 3492 3491
f 4596 4597 3492
f 4597 3493 3492
f 4597 4598 3493
f 4598 4599 3493
f 4599 3494 3493
f 4599 3495 3494
f 4599 4600 3495
f 4600 3496 3495
f 4600 4601 3496
f 4601 3497 3496
f 4601 4602 3497
f 4602 3498 3497
f 4602 4603 3498
f 4603 3499 3498
f 4603 3500 3499
f 4603 4604 3500
f 4604 3502 3500
f 3502 3501 3500
f 4604 4605 3502
f 4605 3503 3502
f 4605 3504 3503
f 4605 4606 3504
f 4606 3505 3504
f 4606 3508 3505
f 3508 3506 3505
f 4606 4607 3508
f 4607 3509 3508
f 4607 4608 3509
f 4608 4609 3509
f 4609 4610 3509
f 4610 3510 3509
f 4610 4611 3510
f 4611 3512 3510
f 4611 4612 3512
f 4612 4613 3512
f 4613 3513 3512
f 4613 3516 3513
f 4613 4614 3516
f 4614 4615 3516
f 4615 3517 3516
f 4615 4616 3517
f 4616 3518 3517
f 4616 4617 3518
f 4617 4618 3518
f 4618 3519 3518
f 4618 4619 3519
f 4619 3521 3519
f 4619 4620 3521
f 4620 4621 3521
f 4621 3536 3521
f 4621 3537 3536
f 4621 3538 3537
f 4621 4620 3538
f 4620 4622 3538
f 4622 3539 3538
f 4622 4623 3539
f 4623 4624 3539
f 4624 3540 3539
f 4624 4625 3540
f 4625 4626 3540
f 4626 3541 3540
f 4626 3542 3541
f 4626 4627 3542
f 4627 4628 3542
f 4628 4629 3542
f 4629 3543 3542
f 4629 3544 3543
f 4629 4630 3544
f 4630 4631 3544
f 4631 3545 3544
f 4631 4632 3545
f 4632 3546 3545
f 4632 4633 3546
f 4633 3547 3546
f 4633 4634 3547
f 4634 4635 3547
f 4635 3548 3547
f 4635 4636 3548
f 4636 4637 3548
f 4637 3549 3548
f 4637 3550 3549
f 4637 4638 3550
f 4638 4639 3550
f 4639 4640 3550
f 5451 4338 4337
f 5451 5452 4338
f 5452 4339 4338
f 5452 5453 4339
f 5453 4341 4339
f 4341 4340 4339
f 5453 4342 4341
f 5453 5454 4342
f 5454 5455 4342
f 5455 4343 4342
f 5455 4344 4343
f 5455 5456 4344
f 5456 4345 4344
f 5456 5457 4345
f 5457 4346 4345
f 5457 5458 4346
f 5458 5459 4346
f 5459 4347 4346
f 5459 4348 4347
f 5459 5460 4348
f 5460 4349 4348
f 5460 5461 4349
f 5461 4350 4349
f 5461 5462 4350
f 5462 4351 4350
f 5462 5463 4351
f 5463 4352 4351
f 5463 5464 4352
f 5464 4353 4352
f 5464 5465 4353
f 5465 4354 4353
f 5465 5466 4354
f 5466 4355 4354
f 5466 5467 4355
f 5467 4356 4355
f 5467 5468 4356
f 5468 4357 4356
f 5468 5469 4357
f 5469 5470 4357
f 5470 4358 4357
f 5470 4359 4358
f 5470 5471 4359
f 5471 5472 4359
f 5472 4360 4359
f 5472 4361 4360
f 5472 5473 4361
f 5473 4363 4361
f 4363 4362 4361
f 5473 4364 4363
f 5473 4365 4364
f 5473 5474 4365
f 5474 4366 4365
f 5474 5475 4366
f 5475 5476 4366
f 5476 4367 4366
f 5476 4368 4367
f 5476 5477 4368
f 5477 5478 4368
f 5478 4370 4368
f 4370 4369 4368
f 5478 5479 4370
f 5479 4371 4370
f 5479 5480 4371
f 5480 4373 4371
f 4373 4372 4371
f 5480 4374 4373
f 5480 5481 4374
f 5481 5482 4374
f 5482 5483 4374
f 5483 4375 4374
f 5483 4376 4375
f 5483 5484 4376
f 5484 5485 4376
f 5485 4377 4376
f 5485 4378 4377
f 5485 5486 4378
f 5486 4380 4378
f 4380 4379 4378
f 5486 5487 4380
f 5487 4381 4380
f 5487 4382 4381
f 5487 5488 4382
f 5488 5489 4382
f 5573 5574 4474
f 5574 4475 4474
f 5574 4476 4475
f 5574 5575 4476
f 5575 4477 4476
f 5575 5576 4477
f 5576 4478 4477
f 5576 5577 4478
f 5577 4479 4478
f 5577 4480 4479
f 5576 5578 5577
f 5578 5579 5577
f 5579 5580 5577
f 5579 5581 5580
f 5579 5582 5581
f 5582 5583 5581
f 5583 5584 5581
f 5584 5585 5581
f 5584 5586 5585
f 5586 5587 5585
f 5587 5588 5585
f 5588 5589 5585
f 5589 5590 5585
f 5589 5591 5590
f 5591 5592 5590
f 5591 5593 5592
f 5593 5594 5592
f 5594 5581 5592
f 5593 5595 5594
f 5595 4480 5594
f 5595 4481 4480
f 5595 4483 4481
f 4483 4482 4481
f 5595 5593 4483
f 5593 4484 4483
f 5593 5596 4484
f 5596 4485 4484
f 5596 5597 4485
f 5597 4486 4485
f 5597 4487 4486
f 5597 5598 4487
f 5598 5599 4487
f 5599 5600 4487
f 5600 4488 4487
f 5600 5601 4488
f 5601 4489 4488
f 5601 5602 4489
f 5602 4491 4489
f 4491 4490 4489
f 5602 4492 4491
f 5602 5603 4492
f 5603 5604 4492
f 5604 4494 4492
f 4494 4493 4492
f 5604 5605 4494
f 5605 4495 4494
f 5605 4496 4495
f 5605 4497 4496
f 5605 5606 4497
f 5606 4498 4497
f 5606 5607 4498
f 5607 5608 4498
f 5608 5609 4498
f 5609 4499 4498
f 5609 4500 4499
f 5609 4501 4500
f 5609 5610 4501
f 5610 5611 4501
f 5611 5612 4501
f 5612 4502 4501
f 5612 4504 4502
f 4504 4503 4502
f 5612 4505 4504
f 5612 5613 4505
f 5613 4506 4505
f 5613 4507 4506
f 5613 5614 4507
f 5614 5615 4507
f 5615 5616 4507
f 5616 4508 4507
f 5616 5617 4508
f 5617 4509 4508
f 5617 5618 4509
f 5618 4511 4509
f 4511 4510 4509
f 5618 5619 4511
f 5619 4512 4511
f 5619 5620 4512
f 5620 4513 4512
f 5620 4514 4513
f 5620 5621 4514
f 5621 4515 4514
f 5621 5622 4515
f 5622 5623 4515
f 5623 4516 4515
f 5623 4517 4516
f 5623 5624 4517
f 5624 4518 4517
f 5624 5625 4518
f 5625 4519 4518
f 5625 5626 4519
f 5626 4520 4519
f 5626 5627 4520
f 5627 4521 4520
f 5627 5628 4521
f 5628 4522 4521
f 5628 5629 4522
f 5629 5630 4522
f 5630 5631 4522
f 5631 4523 4522
f 5631 4524 4523
f 5631 4528 4524
f 4528 4527 4524
f 4527 4525 4524
f 4527 4526 4525
f 5631 4529 4528
f 5631 5630 4529
f 5630 4530 4529
f 5630 5632 4530
f 5632 4531 4530
f 5632 5633 4531
f 5633 4532 4531
f 5633 5634 4532
f 5634 4533 4532
f 5634 5635 4533
f 5635 5636 4533
f 5636 4534 4533
f 5636 5637 4534
f 5637 4535 4534
f 5637 4536 4535
f 5637 5638 4536
f 5638 4537 4536
f 5638 5639 4537
f 5639 4538 4537
f 5639 5640 4538
f 5640 4539 4538
f 5640 5641 4539
f 5641 5642 4539
f 5642 4540 4539
f 5642 5643 4540
f 5643 4541 4540
f 5643 5644 4541
f 5644 4542 4541
f 5644 5645 4542
f 5644 5646 5645
f 5646 5647 5645
f 5646 5648 5647
f 5648 5649 5647
f 5649 5650 5647
f 5650 5651 5647
f 5649 5652 5650
f 5652 5653 5650
f 5652 5654 5653
f 5654 5655 5653
f 5655 5656 5653
f 5654 5657 5655
f 5657 5658 5655
f 5657 5659 5658
f 5659 5660 5658
f 5660 5661 5658
f 5660 5662 5661
f 5662 5663 5661
f 5663 5664 5661
f 5664 5656 5661
f 5664 5665 5656
f 5665 5666 5656
f 5666 5651 5656
f 5666 5667 5651
f 5667 5668 5651
f 5668 5669 5651
f 5668 5670 5669
f 5670 5671 5669
f 5671 5672 5669
f 5672 4542 5669
f 5672 4543 4542
f 5672 5673 4543
f 5673 4544 4543
f 5673 5674 4544
f 5674 5675 4544
f 5675 5676 4544
f 5676 4545 4544
f 5676 5677 4545
f 5677 4546 4545
f 5677 5678 4546
f 5678 4547 4546
f 5678 4549 4547
f 4549 4548 4547
f 5678 5679 4549
f 5679 4550 4549
f 5679 5680 4550
f 5680 5681 4550
f 5681 4551 4550
f 5681 5682 4551
f 5682 4552 4551
f 5682 4553 4552
f 5682 5683 4553
f 5683 5684 4553
f 5684 4554 4553
f 5684 5685 4554
f 5685 4555 4554
f 5685 5686 4555
f 5686 4556 4555
f 5686 5687 4556
f 5687 4557 4556
f 5687 5688 4557
f 5688 4558 4557
f 5688 5689 4558
f 5689 4559 4558
f 5689 5690 4559
f 5690 4560 4559
f 5690 5691 4560
f 5691 4561 4560
f 5691 4562 4561
f 5691 5692 4562
f 5692 4563 4562
f 5692 5693 4563
f 5693 4564 4563
f 5693 4565 4564
f 5693 5694 4565
f 5694 5695 4565
f 5695 4566 4565
f 5695 4567 4566
f 5695 5696 4567
f 5696 4568 4567
f 5696 4569 4568
f 5696 5697 4569
f 5697 5698 4569
f 5698 5699 4569
f 5699 4570 4569
f 5699 4571 4570
f 5699 5700 4571
f 5700 5701 4571
f 5701 4572 4571
f 5701 5702 4572
f 5702 5703 4572
f 5703 4573 4572
f 5703 5704 4573
f 5704 4574 4573
f 5704 4576 4574
f 4576 4575 4574
f 5704 4577 4576
f 5704 5705 4577
f 5705 4578 4577
f 5705 5706 4578
f 5706 4579 4578
f 5706 5707 4579
f 5707 4580 4579
f 5707 5708 4580
f 5708 4581 4580
f 5708 5709 4581
f 5709 4582 4581
f 5709 5710 4582
f 5710 5711 4582
f 5711 4583 4582
f 5711 4584 4583
f 5711 5712 4584
f 5712 4585 4584
f 5712 5713 4585
f 5713 4586 4585
f 5713 4587 4586
f 5713 5714 4587
f 5714 4588 4587
f 5714 5715 4588
f 5715 4590 4588
f 4590 4589 4588
f 5715 5716 4590
f 5716 4591 4590
f 5716 5717 4591
f 5717 4592 4591
f 5717 5718 4592
f 5718 4593 4592
f 5717 5719 5718
f 5719 5720 5718
f 5720 5721 5718
f 5720 5722 5721
f 5722 5723 5721
f 5723 5724 5721
f 5724 5725 5721
f 5724 5726 5725
f 5726 4593 5725
f 5726 5727 4593
f 5727 4595 4593
f 4595 4594 4593
f 5727 4596 4595
f 5727 5728 4596
f 5728 5729 4596
f 5729 4597 4596
f 5729 4598 4597
f 5729 5730 4598
f 5730 4599 4598
f 5730 5731 4599
f 5731 4600 4599
f 5731 5732 4600
f 5732 5733 4600
f 5733 4601 4600
f 5733 4602 4601
f 5733 5734 4602
f 5734 4603 4602
f 5734 5735 4603
f 5735 4604 4603
f 5735 5736 4604
f 5736 5737 4604
f 5737 4605 4604
f 5737 4606 4605
f 5737 4608 4606
f 4608 4607 4606
f 5737 5738 4608
f 5738 5739 4608
f 5739 4609 4608
f 5739 5740 4609
f 5740 4610 4609
f 5740 5741 4610
f 5741 4611 4610
f 5741 5742 4611
f 5742 4612 4611
f 5742 5743 4612
f 5743 5744 4612
f 5744 4613 4612
f 5744 4614 4613
f 5744 5745 4614
f 5745 5746 4614
f 5746 4615 4614
f 5746 5747 4615
f 5747 4616 4615
f 5747 5748 4616
f 5748 4617 4616
f 5748 5749 4617
f 5749 5750 4617
f 5750 4618 4617
f 5750 5751 4618
f 5751 4619 4618
f 5751 4620 4619
f 5751 4622 4620
f 5751 5750 4622
f 5750 4623 4622
f 5750 5752 4623
f 5752 5753 4623
f 5753 5754 4623
f 5754 4624 4623
f 5754 5755 4624
f 5755 4625 4624
f 5755 4626 4625
f 5755 5756 4626
f 5756 5757 4626
f 5757 4627 4626
f 5757 5758 4627
f 5758 4628 4627
f 5758 5759 4628
f 5759 5760 4628
f 5760 5761 4628
f 5761 4629 4628
f 5761 4630 4629
f 5761 4631 4630
f 5761 5762 4631
f 5762 5763 4631
f 5763 4632 4631
f 5763 5764 4632
f 5764 4633 4632
f 5764 4634 4633
f 5764 5765 4634
f 5765 5766 4634
f 5766 4636 4634
f 4636 4635 4634
f 5766 5767 4636
f 5767 4637 4636
f 5767 4638 4637
f 5767 4639 4638
f 5767 5768 4639
f 6486 5452 5451
f 6486 6487 5452
f 6487 5453 5452
f 6487 5454 5453
f 6487 6488 5454
f 6488 6489 5454
f 6489 5455 5454
f 6489 5456 5455
f 6489 6490 5456
f 6490 5457 5456
f 6490 6491 5457
f 6491 5458 5457
f 6491 6492 5458
f 6492 6493 5458
f 6493 5459 5458
f 6493 6494 5459
f 6494 5460 5459
f 6494 5461 5460
f 6494 6495 5461
f 6495 5462 5461
f 6495 6496 5462
f 6496 5463 5462
f 6496 6497 5463
f 6497 6498 5463
f 6498 5464 5463
f 6498 6499 5464
f 6499 5465 5464
f 6499 5466 5465
f 6499 6500 5466
f 6500 5467 5466
f 6500 6501 5467
f 6501 5468 5467
f 6501 6502 5468
f 6502 6503 5468
f 6503 5469 5468
f 6503 6504 5469
f 6504 5470 5469
f 6504 5471 5470
f 6504 6505 5471
f 6505 5472 5471
f 6505 5474 5472
f 5474 5473 5472
f 6505 5475 5474
f 6505 6506 5475
f 6506 5477 5475
f 5477 5476 5475
f 6506 6507 5477
f 6507 6508 5477
f 6508 5478 5477
f 6508 5479 5478
f 6508 6509 5479
f 6509 5480 5479
f 6509 6510 5480
f 6510 5481 5480
f 6510 6511 5481
f 6511 5482 5481
f 6511 6512 5482
f 6512 5483 5482
f 6512 6513 5483
f 6513 5484 5483
f 6513 6514 5484
f 6514 6515 5484
f 6515 5485 5484
f 6515 5486 5485
f 6515 6516 5486
f 6516 5487 5486
f 6516 5488 5487
f 6516 6517 5488
f 6517 6518 5488
f 6518 6519 5488
f 6519 5489 5488
f 6615 6616 5572
f 6616 5573 5572
f 6616 6617 5573
f 6617 5574 5573
f 6617 5575 5574
f 6617 6618 5575
f 6618 5576 5575
f 6618 5578 5576
f 6618 5579 5578
f 6618 6619 5579
f 6619 5582 5579
f 6619 6620 5582
f 6620 6621 5582
f 6621 5583 5582
f 6621 6622 5583
f 6622 6623 5583
f 6623 5586 5583
f 5586 5584 5583
f 6623 5587 5586
f 6623 6624 5587
f 6624 6625 5587
f 6625 6626 5587
f 6626 5588 5587
f 6626 6627 5588
f 6627 6628 5588
f 6628 5589 5588
f 6628 6629 5589
f 6629 5591 5589
f 6629 5597 5591
f 5597 5596 5591
f 5596 5593 5591
f 6629 6630 5597
f 6630 5598 5597
f 6630 6631 5598
f 6631 5599 5598
f 6631 6632 5599
f 6632 6633 5599
f 6633 6634 5599
f 6634 5600 5599
f 6634 6635 5600
f 6635 5601 5600
f 6635 6636 5601
f 6636 5602 5601
f 6636 5603 5602
f 6636 6637 5603
f 6637 6638 5603
f 6638 5604 5603
f 6638 5605 5604
f 6638 5606 5605
f 6638 5607 5606
f 6638 6639 5607
f 6639 6640 5607
f 6640 5608 5607
f 6640 6641 5608
f 6641 6642 5608
f 6642 5609 5608
f 6642 5610 5609
f 6642 6643 5610
f 6643 5611 5610
f 6643 6644 5611
f 6644 5612 5611
f 6644 5613 5612
f 6644 5614 5613
f 6644 6645 5614
f 6645 5615 5614
f 6645 6646 5615
f 6646 6647 5615
f 6647 5616 5615
f 6647 6648 5616
f 6648 5617 5616
f 6648 6649 5617
f 6649 5618 5617
f 6649 6650 5618
f 6650 5619 5618
f 6650 6651 5619
f 6651 5620 5619
f 6651 5621 5620
f 6651 6652 5621
f 6652 5622 5621
f 6652 6653 5622
f 6653 6654 5622
f 6654 5623 5622
f 6654 5624 5623
f 6654 6655 5624
f 6655 5625 5624
f 6655 6656 5625
f 6656 5626 5625
f 6656 6657 5626
f 6657 6658 5626
f 6658 5627 5626
f 6658 6659 5627
f 6659 5628 5627
f 6659 5629 5628
f 6659 6660 5629
f 6660 5632 5629
f 5632 5630 5629
f 6660 5633 5632
f 6660 6661 5633
f 6661 5634 5633
f 6661 6662 5634
f 6662 5635 5634
f 6662 6663 5635
f 6663 6664 5635
f 6664 5636 5635
f 6664 6665 5636
f 6665 5637 5636
f 6665 5638 5637
f 6665 6666 5638
f 6666 5639 5638
f 6666 6667 5639
f 6667 5640 5639
f 6667 6668 5640
f 6668 5641 5640
f 6668 6669 5641
f 6669 6670 5641
f 6670 5642 5641
f 6670 6671 5642
f 6671 5643 5642
f 6671 5646 5643
f 5646 5644 5643
f 6671 6672 5646
f 6672 5648 5646
f 6672 6673 5648
f 6673 5649 5648
f 6673 6674 5649
f 6674 5652 5649
f 6674 6675 5652
f 6675 5654 5652
f 6675 6676 5654
f 6676 5657 5654
f 6676 5659 5657
f 6676 6677 5659
f 6677 6678 5659
f 6678 6679 5659
f 6679 5660 5659
f 6679 6680 5660
f 6680 5662 5660
f 6680 6681 5662
f 6681 6682 5662
f 6682 6683 5662
f 6683 5663 5662
f 6683 6684 5663
f 6684 6685 5663
f 6685 5664 5663
f 6685 6686 5664
f 6686 5665 5664
f 6686 6687 5665
f 6687 5666 5665
f 6687 6688 5666
f 6688 5667 5666
f 6688 6689 5667
f 6689 5668 5667
f 6689 5670 5668
f 6689 6690 5670
f 6690 6691 5670
f 6691 5671 5670
f 6691 6692 5671
f 6692 5674 5671
f 5674 5673 5671
f 5673 5672 5671
f 6692 6693 5674
f 6693 6694 5674
f 6694 5675 5674
f 6694 6695 5675
f 6695 5676 5675
f 6695 6696 5676
f 6696 5677 5676
f 6696 5679 5677
f 5679 5678 5677
f 6696 6697 5679
f 6697 5680 5679
f 6697 6698 5680
f 6698 6699 5680
f 6699 5681 5680
f 6699 6700 5681
f 6700 5682 5681
f 6700 5683 5682
f 6700 6701 5683
f 6701 6702 5683
f 6702 5684 5683
f 6702 6703 5684
f 6703 5685 5684
f 6703 6704 5685
f 6704 5686 5685
f 6704 6705 5686
f 6705 5687 5686
f 6705 6706 5687
f 6706 5688 5687
f 6706 6707 5688
f 6707 5689 5688
f 6707 6708 5689
f 6708 5690 5689
f 6708 6709 5690
f 6709 5691 5690
f 6709 5692 5691
f 6709 5693 5692
f 6709 6710 5693
f 6710 5694 5693
f 6710 6711 5694
f 6711 6712 5694
f 6712 5695 5694
f 6712 5696 5695
f 6712 5697 5696
f 6712 6713 5697
f 6713 6714 5697
f 6714 6715 5697
f 6715 5698 5697
f 6715 6716 5698
f 6716 5699 5698
f 6716 5700 5699
f 6716 6717 5700
f 6717 6718 5700
f 6718 5701 5700
f 6718 5702 5701
f 6718 6719 5702
f 6719 6720 5702
f 6720 6721 5702
f 6721 5703 5702
f 6721 5704 5703
f 6721 5705 5704
f 6721 6720 5705
f 6720 6722 5705
f 6722 5706 5705
f 6722 6723 5706
f 6723 5707 5706
f 6723 6724 5707
f 6724 5708 5707
f 6724 6725 5708
f 6725 5709 5708
f 6725 6726 5709
f 6726 5710 5709
f 6726 6727 5710
f 6727 6728 5710
f 6728 5712 5710
f 5712 5711 5710
f 6728 6729 5712
f 6729 5713 5712
f 6729 5714 5713
f 6729 6730 5714
f 6730 5715 5714
f 6730 6731 5715
f 6731 5716 5715
f 6731 5719 5716
f 5719 5717 5716
f 6731 6732 5719
f 6732 6733 5719
f 6733 5720 5719
f 6733 6734 5720
f 6734 5722 5720
f 6734 6735 5722
f 6735 6736 5722
f 6736 6737 5722
f 6737 6738 5722
f 6738 5723 5722
f 6738 5724 5723
f 6738 6739 5724
f 6739 5726 5724
f 6738 6740 6739
f 6740 6741 6739
f 6740 6742 6741
f 6742 6743 6741
f 6743 6744 6741
f 6744 6745 6741
f 6745 6746 6741
f 6745 6747 6746
f 6747 6748 6746
f 6748 6749 6746
f 6749 6750 6746
f 6750 6751 6746
f 6750 6752 6751
f 6750 6753 6752
f 6753 5730 6752
f 5730 5729 6752
f 5729 5728 6752
f 6753 6754 5730
f 6754 5731 5730
f 6754 5732 5731
f 6754 6750 5732
f 6750 6755 5732
f 6750 6749 6755
f 6749 6756 6755
f 6749 6748 6756
f 6748 6757 6756
f 6757 6758 6756
f 6758 6759 6756
f 6759 6760 6756
f 6759 6761 6760
f 6761 5733 6760
f 5733 6754 6760
f 6761 5734 5733
f 6761 5735 5734
f 6761 5736 5735
f 6761 6759 5736
f 6759 5738 5736
f 5738 5737 5736
f 6759 6762 5738
f 6762 5739 5738
f 6762 6763 5739
f 6763 5740 5739
f 6763 6764 5740
f 6764 5741 5740
f 6764 6765 5741
f 6765 5742 5741
f 6765 6766 5742
f 6766 5743 5742
f 6766 6767 5743
f 6767 6768 5743
f 6768 5744 5743
f 6768 5745 5744
f 6768 6769 5745
f 6769 6770 5745
f 6770 5746 5745
f 6770 6771 5746
f 6771 5747 5746
f 6771 5748 5747
f 6771 6772 5748
f 6772 6773 5748
f 6773 5749 5748
f 6773 6774 5749
f 6774 6775 5749
f 6775 5752 5749
f 5752 5750 5749
f 6775 5753 5752
f 6775 6776 5753
f 6776 5754 5753
f 6776 6777 5754
f 6777 5755 5754
f 6777 5756 5755
f 6777 6778 5756
f 6778 6779 5756
f 6779 6780 5756
f 6780 5757 5756
f 6780 5758 5757
f 6780 5759 5758
f 6780 6781 5759
f 6781 6782 5759
f 6782 6783 5759
f 6783 5760 5759
f 6783 6784 5760
f 6784 5761 5760
f 6784 5762 5761
f 6784 6785 5762
f 6785 6786 5762
f 6786 5763 5762
f 6786 6787 5763
f 6787 5764 5763
f 6787 5765 5764
f 6787 6788 5765
f 6788 6789 5765
f 6789 5766 5765
f 6789 6790 5766
f 6790 5768 5766
f 5768 5767 5766
f 6790 6791 5768
f 7541 7542 6486
f 7542 6487 6486
f 7542 6488 6487
f 7542 7543 6488
f 7543 7544 6488
f 7544 6489 6488
f 7544 6490 6489
f 7544 7545 6490
f 7545 6491 6490
f 7545 7546 6491
f 7546 6492 6491
f 7546 7547 6492
f 7547 7548 6492
f 7548 6493 6492
f 7548 7549 6493
f 7549 6494 6493
f 7549 6495 6494
f 7549 7550 6495
f 7550 6496 6495
f 7550 7551 6496
f 7551 6497 6496
f 7551 7552 6497
f 7552 6498 6497
f 7552 7553 6498
f 7553 7554 6498
f 7554 6499 6498
f 7554 6500 6499
f 7554 7555 6500
f 7555 6501 6500
f 7555 7556 6501
f 7556 6502 6501
f 7556 7557 6502
f 7557 6503 6502
f 7557 6507 6503
f 6507 6506 6503
f 6506 6504 6503
f 6506 6505 6504
f 7557 7558 6507
f 7558 6508 6507
f 7558 6509 6508
f 7558 7559 6509
f 7559 6510 6509
f 7559 7560 6510
f 7560 6511 6510
f 7560 7561 6511
f 7561 6512 6511
f 7561 7562 6512
f 7562 7563 6512
f 7563 7564 6512
f 7564 6513 6512
f 7564 6514 6513
f 7564 7565 6514
f 7565 7566 6514
f 7566 6515 6514
f 7566 6516 6515
f 7566 6517 6516
f 7566 7567 6517
f 7567 7568 6517
f 7568 6518 6517
f 7568 7569 6518
f 7569 6520 6518
f 6520 6519 6518
f 7670 7671 6614
f 7671 6615 6614
f 7671 7672 6615
f 7672 6616 6615
f 7672 7673 6616
f 7673 6617 6616
f 7673 6618 6617
f 7673 6620 6618
f 6620 6619 6618
f 7673 7674 6620
f 7674 7675 6620
f 7675 7676 6620
f 7676 6621 6620
f 7676 7677 6621
f 7677 7678 6621
f 7678 7679 6621
f 7679 6622 6621
f 7679 6623 6622
f 7679 7678 6623
f 7678 7680 6623
f 7680 6624 6623
f 7680 7681 6624
f 7681 7682 6624
f 7682 6625 6624
f 7682 7683 6625
f 7683 7684 6625
f 7684 6626 6625
f 7684 7685 6626
f 7685 6627 6626
f 7685 7686 6627
f 7686 7687 6627
f 7687 6628 6627
f 7687 6630 6628
f 6630 6629 6628
f 7687 6631 6630
f 7687 7688 6631
f 7688 6632 6631
f 7688 7689 6632
f 7689 7690 6632
f 7690 6633 6632
f 7690 6634 6633
f 7690 7691 6634
f 7691 7692 6634
f 7692 6635 6634
f 7692 7693 6635
f 7693 6636 6635
f 7693 6637 6636
f 7693 7694 6637
f 7694 6639 6637
f 6639 6638 6637
f 7694 7695 6639
f 7695 6640 6639
f 7695 7696 6640
f 7696 6641 6640
f 7696 7697 6641
f 7697 7698 6641
f 7698 6642 6641
f 7698 6643 6642
f 7698 7699 6643
f 7699 7700 6643
f 7700 6644 6643
f 7700 6645 6644
f 7700 7699 6645
f 7699 7701 6645
f 7701 6646 6645
f 7701 7702 6646
f 7702 7703 6646
f 7703 6647 6646
f 7703 7704 6647
f 7704 6648 6647
f 7704 7705 6648
f 7705 6649 6648
f 7705 7706 6649
f 7706 6650 6649
f 7706 7707 6650
f 7707 7708 6650
f 7708 6651 6650
f 7708 6652 6651
f 7708 7709 6652
f 7709 6653 6652
f 7709 7710 6653
f 7710 7711 6653
f 7711 6654 6653
f 7711 7712 6654
f 7712 6655 6654
f 7712 6656 6655
f 7712 7713 6656
f 7713 6657 6656
f 7713 7714 6657
f 7714 6658 6657
f 7714 7715 6658
f 7715 6659 6658
f 7715 7716 6659
f 7716 6660 6659
f 7716 6661 6660
f 7716 7717 6661
f 7717 6662 6661
f 7717 7718 6662
f 7718 6663 6662
f 7718 7719 6663
f 7719 7720 6663
f 7720 6664 6663
f 7720 7721 6664
f 7721 6665 6664
f 7721 6666 6665
f 7721 7722 6666
f 7722 6667 6666
f 7722 7723 6667
f 7723 6668 6667
f 7723 7724 6668
f 7724 6669 6668
f 7724 7725 6669
f 7725 7726 6669
f 7726 6670 6669
f 7726 7727 6670
f 7727 6671 6670
f 7727 6672 6671
f 7727 7728 6672
f 7728 6673 6672
f 7728 7729 6673
f 7729 6674 6673
f 7729 7730 6674
f 7730 6675 6674
f 7730 7731 6675
f 7731 6676 6675
f 7731 7732 6676
f 7732 6677 6676
f 7732 7733 6677
f 7733 6678 6677
f 7733 7734 6678
f 7734 7735 6678
f 7735 6679 6678
f 7735 7736 6679
f 7736 6680 6679
f 7736 6681 6680
f 7736 7737 6681
f 7737 7738 6681
f 7738 6682 6681
f 7738 7739 6682
f 7739 7740 6682
f 7740 6683 6682
f 7740 7741 6683
f 7741 6684 6683
f 7741 7742 6684
f 7742 7743 6684
f 7743 6685 6684
f 7743 6686 6685
f 7743 7744 6686
f 7744 6687 6686
f 7744 7745 6687
f 7745 6688 6687
f 7745 7746 6688
f 7746 6689 6688
f 7746 6690 6689
f 7746 7747 6690
f 7747 7748 6690
f 7748 6691 6690
f 7748 7749 6691
f 7749 6692 6691
f 7749 6693 6692
f 7749 7750 6693
f 7750 7751 6693
f 7751 6694 6693
f 7751 7752 6694
f 7752 6695 6694
f 7752 7753 6695
f 7753 6696 6695
f 7753 6697 6696
f 7753 7754 6697
f 7754 6698 6697
f 7754 7755 6698
f 7755 7756 6698
f 7756 6699 6698
f 7756 7757 6699
f 7757 6700 6699
f 7757 6701 6700
f 7757 7758 6701
f 7758 7759 6701
f 7759 6702 6701
f 7759 7760 6702
f 7760 6703 6702
f 7760 7761 6703
f 7761 7762 6703
f 7762 6704 6703
f 7762 6705 6704
f 7762 7763 6705
f 7763 6706 6705
f 7763 7764 6706
f 7764 6707 6706
f 7764 7765 6707
f 7765 6708 6707
f 7765 7766 6708
f 7766 6709 6708
f 7766 6710 6709
f 7766 6711 6710
f 7766 7767 6711
f 7767 6713 6711
f 6713 6712 6711
f 7767 7768 6713
f 7768 6714 6713
f 7768 7769 6714
f 7769 7770 6714
f 7770 6715 6714
f 7770 7771 6715
f 7771 6716 6715
f 7771 6717 6716
f 7771 7772 6717
f 7772 7773 6717
f 7773 6718 6717
f 7773 6719 6718
f 7773 7774 6719
f 7774 7775 6719
f 7775 6720 6719
f 7775 6722 6720
f 7775 7776 6722
f 7776 6723 6722
f 7776 7777 6723
f 7777 6724 6723
f 7777 7778 6724
f 7778 6725 6724
f 7778 7779 6725
f 7779 7780 6725
f 7780 6726 6725
f 7780 7781 6726
f 7781 6727 6726
f 7781 7782 6727
f 7782 7783 6727
f 7783 6729 6727
f 6729 6728 6727
f 7783 6730 6729
f 7783 7782 6730
f 7782 7784 6730
f 7784 6731 6730
f 7784 6732 6731
f 7784 7785 6732
f 7785 7786 6732
f 7786 6733 6732
f 7786 6734 6733
f 7786 7787 6734
f 7787 6735 6734
f 7787 7788 6735
f 7788 7789 6735
f 7789 6736 6735
f 7789 6737 6736
f 7789 7790 6737
f 7790 6742 6737
f 6742 6738 6737
f 6742 6740 6738
f 7790 6743 6742
f 7790 7791 6743
f 7791 7792 6743
f 7792 6744 6743
f 7792 6745 6744
f 7792 7793 6745
f 7792 7794 7793
f 7794 7795 7793
f 7795 7796 7793
f 7796 7797 7793
f 7796 7798 7797
f 7798 7799 7797
f 7799 7800 7797
f 7800 6745 7797
f 7800 6747 6745
f 7800 6748 6747
f 7800 7799 6748
f 7799 6757 6748
f 7799 7801 6757
f 7801 6758 6757
f 7801 7802 6758
f 7802 6763 6758
f 6763 6762 6758
f 6762 6759 6758
f 7802 6764 6763
f 7802 7803 6764
f 7803 6765 6764
f 7803 7804 6765
f 7804 6766 6765
f 7804 7805 6766
f 7805 6767 6766
f 7805 7806 6767
f 7806 7807 6767
f 7807 6768 6767
f 7807 6769 6768
f 7807 7808 6769
f 7808 7809 6769
f 7809 6770 6769
f 7809 7810 6770
f 7810 6771 6770
f 7810 7811 6771
f 7811 6772 6771
f 7811 7812 6772
f 7812 6773 6772
f 7812 7813 6773
f 7813 6774 6773
f 7813 7814 6774
f 7814 7815 6774
f 7815 6775 6774
f 7815 6776 6775
f 7815 7816 6776
f 7816 6777 6776
f 7816 6778 6777
f 7816 7817 6778
f 7817 7818 6778
f 7818 6779 6778
f 7818 7819 6779
f 7819 6781 6779
f 6781 6780 6779
f 7819 7820 6781
f 7820 6782 6781
f 7820 7821 6782
f 7821 6783 6782
f 7821 7822 6783
f 7822 6784 6783
f 7822 6785 6784
f 7822 7823 6785
f 7823 7824 6785
f 7824 6786 6785
f 7824 7825 6786
f 7825 6787 6786
f 7825 6788 6787
f 7825 7826 6788
f 7826 7827 6788
f 7827 6789 6788
f 7827 7828 6789
f 7828 6790 6789
f 7828 6791 6790
f 7828 7829 6791
f 8869 7543 7542
f 8869 8870 7543
f 8870 8871 7543
f 8871 7544 7543
f 8871 7545 7544
f 8871 8872 7545
f 8872 7546 7545
f 8872 8873 7546
f 8873 7547 7546
f 8873 8874 7547
f 8874 8875 7547
f 8875 7548 7547
f 8875 7549 7548
f 8875 8876 7549
f 8876 7550 7549
f 8876 8877 7550
f 8877 7551 7550
f 8877 8878 7551
f 8878 7552 7551
f 8878 8879 7552
f 8879 7553 7552
f 8879 8880 7553
f 8880 7554 7553
f 8880 8881 7554
f 8881 7555 7554
f 8881 8882 7555
f 8882 7556 7555
f 8882 7559 7556
f 7559 7557 7556
f 7559 7558 7557
f 8882 7560 7559
f 8882 8883 7560
f 8883 7561 7560
f 8883 8884 7561
f 8884 7562 7561
f 8884 8885 7562
f 8885 7563 7562
f 8885 8886 7563
f 8886 7564 7563
f 8886 7565 7564
f 8886 8887 7565
f 8887 7567 7565
f 7567 7566 7565
f 8887 7568 7567
f 8887 8888 7568
f 8888 8889 7568
f 8889 8890 7568
f 8890 7569 7568
f 8890 7570 7569
f 8890 8891 7570
f 9009 9010 7669
f 9010 9011 7669
f 9011 9012 7669
f 9012 7670 7669
f 9012 9013 7670
f 9013 7671 7670
f 9013 7672 7671
f 9013 7674 7672
f 7674 7673 7672
f 9013 7675 7674
f 9013 9014 7675
f 9014 9015 7675
f 9015 7676 7675
f 9015 7677 7676
f 9015 9016 7677
f 9016 7678 7677
f 9016 9017 7678
f 9017 9018 7678
f 9018 7680 7678
f 9018 9019 7680
f 9019 7681 7680
f 9019 9020 7681
f 9020 7682 7681
f 9020 9021 7682
f 9021 7683 7682
f 9021 9022 7683
f 9022 9023 7683
f 9023 7684 7683
f 9023 9024 7684
f 9024 7685 7684
f 9024 9025 7685
f 9025 7686 7685
f 9025 9026 7686
f 9026 7688 7686
f 7688 7687 7686
f 9026 9027 7688
f 9027 7689 7688
f 9027 9028 7689
f 9028 9029 7689
f 9029 7690 7689
f 9029 9030 7690
f 9030 7691 7690
f 9030 9031 7691
f 9031 7692 7691
f 9031 9032 7692
f 9032 7693 7692
f 9032 9033 7693
f 9033 7694 7693
f 9033 9034 7694
f 9034 7695 7694
f 9034 9035 7695
f 9035 7696 7695
f 9035 9036 7696
f 9036 7697 7696
f 9036 9037 7697
f 9037 9038 7697
f 9038 7698 7697
f 9038 7699 7698
f 9038 7701 7699
f 9038 9039 7701
f 9039 7702 7701
f 9039 9040 7702
f 9040 9041 7702
f 9041 7703 7702
f 9041 9042 7703
f 9042 7704 7703
f 9042 9043 7704
f 9043 7705 7704
f 9043 9044 7705
f 9044 7706 7705
f 9044 7707 7706
f 9044 9045 7707
f 9045 9046 7707
f 9046 7709 7707
f 7709 7708 7707
f 9046 7710 7709
f 9046 9047 7710
f 9047 9048 7710
f 9048 7711 7710
f 9048 7712 7711
f 9048 9049 7712
f 9049 7713 7712
f 9049 9050 7713
f 9050 7714 7713
f 9050 9051 7714
f 9051 7715 7714
f 9051 9052 7715
f 9052 7716 7715
f 9052 7717 7716
f 9052 9053 7717
f 9053 7718 7717
f 9053 9054 7718
f 9054 7719 7718
f 9054 9055 7719
f 9055 9056 7719
f 9056 7720 7719
f 9056 9057 7720
f 9057 7721 7720
f 9057 7722 7721
f 9057 9058 7722
f 9058 7723 7722
f 9058 9059 7723
f 9059 7724 7723
f 9059 9060 7724
f 9060 7725 7724
f 9060 9061 7725
f 9061 9062 7725
f 9062 7726 7725
f 9062 9063 7726
f 9063 7727 7726
f 9063 7728 7727
f 9063 9064 7728
f 9064 7729 7728
f 9064 9065 7729
f 9065 7730 7729
f 9065 9066 7730
f 9066 7731 7730
f 9066 9067 7731
f 9067 7732 7731
f 9067 9068 7732
f 9068 7733 7732
f 9068 9069 7733
f 9069 7734 7733
f 9069 9070 7734
f 9070 9071 7734
f 9071 7735 7734
f 9071 9072 7735
f 9072 7736 7735
f 9072 7737 7736
f 9072 9073 7737
f 9073 9074 7737
f 9074 7738 7737
f 9074 9075 7738
f 9075 9076 7738
f 9076 7739 7738
f 9076 9077 7739
f 9077 7740 7739
f 9077 9078 7740
f 9078 7741 7740
f 9078 9079 7741
f 9079 7742 7741
f 9079 9080 7742
f 9080 9081 7742
f 9081 7743 7742
f 9081 7744 7743
f 9081 9082 7744
f 9082 9083 7744
f 9083 7745 7744
f 9083 9084 7745
f 9084 7746 7745
f 9084 7747 7746
f 9084 9085 7747
f 9085 9086 7747
f 9086 7748 7747
f 9086 9087 7748
f 9087 7749 7748
f 9087 7750 7749
f 9087 9088 7750
f 9088 9089 7750
f 9089 7751 7750
f 9089 9090 7751
f 9090 7752 7751
f 9090 9091 7752
f 9091 7753 7752
f 9091 7754 7753
f 9091 9092 7754
f 9092 7755 7754
f 9092 9093 7755
f 9093 7756 7755
f 9093 9094 7756
f 9094 7757 7756
f 9094 7758 7757
f 9094 9095 7758
f 9095 9096 7758
f 9096 7759 7758
f 9096 9097 7759
f 9097 7760 7759
f 9097 9098 7760
f 9098 7761 7760
f 9098 9099 7761
f 9099 7762 7761
f 9099 9100 7762
f 9100 7763 7762
f 9100 9101 7763
f 9101 7764 7763
f 9101 9102 7764
f 9102 7765 7764
f 9102 7767 7765
f 7767 7766 7765
f 9102 7768 7767
f 9102 9103 7768
f 9103 7769 7768
f 9103 9104 7769
f 9104 9105 7769
f 9105 7770 7769
f 9105 9106 7770
f 9106 7771 7770
f 9106 7772 7771
f 9106 9107 7772
f 9107 9108 7772
f 9108 7773 7772
f 9108 7774 7773
f 9108 9109 7774
f 9109 9110 7774
f 9110 7775 7774
f 9110 7776 7775
f 9110 9111 7776
f 9111 7777 7776
f 9111 9112 7777
f 9112 7778 7777
f 9112 7779 7778
f 9112 9113 7779
f 9113 9114 7779
f 9114 7780 7779
f 9114 9115 7780
f 9115 7781 7780
f 9115 9116 7781
f 9116 7782 7781
f 9116 7785 7782
f 7785 7784 7782
f 9116 9117 7785
f 9117 7787 7785
f 7787 7786 7785
f 9117 9118 7787
f 9118 7788 7787
f 9118 9119 7788
f 9119 9120 7788
f 9120 7789 7788
f 9120 7790 7789
f 9120 7791 7790
f 9119 9121 9120
f 9119 9122 9121
f 9122 9123 9121
f 9123 9124 9121
f 9124 9125 9121
f 9124 9126 9125
f 9126 9127 9125
f 9127 9128 9125
f 9128 7792 9125
f 7792 7791 9125
f 9128 7794 7792
f 9128 9129 7794
f 9129 9130 7794
f 9130 7795 7794
f 9130 9131 7795
f 9131 7796 7795
f 9131 9132 7796
f 9132 9133 7796
f 9133 7798 7796
f 9133 9134 7798
f 9134 9135 7798
f 9135 7801 7798
f 7801 7799 7798
f 9135 7802 7801
f 9135 7803 7802
f 9135 9136 7803
f 9136 7804 7803
f 9136 9137 7804
f 9137 7805 7804
f 9137 9138 7805
f 9138 7806 7805
f 9138 9139 7806
f 9139 9140 7806
f 9140 7807 7806
f 9140 7808 7807
f 9140 9141 7808
f 9141 9142 7808
f 9142 7809 7808
f 9142 9143 7809
f 9143 7810 7809
f 9143 9144 7810
f 9144 7811 7810
f 9144 9145 7811
f 9145 7812 7811
f 9145 9146 7812
f 9146 7813 7812
f 9146 9147 7813
f 9147 7814 7813
f 9147 9148 7814
f 9148 7815 7814
f 9148 7816 7815
f 9148 7817 7816
f 9148 9149 7817
f 9149 9150 7817
f 9150 9151 7817
f 9151 7818 7817
f 9151 7819 7818
f 9151 9152 7819
f 9152 9153 7819
f 9153 7820 7819
f 9153 7821 7820
f 9153 9154 7821
f 9154 9155 7821
f 9155 9156 7821
f 9156 7822 7821
f 9156 7823 7822
f 9156 9157 7823
f 9157 9158 7823
f 9158 7824 7823
f 9158 9159 7824
f 9159 7825 7824
f 9159 7826 7825
f 9159 9160 7826
f 9160 9161 7826
f 9161 7827 7826
f 9161 9162 7827
f 9162 9163 7827
f 9163 7828 7827
f 9163 7829 7828
f 9163 9164 7829
f 9164 9167 7836
f 9167 7837 7836
f 9167 9168 7837
f 9168 7838 7837
f 9168 9169 7838
f 9169 7839 7838
f 9169 9170 7839
f 9680 9009 9008
f 9680 9010 9009
f 9680 9681 9010
f 9681 9682 9010
f 9682 9011 9010
f 9682 9683 9011
f 9683 9014 9011
f 9014 9012 9011
f 9014 9013 9012
f 9683 9016 9014
f 9016 9015 9014
f 9683 9684 9016
f 9684 9017 9016
f 9684 9685 9017
f 9685 9018 9017
f 9685 9686 9018
f 9686 9019 9018
f 9686 9687 9019
f 9687 9020 9019
f 9687 9688 9020
f 9688 9021 9020
f 9688 9689 9021
f 9689 9022 9021
f 9689 9690 9022
f 9690 9691 9022
f 9691 9023 9022
f 9691 9692 9023
f 9692 9024 9023
f 9692 9693 9024
f 9693 9025 9024
f 9693 9694 9025
f 9694 9026 9025
f 9694 9695 9026
f 9695 9027 9026
f 9695 9028 9027
f 9695 9696 9028
f 9696 9697 9028
f 9697 9029 9028
f 9697 9698 9029
f 9698 9030 9029
f 9698 9699 9030
f 9699 9031 9030
f 9699 9700 9031
f 9700 9032 9031
f 9700 9701 9032
f 9701 9033 9032
f 9701 9034 9033
f 9701 9702 9034
f 9702 9035 9034
f 9702 9703 9035
f 9703 9036 9035
f 9703 9704 9036
f 9704 9037 9036
f 9704 9705 9037
f 9705 9706 9037
f 9706 9039 9037
f 9039 9038 9037
f 9706 9040 9039
f 9706 9707 9040
f 9707 9708 9040
f 9708 9041 9040
f 9708 9709 9041
f 9709 9042 9041
f 9709 9710 9042
f 9710 9043 9042
f 9710 9711 9043
f 9711 9044 9043
f 9711 9045 9044
f 9711 9712 9045
f 9712 9713 9045
f 9713 9714 9045
f 9714 9046 9045
f 9714 9047 9046
f 9714 9715 9047
f 9715 9716 9047
f 9716 9048 9047
f 9716 9049 9048
f 9716 9717 9049
f 9717 9050 9049
f 9717 9718 9050
f 9718 9051 9050
f 9718 9719 9051
f 9719 9052 9051
f 9719 9053 9052
f 9719 9720 9053
f 9720 9054 9053
f 9720 9721 9054
f 9721 9055 9054
f 9721 9722 9055
f 9722 9723 9055
f 9723 9056 9055
f 9723 9724 9056
f 9724 9057 9056
f 9724 9058 9057
f 9724 9725 9058
f 9725 9059 9058
f 9725 9726 9059
f 9726 9060 9059
f 9726 9727 9060
f 9727 9061 9060
f 9727 9728 9061
f 9728 9729 9061
f 9729 9062 9061
f 9729 9730 9062
f 9730 9063 9062
f 9730 9064 9063
f 9730 9731 9064
f 9731 9065 9064
f 9731 9732 9065
f 9732 9066 9065
f 9732 9733 9066
f 9733 9067 9066
f 9733 9734 9067
f 9734 9068 9067
f 9734 9735 9068
f 9735 9069 9068
f 9735 9736 9069
f 9736 9070 9069
f 9736 9737 9070
f 9737 9738 9070
f 9738 9071 9070
f 9738 9739 9071
f 9739 9072 9071
f 9739 9073 9072
f 9739 9740 9073
f 9740 9741 9073
f 9741 9074 9073
f 9741 9742 9074
f 9742 9075 9074
f 9742 9743 9075
f 9743 9076 9075
f 9743 9744 9076
f 9744 9745 9076
f 9745 9077 9076
f 9745 9746 9077
f 9746 9747 9077
f 9747 9078 9077
f 9747 9748 9078
f 9748 9079 9078
f 9748 9749 9079
f 9749 9080 9079
f 9749 9750 9080
f 9750 9751 9080
f 9751 9081 9080
f 9751 9752 9081
f 9752 9753 9081
f 9753 9082 9081
f 9753 9754 9082
f 9754 9083 9082
f 9754 9755 9083
f 9755 9084 9083
f 9755 9085 9084
f 9755 9756 9085
f 9756 9757 9085
f 9757 9086 9085
f 9757 9758 9086
f 9758 9087 9086
f 9758 9088 9087
f 9758 9759 9088
f 9759 9760 9088
f 9760 9089 9088
f 9760 9761 9089
f 9761 9090 9089
f 9761 9762 9090
f 9762 9091 9090
f 9762 9092 9091
f 9762 9763 9092
f 9763 9764 9092
f 9764 9093 9092
f 9764 9765 9093
f 9765 9766 9093
f 9766 9094 9093
f 9766 9095 9094
f 9766 9767 9095
f 9767 9768 9095
f 9768 9096 9095
f 9768 9769 9096
f 9769 9097 9096
f 9769 9770 9097
f 9770 9098 9097
f 9770 9771 9098
f 9771 9099 9098
f 9771 9772 9099
f 9772 9100 9099
f 9772 9773 9100
f 9773 9101 9100
f 9773 9103 9101
f 9103 9102 9101
f 9773 9104 9103
f 9773 9774 9104
f 9774 9105 9104
f 9774 9775 9105
f 9775 9776 9105
f 9776 9106 9105
f 9776 9777 9106
f 9777 9107 9106
f 9777 9778 9107
f 9778 9108 9107
f 9778 9109 9108
f 9778 9779 9109
f 9779 9780 9109
f 9780 9110 9109
f 9780 9111 9110
f 9780 9781 9111
f 9781 9112 9111
f 9781 9113 9112
f 9781 9782 9113
f 9782 9783 9113
f 9783 9114 9113
f 9783 9784 9114
f 9784 9785 9114
f 9785 9115 9114
f 9785 9116 9115
f 9785 9117 9116
f 9785 9786 9117
f 9786 9118 9117
f 9786 9787 9118
f 9787 9122 9118
f 9122 9119 9118
f 9787 9788 9122
f 9788 9123 9122
f 9788 9789 9123
f 9789 9124 9123
f 9789 9790 9124
f 9790 9791 9124
f 9791 9126 9124
f 9791 9792 9126
f 9792 9127 9126
f 9792 9793 9127
f 9793 9129 9127
f 9129 9128 9127
f 9793 9794 9129
f 9794 9130 9129
f 9794 9795 9130
f 9795 9131 9130
f 9795 9796 9131
f 9796 9132 9131
f 9796 9797 9132
f 9797 9798 9132
f 9798 9133 9132
f 9798 9134 9133
f 9798 9799 9134
f 9799 9136 9134
f 9136 9135 9134
f 9799 9137 9136
f 9799 9800 9137
f 9800 9801 9137
f 9801 9138 9137
f 9801 9802 9138
f 9802 9139 9138
f 9802 9803 9139
f 9803 9804 9139
f 9804 9140 9139
f 9804 9141 9140
f 9804 9805 9141
f 9805 9806 9141
f 9806 9142 9141
f 9806 9807 9142
f 9807 9143 9142
f 9807 9808 9143
f 9808 9144 9143
f 9808 9809 9144
f 9809 9145 9144
f 9809 9810 9145
f 9810 9146 9145
f 9810 9811 9146
f 9811 9147 9146
f 9811 9812 9147
f 9812 9149 9147
f 9149 9148 9147
f 9812 9813 9149
f 9813 9150 9149
f 9813 9814 9150
f 9814 9151 9150
f 9814 9815 9151
f 9815 9152 9151
f 9815 9153 9152
f 9815 9816 9153
f 9816 9154 9153
f 9816 9817 9154
f 9817 9818 9154
f 9818 9819 9154
f 9819 9155 9154
f 9819 9820 9155
f 9820 9821 9155
f 9821 9157 9155
f 9157 9156 9155
f 9821 9822 9157
f 9822 9158 9157
f 9822 9823 9158
f 9823 9159 9158
f 9823 9160 9159
f 9823 9824 9160
f 9824 9825 9160
f 9825 9161 9160
f 9825 9162 9161
f 9825 9826 9162
f 9826 9167 9162
f 9167 9164 9162
f 9164 9163 9162
f 9826 9168 9167
f 9826 9827 9168
f 9827 9169 9168
f 9827 9828 9169
f 9828 9829 9169
f 9829 9170 9169
f 9829 9830 9170
f 9830 9831 9170
f 9831 9171 9170
f 10324 10325 9680
f 10325 9681 9680
f 10325 10326 9681
f 10326 10327 9681
f 10327 9682 9681
f 10327 10328 9682
f 10328 9683 9682
f 10328 9684 9683
f 10328 10329 9684
f 10329 9685 9684
f 10329 10330 9685
f 10330 9686 9685
f 10330 10331 9686
f 10331 9687 9686
f 10331 10332 9687
f 10332 9688 9687
f 10332 9689 9688
f 10332 10333 9689
f 10333 10334 9689
f 10334 9690 9689
f 10334 10335 9690
f 10335 10336 9690
f 10336 10337 9690
f 10337 9691 9690
f 10337 9692 9691
f 10337 10338 9692
f 10338 9693 9692
f 10338 10339 9693
f 10339 9694 9693
f 10339 10340 9694
f 10340 9695 9694
f 10340 9696 9695
f 10340 10341 9696
f 10341 10342 9696
f 10342 9697 9696
f 10342 10343 9697
f 10343 9698 9697
f 10343 10344 9698
f 10344 9699 9698
f 10344 10345 9699
f 10345 9700 9699
f 10345 10346 9700
f 10346 9701 9700
f 10346 9702 9701
f 10346 10347 9702
f 10347 9703 9702
f 10347 10348 9703
f 10348 9704 9703
f 10348 10349 9704
f 10349 9705 9704
f 10349 10350 9705
f 10350 9707 9705
f 9707 9706 9705
f 10350 10351 9707
f 10351 9708 9707
f 10351 10352 9708
f 10352 9709 9708
f 10352 10353 9709
f 10353 9710 9709
f 10353 10354 9710
f 10354 9711 9710
f 10354 9712 9711
f 10354 10355 9712
f 10355 9713 9712
f 10355 10356 9713
f 10356 10357 9713
f 10357 9715 9713
f 9715 9714 9713
f 10357 10358 9715
f 10358 9716 9715
f 10358 9717 9716
f 10358 10359 9717
f 10359 9718 9717
f 10359 10360 9718
f 10360 9719 9718
f 10360 9720 9719
f 10360 10361 9720
f 10361 9721 9720
f 10361 10362 9721
f 10362 9722 9721
f 10362 10363 9722
f 10363 10364 9722
f 10364 10365 9722
f 10365 9723 9722
f 10365 9724 9723
f 10365 9725 9724
f 10365 10366 9725
f 10366 9726 9725
f 10366 10367 9726
f 10367 9727 9726
f 10367 10368 9727
f 10368 9728 9727
f 10368 10369 9728
f 10369 10370 9728
f 10370 9729 9728
f 10370 10371 9729
f 10371 9730 9729
f 10371 9731 9730
f 10371 10372 9731
f 10372 9732 9731
f 10372 10373 9732
f 10373 9733 9732
f 10373 10374 9733
f 10374 9734 9733
f 10374 10375 9734
f 10375 9735 9734
f 10375 10376 9735
f 10376 9736 9735
f 10376 10377 9736
f 10377 9737 9736
f 10377 10378 9737
f 10378 10379 9737
f 10379 9738 9737
f 10379 10380 9738
f 10380 9739 9738
f 10380 9740 9739
f 10380 10381 9740
f 10381 10382 9740
f 10382 9741 9740
f 10382 10383 9741
f 10383 9742 9741
f 10383 10384 9742
f 10384 9743 9742
f 10384 10385 9743
f 10385 10386 9743
f 10386 9744 9743
f 10386 10387 9744
f 10387 9745 9744
f 10387 9746 9745
f 10387 10388 9746
f 10388 10389 9746
f 10389 10390 9746
f 10390 9747 9746
f 10390 10391 9747
f 10391 9748 9747
f 10391 10392 9748
f 10392 9749 9748
f 10392 9750 9749
f 10392 10393 9750
f 10393 10394 9750
f 10394 10395 9750
f 10395 9751 9750
f 10395 10396 9751
f 10396 9752 9751
f 10396 10397 9752
f 10397 9753 9752
f 10397 10398 9753
f 10398 9754 9753
f 10398 10399 9754
f 10399 9755 9754
f 10399 9756 9755
f 10399 10400 9756
f 10400 10401 9756
f 10401 10402 9756
f 10402 9757 9756
f 10402 9758 9757
f 10402 9759 9758
f 10402 10403 9759
f 10403 10404 9759
f 10404 9760 9759
f 10404 10405 9760
f 10405 9761 9760
f 10405 10406 9761
f 10406 9763 9761
f 9763 9762 9761
f 10406 10407 9763
f 10407 10408 9763
f 10408 9764 9763
f 10408 9765 9764
f 10408 10409 9765
f 10409 10410 9765
f 10410 9766 9765
f 10410 9767 9766
f 10410 10411 9767
f 10411 10412 9767
f 10412 9768 9767
f 10412 9769 9768
f 10412 10413 9769
f 10413 9770 9769
f 10413 10414 9770
f 10414 10415 9770
f 10415 9771 9770
f 10415 10416 9771
f 10416 9772 9771
f 10416 9774 9772
f 9774 9773 9772
f 10416 9775 9774
f 10416 10417 9775
f 10417 10418 9775
f 10418 9776 9775
f 10418 9777 9776
f 10418 10419 9777
f 10419 10420 9777
f 10420 9778 9777
f 10420 9779 9778
f 10420 10421 9779
f 10421 10422 9779
f 10422 9780 9779
f 10422 9781 9780
f 10422 9782 9781
f 10422 10423 9782
f 10423 9783 9782
f 10423 10424 9783
f 10424 9784 9783
f 10424 9787 9784
f 9787 9786 9784
f 9786 9785 9784
f 10424 9788 9787
f 10424 10425 9788
f 10425 9789 9788
f 10425 10426 9789
f 10426 9790 9789
f 10426 10427 9790
f 10427 10428 9790
f 10428 9791 9790
f 10428 10429 9791
f 10429 9792 9791
f 10429 10430 9792
f 10430 9793 9792
f 10430 10431 9793
f 10431 9794 9793
f 10431 10432 9794
f 10432 9795 9794
f 10432 10433 9795
f 10433 9796 9795
f 10433 10434 9796
f 10434 9797 9796
f 10434 10435 9797
f 10435 9800 9797
f 9800 9798 9797
f 9800 9799 9798
f 10435 10436 9800
f 10436 9801 9800
f 10436 9802 9801
f 10436 10437 9802
f 10437 9803 9802
f 10437 10438 9803
f 10438 10439 9803
f 10439 9804 9803
f 10439 9805 9804
f 10439 10440 9805
f 10440 10441 9805
f 10441 9806 9805
f 10441 10442 9806
f 10442 9807 9806
f 10442 10443 9807
f 10443 9808 9807
f 10443 10444 9808
f 10444 9809 9808
f 10444 10445 9809
f 10445 9810 9809
f 10445 9811 9810
f 10445 10446 9811
f 10446 10447 9811
f 10447 9812 9811
f 10447 10448 9812
f 10448 9813 9812
f 10448 9814 9813
f 10448 10449 9814
f 10449 9815 9814
f 10449 10450 9815
f 10450 9816 9815
f 10450 10451 9816
f 10451 9817 9816
f 10451 10452 9817
f 10452 9818 9817
f 10452 10453 9818
f 10453 10454 9818
f 10454 9819 9818
f 10454 9820 9819
f 10454 10455 9820
f 10455 10456 9820
f 10456 9821 9820
f 10456 9822 9821
f 10456 10457 9822
f 10457 9823 9822
f 10457 9824 9823
f 10457 10458 9824
f 10458 10459 9824
f 10459 9825 9824
f 10459 9826 9825
f 10459 9827 9826
f 10459 10460 9827
f 10460 9828 9827
f 10460 10461 9828
f 10461 10462 9828
f 10462 9829 9828
f 10462 9830 9829
f 10462 10463 9830
f 10463 10464 9830
f 10464 9831 9830
f 10464 10465 9831
f 10465 9832 9831
f 10465 10466 9833
f 10466 9834 9833
f 10466 10467 9834
f 10467 10468 9834
f 10468 9835 9834
f 10468 10469 9835
f 10891 10892 10325
f 10892 10326 10325
f 10892 10893 10326
f 10893 10894 10326
f 10894 10327 10326
f 10894 10895 10327
f 10895 10328 10327
f 10895 10329 10328
f 10895 10896 10329
f 10896 10330 10329
f 10896 10897 10330
f 10897 10331 10330
f 10897 10332 10331
f 10897 10898 10332
f 10898 10899 10332
f 10899 10333 10332
f 10899 10900 10333
f 10900 10901 10333
f 10901 10334 10333
f 10901 10335 10334
f 10901 10902 10335
f 10902 10903 10335
f 10903 10336 10335
f 10903 10904 10336
f 10904 10337 10336
f 10904 10905 10337
f 10905 10338 10337
f 10905 10906 10338
f 10906 10339 10338
f 10906 10907 10339
f 10907 10340 10339
f 10907 10341 10340
f 10907 10908 10341
f 10908 10909 10341
f 10909 10342 10341
f 10909 10910 10342
f 10910 10343 10342
f 10910 10911 10343
f 10911 10344 10343
f 10911 10912 10344
f 10912 10345 10344
f 10912 10913 10345
f 10913 10346 10345
f 10913 10347 10346
f 10913 10914 10347
f 10914 10348 10347
f 10914 10915 10348
f 10915 10349 10348
f 10915 10350 10349
f 10915 10916 10350
f 10916 10917 10350
f 10917 10351 10350
f 10917 10918 10351
f 10918 10352 10351
f 10918 10919 10352
f 10919 10353 10352
f 10919 10920 10353
f 10920 10354 10353
f 10920 10355 10354
f 10920 10921 10355
f 10921 10356 10355
f 10921 10922 10356
f 10922 10923 10356
f 10923 10357 10356
f 10923 10924 10357
f 10924 10358 10357
f 10924 10925 10358
f 10925 10359 10358
f 10925 10360 10359
f 10925 10361 10360
f 10925 10926 10361
f 10926 10362 10361
f 10926 10927 10362
f 10927 10363 10362
f 10927 10928 10363
f 10928 10929 10363
f 10929 10364 10363
f 10929 10930 10364
f 10930 10366 10364
f 10366 10365 10364
f 10930 10931 10366
f 10931 10367 10366
f 10931 10368 10367
f 10931 10932 10368
f 10932 10369 10368
f 10932 10933 10369
f 10933 10934 10369
f 10934 10370 10369
f 10934 10935 10370
f 10935 10371 10370
f 10935 10372 10371
f 10935 10936 10372
f 10936 10373 10372
f 10936 10937 10373
f 10937 10374 10373
f 10937 10938 10374
f 10938 10375 10374
f 10938 10939 10375
f 10939 10376 10375
f 10939 10940 10376
f 10940 10377 10376
f 10940 10941 10377
f 10941 10378 10377
f 10941 10942 10378
f 10942 10943 10378
f 10943 10379 10378
f 10943 10944 10379
f 10944 10380 10379
f 10944 10381 10380
f 10944 10945 10381
f 10945 10946 10381
f 10946 10382 10381
f 10946 10947 10382
f 10947 10383 10382
f 10947 10948 10383
f 10948 10384 10383
f 10948 10949 10384
f 10949 10385 10384
f 10949 10950 10385
f 10950 10951 10385
f 10951 10386 10385
f 10951 10952 10386
f 10952 10387 10386
f 10952 10388 10387
f 10952 10953 10388
f 10953 10954 10388
f 10954 10389 10388
f 10954 10955 10389
f 10955 10956 10389
f 10956 10390 10389
f 10956 10957 10390
f 10957 10391 10390
f 10957 10392 10391
f 10957 10958 10392
f 10958 10393 10392
f 10958 10959 10393
f 10959 10394 10393
f 10959 10960 10394
f 10960 10961 10394
f 10961 10395 10394
f 10961 10962 10395
f 10962 10396 10395
f 10962 10963 10396
f 10963 10397 10396
f 10963 10964 10397
f 10964 10398 10397
f 10964 10965 10398
f 10965 10399 10398
f 10965 10400 10399
f 10965 10966 10400
f 10966 10967 10400
f 10967 10401 10400
f 10967 10968 10401
f 10968 10402 10401
f 10968 10403 10402
f 10968 10969 10403
f 10969 10970 10403
f 10970 10404 10403
f 10970 10971 10404
f 10971 10405 10404
f 10971 10972 10405
f 10972 10406 10405
f 10972 10407 10406
f 10972 10973 10407
f 10973 10974 10407
f 10974 10408 10407
f 10974 10409 10408
f 10974 10975 10409
f 10975 10976 10409
f 10976 10410 10409
f 10976 10411 10410
f 10976 10977 10411
f 10977 10978 10411
f 10978 10412 10411
f 10978 10413 10412
f 10978 10979 10413
f 10979 10980 10413
f 10980 10414 10413
f 10980 10981 10414
f 10981 10415 10414
f 10981 10417 10415
f 10417 10416 10415
f 10981 10418 10417
f 10981 10982 10418
f 10982 10419 10418
f 10982 10983 10419
f 10983 10984 10419
f 10984 10420 10419
f 10984 10421 10420
f 10984 10985 10421
f 10985 10986 10421
f 10986 10422 10421
f 10986 10423 10422
f 10986 10987 10423
f 10987 10425 10423
f 10425 10424 10423
f 10987 10426 10425
f 10987 10988 10426
f 10988 10427 10426
f 10988 10989 10427
f 10989 10990 10427
f 10990 10428 10427
f 10990 10991 10428
f 10991 10429 10428
f 10991 10992 10429
f 10992 10430 10429
f 10992 10993 10430
f 10993 10431 10430
f 10993 10994 10431
f 10994 10432 10431
f 10994 10995 10432
f 10995 10433 10432
f 10995 10996 10433
f 10996 10434 10433
f 10996 10997 10434
f 10997 10435 10434
f 10997 10998 10435
f 10998 10436 10435
f 10998 10437 10436
f 10998 10999 10437
f 10999 10438 10437
f 10999 11000 10438
f 11000 11001 10438
f 11001 10439 10438
f 11001 10440 10439
f 11001 11002 10440
f 11002 11003 10440
f 11003 11004 10440
f 11004 10441 10440
f 11004 11005 10441
f 11005 10442 10441
f 11005 10443 10442
f 11005 11006 10443
f 11006 11007 10443
f 11007 10444 10443
f 11007 10445 10444
f 11007 11008 10445
f 11008 10446 10445
f 11008 11009 10446
f 11009 10447 10446
f 11009 11010 10447
f 11010 10448 10447
f 11010 11011 10448
f 11011 11012 10448
f 11012 10449 10448
f 11012 11013 10449
f 11013 10450 10449
f 11013 10451 10450
f 11013 11014 10451
f 11014 10452 10451
f 11014 11015 10452
f 11015 10453 10452
f 11015 11016 10453
f 11016 11017 10453
f 11017 10454 10453
f 11017 11018 10454
f 11018 11019 10454
f 11019 10455 10454
f 11019 11020 10455
f 11020 10456 10455
f 11020 11021 10456
f 11021 10457 10456
f 11021 10458 10457
f 11021 11022 10458
f 11022 10460 10458
f 10460 10459 10458
f 11022 10461 10460
f 11022 11023 10461
f 11023 11024 10461
f 11024 10462 10461
f 11024 10463 10462
f 11024 11025 10463
f 11025 10464 10463
f 11025 11026 10464
f 11026 10465 10464
f 11026 10466 10465
f 11026 11027 10466
f 11027 10467 10466
f 11027 11028 10467
f 11028 10468 10467
f 11028 11029 10468
f 11029 10469 10468
f 11029 10470 10469
f 11029 11030 10470
f 11030 11031 10470
f 11031 10471 10470
f 11384 11385 10892
f 11385 10893 10892
f 11385 11386 10893
f 11386 11387 10893
f 11387 10894 10893
f 11387 11388 10894
f 11388 10895 10894
f 11388 10896 10895
f 11388 11389 10896
f 11389 10897 10896
f 11389 10898 10897
f 11389 11390 10898
f 11390 11391 10898
f 11391 11392 10898
f 11392 10899 10898
f 11392 10900 10899
f 11392 11393 10900
f 11393 10901 10900
f 11393 11394 10901
f 11394 10902 10901
f 11394 11395 10902
f 11395 10903 10902
f 11395 11396 10903
f 11396 10904 10903
f 11396 11397 10904
f 11397 10905 10904
f 11397 10906 10905
f 11397 11398 10906
f 11398 10907 10906
f 11398 10908 10907
f 11398 11399 10908
f 11399 11400 10908
f 11400 10909 10908
f 11400 10910 10909
f 11400 11401 10910
f 11400 11402 11401
f 11402 11403 11401
f 11403 11404 11401
f 11403 11405 11404
f 11405 11406 11404
f 11403 11402 11405
f 11402 11407 11405
f 11407 11408 11405
f 11408 11409 11405
f 11409 11410 11405
f 11409 11411 11410
f 11411 11412 11410
f 11412 11413 11410
f 11413 11414 11410
f 11413 10914 11414
f 10914 10913 11414
f 10913 10912 11414
f 10912 10911 11414
f 11413 10915 10914
f 11413 10916 10915
f 11413 11412 10916
f 11412 11415 10916
f 11415 10917 10916
f 11415 11416 10917
f 11416 10918 10917
f 11416 11417 10918
f 11417 10919 10918
f 11417 11418 10919
f 11418 11419 10919
f 11419 10920 10919
f 11419 11418 10920
f 11418 10921 10920
f 11418 11420 10921
f 11420 10922 10921
f 11420 11421 10922
f 11421 11422 10922
f 11422 10923 10922
f 11422 11423 10923
f 11423 10924 10923
f 11423 10926 10924
f 10926 10925 10924
f 11423 10927 10926
f 11423 11424 10927
f 11424 10928 10927
f 11424 11425 10928
f 11425 11426 10928
f 11426 10929 10928
f 11426 11427 10929
f 11427 10930 10929
f 11427 10931 10930
f 11427 11428 10931
f 11428 10932 10931
f 11428 11429 10932
f 11429 10933 10932
f 11429 11430 10933
f 11430 11431 10933
f 11431 10934 10933
f 11431 11432 10934
f 11432 10935 10934
f 11432 10936 10935
f 11432 11433 10936
f 11433 10937 10936
f 11433 11434 10937
f 11434 10938 10937
f 11434 11435 10938
f 11435 10939 10938
f 11435 11436 10939
f 11436 10940 10939
f 11436 11437 10940
f 11437 10941 10940
f 11437 11438 10941
f 11438 10942 10941
f 11438 11439 10942
f 11439 11440 10942
f 11440 10943 10942
f 11440 11441 10943
f 11441 10944 10943
f 11441 10945 10944
f 11441 11442 10945
f 11442 11443 10945
f 11443 10946 10945
f 11443 11444 10946
f 11444 10947 10946
f 11444 11445 10947
f 11445 10948 10947
f 11445 11446 10948
f 11446 10949 10948
f 11446 11447 10949
f 11447 10950 10949
f 11447 11448 10950
f 11448 10951 10950
f 11448 11449 10951
f 11449 11450 10951
f 11450 10952 10951
f 11450 10953 10952
f 11450 11451 10953
f 11451 10954 10953
f 11451 11452 10954
f 11452 11453 10954
f 11453 10955 10954
f 11453 11454 10955
f 11454 11455 10955
f 11455 10956 10955
f 11455 11456 10956
f 11456 10957 10956
f 11456 10958 10957
f 11456 11457 10958
f 11457 10959 10958
f 11457 11458 10959
f 11458 10960 10959
f 11458 11459 10960
f 11459 11460 10960
f 11460 10961 10960
f 11460 11461 10961
f 11461 10962 10961
f 11461 11462 10962
f 11462 10963 10962
f 11462 11463 10963
f 11463 10964 10963
f 11463 11464 10964
f 11464 10966 10964
f 10966 10965 10964
f 11464 11465 10966
f 11465 11466 10966
f 11466 10967 10966
f 11466 11467 10967
f 11467 10968 10967
f 11467 10969 10968
f 11467 11468 10969
f 11468 11469 10969
f 11469 10970 10969
f 11469 11470 10970
f 11470 10971 10970
f 11470 11471 10971
f 11471 10972 10971
f 11471 10973 10972
f 11471 11472 10973
f 11472 11473 10973
f 11473 10974 10973
f 11473 10975 10974
f 11473 11474 10975
f 11474 10976 10975
f 11474 11475 10976
f 11475 10977 10976
f 11475 11476 10977
f 11476 11477 10977
f 11477 10978 10977
f 11477 10979 10978
f 11477 11478 10979
f 11478 11479 10979
f 11479 10980 10979
f 11479 10982 10980
f 10982 10981 10980
f 11479 11480 10982
f 11480 10983 10982
f 11480 11481 10983
f 11481 10984 10983
f 11481 10985 10984
f 11481 10988 10985
f 10988 10987 10985
f 10987 10986 10985
f 11481 10989 10988
f 11481 11480 10989
f 11480 11482 10989
f 11482 10990 10989
f 11482 11483 10990
f 11483 10991 10990
f 11483 10992 10991
f 11483 11484 10992
f 11484 11485 10992
f 11485 10993 10992
f 11485 11486 10993
f 11486 10994 10993
f 11486 11487 10994
f 11487 10995 10994
f 11487 11488 10995
f 11488 10996 10995
f 11488 11489 10996
f 11489 10997 10996
f 11489 11490 10997
f 11490 10998 10997
f 11490 10999 10998
f 11490 11491 10999
f 11491 11000 10999
f 11491 11492 11000
f 11492 11002 11000
f 11002 11001 11000
f 11492 11493 11002
f 11493 11494 11002
f 11494 11003 11002
f 11494 11004 11003
f 11494 11495 11004
f 11495 11496 11004
f 11496 11005 11004
f 11496 11497 11005
f 11497 11006 11005
f 11497 11498 11006
f 11498 11007 11006
f 11498 11499 11007
f 11499 11008 11007
f 11499 11500 11008
f 11500 11009 11008
f 11500 11501 11009
f 11501 11010 11009
f 11501 11502 11010
f 11502 11011 11010
f 11502 11503 11011
f 11503 11012 11011
f 11503 11504 11012
f 11504 11013 11012
f 11504 11505 11013
f 11505 11014 11013
f 11505 11015 11014
f 11505 11506 11015
f 11506 11016 11015
f 11506 11507 11016
f 11507 11508 11016
f 11508 11509 11016
f 11509 11017 11016
f 11509 11018 11017
f 11509 11510 11018
f 11510 11511 11018
f 11511 11512 11018
f 11512 11019 11018
f 11512 11020 11019
f 11512 11513 11020
f 11513 11514 11020
f 11514 11022 11020
f 11022 11021 11020
f 11514 11023 11022
f 11514 11515 11023
f 11515 11516 11023
f 11516 11024 11023
f 11516 11025 11024
f 11516 11517 11025
f 11517 11518 11025
f 11518 11026 11025
f 11518 11027 11026
f 11518 11519 11027
f 11519 11520 11027
f 11520 11028 11027
f 11520 11521 11028
f 11521 11522 11028
f 11522 11029 11028
f 11522 11523 11029
f 11523 11030 11029
f 11523 11524 11030
f 11524 11031 11030
f 11524 11525 11031
f 11525 11033 11031
f 11033 11032 11031
f 11525 11526 11033
f 11526 11527 11033
f 11527 11034 11033
f 11873 11385 11384
f 11873 11874 11385
f 11874 11386 11385
f 11874 11875 11386
f 11875 11876 11386
f 11876 11387 11386
f 11876 11877 11387
f 11877 11388 11387
f 11877 11389 11388
f 11877 11878 11389
f 11878 11390 11389
f 11878 11879 11390
f 11879 11391 11390
f 11879 11880 11391
f 11880 11392 11391
f 11880 11881 11392
f 11881 11393 11392
f 11881 11882 11393
f 11882 11394 11393
f 11882 11883 11394
f 11883 11395 11394
f 11883 11884 11395
f 11884 11885 11395
f 11885 11396 11395
f 11885 11886 11396
f 11886 11887 11396
f 11887 11397 11396
f 11887 11398 11397
f 11887 11888 11398
f 11888 11399 11398
f 11888 11889 11399
f 11889 11890 11399
f 11890 11402 11399
f 11402 11400 11399
f 11890 11407 11402
f 11890 11891 11407
f 11891 11408 11407
f 11891 11892 11408
f 11892 11893 11408
f 11893 11409 11408
f 11893 11894 11409
f 11894 11411 11409
f 11894 11895 11411
f 11895 11415 11411
f 11415 11412 11411
f 11895 11416 11415
f 11895 11896 11416
f 11896 11417 11416
f 11896 11418 11417
f 11895 11897 11896
f 11895 11894 11897
f 11894 11898 11897
f 11894 11893 11898
f 11893 11899 11898
f 11899 11900 11898
f 11900 11901 11898
f 11900 11902 11901
f 11902 11903 11901
f 11903 11904 11901
f 11904 11905 11901
f 11904 11906 11905
f 11906 11907 11905
f 11907 11418 11905
f 11907 11420 11418
f 11907 11421 11420
f 11907 11906 11421
f 11906 11908 11421
f 11908 11422 11421
f 11908 11424 11422
f 11424 11423 11422
f 11908 11425 11424
f 11908 11909 11425
f 11909 11910 11425
f 11910 11426 11425
f 11910 11911 11426
f 11911 11427 11426
f 11911 11428 11427
f 11911 11912 11428
f 11912 11429 11428
f 11912 11913 11429
f 11913 11430 11429
f 11913 11914 11430
f 11914 11915 11430
f 11915 11431 11430
f 11915 11916 11431
f 11916 11432 11431
f 11916 11917 11432
f 11917 11433 11432
f 11917 11918 11433
f 11918 11434 11433
f 11918 11919 11434
f 11919 11435 11434
f 11919 11920 11435
f 11920 11436 11435
f 11920 11437 11436
f 11920 11921 11437
f 11921 11922 11437
f 11922 11438 11437
f 11922 11923 11438
f 11923 11439 11438
f 11923 11924 11439
f 11924 11440 11439
f 11924 11925 11440
f 11925 11441 11440
f 11925 11442 11441
f 11925 11926 11442
f 11926 11927 11442
f 11927 11443 11442
f 11927 11928 11443
f 11928 11444 11443
f 11928 11929 11444
f 11929 11445 11444
f 11929 11930 11445
f 11930 11446 11445
f 11930 11931 11446
f 11931 11447 11446
f 11931 11932 11447
f 11932 11448 11447
f 11932 11933 11448
f 11933 11934 11448
f 11934 11449 11448
f 11934 11935 11449
f 11935 11450 11449
f 11935 11451 11450
f 11935 11936 11451
f 11936 11452 11451
f 11936 11937 11452
f 11937 11938 11452
f 11938 11453 11452
f 11938 11939 11453
f 11939 11454 11453
f 11939 11940 11454
f 11940 11941 11454
f 11941 11455 11454
f 11941 11942 11455
f 11942 11456 11455
f 11942 11457 11456
f 11942 11943 11457
f 11943 11458 11457
f 11943 11944 11458
f 11944 11459 11458
f 11944 11945 11459
f 11945 11946 11459
f 11946 11460 11459
f 11946 11947 11460
f 11947 11461 11460
f 11947 11948 11461
f 11948 11462 11461
f 11948 11949 11462
f 11949 11463 11462
f 11949 11950 11463
f 11950 11464 11463
f 11950 11465 11464
f 11950 11951 11465
f 11951 11952 11465
f 11952 11466 11465
f 11952 11953 11466
f 11953 11467 11466
f 11953 11468 11467
f 11953 11493 11468
f 11493 11954 11468
f 11954 11955 11468
f 11955 11469 11468
f 11955 11470 11469
f 11955 11956 11470
f 11956 11957 11470
f 11957 11471 11470
f 11957 11472 11471
f 11957 11958 11472
f 11958 11959 11472
f 11959 11473 11472
f 11959 11474 11473
f 11959 11960 11474
f 11960 11961 11474
f 11961 11475 11474
f 11961 11476 11475
f 11961 11485 11476
f 11485 11484 11476
f 11484 11477 11476
f 11484 11483 11477
f 11483 11482 11477
f 11482 11478 11477
f 11482 11480 11478
f 11480 11479 11478
f 11961 11960 11485
f 11960 11486 11485
f 11960 11962 11486
f 11962 11487 11486
f 11962 11963 11487
f 11963 11488 11487
f 11963 11964 11488
f 11964 11489 11488
f 11964 11965 11489
f 11965 11490 11489
f 11965 11491 11490
f 11965 11966 11491
f 11966 11492 11491
f 11966 11954 11492
f 11954 11493 11492
f 11966 11955 11954
f 11966 11967 11955
f 11967 11956 11955
f 11967 11968 11956
f 11968 11957 11956
f 11968 11958 11957
f 11968 11964 11958
f 11964 11963 11958
f 11963 11962 11958
f 11962 11959 11958
f 11962 11960 11959
f 11968 11967 11964
f 11967 11965 11964
f 11967 11966 11965
f 11953 11952 11493
f 11952 11494 11493
f 11952 11951 11494
f 11951 11495 11494
f 11951 11969 11495
f 11969 11496 11495
f 11969 11970 11496
f 11970 11497 11496
f 11970 11971 11497
f 11971 11498 11497
f 11971 11972 11498
f 11972 11499 11498
f 11972 11973 11499
f 11973 11500 11499
f 11973 11974 11500
f 11974 11501 11500
f 11974 11975 11501
f 11975 11502 11501
f 11975 11503 11502
f 11975 11976 11503
f 11976 11977 11503
f 11977 11504 11503
f 11977 11505 11504
f 11976 11978 11977
f 11978 11979 11977
f 11978 11980 11979
f 11980 11981 11979
f 11981 11982 11979
f 11981 11940 11982
f 11940 11983 11982
f 11983 11984 11982
f 11984 11985 11982
f 11983 11986 11984
f 11986 11987 11984
f 11986 11988 11987
f 11988 11989 11987
f 11988 11990 11989
f 11990 11991 11989
f 11991 11992 11989
f 11992 11993 11989
f 11992 11994 11993
f 11994 11995 11993
f 11994 11996 11995
f 11996 11997 11995
f 11997 11985 11995
f 11996 11506 11997
f 11506 11505 11997
f 11996 11507 11506
f 11996 11998 11507
f 11998 11508 11507
f 11998 11999 11508
f 11999 12000 11508
f 12000 11509 11508
f 12000 11510 11509
f 12000 12001 11510
f 12001 12002 11510
f 12002 11511 11510
f 12002 12003 11511
f 12003 11513 11511
f 11513 11512 11511
f 12003 11515 11513
f 11515 11514 11513
f 12003 12004 11515
f 12004 11516 11515
f 12004 11517 11516
f 12004 12005 11517
f 12005 12006 11517
f 12006 11518 11517
f 12006 11519 11518
f 12006 12007 11519
f 12007 11520 11519
f 12007 11521 11520
f 12007 12008 11521
f 12008 12009 11521
f 12009 12010 11521
f 12010 11522 11521
f 12010 12011 11522
f 12011 11523 11522
f 12011 11524 11523
f 12011 12012 11524
f 12012 12013 11524
f 12013 11525 11524
f 12013 11526 11525
f 12013 12014 11526
f 12014 12015 11526
f 12015 11527 11526
f 12015 12016 11527
f 12016 12017 11527
f 12339 11874 11873
f 12339 12340 11874
f 12340 11875 11874
f 12340 12341 11875
f 12341 12342 11875
f 12342 11876 11875
f 12342 12343 11876
f 12343 11877 11876
f 12343 11878 11877
f 12343 12344 11878
f 12344 12345 11878
f 12345 11879 11878
f 12345 12346 11879
f 12346 11880 11879
f 12346 12347 11880
f 12347 11881 11880
f 12347 12348 11881
f 12348 11882 11881
f 12348 12349 11882
f 12349 11883 11882
f 12349 12350 11883
f 12350 11884 11883
f 12350 12351 11884
f 12351 12352 11884
f 12352 11885 11884
f 12352 12353 11885
f 12353 11886 11885
f 12353 12354 11886
f 12354 12355 11886
f 12355 12356 11886
f 12356 11887 11886
f 12356 12357 11887
f 12357 12358 11887
f 12358 11888 11887
f 12358 12359 11888
f 12359 11889 11888
f 12359 11890 11889
f 12359 12360 11890
f 12360 11891 11890
f 12360 12361 11891
f 12361 11892 11891
f 12361 12362 11892
f 12362 11899 11892
f 11899 11893 11892
f 12362 12363 11899
f 12363 11900 11899
f 12363 11902 11900
f 12363 12364 11902
f 12364 12365 11902
f 12365 11903 11902
f 12365 12366 11903
f 12366 11904 11903
f 12366 12367 11904
f 12367 11906 11904
f 12367 11909 11906
f 11909 11908 11906
f 12367 11910 11909
f 12367 12368 11910
f 12368 11911 11910
f 12368 11912 11911
f 12368 12369 11912
f 12369 12370 11912
f 12370 11913 11912
f 12370 11914 11913
f 12370 12371 11914
f 12371 12372 11914
f 12372 11915 11914
f 12372 12373 11915
f 12373 11916 11915
f 12373 11917 11916
f 12373 12374 11917
f 12374 11918 11917
f 12374 11919 11918
f 12374 12375 11919
f 12375 12376 11919
f 12376 11920 11919
f 12376 12377 11920
f 12377 11921 11920
f 12377 12378 11921
f 12378 11922 11921
f 12378 12379 11922
f 12379 11923 11922
f 12379 12380 11923
f 12380 12381 11923
f 12381 11924 11923
f 12381 12382 11924
f 12382 11925 11924
f 12382 11926 11925
f 12382 12383 11926
f 12383 12384 11926
f 12384 11927 11926
f 12384 12385 11927
f 12385 11928 11927
f 12385 12386 11928
f 12386 11929 11928
f 12386 12387 11929
f 12387 11930 11929
f 12387 12388 11930
f 12388 11931 11930
f 12388 12389 11931
f 12389 11932 11931
f 12389 12390 11932
f 12390 11933 11932
f 12390 12391 11933
f 12391 11934 11933
f 12391 12392 11934
f 12392 12393 11934
f 12393 11935 11934
f 12393 11936 11935
f 12391 12394 12392
f 12394 12395 12392
f 12395 12396 12392
f 12395 12397 12396
f 12397 12398 12396
f 12398 12399 12396
f 12399 12400 12396
f 12399 12401 12400
f 12399 12402 12401
f 12402 12403 12401
f 12402 12404 12403
f 12404 12405 12403
f 12405 11988 12403
f 12405 11990 11988
f 12405 12406 11990
f 12406 11991 11990
f 12406 12407 11991
f 12407 12408 11991
f 12408 11992 11991
f 12408 12409 11992
f 12409 11994 11992
f 12409 11998 11994
f 11998 11996 11994
f 12409 11999 11998
f 12409 12410 11999
f 12410 12000 11999
f 12410 12001 12000
f 12410 12411 12001
f 12411 12412 12001
f 12412 12002 12001
f 12412 12413 12002
f 12413 12003 12002
f 12413 12004 12003
f 12413 12005 12004
f 12413 12412 12005
f 12412 12414 12005
f 12414 12006 12005
f 12414 12415 12006
f 12415 12007 12006
f 12415 12416 12007
f 12416 12008 12007
f 12416 12417 12008
f 12417 12418 12008
f 12418 12009 12008
f 12418 12419 12009
f 12419 12010 12009
f 12419 12420 12010
f 12420 12011 12010
f 12420 12012 12011
f 12420 12421 12012
f 12421 12422 12012
f 12422 12013 12012
f 12422 12014 12013
f 12422 12423 12014
f 12423 12424 12014
f 12424 12015 12014
f 12424 12425 12015
f 12425 12016 12015
f 12425 12426 12016
f 12426 12017 12016
f 12426 12427 12017
f 12738 12340 12339
f 12738 12341 12340
f 12738 12739 12341
f 12739 12740 12341
f 12740 12741 12341
f 12741 12342 12341
f 12741 12742 12342
f 12742 12343 12342
f 12742 12344 12343
f 12742 12743 12344
f 12743 12744 12344
f 12744 12346 12344
f 12346 12345 12344
f 12744 12347 12346
f 12744 12745 12347
f 12745 12746 12347
f 12746 12348 12347
f 12746 12747 12348
f 12747 12349 12348
f 12747 12748 12349
f 12748 12350 12349
f 12748 12749 12350
f 12749 12351 12350
f 12749 12750 12351
f 12750 12751 12351
f 12751 12352 12351
f 12751 12752 12352
f 12752 12353 12352
f 12752 12354 12353
f 12752 12753 12354
f 12753 12754 12354
f 12754 12755 12354
f 12755 12355 12354
f 12755 12356 12355
f 12755 12357 12356
f 12755 12756 12357
f 12756 12757 12357
f 12757 12358 12357
f 12757 12758 12358
f 12758 12359 12358
f 12758 12360 12359
f 12758 12759 12360
f 12759 12361 12360
f 12759 12760 12361
f 12760 12362 12361
f 12760 12761 12362
f 12761 12363 12362
f 12761 12364 12363
f 12761 12762 12364
f 12762 12763 12364
f 12763 12764 12364
f 12764 12365 12364
f 12764 12765 12365
f 12765 12366 12365
f 12765 12369 12366
f 12369 12368 12366
f 12368 12367 12366
f 12765 12370 12369
f 12765 12766 12370
f 12766 12371 12370
f 12766 12767 12371
f 12767 12768 12371
f 12768 12372 12371
f 12768 12769 12372
f 12769 12373 12372
f 12769 12374 12373
f 12769 12770 12374
f 12770 12375 12374
f 12770 12771 12375
f 12771 12376 12375
f 12771 12772 12376
f 12772 12377 12376
f 12772 12773 12377
f 12773 12378 12377
f 12773 12774 12378
f 12774 12379 12378
f 12774 12775 12379
f 12775 12380 12379
f 12775 12776 12380
f 12776 12777 12380
f 12777 12381 12380
f 12777 12778 12381
f 12778 12382 12381
f 12778 12779 12382
f 12779 12383 12382
f 12779 12780 12383
f 12780 12384 12383
f 12780 12781 12384
f 12781 12385 12384
f 12781 12782 12385
f 12782 12386 12385
f 12782 12783 12386
f 12783 12387 12386
f 12783 12784 12387
f 12784 12785 12387
f 12785 12388 12387
f 12785 12389 12388
f 12785 12786 12389
f 12786 12390 12389
f 12786 12787 12390
f 12787 12391 12390
f 12787 12394 12391
f 12787 12788 12394
f 12788 12789 12394
f 12789 12790 12394
f 12790 12395 12394
f 12790 12397 12395
f 12790 12791 12397
f 12791 12792 12397
f 12792 12398 12397
f 12792 12793 12398
f 12793 12794 12398
f 12794 12399 12398
f 12794 12402 12399
f 12794 12795 12402
f 12795 12404 12402
f 12795 12796 12404
f 12796 12797 12404
f 12797 12405 12404
f 12797 12406 12405
f 12797 12798 12406
f 12798 12407 12406
f 12798 12799 12407
f 12799 12800 12407
f 12800 12408 12407
f 12800 12801 12408
f 12801 12409 12408
f 12801 12410 12409
f 12801 12802 12410
f 12802 12411 12410
f 12802 12803 12411
f 12803 12804 12411
f 12804 12412 12411
f 12804 12414 12412
f 12804 12805 12414
f 12805 12416 12414
f 12416 12415 12414
f 12805 12806 12416
f 12806 12417 12416
f 12806 12807 12417
f 12807 12808 12417
f 12808 12418 12417
f 12808 12809 12418
f 12809 12419 12418
f 12809 12810 12419
f 12810 12420 12419
f 12810 12421 12420
f 12810 12811 12421
f 12811 12422 12421
f 12811 12812 12422
f 12812 12423 12422
f 12812 12813 12423
f 12813 12814 12423
f 12814 12424 12423
f 12814 12815 12424
f 12815 12816 12424
f 12816 12425 12424
f 12816 12426 12425
f 12816 12817 12426
f 12817 12427 12426
f 12817 12818 12427
f 13140 12739 12737
f 12739 12738 12737
f 13140 13141 12739
f 13141 12740 12739
f 13141 13142 12740
f 13142 13143 12740
f 13143 12741 12740
f 13143 13144 12741
f 13144 12742 12741
f 13144 12743 12742
f 13144 13145 12743
f 13145 13146 12743
f 13146 12744 12743
f 13146 12745 12744
f 13146 12746 12745
f 13146 13147 12746
f 13147 13148 12746
f 13148 12747 12746
f 13148 13149 12747
f 13149 12748 12747
f 13149 13150 12748
f 13150 12749 12748
f 13150 13151 12749
f 13151 12750 12749
f 13151 13152 12750
f 13152 13153 12750
f 13153 12751 12750
f 13153 13154 12751
f 13154 12752 12751
f 13154 12753 12752
f 13154 13155 12753
f 13155 13156 12753
f 13156 12754 12753
f 13156 13157 12754
f 13157 12756 12754
f 12756 12755 12754
f 13157 13158 12756
f 13158 12757 12756
f 13158 13159 12757
f 13159 12758 12757
f 13159 12759 12758
f 13159 13160 12759
f 13160 12760 12759
f 13160 13161 12760
f 13161 12761 12760
f 13161 12762 12761
f 13161 13162 12762
f 13162 12763 12762
f 13162 13163 12763
f 13163 13164 12763
f 13164 12767 12763
f 12767 12766 12763
f 12766 12764 12763
f 12766 12765 12764
f 13164 12768 12767
f 13164 13165 12768
f 13165 12769 12768
f 13165 12770 12769
f 13165 13166 12770
f 13166 12771 12770
f 13166 13167 12771
f 13167 12772 12771
f 13167 13168 12772
f 13168 12773 12772
f 13168 13169 12773
f 13169 12774 12773
f 13169 13170 12774
f 13170 13171 12774
f 13171 12775 12774
f 13171 13172 12775
f 13172 12776 12775
f 13172 13173 12776
f 13173 13174 12776
f 13174 12777 12776
f 13174 13175 12777
f 13175 12778 12777
f 13175 12779 12778
f 13175 13176 12779
f 13176 13177 12779
f 13177 12780 12779
f 13177 13178 12780
f 13178 13179 12780
f 13179 12781 12780
f 13179 13180 12781
f 13180 13181 12781
f 13181 12782 12781
f 13181 12783 12782
f 13181 13182 12783
f 13182 12784 12783
f 13182 13183 12784
f 13183 12785 12784
f 13183 13184 12785
f 13184 12786 12785
f 13184 12788 12786
f 12788 12787 12786
f 13184 13185 12788
f 13185 13186 12788
f 13186 12789 12788
f 13186 13187 12789
f 13187 12790 12789
f 13187 12791 12790
f 13187 13188 12791
f 13188 13189 12791
f 13189 13190 12791
f 13190 12792 12791
f 13190 12793 12792
f 13190 13191 12793
f 13191 13192 12793
f 13192 12794 12793
f 13192 12795 12794
f 13192 13193 12795
f 13193 12796 12795
f 13193 13194 12796
f 13194 13195 12796
f 13195 12797 12796
f 13195 12798 12797
f 13195 13196 12798
f 13196 12799 12798
f 13196 13197 12799
f 13197 13198 12799
f 13198 12800 12799
f 13198 12802 12800
f 12802 12801 12800
f 13198 12803 12802
f 13198 13199 12803
f 13199 13200 12803
f 13200 12804 12803
f 13200 12805 12804
f 13200 12806 12805
f 13200 13201 12806
f 13201 12807 12806
f 13201 13202 12807
f 13202 13203 12807
f 13203 12808 12807
f 13203 13204 12808
f 13204 12809 12808
f 13204 13205 12809
f 13205 12810 12809
f 13205 12811 12810
f 13204 13206 13205
f 13204 13207 13206
f 13207 13208 13206
f 13208 13209 13206
f 13209 13210 13206
f 13209 13211 13210
f 13211 13212 13210
f 13212 13213 13210
f 13213 13214 13210
f 13214 12811 13210
f 13214 12812 12811
f 13214 12813 12812
f 13214 13213 12813
f 13213 13215 12813
f 13215 13216 12813
f 13216 12814 12813
f 13216 13217 12814
f 13217 12815 12814
f 13217 13218 12815
f 13218 12816 12815
f 13218 13219 12816
f 13219 12817 12816
f 13219 13220 12817
f 13220 12818 12817
f 13220 13221 12818
f 13548 13141 13140
f 13548 13549 13141
f 13549 13142 13141
f 13549 13550 13142
f 13550 13551 13142
f 13551 13143 13142
f 13551 13552 13143
f 13552 13144 13143
f 13552 13145 13144
f 13552 13553 13145
f 13553 13554 13145
f 13554 13146 13145
f 13554 13147 13146
f 13554 13555 13147
f 13555 13148 13147
f 13555 13556 13148
f 13556 13149 13148
f 13556 13557 13149
f 13557 13150 13149
f 13557 13558 13150
f 13558 13151 13150
f 13558 13559 13151
f 13559 13152 13151
f 13559 13560 13152
f 13560 13561 13152
f 13561 13153 13152
f 13561 13562 13153
f 13562 13154 13153
f 13562 13155 13154
f 13562 13563 13155
f 13563 13564 13155
f 13564 13156 13155
f 13564 13565 13156
f 13565 13157 13156
f 13565 13566 13157
f 13566 13158 13157
f 13566 13567 13158
f 13567 13159 13158
f 13567 13160 13159
f 13567 13568 13160
f 13568 13161 13160
f 13568 13162 13161
f 13568 13569 13162
f 13569 13163 13162
f 13569 13570 13163
f 13570 13164 13163
f 13570 13571 13164
f 13571 13165 13164
f 13571 13166 13165
f 13571 13572 13166
f 13572 13167 13166
f 13572 13573 13167
f 13573 13168 13167
f 13573 13574 13168
f 13574 13169 13168
f 13574 13575 13169
f 13575 13170 13169
f 13575 13576 13170
f 13576 13171 13170
f 13576 13577 13171
f 13577 13172 13171
f 13577 13578 13172
f 13578 13173 13172
f 13578 13579 13173
f 13579 13580 13173
f 13580 13174 13173
f 13580 13581 13174
f 13581 13175 13174
f 13581 13176 13175
f 13581 13582 13176
f 13582 13583 13176
f 13583 13177 13176
f 13583 13178 13177
f 13583 13584 13178
f 13584 13585 13178
f 13585 13179 13178
f 13585 13586 13179
f 13586 13180 13179
f 13586 13587 13180
f 13587 13588 13180
f 13588 13181 13180
f 13588 13182 13181
f 13588 13589 13182
f 13589 13183 13182
f 13589 13590 13183
f 13590 13184 13183
f 13590 13185 13184
f 13590 13591 13185
f 13591 13592 13185
f 13592 13186 13185
f 13592 13593 13186
f 13593 13187 13186
f 13593 13188 13187
f 13593 13594 13188
f 13594 13595 13188
f 13595 13189 13188
f 13595 13596 13189
f 13596 13190 13189
f 13596 13597 13190
f 13597 13191 13190
f 13597 13598 13191
f 13598 13599 13191
f 13599 13192 13191
f 13599 13193 13192
f 13599 13600 13193
f 13600 13194 13193
f 13600 13601 13194
f 13601 13602 13194
f 13602 13603 13194
f 13603 13195 13194
f 13603 13196 13195
f 13603 13604 13196
f 13604 13197 13196
f 13604 13605 13197
f 13605 13199 13197
f 13199 13198 13197
f 13605 13201 13199
f 13201 13200 13199
f 13605 13606 13201
f 13606 13202 13201
f 13606 13607 13202
f 13607 13207 13202
f 13207 13203 13202
f 13207 13204 13203
f 13607 13208 13207
f 13607 13608 13208
f 13608 13609 13208
f 13609 13209 13208
f 13609 13610 13209
f 13610 13211 13209
f 13610 13611 13211
f 13611 13612 13211
f 13612 13212 13211
f 13612 13613 13212
f 13613 13614 13212
f 13614 13213 13212
f 13614 13215 13213
f 13614 13615 13215
f 13615 13216 13215
f 13615 13217 13216
f 13615 13616 13217
f 13616 13617 13217
f 13617 13218 13217
f 13617 13618 13218
f 13618 13219 13218
f 13618 13619 13219
f 13619 13220 13219
f 13619 13620 13220
f 13620 13221 13220
f 13620 13222 13221
f 13620 13622 13621
f 13622 13623 13621
f 13967 13549 13548
f 13967 13968 13549
f 13968 13550 13549
f 13968 13969 13550
f 13969 13970 13550
f 13970 13551 13550
f 13970 13971 13551
f 13971 13552 13551
f 13971 13553 13552
f 13971 13972 13553
f 13972 13973 13553
f 13973 13554 13553
f 13973 13555 13554
f 13973 13974 13555
f 13974 13556 13555
f 13974 13975 13556
f 13975 13557 13556
f 13975 13976 13557
f 13976 13558 13557
f 13976 13977 13558
f 13977 13559 13558
f 13977 13978 13559
f 13978 13560 13559
f 13978 13979 13560
f 13979 13980 13560
f 13980 13561 13560
f 13980 13981 13561
f 13981 13562 13561
f 13981 13563 13562
f 13981 13982 13563
f 13982 13983 13563
f 13983 13564 13563
f 13983 13984 13564
f 13984 13565 13564
f 13984 13985 13565
f 13985 13566 13565
f 13985 13986 13566
f 13986 13567 13566
f 13986 13568 13567
f 13986 13569 13568
f 13986 13987 13569
f 13987 13988 13569
f 13988 13570 13569
f 13988 13571 13570
f 13988 13572 13571
f 13988 13989 13572
f 13989 13573 13572
f 13989 13574 13573
f 13989 13990 13574
f 13990 13991 13574
f 13991 13575 13574
f 13991 13992 13575
f 13992 13576 13575
f 13992 13993 13576
f 13993 13577 13576
f 13993 13994 13577
f 13994 13578 13577
f 13994 13995 13578
f 13995 13579 13578
f 13995 13996 13579
f 13996 13997 13579
f 13997 13580 13579
f 13997 13998 13580
f 13998 13581 13580
f 13998 13582 13581
f 13998 13999 13582
f 13999 13583 13582
f 13999 13584 13583
f 13999 14000 13584
f 14000 14001 13584
f 14001 13585 13584
f 14001 14002 13585
f 14002 14003 13585
f 14003 13586 13585
f 14003 13587 13586
f 14003 14004 13587
f 14004 13588 13587
f 14004 14005 13588
f 14005 13589 13588
f 14005 14006 13589
f 14006 13590 13589
f 14006 13591 13590
f 14006 14007 13591
f 14007 14008 13591
f 14008 13592 13591
f 14008 14009 13592
f 14009 13593 13592
f 14009 13594 13593
f 14009 14010 13594
f 14010 14011 13594
f 14011 13595 13594
f 14011 14012 13595
f 14012 13596 13595
f 14012 14013 13596
f 14013 14014 13596
f 14014 13597 13596
f 14014 13598 13597
f 14014 14015 13598
f 14015 14016 13598
f 14016 13599 13598
f 14016 13600 13599
f 14016 14017 13600
f 14017 13601 13600
f 14017 14018 13601
f 14018 13602 13601
f 14018 14019 13602
f 14019 14020 13602
f 14020 13604 13602
f 13604 13603 13602
f 14020 13605 13604
f 14020 14021 13605
f 14021 13606 13605
f 14021 13607 13606
f 14021 13608 13607
f 14021 14019 13608
f 14019 14022 13608
f 14022 13609 13608
f 14022 14023 13609
f 14023 14024 13609
f 14024 13610 13609
f 14024 13611 13610
f 14024 14025 13611
f 14025 14026 13611
f 14026 13612 13611
f 14026 14027 13612
f 14027 13613 13612
f 14027 14028 13613
f 14028 14029 13613
f 14029 13614 13613
f 14029 13615 13614
f 14029 14030 13615
f 14030 13616 13615
f 14030 14031 13616
f 14031 13617 13616
f 14031 14032 13617
f 14032 13618 13617
f 14032 14033 13618
f 14033 13619 13618
f 14033 14034 13619
f 14034 13620 13619
f 14034 13622 13620
f 14034 14035 13622
f 14035 14036 13622
f 14036 13623 13622
f 14036 14037 13623
f 14396 14397 13967
f 14397 13968 13967
f 14397 14398 13968
f 14398 13969 13968
f 14398 14399 13969
f 14399 14400 13969
f 14400 13970 13969
f 14400 14401 13970
f 14401 13971 13970
f 14401 13972 13971
f 14401 14402 13972
f 14402 14403 13972
f 14403 13973 13972
f 14403 13974 13973
f 14403 14404 13974
f 14404 13975 13974
f 14404 14405 13975
f 14405 13976 13975
f 14405 14406 13976
f 14406 13977 13976
f 14406 14407 13977
f 14407 13978 13977
f 14407 14408 13978
f 14408 13979 13978
f 14408 14409 13979
f 14409 14410 13979
f 14410 13980 13979
f 14410 14411 13980
f 14411 13981 13980
f 14411 13982 13981
f 14411 14412 13982
f 14412 14413 13982
f 14413 13983 13982
f 14413 14414 13983
f 14414 13984 13983
f 14414 14415 13984
f 14415 13985 13984
f 14415 13987 13985
f 13987 13986 13985
f 14415 13988 13987
f 14415 13989 13988
f 14415 14414 13989
f 14414 13990 13989
f 14414 14413 13990
f 14413 13991 13990
f 14413 14412 13991
f 14412 13992 13991
f 14412 14416 13992
f 14416 13993 13992
f 14416 14417 13993
f 14417 13994 13993
f 14417 14418 13994
f 14418 13995 13994
f 14418 14419 13995
f 14419 13996 13995
f 14419 14420 13996
f 14420 14421 13996
f 14421 13997 13996
f 14421 14422 13997
f 14422 13998 13997
f 14422 14423 13998
f 14423 13999 13998
f 14423 14424 13999
f 14424 14000 13999
f 14424 14425 14000
f 14425 14001 14000
f 14425 14426 14001
f 14426 14002 14001
f 14426 14427 14002
f 14427 14428 14002
f 14428 14003 14002
f 14428 14004 14003
f 14428 14429 14004
f 14429 14005 14004
f 14429 14430 14005
f 14430 14006 14005
f 14430 14007 14006
f 14430 14431 14007
f 14431 14432 14007
f 14432 14008 14007
f 14432 14433 14008
f 14433 14009 14008
f 14433 14010 14009
f 14433 14434 14010
f 14434 14435 14010
f 14435 14011 14010
f 14435 14436 14011
f 14436 14012 14011
f 14436 14437 14012
f 14437 14013 14012
f 14437 14438 14013
f 14438 14014 14013
f 14438 14439 14014
f 14439 14015 14014
f 14439 14440 14015
f 14440 14441 14015
f 14441 14016 14015
f 14441 14442 14016
f 14442 14017 14016
f 14442 14018 14017
f 14442 14022 14018
f 14022 14019 14018
f 14442 14023 14022
f 14442 14443 14023
f 14443 14444 14023
f 14444 14024 14023
f 14444 14025 14024
f 14444 14445 14025
f 14445 14446 14025
f 14446 14026 14025
f 14446 14447 14026
f 14447 14027 14026
f 14447 14448 14027
f 14448 14028 14027
f 14448 14449 14028
f 14449 14450 14028
f 14450 14029 14028
f 14450 14030 14029
f 14450 14451 14030
f 14451 14031 14030
f 14451 14452 14031
f 14452 14032 14031
f 14452 14453 14032
f 14453 14033 14032
f 14453 14454 14033
f 14454 14034 14033
f 14454 14035 14034
f 14454 14455 14035
f 14455 14456 14035
f 14456 14036 14035
f 14456 14457 14036
f 14457 14037 14036
f 14457 14458 14037
f 14771 14397 14396
f 14771 14772 14397
f 14772 14398 14397
f 14772 14773 14398
f 14773 14399 14398
f 14772 14774 14773
f 14774 14775 14773
f 14774 14776 14775
f 14776 14777 14775
f 14777 14778 14775
f 14778 14779 14775
f 14778 14780 14779
f 14780 14781 14779
f 14781 14782 14779
f 14782 14783 14779
f 14782 14784 14783
f 14784 14399 14783
f 14784 14400 14399
f 14784 14785 14400
f 14785 14401 14400
f 14785 14402 14401
f 14785 14786 14402
f 14786 14787 14402
f 14787 14403 14402
f 14787 14404 14403
f 14787 14788 14404
f 14788 14405 14404
f 14788 14789 14405
f 14789 14406 14405
f 14789 14790 14406
f 14790 14407 14406
f 14790 14791 14407
f 14791 14408 14407
f 14791 14792 14408
f 14792 14409 14408
f 14792 14418 14409
f 14418 14417 14409
f 14417 14410 14409
f 14417 14416 14410
f 14416 14411 14410
f 14416 14412 14411
f 14792 14419 14418
f 14792 14793 14419
f 14793 14420 14419
f 14793 14794 14420
f 14794 14795 14420
f 14795 14421 14420
f 14795 14796 14421
f 14796 14422 14421
f 14796 14797 14422
f 14797 14423 14422
f 14797 14424 14423
f 14797 14798 14424
f 14798 14799 14424
f 14799 14425 14424
f 14799 14800 14425
f 14800 14801 14425
f 14801 14426 14425
f 14801 14802 14426
f 14802 14427 14426
f 14802 14803 14427
f 14803 14428 14427
f 14803 14804 14428
f 14804 14429 14428
f 14804 14805 14429
f 14805 14430 14429
f 14805 14431 14430
f 14805 14806 14431
f 14806 14807 14431
f 14807 14432 14431
f 14807 14808 14432
f 14808 14433 14432
f 14808 14434 14433
f 14808 14809 14434
f 14809 14810 14434
f 14810 14435 14434
f 14810 14811 14435
f 14811 14436 14435
f 14811 14812 14436
f 14812 14437 14436
f 14812 14813 14437
f 14813 14438 14437
f 14813 14814 14438
f 14814 14439 14438
f 14814 14815 14439
f 14815 14440 14439
f 14815 14816 14440
f 14816 14443 14440
f 14443 14441 14440
f 14443 14442 14441
f 14816 14444 14443
f 14816 14445 14444
f 14816 14817 14445
f 14817 14818 14445
f 14818 14446 14445
f 14818 14819 14446
f 14819 14447 14446
f 14819 14820 14447
f 14820 14448 14447
f 14820 14821 14448
f 14821 14449 14448
f 14821 14822 14449
f 14822 14823 14449
f 14823 14450 14449
f 14823 14451 14450
f 14823 14824 14451
f 14824 14452 14451
f 14824 14825 14452
f 14825 14453 14452
f 14825 14826 14453
f 14826 14454 14453
f 14826 14455 14454
f 14826 14827 14455
f 14827 14828 14455
f 14828 14456 14455
f 14828 14829 14456
f 14829 14457 14456
f 14829 14830 14457
f 14830 14458 14457
f 14830 14831 14458
f 14831 14459 14458
f 14831 14832 14459
f 15129 14772 14771
f 15129 14774 14772
f 15129 15130 14774
f 15130 14776 14774
f 15130 15131 14776
f 15131 14777 14776
f 15131 15132 14777
f 15132 15133 14777
f 15133 15134 14777
f 15134 14778 14777
f 15134 14780 14778
f 15134 15135 14780
f 15135 15136 14780
f 15136 14781 14780
f 15136 15137 14781
f 15137 14782 14781
f 15136 15138 15137
f 15138 15139 15137
f 15139 15140 15137
f 15140 15141 15137
f 15140 15142 15141
f 15142 14782 15141
f 15142 15143 14782
f 15143 14784 14782
f 15143 14785 14784
f 15143 14786 14785
f 15143 15144 14786
f 15144 14788 14786
f 14788 14787 14786
f 15144 15145 14788
f 15145 14789 14788
f 15145 15146 14789
f 15146 14790 14789
f 15146 15147 14790
f 15147 14791 14790
f 15147 14793 14791
f 14793 14792 14791
f 15147 14794 14793
f 15147 15148 14794
f 15148 15149 14794
f 15149 14795 14794
f 15149 15150 14795
f 15150 14796 14795
f 15150 15151 14796
f 15151 14797 14796
f 15151 14798 14797
f 15151 15152 14798
f 15152 15153 14798
f 15153 14799 14798
f 15153 14800 14799
f 15153 15154 14800
f 15154 15155 14800
f 15155 14801 14800
f 15155 15156 14801
f 15156 14802 14801
f 15156 15157 14802
f 15157 14803 14802
f 15157 15158 14803
f 15158 14804 14803
f 15158 15159 14804
f 15159 14805 14804
f 15159 14806 14805
f 15159 15160 14806
f 15160 15161 14806
f 15161 14807 14806
f 15161 15162 14807
f 15162 14808 14807
f 15162 14809 14808
f 15162 15163 14809
f 15163 15164 14809
f 15164 14810 14809
f 15164 15165 14810
f 15165 14811 14810
f 15165 15166 14811
f 15166 14812 14811
f 15166 15167 14812
f 15167 14813 14812
f 15167 15168 14813
f 15168 14814 14813
f 15168 15169 14814
f 15169 14815 14814
f 15169 14817 14815
f 14817 14816 14815
f 15169 15170 14817
f 15170 14818 14817
f 15170 15171 14818
f 15171 14819 14818
f 15171 15172 14819
f 15172 14820 14819
f 15172 15173 14820
f 15173 14821 14820
f 15173 15174 14821
f 15174 14822 14821
f 15174 15175 14822
f 15175 15176 14822
f 15176 14823 14822
f 15176 14824 14823
f 15176 15177 14824
f 15177 14825 14824
f 15177 15178 14825
f 15178 14826 14825
f 15178 14827 14826
f 15178 15179 14827
f 15179 15180 14827
f 15180 14828 14827
f 15180 15181 14828
f 15181 14829 14828
f 15181 15182 14829
f 15182 14830 14829
f 15182 15183 14830
f 15183 14831 14830
f 15183 15184 14831
f 15184 14832 14831
f 15184 15185 14832
f 15428 15131 15130
f 15428 15429 15131
f 15429 15132 15131
f 15429 15430 15132
f 15430 15431 15132
f 15431 15133 15132
f 15431 15432 15133
f 15432 15433 15133
f 15433 15134 15133
f 15433 15135 15134
f 15433 15434 15135
f 15434 15435 15135
f 15435 15136 15135
f 15435 15138 15136
f 15435 15436 15138
f 15436 15437 15138
f 15437 15139 15138
f 15437 15438 15139
f 15438 15439 15139
f 15439 15440 15139
f 15440 15140 15139
f 15440 15142 15140
f 15440 15143 15142
f 15440 15144 15143
f 15440 15145 15144
f 15440 15441 15145
f 15441 15146 15145
f 15441 15148 15146
f 15148 15147 15146
f 15441 15442 15148
f 15442 15149 15148
f 15442 15443 15149
f 15443 15150 15149
f 15443 15444 15150
f 15444 15151 15150
f 15444 15152 15151
f 15444 15445 15152
f 15445 15446 15152
f 15446 15153 15152
f 15446 15154 15153
f 15446 15447 15154
f 15447 15155 15154
f 15447 15448 15155
f 15448 15156 15155
f 15448 15449 15156
f 15449 15157 15156
f 15449 15450 15157
f 15450 15158 15157
f 15450 15451 15158
f 15451 15159 15158
f 15451 15160 15159
f 15451 15452 15160
f 15452 15453 15160
f 15453 15454 15160
f 15454 15161 15160
f 15454 15162 15161
f 15454 15163 15162
f 15454 15455 15163
f 15455 15456 15163
f 15456 15164 15163
f 15456 15457 15164
f 15457 15165 15164
f 15457 15458 15165
f 15458 15166 15165
f 15458 15459 15166
f 15459 15167 15166
f 15459 15460 15167
f 15460 15168 15167
f 15460 15461 15168
f 15461 15169 15168
f 15461 15170 15169
f 15461 15462 15170
f 15462 15171 15170
f 15462 15463 15171
f 15463 15172 15171
f 15463 15464 15172
f 15464 15173 15172
f 15464 15465 15173
f 15465 15174 15173
f 15465 15466 15174
f 15466 15175 15174
f 15466 15467 15175
f 15467 15468 15175
f 15468 15176 15175
f 15468 15177 15176
f 15468 15469 15177
f 15469 15178 15177
f 15469 15179 15178
f 15469 15470 15179
f 15470 15471 15179
f 15471 15180 15179
f 15471 15472 15180
f 15472 15181 15180
f 15472 15473 15181
f 15473 15182 15181
f 15473 15474 15182
f 15474 15183 15182
f 15474 15475 15183
f 15475 15184 15183
f 15475 15476 15184
f 15476 15185 15184
f 15476 15477 15185
f 15697 15430 15429
f 15697 15698 15430
f 15698 15699 15430
f 15699 15700 15430
f 15700 15431 15430
f 15700 15701 15431
f 15701 15432 15431
f 15701 15702 15432
f 15702 15703 15432
f 15703 15433 15432
f 15703 15434 15433
f 15703 15704 15434
f 15704 15705 15434
f 15705 15435 15434
f 15705 15436 15435
f 15705 15706 15436
f 15706 15707 15436
f 15707 15437 15436
f 15707 15708 15437
f 15708 15438 15437
f 15708 15443 15438
f 15443 15442 15438
f 15442 15439 15438
f 15442 15441 15439
f 15441 15440 15439
f 15708 15444 15443
f 15708 15445 15444
f 15708 15707 15445
f 15707 15709 15445
f 15709 15446 15445
f 15709 15710 15446
f 15710 15447 15446
f 15710 15711 15447
f 15711 15712 15447
f 15712 15448 15447
f 15712 15713 15448
f 15713 15449 15448
f 15713 15714 15449
f 15714 15450 15449
f 15714 15715 15450
f 15715 15451 15450
f 15715 15452 15451
f 15715 15716 15452
f 15716 15717 15452
f 15717 15453 15452
f 15717 15718 15453
f 15718 15454 15453
f 15718 15455 15454
f 15718 15719 15455
f 15719 15720 15455
f 15720 15456 15455
f 15720 15721 15456
f 15721 15457 15456
f 15721 15722 15457
f 15722 15458 15457
f 15722 15723 15458
f 15723 15459 15458
f 15723 15724 15459
f 15724 15460 15459
f 15724 15725 15460
f 15725 15461 15460
f 15725 15462 15461
f 15725 15726 15462
f 15726 15463 15462
f 15726 15727 15463
f 15727 15464 15463
f 15727 15728 15464
f 15728 15465 15464
f 15728 15729 15465
f 15729 15466 15465
f 15729 15730 15466
f 15730 15467 15466
f 15730 15731 15467
f 15731 15732 15467
f 15732 15468 15467
f 15732 15469 15468
f 15732 15470 15469
f 15732 15733 15470
f 15733 15734 15470
f 15734 15471 15470
f 15734 15735 15471
f 15735 15472 15471
f 15735 15736 15472
f 15736 15473 15472
f 15736 15737 15473
f 15737 15474 15473
f 15737 15738 15474
f 15738 15475 15474
f 15738 15739 15475
f 15739 15476 15475
f 15739 15740 15476
f 15740 15477 15476
f 15740 15741 15477
f 15741 15742 15477
f 15957 15699 15698
f 15957 15958 15699
f 15958 15959 15699
f 15959 15700 15699
f 15959 15701 15700
f 15959 15960 15701
f 15960 15702 15701
f 15960 15961 15702
f 15961 15962 15702
f 15962 15703 15702
f 15962 15704 15703
f 15962 15963 15704
f 15963 15964 15704
f 15964 15705 15704
f 15964 15706 15705
f 15964 15965 15706
f 15965 15709 15706
f 15709 15707 15706
f 15965 15710 15709
f 15965 15711 15710
f 15965 15966 15711
f 15966 15967 15711
f 15967 15712 15711
f 15967 15968 15712
f 15968 15713 15712
f 15968 15969 15713
f 15969 15714 15713
f 15969 15970 15714
f 15970 15715 15714
f 15970 15716 15715
f 15970 15971 15716
f 15971 15972 15716
f 15972 15717 15716
f 15972 15973 15717
f 15973 15718 15717
f 15973 15719 15718
f 15973 15974 15719
f 15974 15975 15719
f 15975 15720 15719
f 15975 15976 15720
f 15976 15721 15720
f 15976 15977 15721
f 15977 15722 15721
f 15977 15978 15722
f 15978 15723 15722
f 15978 15979 15723
f 15979 15724 15723
f 15979 15980 15724
f 15980 15725 15724
f 15980 15726 15725
f 15980 15981 15726
f 15981 15727 15726
f 15981 15982 15727
f 15982 15728 15727
f 15982 15983 15728
f 15983 15729 15728
f 15983 15984 15729
f 15984 15730 15729
f 15984 15985 15730
f 15985 15731 15730
f 15985 15986 15731
f 15986 15733 15731
f 15733 15732 15731
f 15986 15987 15733
f 15987 15734 15733
f 15987 15988 15734
f 15988 15735 15734
f 15988 15989 15735
f 15989 15736 15735
f 15989 15990 15736
f 15990 15737 15736
f 15990 15991 15737
f 15991 15738 15737
f 15991 15992 15738
f 15992 15739 15738
f 15992 15993 15739
f 15993 15740 15739
f 15993 15994 15740
f 15994 15741 15740
f 15994 15995 15741
f 15995 15996 15741
f 16206 16207 15957
f 16207 15958 15957
f 16207 16208 15958
f 16208 16209 15958
f 16209 15959 15958
f 16209 15960 15959
f 16209 16210 15960
f 16210 15961 15960
f 16210 16211 15961
f 16211 16212 15961
f 16212 15962 15961
f 16212 15963 15962
f 16212 16213 15963
f 16213 15966 15963
f 15966 15964 15963
f 15966 15965 15964
f 16213 15967 15966
f 16213 16214 15967
f 16214 15968 15967
f 16214 16215 15968
f 16215 15969 15968
f 16215 16216 15969
f 16216 15971 15969
f 15971 15970 15969
f 16216 16217 15971
f 16217 16218 15971
f 16218 15972 15971
f 16218 16219 15972
f 16219 15973 15972
f 16219 15974 15973
f 16219 16220 15974
f 16220 16221 15974
f 16221 15975 15974
f 16221 16222 15975
f 16222 15976 15975
f 16222 16223 15976
f 16223 15977 15976
f 16223 16224 15977
f 16224 15978 15977
f 16224 16225 15978
f 16225 15979 15978
f 16225 16226 15979
f 16226 15980 15979
f 16226 15981 15980
f 16226 16227 15981
f 16227 15982 15981
f 16227 16228 15982
f 16228 15983 15982
f 16228 16229 15983
f 16229 15984 15983
f 16229 16230 15984
f 16230 15985 15984
f 16230 16231 15985
f 16231 15986 15985
f 16231 16232 15986
f 16232 15987 15986
f 16232 16233 15987
f 16233 15988 15987
f 16233 16234 15988
f 16234 15989 15988
f 16234 16235 15989
f 16235 15990 15989
f 16235 16236 15990
f 16236 15991 15990
f 16236 16237 15991
f 16237 15992 15991
f 16237 16238 15992
f 16238 15993 15992
f 16238 16239 15993
f 16239 15994 15993
f 16239 16240 15994
f 16240 15995 15994
f 16240 16241 15995
f 16241 16242 15995
f 16242 15996 15995
f 16460 16461 16206
f 16461 16207 16206
f 16461 16208 16207
f 16461 16462 16208
f 16462 16463 16208
f 16463 16209 16208
f 16463 16210 16209
f 16463 16464 16210
f 16464 16211 16210
f 16464 16465 16211
f 16465 16466 16211
f 16466 16212 16211
f 16466 16213 16212
f 16466 16214 16213
f 16466 16467 16214
f 16467 16215 16214
f 16467 16468 16215
f 16468 16216 16215
f 16468 16217 16216
f 16468 16469 16217
f 16469 16470 16217
f 16470 16471 16217
f 16471 16218 16217
f 16471 16219 16218
f 16471 16220 16219
f 16471 16472 16220
f 16472 16473 16220
f 16473 16221 16220
f 16473 16474 16221
f 16474 16222 16221
f 16474 16475 16222
f 16475 16223 16222
f 16475 16476 16223
f 16476 16224 16223
f 16476 16477 16224
f 16477 16225 16224
f 16477 16478 16225
f 16478 16226 16225
f 16478 16227 16226
f 16478 16479 16227
f 16479 16228 16227
f 16479 16480 16228
f 16480 16229 16228
f 16480 16481 16229
f 16481 16230 16229
f 16481 16482 16230
f 16482 16231 16230
f 16482 16483 16231
f 16483 16232 16231
f 16483 16484 16232
f 16484 16233 16232
f 16484 16485 16233
f 16485 16234 16233
f 16485 16486 16234
f 16486 16235 16234
f 16486 16487 16235
f 16487 16236 16235
f 16487 16488 16236
f 16488 16237 16236
f 16488 16489 16237
f 16489 16238 16237
f 16489 16490 16238
f 16490 16239 16238
f 16490 16491 16239
f 16491 16240 16239
f 16491 16492 16240
f 16492 16241 16240
f 16494 16242 16241
f 16494 16243 16242
f 16674 16675 16460
f 16675 16461 16460
f 16675 16462 16461
f 16675 16676 16462
f 16676 16677 16462
f 16677 16463 16462
f 16677 16464 16463
f 16677 16678 16464
f 16678 16465 16464
f 16678 16679 16465
f 16679 16467 16465
f 16467 16466 16465
f 16679 16468 16467
f 16679 16469 16468
f 16679 16680 16469
f 16680 16681 16469
f 16681 16470 16469
f 16681 16682 16470
f 16682 16471 16470
f 16682 16472 16471
f 16682 16683 16472
f 16683 16684 16472
f 16684 16473 16472
f 16684 16685 16473
f 16685 16474 16473
f 16685 16686 16474
f 16686 16475 16474
f 16686 16687 16475
f 16687 16476 16475
f 16687 16688 16476
f 16688 16477 16476
f 16688 16689 16477
f 16689 16478 16477
f 16689 16479 16478
f 16689 16690 16479
f 16690 16480 16479
f 16690 16691 16480
f 16691 16481 16480
f 16691 16692 16481
f 16692 16482 16481
f 16692 16693 16482
f 16693 16483 16482
f 16693 16694 16483
f 16694 16484 16483
f 16694 16695 16484
f 16695 16485 16484
f 16695 16696 16485
f 16696 16486 16485
f 16696 16697 16486
f 16697 16487 16486
f 16697 16698 16487
f 16698 16488 16487
f 16698 16699 16488
f 16699 16489 16488
f 16699 16700 16489
f 16700 16490 16489
f 16700 16701 16490
f 16701 16491 16490
f 16701 16702 16491
f 16702 16492 16491
f 16873 16874 16674
f 16874 16676 16674
f 16676 16675 16674
f 16874 16875 16676
f 16875 16876 16676
f 16876 16677 16676
f 16876 16877 16677
f 16877 16678 16677
f 16877 16680 16678
f 16680 16679 16678
f 16877 16878 16680
f 16878 16681 16680
f 16878 16879 16681
f 16879 16682 16681
f 16879 16683 16682
f 16879 16880 16683
f 16880 16881 16683
f 16881 16882 16683
f 16882 16684 16683
f 16882 16883 16684
f 16883 16685 16684
f 16883 16884 16685
f 16884 16686 16685
f 16884 16885 16686
f 16885 16687 16686
f 16885 16886 16687
f 16886 16688 16687
f 16886 16887 16688
f 16887 16689 16688
f 16887 16690 16689
f 16887 16888 16690
f 16888 16691 16690
f 16888 16889 16691
f 16889 16692 16691
f 16889 16890 16692
f 16890 16693 16692
f 16890 16891 16693
f 16891 16694 16693
f 16891 16892 16694
f 16892 16695 16694
f 16892 16893 16695
f 16893 16696 16695
f 16893 16894 16696
f 16894 16697 16696
f 16894 16895 16697
f 16895 16698 16697
f 16895 16896 16698
f 16896 16699 16698
f 16896 16897 16699
f 16897 16700 16699
f 16897 16898 16700
f 16898 16701 16700
f 17104 17106 17105
f 17106 17107 17105
f 17107 16874 17105
f 17107 16875 16874
f 17107 17108 16875
f 17108 17109 16875
f 17109 16876 16875
f 17109 16878 16876
f 16878 16877 16876
f 17109 16879 16878
f 17109 16880 16879
f 17109 17108 16880
f 17108 16881 16880
f 17108 17110 16881
f 17110 17111 16881
f 17111 16882 16881
f 17111 17112 16882
f 17112 16883 16882
f 17112 17113 16883
f 17113 16884 16883
f 17113 17114 16884
f 17114 16885 16884
f 17114 17115 16885
f 17115 17116 16885
f 17116 16886 16885
f 17116 16887 16886
f 17116 16888 16887
f 17116 17117 16888
f 17117 16889 16888
f 17117 17118 16889
f 17118 16890 16889
f 17118 17119 16890
f 17119 16891 16890
f 17119 17120 16891
f 17120 16892 16891
f 17120 17121 16892
f 17121 16893 16892
f 17121 17122 16893
f 17122 16894 16893
f 17122 17123 16894
f 17123 16895 16894
f 17123 17124 16895
f 17124 16896 16895
f 17124 17125 16896
f 17125 16897 16896
f 17306 17307 17104
f 17307 17106 17104
f 17307 17308 17106
f 17308 17309 17106
f 17309 17110 17106
f 17110 17107 17106
f 17110 17108 17107
f 17309 17111 17110
f 17309 17310 17111
f 17310 17112 17111
f 17310 17113 17112
f 17310 17311 17113
f 17311 17114 17113
f 17311 17312 17114
f 17312 17115 17114
f 17312 17313 17115
f 17313 17116 17115
f 17313 17117 17116
f 17313 17314 17117
f 17314 17118 17117
f 17314 17315 17118
f 17315 17119 17118
f 17315 17316 17119
f 17316 17120 17119
f 17316 17317 17120
f 17317 17121 17120
f 17317 17318 17121
f 17318 17122 17121
f 17318 17319 17122
f 17319 17123 17122
f 17319 17320 17123
f 17320 17124 17123
f 17490 17491 17306
f 17491 17307 17306
f 17491 17308 17307
f 17491 17492 17308
f 17492 17493 17308
f 17493 17309 17308
f 17493 17310 17309
f 17493 17311 17310
f 17493 17494 17311
f 17494 17312 17311
f 17494 17495 17312
f 17495 17313 17312
f 17495 17314 17313
f 17495 17496 17314
f 17496 17315 17314
f 17496 17497 17315
f 17497 17316 17315
f 17497 17498 17316
f 17498 17317 17316
f 17498 17499 17317
f 17499 17318 17317
f 17499 17500 17318
f 17500 17319 17318
f 17500 17501 17319
f 17501 17320 17319
f 17665 17666 17490
f 17666 17491 17490
f 17666 17492 17491
f 17666 17667 17492
f 17667 17494 17492
f 17494 17493 17492
f 17667 17495 17494
f 17667 17496 17495
f 17667 17668 17496
f 17668 17497 17496
f 17668 17669 17497
f 17669 17498 17497
f 17669 17670 17498
f 17670 17499 17498
f 17670 17671 17499
f 17671 17500 17499
f 17670 17669 17665
f 17669 17666 17665
f 17669 17668 17666
f 17668 17667 17666
f 14021 14020 14019
f 11986 18520 11988
f 11986 18521 18520
f 18521 18522 18520
f 18521 11937 18522
f 11937 11936 18522
f 18521 11938 11937
f 18521 11986 11938
f 11986 11939 11938
f 11986 11983 11939
f 11983 11940 11939
f 11981 11941 11940
f 11981 18523 11941
f 18523 11942 11941
f 18523 11943 11942
f 18523 18524 11943
f 18524 11944 11943
f 18524 18525 11944
f 18525 11945 11944
f 18525 11974 11945
f 11974 11973 11945
f 11973 11946 11945
f 11973 11972 11946
f 11972 11947 11946
f 11972 11971 11947
f 11971 11948 11947
f 11971 11970 11948
f 11970 11949 11948
f 11970 11969 11949
f 11969 11950 11949
f 11969 11951 11950
f 18525 11975 11974
f 18525 18526 11975
f 18526 11976 11975
f 18526 11978 11976
f 18526 11980 11978
f 18526 18524 11980
f 18524 18523 11980
f 18523 11981 11980
f 18526 18525 18524
f 18553 18554 8870
f 18554 8871 8870
f 18554 8872 8871
f 18554 18555 8872
f 18555 8873 8872
f 18555 18556 8873
f 18556 8874 8873
f 18556 18557 8874
f 18557 18558 8874
f 18558 8875 8874
f 18558 8876 8875
f 18558 18559 8876
f 18559 8877 8876
f 18559 18560 8877
f 18560 8878 8877
f 18560 18561 8878
f 18561 8879 8878
f 18561 18562 8879
f 18562 8880 8879
f 18562 8884 8880
f 8884 8881 8880
f 8884 8883 8881
f 8883 8882 8881
f 18562 8885 8884
f 18562 18563 8885
f 18563 18564 8885
f 18564 8886 8885
f 18564 8887 8886
f 18564 8888 8887
f 18564 18565 8888
f 18565 18566 8888
f 18566 8889 8888
f 18566 18567 8889
f 18567 8891 8889
f 8891 8890 8889
f 18567 18568 8891
f 18582 18555 18554
f 18582 18583 18555
f 18583 18556 18555
f 18583 18584 18556
f 18584 18557 18556
f 18584 18585 18557
f 18585 18586 18557
f 18586 18558 18557
f 18586 18587 18558
f 18587 18559 18558
f 18587 18588 18559
f 18588 18560 18559
f 18588 18561 18560
f 18588 18563 18561
f 18563 18562 18561
f 18588 18565 18563
f 18565 18564 18563
f 18588 18587 18565
f 18587 18566 18565
f 18587 18589 18566
f 18589 18567 18566
f 18589 18590 18567
f 18590 18568 18567
f 18590 18569 18568
f 18590 18591 18569
f 18592 18584 18583
f 18592 18591 18584
f 18591 18585 18584
f 18591 18590 18585
f 18590 18589 18585
f 18589 18586 18585
f 18589 18587 18586
f 6754 6753 6750
f 5727 5726 5728
f 3535 18629 3536
f 3535 18630 18629
f 18630 3526 18629
f 3526 3525 18629
f 18630 3527 3526
f 18630 18631 3527
f 18631 3528 3527
f 18631 3529 3528
f 18631 18630 3529
f 18630 3534 3529
f 3534 3533 3529
f 3533 3532 3529
f 3532 3530 3529
f 3532 3531 3530
f 18630 3535 3534
f 3524 3522 3525
f 3479 3471 3470
f 3479 3472 3471
f 3479 3478 3472
f 3478 3473 3472
f 3477 3474 3473
f 3477 3475 3474
f 3477 3476 3475
f 2252 2251 2250
f 472 18664 18663
f 472 18665 18664
f 472 18666 18665
f 472 470 18666
f 470 469 18666
f 469 18667 18666
f 468 473 466
f 462 18668 466
f 18705 18706 18707
f 18706 18708 18707
f 18708 18709 18707
f 18709 18710 18707
f 18709 18711 18710
f 18709 18712 18711
f 18709 18708 18712
f 18708 18713 18712
f 18713 18714 18712
f 18713 18715 18714
f 18713 18708 18715
f 18708 18706 18715
f 18706 18716 18715
f 18716 18717 18715
f 18716 18667 18717
f 18706 18718 18716
f 18706 18705 18718
f 18719 18720 18721
f 18720 18722 18721
f 18722 18723 18721
f 18722 18724 18723
f 18724 18725 18723
f 18724 18726 18725
f 18726 18727 18725
f 18727 18728 18725
f 18727 18729 18728
f 18729 18730 18728
f 18730 18731 18728
f 18730 18732 18731
f 18730 18733 18732
f 18733 18734 18732
f 18734 18735 18732
f 18734 18736 18735
f 18736 18737 18735
f 18736 18738 18737
f 18736 18739 18738
f 18739 18740 18738
f 18740 18741 18738
f 18740 18742 18741
f 18740 18743 18742
f 18740 18744 18743
f 18744 18745 18743
f 18745 18746 18743
f 18745 18747 18746
f 18744 18748 18745
f 18744 18739 18748
f 18739 18749 18748
f 18739 18736 18749
f 18736 18734 18749
f 18734 18750 18749
f 18734 18733 18750
f 18733 18751 18750
f 18733 18729 18751
f 18733 18730 18729
f 18744 18740 18739
f 18726 18752 18727
f 18720 18753 18722
f 18763 18764 18765
f 18764 18765 18766
f 18766 18767 18764
f 18768 18769 18770
f 18768 18771 18769
f 18771 18772 18769
f 18772 18773 18769
f 18773 18770 18769
f 18773 18774 18770
f 18773 18775 18774
f 18775 18776 18774
f 18776 18777 18774
f 18777 18778 18774
f 18777 18779 18778
f 18777 18776 18779
f 18776 18780 18779
f 18780 18781 18779
f 18780 552 18781
f 18780 18782 552
f 18780 18776 18782
f 18776 18775 18782
f 18775 18783 18782
f 18783 18784 18782
f 18783 18785 18784
f 18783 18772 18785
f 18772 18786 18785
f 18786 534 18785
f 18786 18752 534
f 18786 18772 18752
f 18783 18775 18772
f 18775 18773 18772
f 230 222 228
f 231 234 229
f 270 273 269
f 276 280 274
f 290 19406 289
f 19406 18765 289
f 19406 19407 18765
f 19406 19408 19407
f 19406 292 19408
f 19406 290 292
f 294 297 292
f 304 311 302
f 319 18720 317
f 319 18711 18720
f 18711 18712 18720
f 18712 18753 18720
f 18712 19409 18753
f 19409 19410 18753
f 19410 18722 18753
f 19410 18724 18722
f 19410 18726 18724
f 19410 19411 18726
f 19411 535 18726
f 535 18752 18726
f 19411 530 535
f 19410 527 19411
f 19410 19409 527
f 19409 522 527
f 522 524 527
f 19409 521 522
f 19409 19412 521
f 19412 19413 521
f 19413 514 521
f 319 329 18711
f 329 18710 18711
f 329 18707 18710
f 319 318 329
f 318 322 329
f 330 18705 329
f 336 338 335
f 513 517 514
f 557 560 556
f 581 585 580
f 587 590 585
f 598 601 596
f 604 643 602
f 604 636 643
f 636 640 643
f 636 637 640
f 604 605 636
f 614 626 613
f 626 628 613
f 628 630 613
f 630 636 613
f 630 633 636
f 614 617 626
f 617 622 626
f 617 619 622
f 661 664 660
f 672 677 669
f 679 682 677
f 682 670 677
f 688 691 686
f 694 697 695
f 697 717 695
f 697 714 717
f 699 709 696
f 699 701 709
f 703 706 701
f 720 723 719
f 2281 827 825
f 2283 2304 2278
f 2289 2294 2288
f 3407 3409 2156
f 3409 3412 2156
f 3411 3414 3412
f 3507 3511 2258
f 3511 3514 2258
f 3514 2259 2258
f 3523 3514 3520
f 3536 3522 3521
f 3536 18629 3522
f 5590 5592 5585
f 5645 5651 4542
f 5651 5669 4542
f 5645 5647 5651
f 5650 5653 5651
f 5653 5656 5651
f 5655 5658 5656
f 5658 5661 5656
f 6760 6754 6756
f 9121 9125 9120
f 11410 10910 11405
f 11414 10911 11410
f 11896 11897 11418
f 11897 11905 11418
f 11897 11901 11905
f 11977 11997 11505
f 11977 11979 11997
f 11979 11985 11997
f 11979 11982 11985
f 11984 11993 11985
f 11993 11995 11985
f 11984 11987 11993
f 12393 18522 11936
f 12393 12400 18522
f 12393 12392 12400
f 12392 12396 12400
f 12403 18520 12401
f 18520 18522 12401
f 12403 11988 18520
f 13205 13206 12811
f 17105 16874 17101
f 18667 516 18717
f 516 514 18717
f 18716 18718 18667
f 18705 335 18718
f 18723 312 18721
f 18723 18725 312
f 18725 18731 312
f 18738 18741 18737
f 18742 19446 18741
f 18742 19407 19446
f 18745 18779 18747
f 18749 18750 18748
f 18752 18785 18727
f 18785 18751 18727
f 18785 537 18784
f 236 241 234
f 236 238 241
f 245 248 243
f 261 269 260
f 273 274 269
f 274 280 269
f 287 280 285
f 477 516 471
f 564 567 562
f 580 585 578
f 653 656 652
f 664 666 660
f 667 682 666
f 717 719 695
f 335 18666 18718
f 18751 312 18727
